node,frame,point,mono_ns,real_ns
perception,0,0,8890605274979,8890605275043
perception,1,0,8890605276707,8890605276739
perception,2,0,8890605276899,8890605276995
perception,3,0,8890605277091,8890605277155
perception,4,0,8890605277315,8890605277379
perception,5,0,8890605277475,8890605277539
perception,6,0,8890605277635,8890605277699
perception,7,0,8890605277827,8890605277891
perception,8,0,8890605277987,8890605278051
perception,9,0,8890605278147,8890605278211
perception,10,0,8890605278339,8890605278403
perception,11,0,8890605278531,8890605278563
perception,12,0,8890605278659,8890605278723
perception,13,0,8890605278819,8890605278883
perception,14,0,8890605278979,8890605279075
perception,15,0,8890605279203,8890605279235
perception,16,0,8890605279363,8890605279395
perception,17,0,8890605279523,8890605279587
perception,18,0,8890605279683,8890605279779
perception,19,0,8890605279875,8890605279939
perception,20,0,8890605280035,8890605280067
perception,21,0,8890605280227,8890605280291
perception,22,0,8890605280419,8890605280483
perception,23,0,8890605280611,8890605280675
perception,24,0,8890605280771,8890605280835
perception,25,0,8890605280963,8890605281027
perception,26,0,8890605281123,8890605281187
perception,27,0,8890605281283,8890605281315
perception,28,0,8890605281443,8890605281475
perception,29,0,8890605281603,8890605281635
perception,30,0,8890605281731,8890605281795
perception,31,0,8890605281923,8890605281987
perception,32,0,8890605282115,8890605282147
perception,33,0,8890605282275,8890605282307
perception,34,0,8890605282435,8890605282467
perception,35,0,8890605282595,8890605282659
perception,36,0,8890605282755,8890605282819
perception,37,0,8890605282915,8890605282979
perception,38,0,8890605283075,8890605283139
perception,39,0,8890605283235,8890605283299
perception,40,0,8890605283427,8890605283491
perception,41,0,8890605283587,8890605283651
perception,42,0,8890605283747,8890605283843
perception,43,0,8890605283971,8890605284003
perception,44,0,8890605284131,8890605284163
perception,45,0,8890605284259,8890605284355
perception,46,0,8890605284483,8890605284547
perception,47,0,8890605284675,8890605284707
perception,48,0,8890605284803,8890605284867
perception,49,0,8890605284995,8890605285059
perception,50,0,8890605285155,8890605285219
perception,51,0,8890605285315,8890605285379
perception,52,0,8890605285507,8890605285539
perception,53,0,8890605285667,8890605285699
perception,54,0,8890605285795,8890605285859
perception,55,0,8890605285987,8890605286051
perception,56,0,8890605286179,8890605286211
perception,57,0,8890605286371,8890605286403
perception,58,0,8890605286499,8890605286563
perception,59,0,8890605286691,8890605286755
perception,60,0,8890605286851,8890605286915
perception,61,0,8890605287011,8890605287043
perception,62,0,8890605287171,8890605287235
perception,63,0,8890605287331,8890605287395
perception,64,0,8890605287523,8890605287587
perception,65,0,8890605287715,8890605287747
perception,66,0,8890605287875,8890605287939
perception,67,0,8890605288035,8890605288067
perception,68,0,8890605288195,8890605288259
perception,69,0,8890605288355,8890605288419
perception,70,0,8890605288515,8890605288579
perception,71,0,8890605288675,8890605288739
perception,72,0,8890605288867,8890605288899
perception,73,0,8890605289027,8890605289091
perception,74,0,8890605289187,8890605289251
perception,75,0,8890605289347,8890605289411
perception,76,0,8890605289507,8890605289571
perception,77,0,8890605289699,8890605289731
perception,78,0,8890605289859,8890605289891
perception,79,0,8890605289987,8890605290051
perception,80,0,8890605290211,8890605290275
perception,81,0,8890605290403,8890605290467
perception,82,0,8890605290563,8890605290627
perception,83,0,8890605290723,8890605290787
perception,84,0,8890605290883,8890605290947
perception,85,0,8890605291075,8890605291107
perception,86,0,8890605291235,8890605291267
perception,87,0,8890605291395,8890605291427
perception,88,0,8890605291523,8890605291587
perception,89,0,8890605291715,8890605291779
perception,90,0,8890605291875,8890605291939
perception,91,0,8890605292035,8890605292099
perception,92,0,8890605292227,8890605292259
perception,93,0,8890605292355,8890605292419
perception,94,0,8890605292547,8890605292611
perception,95,0,8890605292739,8890605292803
perception,96,0,8890605292899,8890605292931
perception,97,0,8890605293059,8890605293123
perception,98,0,8890605293219,8890605293283
perception,99,0,8890605293443,8890605293475
perception,100,0,8890605293603,8890605293635
perception,101,0,8890605293763,8890605293827
perception,102,0,8890605293923,8890605293987
perception,103,0,8890605294083,8890605294147
perception,104,0,8890605294307,8890605294339
perception,105,0,8890605294467,8890605294499
perception,106,0,8890605294595,8890605294659
perception,107,0,8890605294787,8890605294851
perception,108,0,8890605294947,8890605295011
perception,109,0,8890605295107,8890605295171
perception,110,0,8890605295267,8890605295299
perception,111,0,8890605295427,8890605295459
perception,112,0,8890605295587,8890605295651
perception,113,0,8890605295747,8890605295811
perception,114,0,8890605295907,8890605295971
perception,115,0,8890605296067,8890605296163
perception,116,0,8890605296259,8890605296291
perception,117,0,8890605296419,8890605296483
perception,118,0,8890605296579,8890605296643
perception,119,0,8890605296771,8890605296835
perception,120,0,8890605296931,8890605296995
perception,121,0,8890605297091,8890605297155
perception,122,0,8890605297283,8890605297347
perception,123,0,8890605297443,8890605297507
perception,124,0,8890605297603,8890605297667
perception,125,0,8890605297795,8890605297827
perception,126,0,8890605297955,8890605297987
perception,127,0,8890605298115,8890605298179
perception,128,0,8890605301507,8890605301571
perception,129,0,8890605301667,8890605301731
perception,130,0,8890605301827,8890605301891
perception,131,0,8890605301987,8890605302019
perception,132,0,8890605302147,8890605302179
perception,133,0,8890605302307,8890605302339
perception,134,0,8890605302467,8890605302531
perception,135,0,8890605302691,8890605302723
perception,136,0,8890605302851,8890605302916
perception,137,0,8890605303012,8890605303076
perception,138,0,8890605303172,8890605303236
perception,139,0,8890605303332,8890605303396
perception,140,0,8890605303492,8890605303556
perception,141,0,8890605303684,8890605303716
perception,142,0,8890605303844,8890605303876
perception,143,0,8890605303972,8890605304036
perception,144,0,8890605304132,8890605304196
perception,145,0,8890605304324,8890605304388
perception,146,0,8890605304516,8890605304548
perception,147,0,8890605304676,8890605304708
perception,148,0,8890605304804,8890605304868
perception,149,0,8890605304964,8890605305060
perception,150,0,8890605305156,8890605305220
perception,151,0,8890605305316,8890605305380
perception,152,0,8890605305508,8890605305540
perception,153,0,8890605305668,8890605305700
perception,154,0,8890605305796,8890605305892
perception,155,0,8890605305988,8890605306052
perception,156,0,8890605306180,8890605306212
perception,157,0,8890605306372,8890605306404
perception,158,0,8890605306500,8890605306596
perception,159,0,8890605306692,8890605306756
perception,160,0,8890605306916,8890605306948
perception,161,0,8890605307044,8890605307108
perception,162,0,8890605307204,8890605307300
perception,163,0,8890605307364,8890605307460
perception,164,0,8890605307556,8890605307620
perception,165,0,8890605307716,8890605307748
perception,166,0,8890605307876,8890605307908
perception,167,0,8890605308036,8890605308100
perception,168,0,8890605308196,8890605308260
perception,169,0,8890605308356,8890605308420
perception,170,0,8890605308548,8890605308580
perception,171,0,8890605308740,8890605308772
perception,172,0,8890605308868,8890605308932
perception,173,0,8890605309028,8890605309092
perception,174,0,8890605309220,8890605309284
perception,175,0,8890605309380,8890605309444
perception,176,0,8890605309540,8890605309572
perception,177,0,8890605309700,8890605309764
perception,178,0,8890605309860,8890605309924
perception,179,0,8890605310020,8890605310084
perception,180,0,8890605310180,8890605310244
perception,181,0,8890605310340,8890605310404
perception,182,0,8890605310532,8890605310564
perception,183,0,8890605310692,8890605310724
perception,184,0,8890605310820,8890605310884
perception,185,0,8890605311012,8890605311076
perception,186,0,8890605311204,8890605311268
perception,187,0,8890605311364,8890605311396
perception,188,0,8890605311524,8890605311588
perception,189,0,8890605311684,8890605311748
perception,190,0,8890605311844,8890605311908
perception,191,0,8890605312068,8890605312100
perception,192,0,8890605312228,8890605312292
perception,193,0,8890605312420,8890605312484
perception,194,0,8890605312580,8890605312644
perception,195,0,8890605312772,8890605312804
perception,196,0,8890605312932,8890605312964
perception,197,0,8890605313060,8890605313124
perception,198,0,8890605313220,8890605313284
perception,199,0,8890605313412,8890605313476
perception,200,0,8890605313572,8890605313636
perception,201,0,8890605313732,8890605313796
perception,202,0,8890605313924,8890605313956
perception,203,0,8890605314052,8890605314116
perception,204,0,8890605314244,8890605314308
perception,205,0,8890605314436,8890605314468
perception,206,0,8890605314596,8890605314628
perception,207,0,8890605314756,8890605314788
perception,208,0,8890605314916,8890605314980
perception,209,0,8890605315076,8890605315140
perception,210,0,8890605315236,8890605315300
perception,211,0,8890605315428,8890605315460
perception,212,0,8890605315588,8890605315620
perception,213,0,8890605315716,8890605315780
perception,214,0,8890605315908,8890605315972
perception,215,0,8890605316068,8890605316132
perception,216,0,8890605316228,8890605316292
perception,217,0,8890605316388,8890605316420
perception,218,0,8890605316580,8890605316612
perception,219,0,8890605316708,8890605316772
perception,220,0,8890605316868,8890605316932
perception,221,0,8890605317028,8890605317092
perception,222,0,8890605317188,8890605317252
perception,223,0,8890605317348,8890605317412
perception,224,0,8890605317508,8890605317572
perception,225,0,8890605317668,8890605317732
perception,226,0,8890605317828,8890605317892
perception,227,0,8890605318020,8890605318084
perception,228,0,8890605318180,8890605318244
perception,229,0,8890605318340,8890605318404
perception,230,0,8890605318532,8890605318564
perception,231,0,8890605318660,8890605318724
perception,232,0,8890605318820,8890605318916
perception,233,0,8890605319044,8890605319076
perception,234,0,8890605319236,8890605319268
perception,235,0,8890605319396,8890605319460
perception,236,0,8890605319556,8890605319652
perception,237,0,8890605319748,8890605319780
perception,238,0,8890605319908,8890605319940
perception,239,0,8890605320068,8890605320132
perception,240,0,8890605320228,8890605320292
perception,241,0,8890605320388,8890605320452
perception,242,0,8890605320548,8890605320612
perception,243,0,8890605320740,8890605320772
perception,244,0,8890605320900,8890605320932
perception,245,0,8890605321028,8890605321124
perception,246,0,8890605321220,8890605321284
perception,247,0,8890605321380,8890605321444
perception,248,0,8890605321540,8890605321604
perception,249,0,8890605321700,8890605321764
perception,250,0,8890605321892,8890605321924
perception,251,0,8890605322020,8890605322084
perception,252,0,8890605322180,8890605322244
perception,253,0,8890605322372,8890605322436
perception,254,0,8890605322564,8890605322596
perception,255,0,8890605322724,8890605322756
perception,256,0,8890605328132,8890605328196
perception,257,0,8890605328324,8890605328356
perception,258,0,8890605328452,8890605328516
perception,259,0,8890605328676,8890605328740
perception,260,0,8890605328868,8890605328900
perception,261,0,8890605329028,8890605329092
perception,262,0,8890605329188,8890605329252
perception,263,0,8890605329348,8890605329412
perception,264,0,8890605329508,8890605329572
perception,265,0,8890605329668,8890605329700
perception,266,0,8890605329828,8890605329860
perception,267,0,8890605329988,8890605330020
perception,268,0,8890605330148,8890605330180
perception,269,0,8890605330308,8890605330404
perception,270,0,8890605330500,8890605330564
perception,271,0,8890605330660,8890605330692
perception,272,0,8890605330820,8890605330852
perception,273,0,8890605330981,8890605331013
perception,274,0,8890605331109,8890605331173
perception,275,0,8890605331269,8890605331365
perception,276,0,8890605331461,8890605331525
perception,277,0,8890605331621,8890605331685
perception,278,0,8890605331813,8890605331877
perception,279,0,8890605331973,8890605332069
perception,280,0,8890605332197,8890605332261
perception,281,0,8890605332357,8890605332421
perception,282,0,8890605332517,8890605332613
perception,283,0,8890605332709,8890605332773
perception,284,0,8890605332869,8890605332933
perception,285,0,8890605333029,8890605333093
perception,286,0,8890605333221,8890605333285
perception,287,0,8890605333381,8890605333445
perception,288,0,8890605333541,8890605333605
perception,289,0,8890605333701,8890605333765
perception,290,0,8890605333893,8890605333925
perception,291,0,8890605334053,8890605334085
perception,292,0,8890605334181,8890605334245
perception,293,0,8890605334341,8890605334437
perception,294,0,8890605334533,8890605334597
perception,295,0,8890605334725,8890605334757
perception,296,0,8890605334885,8890605334917
perception,297,0,8890605335045,8890605335077
perception,298,0,8890605335205,8890605335269
perception,299,0,8890605335365,8890605335429
perception,300,0,8890605335525,8890605335589
perception,301,0,8890605335717,8890605335749
perception,302,0,8890605335877,8890605335941
perception,303,0,8890605336037,8890605336133
perception,304,0,8890605336229,8890605336293
perception,305,0,8890605336389,8890605336421
perception,306,0,8890605336549,8890605336581
perception,307,0,8890605336709,8890605336741
perception,308,0,8890605336837,8890605336901
perception,309,0,8890605336997,8890605337061
perception,310,0,8890605337157,8890605337221
perception,311,0,8890605337317,8890605337381
perception,312,0,8890605337509,8890605337541
perception,313,0,8890605337669,8890605337701
perception,314,0,8890605337829,8890605337861
perception,315,0,8890605337989,8890605338053
perception,316,0,8890605338149,8890605338213
perception,317,0,8890605338309,8890605338373
perception,318,0,8890605338469,8890605338533
perception,319,0,8890605338629,8890605338661
perception,320,0,8890605338821,8890605338853
perception,321,0,8890605338949,8890605339013
perception,322,0,8890605339141,8890605339205
perception,323,0,8890605339333,8890605339365
perception,324,0,8890605339493,8890605339525
perception,325,0,8890605339653,8890605339717
perception,326,0,8890605339813,8890605339877
perception,327,0,8890605339973,8890605340037
perception,328,0,8890605340165,8890605340197
perception,329,0,8890605340357,8890605340389
perception,330,0,8890605340485,8890605340549
perception,331,0,8890605340645,8890605340709
perception,332,0,8890605340805,8890605340901
perception,333,0,8890605340997,8890605341029
perception,334,0,8890605341157,8890605341221
perception,335,0,8890605341317,8890605341413
perception,336,0,8890605341509,8890605341573
perception,337,0,8890605341669,8890605341733
perception,338,0,8890605341829,8890605341893
perception,339,0,8890605342021,8890605342053
perception,340,0,8890605342149,8890605342213
perception,341,0,8890605342341,8890605342405
perception,342,0,8890605342501,8890605342597
perception,343,0,8890605342693,8890605342725
perception,344,0,8890605342853,8890605342885
perception,345,0,8890605343013,8890605343045
perception,346,0,8890605343141,8890605343237
perception,347,0,8890605343301,8890605343397
perception,348,0,8890605343493,8890605343557
perception,349,0,8890605343653,8890605343717
perception,350,0,8890605343813,8890605343845
perception,351,0,8890605343973,8890605344037
perception,352,0,8890605344133,8890605344197
perception,353,0,8890605344293,8890605344357
perception,354,0,8890605344485,8890605344549
perception,355,0,8890605344645,8890605344677
perception,356,0,8890605344805,8890605344837
perception,357,0,8890605344965,8890605345029
perception,358,0,8890605345125,8890605345189
perception,359,0,8890605345285,8890605345349
perception,360,0,8890605345445,8890605345509
perception,361,0,8890605345637,8890605345669
perception,362,0,8890605345797,8890605345829
perception,363,0,8890605345925,8890605346021
perception,364,0,8890605346117,8890605346181
perception,365,0,8890605346277,8890605346341
perception,366,0,8890605346437,8890605346501
perception,367,0,8890605346629,8890605346661
perception,368,0,8890605346789,8890605346821
perception,369,0,8890605346917,8890605346981
perception,370,0,8890605347109,8890605347173
perception,371,0,8890605347269,8890605347333
perception,372,0,8890605347429,8890605347493
perception,373,0,8890605347621,8890605347653
perception,374,0,8890605347749,8890605347813
perception,375,0,8890605347909,8890605347973
perception,376,0,8890605348101,8890605348165
perception,377,0,8890605348261,8890605348325
perception,378,0,8890605348421,8890605348453
perception,379,0,8890605348581,8890605348645
perception,380,0,8890605348741,8890605348805
perception,381,0,8890605348901,8890605348965
perception,382,0,8890605349061,8890605349125
perception,383,0,8890605349253,8890605349285
perception,384,0,8890605351813,8890605351909
perception,385,0,8890605352005,8890605352069
perception,386,0,8890605352197,8890605352229
perception,387,0,8890605352357,8890605352389
perception,388,0,8890605352517,8890605352549
perception,389,0,8890605352645,8890605352741
perception,390,0,8890605352837,8890605352901
perception,391,0,8890605352997,8890605353061
perception,392,0,8890605353189,8890605353221
perception,393,0,8890605353349,8890605353413
perception,394,0,8890605353509,8890605353605
perception,395,0,8890605353701,8890605353765
perception,396,0,8890605353861,8890605353925
perception,397,0,8890605354053,8890605354085
perception,398,0,8890605354213,8890605354277
perception,399,0,8890605354373,8890605354437
perception,400,0,8890605354533,8890605354597
perception,401,0,8890605354725,8890605354757
perception,402,0,8890605354885,8890605354949
perception,403,0,8890605355045,8890605355109
perception,404,0,8890605355205,8890605355301
perception,405,0,8890605355397,8890605355461
perception,406,0,8890605355557,8890605355589
perception,407,0,8890605355717,8890605355749
perception,408,0,8890605355877,8890605355941
perception,409,0,8890605356037,8890605356101
perception,410,0,8890605356197,8890605356293
perception,411,0,8890605356389,8890605356421
perception,412,0,8890605356549,8890605356581
perception,413,0,8890605356709,8890605356741
perception,414,0,8890605356837,8890605356933
perception,415,0,8890605356997,8890605357093
perception,416,0,8890605357189,8890605357253
perception,417,0,8890605357349,8890605357413
perception,418,0,8890605357541,8890605357605
perception,419,0,8890605357701,8890605357765
perception,420,0,8890605357861,8890605357925
perception,421,0,8890605358021,8890605358085
perception,422,0,8890605358181,8890605358245
perception,423,0,8890605358373,8890605358405
perception,424,0,8890605358533,8890605358565
perception,425,0,8890605358661,8890605358725
perception,426,0,8890605358821,8890605358918
perception,427,0,8890605359014,8890605359078
perception,428,0,8890605359174,8890605359238
perception,429,0,8890605359334,8890605359366
perception,430,0,8890605359494,8890605359526
perception,431,0,8890605359654,8890605359718
perception,432,0,8890605359814,8890605359878
perception,433,0,8890605359974,8890605360038
perception,434,0,8890605360134,8890605360198
perception,435,0,8890605360294,8890605360358
perception,436,0,8890605360486,8890605360518
perception,437,0,8890605360646,8890605360710
perception,438,0,8890605360806,8890605360870
perception,439,0,8890605360966,8890605361030
perception,440,0,8890605361190,8890605361222
perception,441,0,8890605361318,8890605361382
perception,442,0,8890605361478,8890605361542
perception,443,0,8890605361638,8890605361702
perception,444,0,8890605361798,8890605361862
perception,445,0,8890605361958,8890605362022
perception,446,0,8890605362150,8890605362182
perception,447,0,8890605362310,8890605362342
perception,448,0,8890605362470,8890605362534
perception,449,0,8890605362662,8890605362726
perception,450,0,8890605362822,8890605362854
perception,451,0,8890605362982,8890605363014
perception,452,0,8890605363142,8890605363174
perception,453,0,8890605363302,8890605363398
perception,454,0,8890605363494,8890605363558
perception,455,0,8890605363654,8890605363718
perception,456,0,8890605363846,8890605363910
perception,457,0,8890605364006,8890605364070
perception,458,0,8890605364166,8890605364230
perception,459,0,8890605364326,8890605364390
perception,460,0,8890605364486,8890605364550
perception,461,0,8890605364646,8890605364678
perception,462,0,8890605364806,8890605364838
perception,463,0,8890605364966,8890605365030
perception,464,0,8890605365126,8890605365190
perception,465,0,8890605365286,8890605365350
perception,466,0,8890605365446,8890605365510
perception,467,0,8890605365606,8890605365670
perception,468,0,8890605365766,8890605365830
perception,469,0,8890605365926,8890605365990
perception,470,0,8890605366086,8890605366150
perception,471,0,8890605366278,8890605366342
perception,472,0,8890605366438,8890605366502
perception,473,0,8890605366598,8890605366630
perception,474,0,8890605366758,8890605366822
perception,475,0,8890605366918,8890605366982
perception,476,0,8890605367078,8890605367142
perception,477,0,8890605367238,8890605367334
perception,478,0,8890605367430,8890605367494
perception,479,0,8890605367590,8890605367622
perception,480,0,8890605367750,8890605367782
perception,481,0,8890605367910,8890605367974
perception,482,0,8890605368070,8890605368134
perception,483,0,8890605368262,8890605368326
perception,484,0,8890605368422,8890605368454
perception,485,0,8890605368582,8890605368646
perception,486,0,8890605368742,8890605368806
perception,487,0,8890605368902,8890605368966
perception,488,0,8890605369094,8890605369158
perception,489,0,8890605369254,8890605369286
perception,490,0,8890605369414,8890605369446
perception,491,0,8890605369574,8890605369638
perception,492,0,8890605369734,8890605369798
perception,493,0,8890605369894,8890605369958
perception,494,0,8890605370054,8890605370118
perception,495,0,8890605370214,8890605370278
perception,496,0,8890605370406,8890605370438
perception,497,0,8890605370566,8890605370598
perception,498,0,8890605370694,8890605370758
perception,499,0,8890605370854,8890605370918
perception,500,0,8890605371014,8890605371078
perception,501,0,8890605371174,8890605371270
perception,502,0,8890605371334,8890605371398
perception,503,0,8890605371494,8890605371558
perception,504,0,8890605371686,8890605371718
perception,505,0,8890605371814,8890605371878
perception,506,0,8890605371974,8890605372038
perception,507,0,8890605372134,8890605372198
perception,508,0,8890605372294,8890605372358
perception,509,0,8890605372454,8890605372518
perception,510,0,8890605372614,8890605372646
perception,511,0,8890605372774,8890605372806
perception,512,0,8890605375238,8890605375302
perception,513,0,8890605375398,8890605375462
perception,514,0,8890605375558,8890605375622
perception,515,0,8890605375750,8890605375814
perception,516,0,8890605375942,8890605376006
perception,517,0,8890605376134,8890605376166
perception,518,0,8890605376294,8890605376326
perception,519,0,8890605376454,8890605376518
perception,520,0,8890605376646,8890605376710
perception,521,0,8890605376806,8890605376838
perception,522,0,8890605376998,8890605377030
perception,523,0,8890605377126,8890605377222
perception,524,0,8890605377318,8890605377382
perception,525,0,8890605377510,8890605377542
perception,526,0,8890605377670,8890605377702
perception,527,0,8890605377830,8890605377894
perception,528,0,8890605377990,8890605378054
perception,529,0,8890605378150,8890605378214
perception,530,0,8890605378310,8890605378374
perception,531,0,8890605378470,8890605378534
perception,532,0,8890605378630,8890605378662
perception,533,0,8890605378790,8890605378822
perception,534,0,8890605378950,8890605378982
perception,535,0,8890605379078,8890605379142
perception,536,0,8890605379238,8890605379334
perception,537,0,8890605379398,8890605379494
perception,538,0,8890605379590,8890605379654
perception,539,0,8890605379750,8890605379782
perception,540,0,8890605379910,8890605379942
perception,541,0,8890605380070,8890605380102
perception,542,0,8890605380198,8890605380294
perception,543,0,8890605380390,8890605380454
perception,544,0,8890605380550,8890605380614
perception,545,0,8890605380742,8890605380774
perception,546,0,8890605380902,8890605380966
perception,547,0,8890605381062,8890605381126
perception,548,0,8890605381222,8890605381286
perception,549,0,8890605381382,8890605381446
perception,550,0,8890605381542,8890605381606
perception,551,0,8890605381702,8890605381766
perception,552,0,8890605381894,8890605381926
perception,553,0,8890605382022,8890605382086
perception,554,0,8890605382214,8890605382278
perception,555,0,8890605382374,8890605382438
perception,556,0,8890605382534,8890605382598
perception,557,0,8890605382694,8890605382726
perception,558,0,8890605382854,8890605382950
perception,559,0,8890605383110,8890605383142
perception,560,0,8890605383270,8890605383334
perception,561,0,8890605383430,8890605383494
perception,562,0,8890605383590,8890605383686
perception,563,0,8890605383782,8890605383846
perception,564,0,8890605383942,8890605383974
perception,565,0,8890605384134,8890605384166
perception,566,0,8890605384294,8890605384358
perception,567,0,8890605384486,8890605384550
perception,568,0,8890605384646,8890605384678
perception,569,0,8890605384806,8890605384870
perception,570,0,8890605384998,8890605385062
perception,571,0,8890605385190,8890605385254
perception,572,0,8890605385382,8890605385414
perception,573,0,8890605385510,8890605385574
perception,574,0,8890605385670,8890605385734
perception,575,0,8890605385830,8890605385926
perception,576,0,8890605386022,8890605386086
perception,577,0,8890605386182,8890605386214
perception,578,0,8890605386342,8890605386374
perception,579,0,8890605386502,8890605386566
perception,580,0,8890605386662,8890605386726
perception,581,0,8890605386822,8890605386886
perception,582,0,8890605386983,8890605387047
perception,583,0,8890605387175,8890605387207
perception,584,0,8890605387335,8890605387367
perception,585,0,8890605387495,8890605387527
perception,586,0,8890605387623,8890605387719
perception,587,0,8890605387815,8890605387879
perception,588,0,8890605387975,8890605388039
perception,589,0,8890605388135,8890605388167
perception,590,0,8890605388295,8890605388327
perception,591,0,8890605388455,8890605388519
perception,592,0,8890605388615,8890605388679
perception,593,0,8890605388807,8890605388871
perception,594,0,8890605388967,8890605389031
perception,595,0,8890605389127,8890605389191
perception,596,0,8890605389287,8890605389351
perception,597,0,8890605389447,8890605389511
perception,598,0,8890605389607,8890605389671
perception,599,0,8890605389767,8890605389863
perception,600,0,8890605389959,8890605389991
perception,601,0,8890605390119,8890605390151
perception,602,0,8890605390279,8890605390311
perception,603,0,8890605390407,8890605390503
perception,604,0,8890605390599,8890605390663
perception,605,0,8890605390759,8890605390823
perception,606,0,8890605390919,8890605390983
perception,607,0,8890605391111,8890605391143
perception,608,0,8890605391271,8890605391335
perception,609,0,8890605391431,8890605391495
perception,610,0,8890605391591,8890605391687
perception,611,0,8890605391783,8890605391815
perception,612,0,8890605391943,8890605391975
perception,613,0,8890605392103,8890605392135
perception,614,0,8890605392231,8890605392327
perception,615,0,8890605392423,8890605392487
perception,616,0,8890605392583,8890605392647
perception,617,0,8890605392743,8890605392807
perception,618,0,8890605392903,8890605392935
perception,619,0,8890605393063,8890605393095
perception,620,0,8890605393223,8890605393255
perception,621,0,8890605393351,8890605393415
perception,622,0,8890605393511,8890605393607
perception,623,0,8890605393703,8890605393767
perception,624,0,8890605393863,8890605393927
perception,625,0,8890605394023,8890605394055
perception,626,0,8890605394183,8890605394215
perception,627,0,8890605394343,8890605394375
perception,628,0,8890605394471,8890605394567
perception,629,0,8890605394663,8890605394727
perception,630,0,8890605394823,8890605394887
perception,631,0,8890605395015,8890605395047
perception,632,0,8890605395175,8890605395239
perception,633,0,8890605395367,8890605395431
perception,634,0,8890605395527,8890605395591
perception,635,0,8890605395687,8890605395719
perception,636,0,8890605395847,8890605395911
perception,637,0,8890605396007,8890605396071
perception,638,0,8890605396167,8890605396231
perception,639,0,8890605396327,8890605396391
perception,640,0,8890605399175,8890605399239
perception,641,0,8890605399335,8890605399367
perception,642,0,8890605399495,8890605399591
perception,643,0,8890605399687,8890605399783
perception,644,0,8890605399879,8890605399943
perception,645,0,8890605400039,8890605400071
perception,646,0,8890605400199,8890605400231
perception,647,0,8890605400359,8890605400391
perception,648,0,8890605400487,8890605400551
perception,649,0,8890605400647,8890605400743
perception,650,0,8890605400871,8890605400903
perception,651,0,8890605401031,8890605401063
perception,652,0,8890605401191,8890605401223
perception,653,0,8890605401319,8890605401415
perception,654,0,8890605401479,8890605401575
perception,655,0,8890605401671,8890605401735
perception,656,0,8890605401831,8890605401895
perception,657,0,8890605402023,8890605402087
perception,658,0,8890605402183,8890605402247
perception,659,0,8890605402407,8890605402439
perception,660,0,8890605402567,8890605402599
perception,661,0,8890605402727,8890605402791
perception,662,0,8890605402887,8890605402951
perception,663,0,8890605403047,8890605403111
perception,664,0,8890605403207,8890605403271
perception,665,0,8890605403399,8890605403431
perception,666,0,8890605403559,8890605403591
perception,667,0,8890605403719,8890605403783
perception,668,0,8890605403879,8890605403943
perception,669,0,8890605404039,8890605404103
perception,670,0,8890605404231,8890605404295
perception,671,0,8890605404391,8890605404455
perception,672,0,8890605404583,8890605404647
perception,673,0,8890605404743,8890605404807
perception,674,0,8890605404935,8890605404967
perception,675,0,8890605405095,8890605405127
perception,676,0,8890605405255,8890605405319
perception,677,0,8890605405415,8890605405479
perception,678,0,8890605405607,8890605405671
perception,679,0,8890605405799,8890605405831
perception,680,0,8890605405927,8890605406023
perception,681,0,8890605406119,8890605406183
perception,682,0,8890605406311,8890605406375
perception,683,0,8890605406471,8890605406503
perception,684,0,8890605406631,8890605406663
perception,685,0,8890605406791,8890605406855
perception,686,0,8890605406951,8890605407015
perception,687,0,8890605407111,8890605407175
perception,688,0,8890605407271,8890605407335
perception,689,0,8890605407431,8890605407495
perception,690,0,8890605407591,8890605407655
perception,691,0,8890605407751,8890605407815
perception,692,0,8890605407911,8890605407975
perception,693,0,8890605408071,8890605408135
perception,694,0,8890605408263,8890605408327
perception,695,0,8890605408423,8890605408455
perception,696,0,8890605408583,8890605408647
perception,697,0,8890605408743,8890605408807
perception,698,0,8890605408903,8890605408967
perception,699,0,8890605409095,8890605409159
perception,700,0,8890605409255,8890605409287
perception,701,0,8890605409447,8890605409511
perception,702,0,8890605409607,8890605409671
perception,703,0,8890605409799,8890605409863
perception,704,0,8890605409959,8890605409991
perception,705,0,8890605410151,8890605410183
perception,706,0,8890605410279,8890605410343
perception,707,0,8890605410439,8890605410535
perception,708,0,8890605410631,8890605410695
perception,709,0,8890605410791,8890605410823
perception,710,0,8890605410951,8890605411015
perception,711,0,8890605411111,8890605411175
perception,712,0,8890605411271,8890605411335
perception,713,0,8890605411431,8890605411527
perception,714,0,8890605411623,8890605411687
perception,715,0,8890605411783,8890605411815
perception,716,0,8890605411943,8890605412007
perception,717,0,8890605412103,8890605412167
perception,718,0,8890605412263,8890605412327
perception,719,0,8890605412487,8890605412519
perception,720,0,8890605412647,8890605412679
perception,721,0,8890605412807,8890605412839
perception,722,0,8890605412967,8890605413031
perception,723,0,8890605413127,8890605413191
perception,724,0,8890605413287,8890605413351
perception,725,0,8890605413479,8890605413511
perception,726,0,8890605413639,8890605413703
perception,727,0,8890605413799,8890605413863
perception,728,0,8890605413959,8890605414023
perception,729,0,8890605414151,8890605414183
perception,730,0,8890605414311,8890605414343
perception,731,0,8890605414471,8890605414503
perception,732,0,8890605414631,8890605414695
perception,733,0,8890605414823,8890605414887
perception,734,0,8890605414984,8890605415048
perception,735,0,8890605415144,8890605415176
perception,736,0,8890605415304,8890605415368
perception,737,0,8890605415464,8890605415528
perception,738,0,8890605415624,8890605415688
perception,739,0,8890605415784,8890605415880
perception,740,0,8890605416008,8890605416040
perception,741,0,8890605416168,8890605416200
perception,742,0,8890605416296,8890605416360
perception,743,0,8890605416456,8890605416552
perception,744,0,8890605416648,8890605416712
perception,745,0,8890605416808,8890605416840
perception,746,0,8890605416968,8890605417032
perception,747,0,8890605417128,8890605417192
perception,748,0,8890605417288,8890605417352
perception,749,0,8890605417480,8890605417544
perception,750,0,8890605417640,8890605417704
perception,751,0,8890605417800,8890605417864
perception,752,0,8890605417960,8890605418024
perception,753,0,8890605418120,8890605418184
perception,754,0,8890605418280,8890605418344
perception,755,0,8890605418440,8890605418504
perception,756,0,8890605418600,8890605418664
perception,757,0,8890605418792,8890605418824
perception,758,0,8890605418952,8890605419016
perception,759,0,8890605419112,8890605419176
perception,760,0,8890605419272,8890605419336
perception,761,0,8890605419432,8890605419496
perception,762,0,8890605419624,8890605419656
perception,763,0,8890605419784,8890605419848
perception,764,0,8890605419944,8890605420008
perception,765,0,8890605420104,8890605420168
perception,766,0,8890605420296,8890605420360
perception,767,0,8890605420456,8890605420488
perception,768,0,8890605443401,8890605443433
perception,769,0,8890605443561,8890605443625
perception,770,0,8890605443753,8890605443817
perception,771,0,8890605443913,8890605443977
perception,772,0,8890605444105,8890605444137
perception,773,0,8890605444265,8890605444361
perception,774,0,8890605444457,8890605444521
perception,775,0,8890605444617,8890605444681
perception,776,0,8890605444777,8890605444841
perception,777,0,8890605444969,8890605445001
perception,778,0,8890605445097,8890605445161
perception,779,0,8890605445257,8890605445321
perception,780,0,8890605445417,8890605445481
perception,781,0,8890605445577,8890605445673
perception,782,0,8890605445769,8890605445801
perception,783,0,8890605445929,8890605445961
perception,784,0,8890605446089,8890605446121
perception,785,0,8890605446217,8890605446313
perception,786,0,8890605446409,8890605446505
perception,787,0,8890605446601,8890605446633
perception,788,0,8890605446793,8890605446825
perception,789,0,8890605446921,8890605446985
perception,790,0,8890605447113,8890605447177
perception,791,0,8890605447305,8890605447337
perception,792,0,8890605447465,8890605447497
perception,793,0,8890605447625,8890605447689
perception,794,0,8890605447817,8890605447881
perception,795,0,8890605447977,8890605448041
perception,796,0,8890605448137,8890605448201
perception,797,0,8890605448329,8890605448361
perception,798,0,8890605448457,8890605448521
perception,799,0,8890605448617,8890605448713
perception,800,0,8890605448809,8890605448873
perception,801,0,8890605448969,8890605449033
perception,802,0,8890605449129,8890605449193
perception,803,0,8890605449289,8890605449353
perception,804,0,8890605449481,8890605449545
perception,805,0,8890605449641,8890605449705
perception,806,0,8890605449801,8890605449865
perception,807,0,8890605449993,8890605450025
perception,808,0,8890605450153,8890605450185
perception,809,0,8890605450281,8890605450345
perception,810,0,8890605450505,8890605450569
perception,811,0,8890605450665,8890605450697
perception,812,0,8890605450825,8890605450857
perception,813,0,8890605450985,8890605451017
perception,814,0,8890605451145,8890605451209
perception,815,0,8890605451337,8890605451401
perception,816,0,8890605451497,8890605451529
perception,817,0,8890605451657,8890605451689
perception,818,0,8890605451817,8890605451881
perception,819,0,8890605451977,8890605452041
perception,820,0,8890605452137,8890605452201
perception,821,0,8890605452297,8890605452361
perception,822,0,8890605452489,8890605452521
perception,823,0,8890605452649,8890605452681
perception,824,0,8890605452809,8890605452873
perception,825,0,8890605452937,8890605453033
perception,826,0,8890605453129,8890605453193
perception,827,0,8890605453353,8890605453385
perception,828,0,8890605453481,8890605453577
perception,829,0,8890605453673,8890605453769
perception,830,0,8890605453865,8890605453929
perception,831,0,8890605454057,8890605454089
perception,832,0,8890605454217,8890605454281
perception,833,0,8890605454377,8890605454441
perception,834,0,8890605454537,8890605454601
perception,835,0,8890605454729,8890605454761
perception,836,0,8890605454889,8890605454921
perception,837,0,8890605455049,8890605455113
perception,838,0,8890605455241,8890605455305
perception,839,0,8890605455401,8890605455465
perception,840,0,8890605455561,8890605455593
perception,841,0,8890605455721,8890605455753
perception,842,0,8890605455881,8890605455945
perception,843,0,8890605456041,8890605456105
perception,844,0,8890605456201,8890605456297
perception,845,0,8890605456393,8890605456425
perception,846,0,8890605456553,8890605456585
perception,847,0,8890605456713,8890605456745
perception,848,0,8890605456841,8890605456937
perception,849,0,8890605457033,8890605457097
perception,850,0,8890605457193,8890605457257
perception,851,0,8890605457385,8890605457417
perception,852,0,8890605457545,8890605457577
perception,853,0,8890605457737,8890605457801
perception,854,0,8890605457897,8890605457961
perception,855,0,8890605458057,8890605458121
perception,856,0,8890605458249,8890605458313
perception,857,0,8890605458409,8890605458473
perception,858,0,8890605458569,8890605458633
perception,859,0,8890605458729,8890605458793
perception,860,0,8890605458889,8890605458953
perception,861,0,8890605459049,8890605459081
perception,862,0,8890605459209,8890605459241
perception,863,0,8890605459369,8890605459433
perception,864,0,8890605459529,8890605459625
perception,865,0,8890605459721,8890605459785
perception,866,0,8890605459881,8890605459945
perception,867,0,8890605460041,8890605460073
perception,868,0,8890605460201,8890605460233
perception,869,0,8890605460361,8890605460457
perception,870,0,8890605460553,8890605460617
perception,871,0,8890605460713,8890605460777
perception,872,0,8890605460873,8890605460905
perception,873,0,8890605461033,8890605461097
perception,874,0,8890605461193,8890605461257
perception,875,0,8890605461353,8890605461417
perception,876,0,8890605461545,8890605461609
perception,877,0,8890605461705,8890605461769
perception,878,0,8890605461897,8890605461929
perception,879,0,8890605462025,8890605462089
perception,880,0,8890605462185,8890605462281
perception,881,0,8890605462377,8890605462441
perception,882,0,8890605462537,8890605462601
perception,883,0,8890605462697,8890605462729
perception,884,0,8890605462857,8890605462921
perception,885,0,8890605463017,8890605463081
perception,886,0,8890605463177,8890605463241
perception,887,0,8890605463337,8890605463401
perception,888,0,8890605463497,8890605463561
perception,889,0,8890605463721,8890605463753
perception,890,0,8890605463849,8890605463945
perception,891,0,8890605464041,8890605464105
perception,892,0,8890605464201,8890605464265
perception,893,0,8890605464393,8890605464425
perception,894,0,8890605464553,8890605464585
perception,895,0,8890605464681,8890605464777
perception,896,0,8890605467625,8890605467689
perception,897,0,8890605467785,8890605467881
perception,898,0,8890605467977,8890605468041
perception,899,0,8890605468137,8890605468169
perception,900,0,8890605468329,8890605468393
perception,901,0,8890605468489,8890605468585
perception,902,0,8890605468681,8890605468745
perception,903,0,8890605468841,8890605468873
perception,904,0,8890605469033,8890605469065
perception,905,0,8890605469161,8890605469225
perception,906,0,8890605469321,8890605469385
perception,907,0,8890605469513,8890605469577
perception,908,0,8890605469673,8890605469705
perception,909,0,8890605469833,8890605469865
perception,910,0,8890605469993,8890605470025
perception,911,0,8890605470153,8890605470217
perception,912,0,8890605470313,8890605470377
perception,913,0,8890605470505,8890605470569
perception,914,0,8890605470665,8890605470697
perception,915,0,8890605470825,8890605470857
perception,916,0,8890605470985,8890605471017
perception,917,0,8890605471178,8890605471242
perception,918,0,8890605471338,8890605471402
perception,919,0,8890605471498,8890605471530
perception,920,0,8890605471658,8890605471722
perception,921,0,8890605471818,8890605471882
perception,922,0,8890605472010,8890605472074
perception,923,0,8890605472170,8890605472234
perception,924,0,8890605472362,8890605472394
perception,925,0,8890605472522,8890605472554
perception,926,0,8890605472650,8890605472714
perception,927,0,8890605472810,8890605472874
perception,928,0,8890605472970,8890605473034
perception,929,0,8890605473130,8890605473226
perception,930,0,8890605473290,8890605473354
perception,931,0,8890605473482,8890605473546
perception,932,0,8890605473642,8890605473706
perception,933,0,8890605473834,8890605473930
perception,934,0,8890605473994,8890605474058
perception,935,0,8890605474186,8890605474218
perception,936,0,8890605474346,8890605474410
perception,937,0,8890605474538,8890605474602
perception,938,0,8890605474730,8890605474762
perception,939,0,8890605474890,8890605474954
perception,940,0,8890605475050,8890605475114
perception,941,0,8890605475210,8890605475274
perception,942,0,8890605475370,8890605475434
perception,943,0,8890605475530,8890605475594
perception,944,0,8890605475690,8890605475754
perception,945,0,8890605475882,8890605475946
perception,946,0,8890605476042,8890605476106
perception,947,0,8890605476202,8890605476266
perception,948,0,8890605476362,8890605476426
perception,949,0,8890605476554,8890605476618
perception,950,0,8890605476746,8890605476810
perception,951,0,8890605476906,8890605476970
perception,952,0,8890605477066,8890605477130
perception,953,0,8890605477258,8890605477322
perception,954,0,8890605477450,8890605477514
perception,955,0,8890605477610,8890605477674
perception,956,0,8890605477770,8890605477834
perception,957,0,8890605477962,8890605477994
perception,958,0,8890605478122,8890605478154
perception,959,0,8890605478250,8890605478314
perception,960,0,8890605478410,8890605478506
perception,961,0,8890605478602,8890605478666
perception,962,0,8890605478794,8890605478826
perception,963,0,8890605478954,8890605478986
perception,964,0,8890605479146,8890605479210
perception,965,0,8890605479306,8890605479370
perception,966,0,8890605479498,8890605479530
perception,967,0,8890605479658,8890605479690
perception,968,0,8890605479786,8890605479850
perception,969,0,8890605479946,8890605480042
perception,970,0,8890605480138,8890605480202
perception,971,0,8890605480298,8890605480362
perception,972,0,8890605480458,8890605480490
perception,973,0,8890605480618,8890605480650
perception,974,0,8890605480778,8890605480810
perception,975,0,8890605480906,8890605480970
perception,976,0,8890605481098,8890605481162
perception,977,0,8890605481258,8890605481322
perception,978,0,8890605481418,8890605481482
perception,979,0,8890605481610,8890605481642
perception,980,0,8890605481738,8890605481834
perception,981,0,8890605481930,8890605481994
perception,982,0,8890605482090,8890605482154
perception,983,0,8890605482250,8890605482314
perception,984,0,8890605482410,8890605482474
perception,985,0,8890605482570,8890605482634
perception,986,0,8890605482730,8890605482794
perception,987,0,8890605482890,8890605482954
perception,988,0,8890605483050,8890605483114
perception,989,0,8890605483210,8890605483274
perception,990,0,8890605483402,8890605483466
perception,991,0,8890605483562,8890605483626
perception,992,0,8890605483722,8890605483786
perception,993,0,8890605483914,8890605483978
perception,994,0,8890605484106,8890605484138
perception,995,0,8890605484266,8890605484298
perception,996,0,8890605484394,8890605484458
perception,997,0,8890605484586,8890605484682
perception,998,0,8890605484778,8890605484810
perception,999,0,8890605484938,8890605484970
perception,1000,0,8890605485098,8890605485162
perception,1001,0,8890605485258,8890605485322
perception,1002,0,8890605485418,8890605485482
perception,1003,0,8890605485578,8890605485674
perception,1004,0,8890605485770,8890605485802
perception,1005,0,8890605485930,8890605485962
perception,1006,0,8890605486090,8890605486122
perception,1007,0,8890605486218,8890605486314
perception,1008,0,8890605486410,8890605486474
perception,1009,0,8890605486570,8890605486634
perception,1010,0,8890605486730,8890605486794
perception,1011,0,8890605486890,8890605486922
perception,1012,0,8890605487050,8890605487114
perception,1013,0,8890605487210,8890605487274
perception,1014,0,8890605487370,8890605487434
perception,1015,0,8890605487530,8890605487594
perception,1016,0,8890605487690,8890605487754
perception,1017,0,8890605487850,8890605487914
perception,1018,0,8890605488010,8890605488042
perception,1019,0,8890605488170,8890605488234
perception,1020,0,8890605488330,8890605488394
perception,1021,0,8890605488522,8890605488586
perception,1022,0,8890605488682,8890605488746
perception,1023,0,8890605488842,8890605488874
perception,1024,0,8890605491562,8890605491658
perception,1025,0,8890605491754,8890605491818
perception,1026,0,8890605491914,8890605491946
perception,1027,0,8890605492106,8890605492202
perception,1028,0,8890605492298,8890605492362
perception,1029,0,8890605492458,8890605492522
perception,1030,0,8890605492618,8890605492650
perception,1031,0,8890605492810,8890605492874
perception,1032,0,8890605493034,8890605493066
perception,1033,0,8890605493194,8890605493226
perception,1034,0,8890605493354,8890605493386
perception,1035,0,8890605493482,8890605493546
perception,1036,0,8890605493674,8890605493738
perception,1037,0,8890605493834,8890605493898
perception,1038,0,8890605493994,8890605494058
perception,1039,0,8890605494154,8890605494186
perception,1040,0,8890605494314,8890605494346
perception,1041,0,8890605494474,8890605494506
perception,1042,0,8890605494602,8890605494666
perception,1043,0,8890605494762,8890605494826
perception,1044,0,8890605494922,8890605495018
perception,1045,0,8890605495114,8890605495178
perception,1046,0,8890605495274,8890605495306
perception,1047,0,8890605495434,8890605495466
perception,1048,0,8890605495594,8890605495626
perception,1049,0,8890605495722,8890605495818
perception,1050,0,8890605495914,8890605495978
perception,1051,0,8890605496074,8890605496138
perception,1052,0,8890605496234,8890605496298
perception,1053,0,8890605496426,8890605496458
perception,1054,0,8890605496586,8890605496618
perception,1055,0,8890605496714,8890605496778
perception,1056,0,8890605496874,8890605496970
perception,1057,0,8890605497066,8890605497130
perception,1058,0,8890605497226,8890605497258
perception,1059,0,8890605497386,8890605497450
perception,1060,0,8890605497546,8890605497610
perception,1061,0,8890605497738,8890605497802
perception,1062,0,8890605497898,8890605497962
perception,1063,0,8890605498058,8890605498122
perception,1064,0,8890605498250,8890605498314
perception,1065,0,8890605498410,8890605498474
perception,1066,0,8890605498570,8890605498634
perception,1067,0,8890605498730,8890605498794
perception,1068,0,8890605498890,8890605498954
perception,1069,0,8890605499083,8890605499115
perception,1070,0,8890605499243,8890605499275
perception,1071,0,8890605499371,8890605499467
perception,1072,0,8890605499563,8890605499627
perception,1073,0,8890605499755,8890605499787
perception,1074,0,8890605499947,8890605500011
perception,1075,0,8890605500107,8890605500171
perception,1076,0,8890605500267,8890605500331
perception,1077,0,8890605500427,8890605500491
perception,1078,0,8890605500619,8890605500651
perception,1079,0,8890605500779,8890605500811
perception,1080,0,8890605500907,8890605500971
perception,1081,0,8890605501099,8890605501163
perception,1082,0,8890605501259,8890605501323
perception,1083,0,8890605501419,8890605501483
perception,1084,0,8890605501579,8890605501611
perception,1085,0,8890605501707,8890605501771
perception,1086,0,8890605501899,8890605501931
perception,1087,0,8890605502027,8890605502091
perception,1088,0,8890605502155,8890605502251
perception,1089,0,8890605502347,8890605502411
perception,1090,0,8890605502539,8890605502603
perception,1091,0,8890605502699,8890605502731
perception,1092,0,8890605502859,8890605502923
perception,1093,0,8890605503019,8890605503083
perception,1094,0,8890605503211,8890605503275
perception,1095,0,8890605503371,8890605503435
perception,1096,0,8890605503563,8890605503595
perception,1097,0,8890605503723,8890605503755
perception,1098,0,8890605503851,8890605503947
perception,1099,0,8890605504043,8890605504139
perception,1100,0,8890605504235,8890605504267
perception,1101,0,8890605504395,8890605504427
perception,1102,0,8890605504555,8890605504619
perception,1103,0,8890605504747,8890605504811
perception,1104,0,8890605504907,8890605504971
perception,1105,0,8890605505067,8890605505099
perception,1106,0,8890605505259,8890605505291
perception,1107,0,8890605505419,8890605505483
perception,1108,0,8890605505579,8890605505643
perception,1109,0,8890605505739,8890605505803
perception,1110,0,8890605505931,8890605505995
perception,1111,0,8890605506155,8890605506219
perception,1112,0,8890605506347,8890605506379
perception,1113,0,8890605506507,8890605506571
perception,1114,0,8890605506667,8890605506731
perception,1115,0,8890605506827,8890605506891
perception,1116,0,8890605506987,8890605507051
perception,1117,0,8890605507147,8890605507211
perception,1118,0,8890605507339,8890605507371
perception,1119,0,8890605507499,8890605507531
perception,1120,0,8890605507627,8890605507723
perception,1121,0,8890605507819,8890605507883
perception,1122,0,8890605507979,8890605508043
perception,1123,0,8890605508139,8890605508171
perception,1124,0,8890605508299,8890605508363
perception,1125,0,8890605508459,8890605508523
perception,1126,0,8890605508683,8890605508747
perception,1127,0,8890605508843,8890605508875
perception,1128,0,8890605509003,8890605509035
perception,1129,0,8890605509163,8890605509195
perception,1130,0,8890605509291,8890605509387
perception,1131,0,8890605509483,8890605509547
perception,1132,0,8890605509643,8890605509707
perception,1133,0,8890605509835,8890605509867
perception,1134,0,8890605509995,8890605510059
perception,1135,0,8890605510155,8890605510219
perception,1136,0,8890605510347,8890605510411
perception,1137,0,8890605510507,8890605510571
perception,1138,0,8890605510699,8890605510731
perception,1139,0,8890605510827,8890605510923
perception,1140,0,8890605511019,8890605511083
perception,1141,0,8890605511179,8890605511243
perception,1142,0,8890605511339,8890605511403
perception,1143,0,8890605511531,8890605511563
perception,1144,0,8890605511691,8890605511755
perception,1145,0,8890605511883,8890605511947
perception,1146,0,8890605512043,8890605512107
perception,1147,0,8890605512235,8890605512267
perception,1148,0,8890605512395,8890605512459
perception,1149,0,8890605512587,8890605512651
perception,1150,0,8890605512779,8890605512811
perception,1151,0,8890605512939,8890605512971
perception,1152,0,8890605515371,8890605515435
perception,1153,0,8890605515531,8890605515595
perception,1154,0,8890605515723,8890605515755
perception,1155,0,8890605515883,8890605515915
perception,1156,0,8890605516011,8890605516075
perception,1157,0,8890605516171,8890605516235
perception,1158,0,8890605516363,8890605516427
perception,1159,0,8890605516555,8890605516587
perception,1160,0,8890605516715,8890605516779
perception,1161,0,8890605516875,8890605516971
perception,1162,0,8890605517067,8890605517131
perception,1163,0,8890605517259,8890605517291
perception,1164,0,8890605517419,8890605517483
perception,1165,0,8890605517579,8890605517675
perception,1166,0,8890605517771,8890605517835
perception,1167,0,8890605517963,8890605518027
perception,1168,0,8890605518155,8890605518251
perception,1169,0,8890605518347,8890605518379
perception,1170,0,8890605518539,8890605518635
perception,1171,0,8890605518731,8890605518795
perception,1172,0,8890605518891,8890605518955
perception,1173,0,8890605519083,8890605519115
perception,1174,0,8890605519243,8890605519307
perception,1175,0,8890605519403,8890605519467
perception,1176,0,8890605519563,8890605519627
perception,1177,0,8890605519723,8890605519787
perception,1178,0,8890605519915,8890605519947
perception,1179,0,8890605520075,8890605520139
perception,1180,0,8890605520267,8890605520331
perception,1181,0,8890605520427,8890605520491
perception,1182,0,8890605520587,8890605520619
perception,1183,0,8890605520747,8890605520811
perception,1184,0,8890605520907,8890605520971
perception,1185,0,8890605521067,8890605521131
perception,1186,0,8890605521227,8890605521291
perception,1187,0,8890605521419,8890605521483
perception,1188,0,8890605521579,8890605521611
perception,1189,0,8890605521739,8890605521803
perception,1190,0,8890605521899,8890605521963
perception,1191,0,8890605522059,8890605522155
perception,1192,0,8890605522251,8890605522315
perception,1193,0,8890605522411,8890605522443
perception,1194,0,8890605522571,8890605522603
perception,1195,0,8890605522731,8890605522763
perception,1196,0,8890605522859,8890605522923
perception,1197,0,8890605523019,8890605523083
perception,1198,0,8890605523179,8890605523243
perception,1199,0,8890605523339,8890605523403
perception,1200,0,8890605523499,8890605523563
perception,1201,0,8890605523691,8890605523723
perception,1202,0,8890605523851,8890605523883
perception,1203,0,8890605523979,8890605524075
perception,1204,0,8890605524171,8890605524235
perception,1205,0,8890605524363,8890605524395
perception,1206,0,8890605524523,8890605524555
perception,1207,0,8890605524683,8890605524779
perception,1208,0,8890605524875,8890605524939
perception,1209,0,8890605525035,8890605525099
perception,1210,0,8890605525195,8890605525259
perception,1211,0,8890605525387,8890605525419
perception,1212,0,8890605525515,8890605525579
perception,1213,0,8890605525675,8890605525771
perception,1214,0,8890605525867,8890605525931
perception,1215,0,8890605526027,8890605526091
perception,1216,0,8890605526187,8890605526219
perception,1217,0,8890605526347,8890605526411
perception,1218,0,8890605526507,8890605526571
perception,1219,0,8890605526667,8890605526731
perception,1220,0,8890605526827,8890605526891
perception,1221,0,8890605527019,8890605527083
perception,1222,0,8890605527212,8890605527276
perception,1223,0,8890605527404,8890605527468
perception,1224,0,8890605527564,8890605527628
perception,1225,0,8890605527756,8890605527788
perception,1226,0,8890605527916,8890605527948
perception,1227,0,8890605528044,8890605528108
perception,1228,0,8890605528204,8890605528300
perception,1229,0,8890605528396,8890605528460
perception,1230,0,8890605528588,8890605528652
perception,1231,0,8890605528748,8890605528812
perception,1232,0,8890605528908,8890605528972
perception,1233,0,8890605529068,8890605529164
perception,1234,0,8890605529260,8890605529292
perception,1235,0,8890605529420,8890605529452
perception,1236,0,8890605529580,8890605529612
perception,1237,0,8890605529740,8890605529804
perception,1238,0,8890605529900,8890605529964
perception,1239,0,8890605530060,8890605530124
perception,1240,0,8890605530220,8890605530284
perception,1241,0,8890605530380,8890605530412
perception,1242,0,8890605530572,8890605530604
perception,1243,0,8890605530700,8890605530764
perception,1244,0,8890605530860,8890605530924
perception,1245,0,8890605531084,8890605531116
perception,1246,0,8890605531244,8890605531276
perception,1247,0,8890605531404,8890605531500
perception,1248,0,8890605531596,8890605531660
perception,1249,0,8890605531756,8890605531820
perception,1250,0,8890605531916,8890605531980
perception,1251,0,8890605532108,8890605532140
perception,1252,0,8890605532236,8890605532300
perception,1253,0,8890605532428,8890605532492
perception,1254,0,8890605532588,8890605532652
perception,1255,0,8890605532748,8890605532812
perception,1256,0,8890605532940,8890605532972
perception,1257,0,8890605533068,8890605533132
perception,1258,0,8890605533228,8890605533292
perception,1259,0,8890605533420,8890605533484
perception,1260,0,8890605533580,8890605533644
perception,1261,0,8890605533740,8890605533804
perception,1262,0,8890605533932,8890605533964
perception,1263,0,8890605534060,8890605534124
perception,1264,0,8890605534220,8890605534284
perception,1265,0,8890605534380,8890605534476
perception,1266,0,8890605534572,8890605534604
perception,1267,0,8890605534732,8890605534764
perception,1268,0,8890605534892,8890605534956
perception,1269,0,8890605535052,8890605535116
perception,1270,0,8890605535212,8890605535276
perception,1271,0,8890605535404,8890605535468
perception,1272,0,8890605535564,8890605535596
perception,1273,0,8890605535724,8890605535788
perception,1274,0,8890605535884,8890605535980
perception,1275,0,8890605536076,8890605536140
perception,1276,0,8890605536204,8890605536300
perception,1277,0,8890605536396,8890605536428
perception,1278,0,8890605536556,8890605536588
perception,1279,0,8890605536716,8890605536748
perception,1280,0,8890605538956,8890605539020
perception,1281,0,8890605539116,8890605539180
perception,1282,0,8890605539276,8890605539372
perception,1283,0,8890605539468,8890605539500
perception,1284,0,8890605539660,8890605539692
perception,1285,0,8890605539788,8890605539852
perception,1286,0,8890605540012,8890605540076
perception,1287,0,8890605540172,8890605540236
perception,1288,0,8890605540364,8890605540428
perception,1289,0,8890605540556,8890605540620
perception,1290,0,8890605540716,8890605540780
perception,1291,0,8890605540908,8890605540972
perception,1292,0,8890605541068,8890605541132
perception,1293,0,8890605541260,8890605541324
perception,1294,0,8890605541420,8890605541484
perception,1295,0,8890605541580,8890605541644
perception,1296,0,8890605541740,8890605541804
perception,1297,0,8890605541900,8890605541964
perception,1298,0,8890605542060,8890605542156
perception,1299,0,8890605542220,8890605542316
perception,1300,0,8890605542412,8890605542444
perception,1301,0,8890605542572,8890605542604
perception,1302,0,8890605542732,8890605542796
perception,1303,0,8890605542892,8890605542956
perception,1304,0,8890605543116,8890605543148
perception,1305,0,8890605543276,8890605543308
perception,1306,0,8890605543436,8890605543468
perception,1307,0,8890605543564,8890605543628
perception,1308,0,8890605543724,8890605543788
perception,1309,0,8890605543884,8890605543948
perception,1310,0,8890605544076,8890605544140
perception,1311,0,8890605544236,8890605544268
perception,1312,0,8890605544396,8890605544428
perception,1313,0,8890605544556,8890605544620
perception,1314,0,8890605544716,8890605544780
perception,1315,0,8890605544876,8890605544972
perception,1316,0,8890605545036,8890605545100
perception,1317,0,8890605545260,8890605545292
perception,1318,0,8890605545388,8890605545452
perception,1319,0,8890605545580,8890605545644
perception,1320,0,8890605545740,8890605545804
perception,1321,0,8890605545900,8890605545932
perception,1322,0,8890605546060,8890605546124
perception,1323,0,8890605546220,8890605546284
perception,1324,0,8890605546380,8890605546444
perception,1325,0,8890605546540,8890605546604
perception,1326,0,8890605546700,8890605546764
perception,1327,0,8890605546892,8890605546924
perception,1328,0,8890605547052,8890605547084
perception,1329,0,8890605547212,8890605547244
perception,1330,0,8890605547340,8890605547404
perception,1331,0,8890605547500,8890605547596
perception,1332,0,8890605547692,8890605547756
perception,1333,0,8890605547852,8890605547916
perception,1334,0,8890605548012,8890605548044
perception,1335,0,8890605548172,8890605548236
perception,1336,0,8890605548332,8890605548396
perception,1337,0,8890605548492,8890605548556
perception,1338,0,8890605548652,8890605548716
perception,1339,0,8890605548812,8890605548876
perception,1340,0,8890605549004,8890605549036
perception,1341,0,8890605549164,8890605549196
perception,1342,0,8890605549292,8890605549388
perception,1343,0,8890605549484,8890605549548
perception,1344,0,8890605549644,8890605549708
perception,1345,0,8890605549836,8890605549868
perception,1346,0,8890605549996,8890605550028
perception,1347,0,8890605550156,8890605550188
perception,1348,0,8890605550284,8890605550348
perception,1349,0,8890605550444,8890605550508
perception,1350,0,8890605550604,8890605550668
perception,1351,0,8890605550764,8890605550828
perception,1352,0,8890605550924,8890605550988
perception,1353,0,8890605551116,8890605551148
perception,1354,0,8890605551276,8890605551308
perception,1355,0,8890605551404,8890605551468
perception,1356,0,8890605551564,8890605551660
perception,1357,0,8890605551724,8890605551820
perception,1358,0,8890605551916,8890605551948
perception,1359,0,8890605552076,8890605552108
perception,1360,0,8890605552236,8890605552300
perception,1361,0,8890605552428,8890605552492
perception,1362,0,8890605552588,8890605552652
perception,1363,0,8890605552780,8890605552812
perception,1364,0,8890605552940,8890605552972
perception,1365,0,8890605553100,8890605553164
perception,1366,0,8890605553260,8890605553324
perception,1367,0,8890605553420,8890605553484
perception,1368,0,8890605553580,8890605553644
perception,1369,0,8890605553772,8890605553804
perception,1370,0,8890605553932,8890605553964
perception,1371,0,8890605554060,8890605554124
perception,1372,0,8890605554220,8890605554316
perception,1373,0,8890605554412,8890605554476
perception,1374,0,8890605554572,8890605554604
perception,1375,0,8890605554732,8890605554764
perception,1376,0,8890605554892,8890605554956
perception,1377,0,8890605555052,8890605555116
perception,1378,0,8890605555213,8890605555277
perception,1379,0,8890605555373,8890605555469
perception,1380,0,8890605555565,8890605555597
perception,1381,0,8890605555725,8890605555757
perception,1382,0,8890605555885,8890605555917
perception,1383,0,8890605556045,8890605556109
perception,1384,0,8890605556205,8890605556269
perception,1385,0,8890605556397,8890605556429
perception,1386,0,8890605556557,8890605556621
perception,1387,0,8890605556717,8890605556781
perception,1388,0,8890605556877,8890605556941
perception,1389,0,8890605557037,8890605557101
perception,1390,0,8890605557229,8890605557261
perception,1391,0,8890605557389,8890605557421
perception,1392,0,8890605557549,8890605557581
perception,1393,0,8890605557709,8890605557741
perception,1394,0,8890605557837,8890605557901
perception,1395,0,8890605558061,8890605558125
perception,1396,0,8890605558221,8890605558253
perception,1397,0,8890605558381,8890605558477
perception,1398,0,8890605558541,8890605558637
perception,1399,0,8890605558733,8890605558797
perception,1400,0,8890605558893,8890605558957
perception,1401,0,8890605559085,8890605559117
perception,1402,0,8890605559277,8890605559341
perception,1403,0,8890605559437,8890605559501
perception,1404,0,8890605559597,8890605559661
perception,1405,0,8890605559757,8890605559821
perception,1406,0,8890605559949,8890605559981
perception,1407,0,8890605560077,8890605560141
perception,1408,0,8890605563213,8890605563277
perception,1409,0,8890605563373,8890605563437
perception,1410,0,8890605563533,8890605563565
perception,1411,0,8890605563693,8890605563757
perception,1412,0,8890605563853,8890605563917
perception,1413,0,8890605563981,8890605564077
perception,1414,0,8890605564173,8890605564237
perception,1415,0,8890605564333,8890605564397
perception,1416,0,8890605564493,8890605564557
perception,1417,0,8890605564653,8890605564685
perception,1418,0,8890605564813,8890605564877
perception,1419,0,8890605564973,8890605565037
perception,1420,0,8890605565165,8890605565229
perception,1421,0,8890605565357,8890605565389
perception,1422,0,8890605565517,8890605565549
perception,1423,0,8890605565677,8890605565741
perception,1424,0,8890605565837,8890605565901
perception,1425,0,8890605565997,8890605566061
perception,1426,0,8890605566157,8890605566221
perception,1427,0,8890605566381,8890605566413
perception,1428,0,8890605566509,8890605566573
perception,1429,0,8890605566669,8890605566733
perception,1430,0,8890605566829,8890605566893
perception,1431,0,8890605566989,8890605567053
perception,1432,0,8890605567181,8890605567213
perception,1433,0,8890605567341,8890605567373
perception,1434,0,8890605567501,8890605567533
perception,1435,0,8890605567629,8890605567725
perception,1436,0,8890605567821,8890605567885
perception,1437,0,8890605567981,8890605568045
perception,1438,0,8890605568141,8890605568205
perception,1439,0,8890605568333,8890605568365
perception,1440,0,8890605568493,8890605568557
perception,1441,0,8890605568653,8890605568717
perception,1442,0,8890605568813,8890605568877
perception,1443,0,8890605569005,8890605569037
perception,1444,0,8890605569165,8890605569197
perception,1445,0,8890605569293,8890605569357
perception,1446,0,8890605569453,8890605569549
perception,1447,0,8890605569645,8890605569709
perception,1448,0,8890605569805,8890605569869
perception,1449,0,8890605569965,8890605569997
perception,1450,0,8890605570125,8890605570189
perception,1451,0,8890605570285,8890605570349
perception,1452,0,8890605570445,8890605570509
perception,1453,0,8890605570605,8890605570701
perception,1454,0,8890605570797,8890605570829
perception,1455,0,8890605570957,8890605570989
perception,1456,0,8890605571117,8890605571149
perception,1457,0,8890605571277,8890605571309
perception,1458,0,8890605571405,8890605571469
perception,1459,0,8890605571565,8890605571629
perception,1460,0,8890605571725,8890605571789
perception,1461,0,8890605571885,8890605571949
perception,1462,0,8890605572077,8890605572109
perception,1463,0,8890605572237,8890605572269
perception,1464,0,8890605572365,8890605572429
perception,1465,0,8890605572525,8890605572589
perception,1466,0,8890605572685,8890605572749
perception,1467,0,8890605572845,8890605572941
perception,1468,0,8890605573037,8890605573069
perception,1469,0,8890605573197,8890605573261
perception,1470,0,8890605573357,8890605573421
perception,1471,0,8890605573517,8890605573581
perception,1472,0,8890605573677,8890605573773
perception,1473,0,8890605573869,8890605573933
perception,1474,0,8890605574029,8890605574061
perception,1475,0,8890605574189,8890605574253
perception,1476,0,8890605574349,8890605574413
perception,1477,0,8890605574509,8890605574573
perception,1478,0,8890605574701,8890605574765
perception,1479,0,8890605574861,8890605574893
perception,1480,0,8890605575021,8890605575085
perception,1481,0,8890605575181,8890605575245
perception,1482,0,8890605575341,8890605575405
perception,1483,0,8890605575501,8890605575565
perception,1484,0,8890605575693,8890605575725
perception,1485,0,8890605575853,8890605575917
perception,1486,0,8890605576013,8890605576077
perception,1487,0,8890605576173,8890605576237
perception,1488,0,8890605576365,8890605576429
perception,1489,0,8890605576557,8890605576589
perception,1490,0,8890605576717,8890605576749
perception,1491,0,8890605576845,8890605576909
perception,1492,0,8890605577037,8890605577101
perception,1493,0,8890605577197,8890605577261
perception,1494,0,8890605577389,8890605577421
perception,1495,0,8890605577549,8890605577613
perception,1496,0,8890605577741,8890605577805
perception,1497,0,8890605577901,8890605577965
perception,1498,0,8890605578061,8890605578125
perception,1499,0,8890605578253,8890605578285
perception,1500,0,8890605578381,8890605578445
perception,1501,0,8890605578541,8890605578605
perception,1502,0,8890605578701,8890605578765
perception,1503,0,8890605578893,8890605578957
perception,1504,0,8890605579053,8890605579085
perception,1505,0,8890605579213,8890605579245
perception,1506,0,8890605579373,8890605579405
perception,1507,0,8890605579501,8890605579597
perception,1508,0,8890605579693,8890605579757
perception,1509,0,8890605579853,8890605579917
perception,1510,0,8890605580013,8890605580077
perception,1511,0,8890605580173,8890605580205
perception,1512,0,8890605580333,8890605580397
perception,1513,0,8890605580493,8890605580557
perception,1514,0,8890605580653,8890605580717
perception,1515,0,8890605580813,8890605580877
perception,1516,0,8890605580973,8890605581037
perception,1517,0,8890605581165,8890605581197
perception,1518,0,8890605581325,8890605581357
perception,1519,0,8890605581485,8890605581517
perception,1520,0,8890605581613,8890605581709
perception,1521,0,8890605581837,8890605581901
perception,1522,0,8890605581997,8890605582029
perception,1523,0,8890605582157,8890605582189
perception,1524,0,8890605582317,8890605582413
perception,1525,0,8890605582509,8890605582573
perception,1526,0,8890605582669,8890605582733
perception,1527,0,8890605582829,8890605582893
perception,1528,0,8890605583021,8890605583053
perception,1529,0,8890605583149,8890605583214
perception,1530,0,8890605583310,8890605583374
perception,1531,0,8890605583470,8890605583534
perception,1532,0,8890605583630,8890605583726
perception,1533,0,8890605583854,8890605583886
perception,1534,0,8890605583982,8890605584046
perception,1535,0,8890605584142,8890605584206
perception,1536,0,8890605586862,8890605586926
perception,1537,0,8890605587054,8890605587086
perception,1538,0,8890605587214,8890605587246
perception,1539,0,8890605587342,8890605587406
perception,1540,0,8890605587502,8890605587566
perception,1541,0,8890605587662,8890605587726
perception,1542,0,8890605587854,8890605587918
perception,1543,0,8890605588046,8890605588110
perception,1544,0,8890605588206,8890605588270
perception,1545,0,8890605588366,8890605588430
perception,1546,0,8890605588526,8890605588590
perception,1547,0,8890605588718,8890605588750
perception,1548,0,8890605588878,8890605588910
perception,1549,0,8890605589038,8890605589070
perception,1550,0,8890605589198,8890605589294
perception,1551,0,8890605589390,8890605589454
perception,1552,0,8890605589550,8890605589582
perception,1553,0,8890605589710,8890605589774
perception,1554,0,8890605589870,8890605589934
perception,1555,0,8890605590062,8890605590126
perception,1556,0,8890605590222,8890605590286
perception,1557,0,8890605590414,8890605590446
perception,1558,0,8890605590574,8890605590638
perception,1559,0,8890605590734,8890605590798
perception,1560,0,8890605590894,8890605590958
perception,1561,0,8890605591086,8890605591118
perception,1562,0,8890605591246,8890605591310
perception,1563,0,8890605591406,8890605591470
perception,1564,0,8890605591566,8890605591662
perception,1565,0,8890605591758,8890605591822
perception,1566,0,8890605591918,8890605591950
perception,1567,0,8890605592078,8890605592110
perception,1568,0,8890605592238,8890605592302
perception,1569,0,8890605592398,8890605592462
perception,1570,0,8890605592558,8890605592622
perception,1571,0,8890605592718,8890605592782
perception,1572,0,8890605592878,8890605592942
perception,1573,0,8890605593038,8890605593070
perception,1574,0,8890605593198,8890605593230
perception,1575,0,8890605593358,8890605593390
perception,1576,0,8890605593486,8890605593550
perception,1577,0,8890605593646,8890605593742
perception,1578,0,8890605593838,8890605593902
perception,1579,0,8890605593998,8890605594062
perception,1580,0,8890605594158,8890605594190
perception,1581,0,8890605594318,8890605594350
perception,1582,0,8890605594478,8890605594542
perception,1583,0,8890605594670,8890605594734
perception,1584,0,8890605594830,8890605594894
perception,1585,0,8890605594990,8890605595054
perception,1586,0,8890605595150,8890605595214
perception,1587,0,8890605595310,8890605595374
perception,1588,0,8890605595470,8890605595534
perception,1589,0,8890605595662,8890605595726
perception,1590,0,8890605595854,8890605595918
perception,1591,0,8890605596014,8890605596110
perception,1592,0,8890605596206,8890605596270
perception,1593,0,8890605596366,8890605596430
perception,1594,0,8890605596526,8890605596590
perception,1595,0,8890605596718,8890605596750
perception,1596,0,8890605596846,8890605596910
perception,1597,0,8890605597006,8890605597070
perception,1598,0,8890605597198,8890605597262
perception,1599,0,8890605597358,8890605597422
perception,1600,0,8890605597518,8890605597582
perception,1601,0,8890605597710,8890605597742
perception,1602,0,8890605597838,8890605597902
perception,1603,0,8890605597998,8890605598062
perception,1604,0,8890605598190,8890605598254
perception,1605,0,8890605598382,8890605598414
perception,1606,0,8890605598542,8890605598574
perception,1607,0,8890605598670,8890605598734
perception,1608,0,8890605598830,8890605598926
perception,1609,0,8890605598990,8890605599086
perception,1610,0,8890605599214,8890605599246
perception,1611,0,8890605599374,8890605599406
perception,1612,0,8890605599502,8890605599566
perception,1613,0,8890605599662,8890605599758
perception,1614,0,8890605599854,8890605599918
perception,1615,0,8890605600046,8890605600078
perception,1616,0,8890605600206,8890605600238
perception,1617,0,8890605600366,8890605600398
perception,1618,0,8890605600494,8890605600558
perception,1619,0,8890605600654,8890605600718
perception,1620,0,8890605600846,8890605600910
perception,1621,0,8890605601006,8890605601038
perception,1622,0,8890605601198,8890605601230
perception,1623,0,8890605601326,8890605601390
perception,1624,0,8890605601486,8890605601550
perception,1625,0,8890605601646,8890605601742
perception,1626,0,8890605601838,8890605601902
perception,1627,0,8890605602030,8890605602062
perception,1628,0,8890605602158,8890605602254
perception,1629,0,8890605602382,8890605602446
perception,1630,0,8890605602542,8890605602606
perception,1631,0,8890605602702,8890605602766
perception,1632,0,8890605602862,8890605602926
perception,1633,0,8890605603022,8890605603086
perception,1634,0,8890605603214,8890605603278
perception,1635,0,8890605603406,8890605603438
perception,1636,0,8890605603566,8890605603598
perception,1637,0,8890605603726,8890605603758
perception,1638,0,8890605603854,8890605603950
perception,1639,0,8890605604046,8890605604110
perception,1640,0,8890605604206,8890605604270
perception,1641,0,8890605604366,8890605604398
perception,1642,0,8890605604526,8890605604590
perception,1643,0,8890605604686,8890605604750
perception,1644,0,8890605604846,8890605604910
perception,1645,0,8890605605006,8890605605070
perception,1646,0,8890605605166,8890605605262
perception,1647,0,8890605605358,8890605605390
perception,1648,0,8890605605518,8890605605550
perception,1649,0,8890605605678,8890605605742
perception,1650,0,8890605605838,8890605605934
perception,1651,0,8890605606030,8890605606094
perception,1652,0,8890605606190,8890605606222
perception,1653,0,8890605606350,8890605606414
perception,1654,0,8890605606510,8890605606574
perception,1655,0,8890605606670,8890605606734
perception,1656,0,8890605606830,8890605606894
perception,1657,0,8890605606990,8890605607054
perception,1658,0,8890605607182,8890605607214
perception,1659,0,8890605607342,8890605607374
perception,1660,0,8890605607502,8890605607534
perception,1661,0,8890605607630,8890605607694
perception,1662,0,8890605607790,8890605607854
perception,1663,0,8890605607950,8890605608046
perception,1664,0,8890605610542,8890605610574
perception,1665,0,8890605610702,8890605610734
perception,1666,0,8890605610830,8890605610926
perception,1667,0,8890605611022,8890605611086
perception,1668,0,8890605611182,8890605611247
perception,1669,0,8890605611343,8890605611407
perception,1670,0,8890605611535,8890605611567
perception,1671,0,8890605611695,8890605611727
perception,1672,0,8890605611855,8890605611919
perception,1673,0,8890605612015,8890605612079
perception,1674,0,8890605612175,8890605612239
perception,1675,0,8890605612335,8890605612367
perception,1676,0,8890605612527,8890605612591
perception,1677,0,8890605612687,8890605612751
perception,1678,0,8890605612847,8890605612911
perception,1679,0,8890605613007,8890605613071
perception,1680,0,8890605613167,8890605613231
perception,1681,0,8890605613359,8890605613391
perception,1682,0,8890605613487,8890605613551
perception,1683,0,8890605613647,8890605613711
perception,1684,0,8890605613807,8890605613871
perception,1685,0,8890605613967,8890605614063
perception,1686,0,8890605614191,8890605614223
perception,1687,0,8890605614351,8890605614383
perception,1688,0,8890605614511,8890605614575
perception,1689,0,8890605614671,8890605614735
perception,1690,0,8890605614863,8890605614895
perception,1691,0,8890605615023,8890605615055
perception,1692,0,8890605615183,8890605615247
perception,1693,0,8890605615343,8890605615407
perception,1694,0,8890605615503,8890605615567
perception,1695,0,8890605615663,8890605615727
perception,1696,0,8890605615823,8890605615887
perception,1697,0,8890605616015,8890605616079
perception,1698,0,8890605616207,8890605616271
perception,1699,0,8890605616367,8890605616431
perception,1700,0,8890605616559,8890605616591
perception,1701,0,8890605616719,8890605616815
perception,1702,0,8890605616943,8890605617007
perception,1703,0,8890605617103,8890605617135
perception,1704,0,8890605617263,8890605617295
perception,1705,0,8890605617423,8890605617455
perception,1706,0,8890605617583,8890605617647
perception,1707,0,8890605617743,8890605617807
perception,1708,0,8890605617903,8890605617967
perception,1709,0,8890605618063,8890605618127
perception,1710,0,8890605618223,8890605618287
perception,1711,0,8890605618383,8890605618447
perception,1712,0,8890605618543,8890605618607
perception,1713,0,8890605618735,8890605618799
perception,1714,0,8890605618895,8890605618959
perception,1715,0,8890605619055,8890605619119
perception,1716,0,8890605619247,8890605619279
perception,1717,0,8890605619375,8890605619439
perception,1718,0,8890605619535,8890605619599
perception,1719,0,8890605619727,8890605619791
perception,1720,0,8890605619887,8890605619951
perception,1721,0,8890605620047,8890605620079
perception,1722,0,8890605620207,8890605620271
perception,1723,0,8890605620367,8890605620431
perception,1724,0,8890605620527,8890605620591
perception,1725,0,8890605620687,8890605620751
perception,1726,0,8890605620847,8890605620911
perception,1727,0,8890605621007,8890605621039
perception,1728,0,8890605621199,8890605621263
perception,1729,0,8890605621327,8890605621391
perception,1730,0,8890605621519,8890605621583
perception,1731,0,8890605621679,8890605621743
perception,1732,0,8890605621839,8890605621903
perception,1733,0,8890605622031,8890605622063
perception,1734,0,8890605622159,8890605622255
perception,1735,0,8890605622351,8890605622415
perception,1736,0,8890605622543,8890605622607
perception,1737,0,8890605622703,8890605622735
perception,1738,0,8890605622863,8890605622927
perception,1739,0,8890605623023,8890605623087
perception,1740,0,8890605623215,8890605623279
perception,1741,0,8890605623407,8890605623439
perception,1742,0,8890605623567,8890605623631
perception,1743,0,8890605623727,8890605623791
perception,1744,0,8890605623887,8890605623951
perception,1745,0,8890605624079,8890605624143
perception,1746,0,8890605624239,8890605624303
perception,1747,0,8890605624399,8890605624463
perception,1748,0,8890605624559,8890605624623
perception,1749,0,8890605624751,8890605624815
perception,1750,0,8890605624911,8890605624975
perception,1751,0,8890605625103,8890605625135
perception,1752,0,8890605625263,8890605625295
perception,1753,0,8890605625391,8890605625455
perception,1754,0,8890605625583,8890605625647
perception,1755,0,8890605625775,8890605625807
perception,1756,0,8890605625935,8890605625967
perception,1757,0,8890605626095,8890605626159
perception,1758,0,8890605626255,8890605626319
perception,1759,0,8890605626447,8890605626511
perception,1760,0,8890605626607,8890605626671
perception,1761,0,8890605626799,8890605626863
perception,1762,0,8890605626959,8890605627023
perception,1763,0,8890605627119,8890605627183
perception,1764,0,8890605627279,8890605627343
perception,1765,0,8890605627471,8890605627503
perception,1766,0,8890605627631,8890605627663
perception,1767,0,8890605627759,8890605627823
perception,1768,0,8890605627919,8890605627983
perception,1769,0,8890605628079,8890605628143
perception,1770,0,8890605628239,8890605628303
perception,1771,0,8890605628399,8890605628463
perception,1772,0,8890605628559,8890605628623
perception,1773,0,8890605628751,8890605628783
perception,1774,0,8890605628879,8890605628943
perception,1775,0,8890605629039,8890605629103
perception,1776,0,8890605629231,8890605629295
perception,1777,0,8890605629391,8890605629455
perception,1778,0,8890605629551,8890605629583
perception,1779,0,8890605629711,8890605629775
perception,1780,0,8890605629871,8890605629967
perception,1781,0,8890605630031,8890605630127
perception,1782,0,8890605630223,8890605630287
perception,1783,0,8890605630383,8890605630415
perception,1784,0,8890605630543,8890605630607
perception,1785,0,8890605630703,8890605630767
perception,1786,0,8890605630863,8890605630927
perception,1787,0,8890605631023,8890605631119
perception,1788,0,8890605631215,8890605631279
perception,1789,0,8890605631375,8890605631407
perception,1790,0,8890605631535,8890605631567
perception,1791,0,8890605631727,8890605631791
perception,1792,0,8890605634671,8890605634735
perception,1793,0,8890605634863,8890605634895
perception,1794,0,8890605635023,8890605635055
perception,1795,0,8890605635183,8890605635215
perception,1796,0,8890605635343,8890605635407
perception,1797,0,8890605635503,8890605635567
perception,1798,0,8890605635663,8890605635727
perception,1799,0,8890605635823,8890605635887
perception,1800,0,8890605636015,8890605636079
perception,1801,0,8890605636175,8890605636239
perception,1802,0,8890605636367,8890605636431
perception,1803,0,8890605636527,8890605636591
perception,1804,0,8890605636719,8890605636751
perception,1805,0,8890605636847,8890605636911
perception,1806,0,8890605637039,8890605637103
perception,1807,0,8890605637199,8890605637263
perception,1808,0,8890605637391,8890605637423
perception,1809,0,8890605637551,8890605637583
perception,1810,0,8890605637711,8890605637775
perception,1811,0,8890605637935,8890605637967
perception,1812,0,8890605638095,8890605638127
perception,1813,0,8890605638255,8890605638287
perception,1814,0,8890605638447,8890605638511
perception,1815,0,8890605638671,8890605638703
perception,1816,0,8890605638831,8890605638863
perception,1817,0,8890605638959,8890605639055
perception,1818,0,8890605639151,8890605639215
perception,1819,0,8890605639312,8890605639376
perception,1820,0,8890605639472,8890605639504
perception,1821,0,8890605639664,8890605639696
perception,1822,0,8890605639824,8890605639888
perception,1823,0,8890605640016,8890605640080
perception,1824,0,8890605640176,8890605640240
perception,1825,0,8890605640368,8890605640400
perception,1826,0,8890605640496,8890605640560
perception,1827,0,8890605640656,8890605640720
perception,1828,0,8890605640880,8890605640912
perception,1829,0,8890605641040,8890605641072
perception,1830,0,8890605641200,8890605641232
perception,1831,0,8890605641360,8890605641424
perception,1832,0,8890605641520,8890605641584
perception,1833,0,8890605641680,8890605641744
perception,1834,0,8890605641840,8890605641904
perception,1835,0,8890605642000,8890605642032
perception,1836,0,8890605642160,8890605642192
perception,1837,0,8890605642320,8890605642352
perception,1838,0,8890605642448,8890605642512
perception,1839,0,8890605642640,8890605642704
perception,1840,0,8890605642768,8890605642864
perception,1841,0,8890605642960,8890605643024
perception,1842,0,8890605643120,8890605643152
perception,1843,0,8890605643280,8890605643312
perception,1844,0,8890605643440,8890605643472
perception,1845,0,8890605643568,8890605643632
perception,1846,0,8890605643728,8890605643824
perception,1847,0,8890605643920,8890605643984
perception,1848,0,8890605644112,8890605644144
perception,1849,0,8890605644272,8890605644304
perception,1850,0,8890605644400,8890605644496
perception,1851,0,8890605644592,8890605644656
perception,1852,0,8890605644752,8890605644816
perception,1853,0,8890605644912,8890605644976
perception,1854,0,8890605645072,8890605645136
perception,1855,0,8890605645264,8890605645296
perception,1856,0,8890605645392,8890605645456
perception,1857,0,8890605645552,8890605645616
perception,1858,0,8890605645744,8890605645808
perception,1859,0,8890605645904,8890605645936
perception,1860,0,8890605646064,8890605646128
perception,1861,0,8890605646224,8890605646288
perception,1862,0,8890605646384,8890605646448
perception,1863,0,8890605646544,8890605646640
perception,1864,0,8890605646736,8890605646800
perception,1865,0,8890605646896,8890605646928
perception,1866,0,8890605647056,8890605647120
perception,1867,0,8890605647216,8890605647280
perception,1868,0,8890605647376,8890605647440
perception,1869,0,8890605647536,8890605647632
perception,1870,0,8890605647728,8890605647760
perception,1871,0,8890605647888,8890605647920
perception,1872,0,8890605648048,8890605648080
perception,1873,0,8890605648208,8890605648272
perception,1874,0,8890605648368,8890605648432
perception,1875,0,8890605648528,8890605648592
perception,1876,0,8890605648688,8890605648752
perception,1877,0,8890605648848,8890605648912
perception,1878,0,8890605649040,8890605649104
perception,1879,0,8890605649200,8890605649296
perception,1880,0,8890605649392,8890605649456
perception,1881,0,8890605649552,8890605649616
perception,1882,0,8890605649744,8890605649808
perception,1883,0,8890605649904,8890605649968
perception,1884,0,8890605650064,8890605650128
perception,1885,0,8890605650224,8890605650288
perception,1886,0,8890605650416,8890605650448
perception,1887,0,8890605650576,8890605650640
perception,1888,0,8890605650736,8890605650800
perception,1889,0,8890605650960,8890605650992
perception,1890,0,8890605651120,8890605651152
perception,1891,0,8890605651280,8890605651344
perception,1892,0,8890605651440,8890605651504
perception,1893,0,8890605651600,8890605651664
perception,1894,0,8890605651760,8890605651824
perception,1895,0,8890605651952,8890605651984
perception,1896,0,8890605652112,8890605652144
perception,1897,0,8890605652272,8890605652368
perception,1898,0,8890605652464,8890605652528
perception,1899,0,8890605652624,8890605652656
perception,1900,0,8890605652784,8890605652848
perception,1901,0,8890605652976,8890605653040
perception,1902,0,8890605653168,8890605653232
perception,1903,0,8890605653360,8890605653424
perception,1904,0,8890605653520,8890605653584
perception,1905,0,8890605653712,8890605653776
perception,1906,0,8890605653872,8890605653936
perception,1907,0,8890605654032,8890605654096
perception,1908,0,8890605654192,8890605654256
perception,1909,0,8890605654352,8890605654416
perception,1910,0,8890605654512,8890605654576
perception,1911,0,8890605654672,8890605654736
perception,1912,0,8890605654832,8890605654896
perception,1913,0,8890605655024,8890605655088
perception,1914,0,8890605655184,8890605655248
perception,1915,0,8890605655376,8890605655440
perception,1916,0,8890605655536,8890605655600
perception,1917,0,8890605655696,8890605655760
perception,1918,0,8890605655888,8890605655920
perception,1919,0,8890605656016,8890605656080
perception,1920,0,8890605658544,8890605658608
perception,1921,0,8890605658704,8890605658768
perception,1922,0,8890605658864,8890605658928
perception,1923,0,8890605659056,8890605659088
perception,1924,0,8890605659216,8890605659248
perception,1925,0,8890605659376,8890605659408
perception,1926,0,8890605659536,8890605659632
perception,1927,0,8890605659728,8890605659792
perception,1928,0,8890605659888,8890605659952
perception,1929,0,8890605660048,8890605660112
perception,1930,0,8890605660208,8890605660272
perception,1931,0,8890605660368,8890605660432
perception,1932,0,8890605660528,8890605660592
perception,1933,0,8890605660688,8890605660784
perception,1934,0,8890605660880,8890605660912
perception,1935,0,8890605661040,8890605661072
perception,1936,0,8890605661200,8890605661232
perception,1937,0,8890605661328,8890605661392
perception,1938,0,8890605661488,8890605661584
perception,1939,0,8890605661680,8890605661744
perception,1940,0,8890605661840,8890605661904
perception,1941,0,8890605662032,8890605662064
perception,1942,0,8890605662160,8890605662224
perception,1943,0,8890605662320,8890605662416
perception,1944,0,8890605662512,8890605662576
perception,1945,0,8890605662672,8890605662736
perception,1946,0,8890605662832,8890605662864
perception,1947,0,8890605662992,8890605663024
perception,1948,0,8890605663152,8890605663216
perception,1949,0,8890605663312,8890605663376
perception,1950,0,8890605663472,8890605663536
perception,1951,0,8890605663664,8890605663728
perception,1952,0,8890605663824,8890605663856
perception,1953,0,8890605663984,8890605664048
perception,1954,0,8890605664208,8890605664272
perception,1955,0,8890605664368,8890605664432
perception,1956,0,8890605664528,8890605664592
perception,1957,0,8890605664688,8890605664752
perception,1958,0,8890605664880,8890605664944
perception,1959,0,8890605665040,8890605665104
perception,1960,0,8890605665200,8890605665264
perception,1961,0,8890605665360,8890605665392
perception,1962,0,8890605665520,8890605665584
perception,1963,0,8890605665712,8890605665776
perception,1964,0,8890605665904,8890605665936
perception,1965,0,8890605666096,8890605666128
perception,1966,0,8890605666224,8890605666288
perception,1967,0,8890605666416,8890605666512
perception,1968,0,8890605666576,8890605666640
perception,1969,0,8890605666768,8890605666800
perception,1970,0,8890605666928,8890605666960
perception,1971,0,8890605667056,8890605667152
perception,1972,0,8890605667249,8890605667313
perception,1973,0,8890605667409,8890605667473
perception,1974,0,8890605667569,8890605667633
perception,1975,0,8890605667761,8890605667793
perception,1976,0,8890605667921,8890605667953
perception,1977,0,8890605668049,8890605668145
perception,1978,0,8890605668241,8890605668305
perception,1979,0,8890605668401,8890605668465
perception,1980,0,8890605668561,8890605668593
perception,1981,0,8890605668753,8890605668785
perception,1982,0,8890605668881,8890605668945
perception,1983,0,8890605669041,8890605669137
perception,1984,0,8890605669233,8890605669297
perception,1985,0,8890605669393,8890605669457
perception,1986,0,8890605669553,8890605669585
perception,1987,0,8890605669713,8890605669745
perception,1988,0,8890605669873,8890605669905
perception,1989,0,8890605670001,8890605670097
perception,1990,0,8890605670193,8890605670257
perception,1991,0,8890605670353,8890605670417
perception,1992,0,8890605670513,8890605670577
perception,1993,0,8890605670673,8890605670705
perception,1994,0,8890605670833,8890605670897
perception,1995,0,8890605670993,8890605671057
perception,1996,0,8890605671153,8890605671217
perception,1997,0,8890605671313,8890605671377
perception,1998,0,8890605671473,8890605671537
perception,1999,0,8890605671633,8890605671697
perception,2000,0,8890605671793,8890605671857
perception,2001,0,8890605671953,8890605672017
perception,2002,0,8890605672113,8890605672177
perception,2003,0,8890605672273,8890605672337
perception,2004,0,8890605672465,8890605672529
perception,2005,0,8890605672625,8890605672657
perception,2006,0,8890605672817,8890605672849
perception,2007,0,8890605672977,8890605673041
perception,2008,0,8890605673137,8890605673201
perception,2009,0,8890605673297,8890605673361
perception,2010,0,8890605673489,8890605673521
perception,2011,0,8890605673649,8890605673681
perception,2012,0,8890605673777,8890605673873
perception,2013,0,8890605673969,8890605674033
perception,2014,0,8890605674129,8890605674193
perception,2015,0,8890605674289,8890605674353
perception,2016,0,8890605674481,8890605674513
perception,2017,0,8890605674609,8890605674673
perception,2018,0,8890605674769,8890605674833
perception,2019,0,8890605674929,8890605675025
perception,2020,0,8890605675121,8890605675185
perception,2021,0,8890605675281,8890605675313
perception,2022,0,8890605675441,8890605675473
perception,2023,0,8890605675601,8890605675665
perception,2024,0,8890605675761,8890605675825
perception,2025,0,8890605675921,8890605675985
perception,2026,0,8890605676081,8890605676145
perception,2027,0,8890605676241,8890605676305
perception,2028,0,8890605676433,8890605676465
perception,2029,0,8890605676593,8890605676625
perception,2030,0,8890605676721,8890605676785
perception,2031,0,8890605676881,8890605676945
perception,2032,0,8890605677041,8890605677105
perception,2033,0,8890605677201,8890605677265
perception,2034,0,8890605677393,8890605677425
perception,2035,0,8890605677553,8890605677585
perception,2036,0,8890605677713,8890605677745
perception,2037,0,8890605677841,8890605677905
perception,2038,0,8890605678001,8890605678065
perception,2039,0,8890605678161,8890605678225
perception,2040,0,8890605678385,8890605678417
perception,2041,0,8890605678545,8890605678609
perception,2042,0,8890605678705,8890605678801
perception,2043,0,8890605678865,8890605678961
perception,2044,0,8890605679089,8890605679121
perception,2045,0,8890605679249,8890605679281
perception,2046,0,8890605679377,8890605679441
perception,2047,0,8890605679601,8890605679665
perception,2048,0,8890605682193,8890605682257
perception,2049,0,8890605682385,8890605682449
perception,2050,0,8890605682545,8890605682609
perception,2051,0,8890605682737,8890605682769
perception,2052,0,8890605682897,8890605682993
perception,2053,0,8890605683089,8890605683153
perception,2054,0,8890605683249,8890605683281
perception,2055,0,8890605683441,8890605683505
perception,2056,0,8890605683601,8890605683665
perception,2057,0,8890605683761,8890605683825
perception,2058,0,8890605683921,8890605683985
perception,2059,0,8890605684081,8890605684145
perception,2060,0,8890605684241,8890605684273
perception,2061,0,8890605684401,8890605684465
perception,2062,0,8890605684561,8890605684625
perception,2063,0,8890605684753,8890605684817
perception,2064,0,8890605684913,8890605684977
perception,2065,0,8890605685073,8890605685105
perception,2066,0,8890605685233,8890605685265
perception,2067,0,8890605685393,8890605685457
perception,2068,0,8890605685553,8890605685617
perception,2069,0,8890605685713,8890605685777
perception,2070,0,8890605685873,8890605685937
perception,2071,0,8890605686033,8890605686097
perception,2072,0,8890605686225,8890605686257
perception,2073,0,8890605686385,8890605686449
perception,2074,0,8890605686545,8890605686609
perception,2075,0,8890605686737,8890605686801
perception,2076,0,8890605686897,8890605686961
perception,2077,0,8890605687057,8890605687121
perception,2078,0,8890605687217,8890605687281
perception,2079,0,8890605687377,8890605687441
perception,2080,0,8890605687537,8890605687601
perception,2081,0,8890605687729,8890605687761
perception,2082,0,8890605687889,8890605687921
perception,2083,0,8890605688049,8890605688081
perception,2084,0,8890605688209,8890605688273
perception,2085,0,8890605688369,8890605688433
perception,2086,0,8890605688529,8890605688593
perception,2087,0,8890605688721,8890605688753
perception,2088,0,8890605688881,8890605688913
perception,2089,0,8890605689041,8890605689073
perception,2090,0,8890605689169,8890605689265
perception,2091,0,8890605689361,8890605689425
perception,2092,0,8890605689521,8890605689585
perception,2093,0,8890605689681,8890605689745
perception,2094,0,8890605689873,8890605689905
perception,2095,0,8890605690001,8890605690065
perception,2096,0,8890605690161,8890605690257
perception,2097,0,8890605690321,8890605690417
perception,2098,0,8890605690513,8890605690577
perception,2099,0,8890605690673,8890605690705
perception,2100,0,8890605690833,8890605690865
perception,2101,0,8890605690993,8890605691057
perception,2102,0,8890605691185,8890605691249
perception,2103,0,8890605691345,8890605691409
perception,2104,0,8890605691505,8890605691537
perception,2105,0,8890605691665,8890605691697
perception,2106,0,8890605691825,8890605691857
perception,2107,0,8890605691953,8890605692017
perception,2108,0,8890605692113,8890605692177
perception,2109,0,8890605692305,8890605692369
perception,2110,0,8890605692465,8890605692529
perception,2111,0,8890605692625,8890605692657
perception,2112,0,8890605692785,8890605692849
perception,2113,0,8890605692945,8890605693009
perception,2114,0,8890605693105,8890605693169
perception,2115,0,8890605693265,8890605693361
perception,2116,0,8890605693457,8890605693489
perception,2117,0,8890605693617,8890605693649
perception,2118,0,8890605693777,8890605693841
perception,2119,0,8890605693937,8890605694001
perception,2120,0,8890605694097,8890605694161
perception,2121,0,8890605694289,8890605694353
perception,2122,0,8890605694449,8890605694481
perception,2123,0,8890605694609,8890605694641
perception,2124,0,8890605694769,8890605694833
perception,2125,0,8890605694897,8890605694993
perception,2126,0,8890605695089,8890605695153
perception,2127,0,8890605695249,8890605695314
perception,2128,0,8890605695442,8890605695506
perception,2129,0,8890605695602,8890605695666
perception,2130,0,8890605695762,8890605695826
perception,2131,0,8890605695954,8890605696018
perception,2132,0,8890605696114,8890605696178
perception,2133,0,8890605696274,8890605696338
perception,2134,0,8890605696434,8890605696498
perception,2135,0,8890605696594,8890605696658
perception,2136,0,8890605696754,8890605696818
perception,2137,0,8890605696914,8890605697010
perception,2138,0,8890605697106,8890605697138
perception,2139,0,8890605697266,8890605697298
perception,2140,0,8890605697426,8890605697490
perception,2141,0,8890605697586,8890605697650
perception,2142,0,8890605697746,8890605697810
perception,2143,0,8890605697938,8890605697970
perception,2144,0,8890605698098,8890605698130
perception,2145,0,8890605698258,8890605698290
perception,2146,0,8890605698386,8890605698450
perception,2147,0,8890605698546,8890605698610
perception,2148,0,8890605698706,8890605698770
perception,2149,0,8890605698866,8890605698930
perception,2150,0,8890605699026,8890605699090
perception,2151,0,8890605699186,8890605699250
perception,2152,0,8890605699378,8890605699410
perception,2153,0,8890605699538,8890605699602
perception,2154,0,8890605699698,8890605699762
perception,2155,0,8890605699858,8890605699922
perception,2156,0,8890605700050,8890605700114
perception,2157,0,8890605700210,8890605700274
perception,2158,0,8890605700370,8890605700434
perception,2159,0,8890605700530,8890605700594
perception,2160,0,8890605700690,8890605700754
perception,2161,0,8890605700882,8890605700914
perception,2162,0,8890605701042,8890605701074
perception,2163,0,8890605701202,8890605701234
perception,2164,0,8890605701362,8890605701426
perception,2165,0,8890605701522,8890605701586
perception,2166,0,8890605701682,8890605701746
perception,2167,0,8890605701874,8890605701906
perception,2168,0,8890605702034,8890605702066
perception,2169,0,8890605702162,8890605702226
perception,2170,0,8890605702322,8890605702418
perception,2171,0,8890605702514,8890605702578
perception,2172,0,8890605702674,8890605702738
perception,2173,0,8890605702834,8890605702898
perception,2174,0,8890605703026,8890605703058
perception,2175,0,8890605703186,8890605703250
perception,2176,0,8890605707666,8890605707730
perception,2177,0,8890605707858,8890605707922
perception,2178,0,8890605708018,8890605708050
perception,2179,0,8890605708178,8890605708210
perception,2180,0,8890605708338,8890605708402
perception,2181,0,8890605708530,8890605708594
perception,2182,0,8890605708722,8890605708754
perception,2183,0,8890605708882,8890605708914
perception,2184,0,8890605709042,8890605709074
perception,2185,0,8890605709234,8890605709298
perception,2186,0,8890605709394,8890605709458
perception,2187,0,8890605709554,8890605709586
perception,2188,0,8890605709714,8890605709778
perception,2189,0,8890605709874,8890605709938
perception,2190,0,8890605710034,8890605710098
perception,2191,0,8890605710194,8890605710290
perception,2192,0,8890605710354,8890605710418
perception,2193,0,8890605710546,8890605710578
perception,2194,0,8890605710706,8890605710770
perception,2195,0,8890605710866,8890605710930
perception,2196,0,8890605711058,8890605711122
perception,2197,0,8890605711250,8890605711314
perception,2198,0,8890605711410,8890605711474
perception,2199,0,8890605711570,8890605711634
perception,2200,0,8890605711730,8890605711794
perception,2201,0,8890605711890,8890605711954
perception,2202,0,8890605712050,8890605712114
perception,2203,0,8890605712210,8890605712274
perception,2204,0,8890605712370,8890605712434
perception,2205,0,8890605712562,8890605712626
perception,2206,0,8890605712722,8890605712818
perception,2207,0,8890605712914,8890605712946
perception,2208,0,8890605713074,8890605713106
perception,2209,0,8890605713234,8890605713266
perception,2210,0,8890605713362,8890605713426
perception,2211,0,8890605713522,8890605713586
perception,2212,0,8890605713714,8890605713778
perception,2213,0,8890605713874,8890605713938
perception,2214,0,8890605714034,8890605714066
perception,2215,0,8890605714194,8890605714226
perception,2216,0,8890605714354,8890605714418
perception,2217,0,8890605714578,8890605714610
perception,2218,0,8890605714738,8890605714770
perception,2219,0,8890605714898,8890605714930
perception,2220,0,8890605715058,8890605715122
perception,2221,0,8890605715218,8890605715282
perception,2222,0,8890605715410,8890605715474
perception,2223,0,8890605715602,8890605715634
perception,2224,0,8890605715730,8890605715794
perception,2225,0,8890605715922,8890605716018
perception,2226,0,8890605716114,8890605716178
perception,2227,0,8890605716274,8890605716306
perception,2228,0,8890605716434,8890605716466
perception,2229,0,8890605716594,8890605716658
perception,2230,0,8890605716754,8890605716818
perception,2231,0,8890605716914,8890605717010
perception,2232,0,8890605717138,8890605717170
perception,2233,0,8890605717266,8890605717330
perception,2234,0,8890605717426,8890605717490
perception,2235,0,8890605717586,8890605717682
perception,2236,0,8890605717778,8890605717842
perception,2237,0,8890605717938,8890605717970
perception,2238,0,8890605718098,8890605718162
perception,2239,0,8890605718258,8890605718322
perception,2240,0,8890605718418,8890605718482
perception,2241,0,8890605718578,8890605718642
perception,2242,0,8890605718738,8890605718802
perception,2243,0,8890605718898,8890605718962
perception,2244,0,8890605719090,8890605719122
perception,2245,0,8890605719250,8890605719314
perception,2246,0,8890605719378,8890605719474
perception,2247,0,8890605719570,8890605719634
perception,2248,0,8890605719730,8890605719794
perception,2249,0,8890605719890,8890605719954
perception,2250,0,8890605720050,8890605720082
perception,2251,0,8890605720210,8890605720242
perception,2252,0,8890605720370,8890605720402
perception,2253,0,8890605720530,8890605720594
perception,2254,0,8890605720690,8890605720754
perception,2255,0,8890605720850,8890605720914
perception,2256,0,8890605721010,8890605721074
perception,2257,0,8890605721170,8890605721234
perception,2258,0,8890605721330,8890605721394
perception,2259,0,8890605721490,8890605721554
perception,2260,0,8890605721650,8890605721746
perception,2261,0,8890605721842,8890605721906
perception,2262,0,8890605722002,8890605722034
perception,2263,0,8890605722162,8890605722226
perception,2264,0,8890605722322,8890605722386
perception,2265,0,8890605722482,8890605722546
perception,2266,0,8890605722642,8890605722706
perception,2267,0,8890605722802,8890605722866
perception,2268,0,8890605722994,8890605723026
perception,2269,0,8890605723154,8890605723186
perception,2270,0,8890605723282,8890605723347
perception,2271,0,8890605723443,8890605723539
perception,2272,0,8890605723635,8890605723699
perception,2273,0,8890605723795,8890605723859
perception,2274,0,8890605723987,8890605724051
perception,2275,0,8890605724147,8890605724211
perception,2276,0,8890605724307,8890605724371
perception,2277,0,8890605724467,8890605724531
perception,2278,0,8890605724659,8890605724691
perception,2279,0,8890605724819,8890605724883
perception,2280,0,8890605724979,8890605725043
perception,2281,0,8890605725139,8890605725203
perception,2282,0,8890605725299,8890605725395
perception,2283,0,8890605725491,8890605725523
perception,2284,0,8890605725651,8890605725683
perception,2285,0,8890605725811,8890605725843
perception,2286,0,8890605725971,8890605726035
perception,2287,0,8890605726131,8890605726195
perception,2288,0,8890605726291,8890605726355
perception,2289,0,8890605726483,8890605726515
perception,2290,0,8890605726611,8890605726675
perception,2291,0,8890605726771,8890605726835
perception,2292,0,8890605726931,8890605726995
perception,2293,0,8890605727091,8890605727155
perception,2294,0,8890605727251,8890605727347
perception,2295,0,8890605727443,8890605727507
perception,2296,0,8890605727603,8890605727635
perception,2297,0,8890605727763,8890605727795
perception,2298,0,8890605727923,8890605727955
perception,2299,0,8890605728083,8890605728147
perception,2300,0,8890605728243,8890605728307
perception,2301,0,8890605728403,8890605728467
perception,2302,0,8890605728595,8890605728627
perception,2303,0,8890605728755,8890605728787
perception,2304,0,8890605731219,8890605731283
perception,2305,0,8890605731411,8890605731443
perception,2306,0,8890605731539,8890605731603
perception,2307,0,8890605731699,8890605731763
perception,2308,0,8890605731859,8890605731955
perception,2309,0,8890605732051,8890605732115
perception,2310,0,8890605732211,8890605732243
perception,2311,0,8890605732403,8890605732467
perception,2312,0,8890605732627,8890605732659
perception,2313,0,8890605732787,8890605732819
perception,2314,0,8890605732947,8890605733011
perception,2315,0,8890605733139,8890605733203
perception,2316,0,8890605733299,8890605733363
perception,2317,0,8890605733459,8890605733491
perception,2318,0,8890605733619,8890605733683
perception,2319,0,8890605733779,8890605733843
perception,2320,0,8890605733939,8890605734003
perception,2321,0,8890605734099,8890605734163
perception,2322,0,8890605734259,8890605734323
perception,2323,0,8890605734419,8890605734483
perception,2324,0,8890605734611,8890605734675
perception,2325,0,8890605734771,8890605734835
perception,2326,0,8890605734963,8890605735027
perception,2327,0,8890605735123,8890605735187
perception,2328,0,8890605735315,8890605735347
perception,2329,0,8890605735475,8890605735507
perception,2330,0,8890605735635,8890605735699
perception,2331,0,8890605735827,8890605735891
perception,2332,0,8890605735987,8890605736019
perception,2333,0,8890605736147,8890605736179
perception,2334,0,8890605736307,8890605736339
perception,2335,0,8890605736435,8890605736499
perception,2336,0,8890605736627,8890605736723
perception,2337,0,8890605736819,8890605736851
perception,2338,0,8890605736979,8890605737011
perception,2339,0,8890605737139,8890605737171
perception,2340,0,8890605737267,8890605737331
perception,2341,0,8890605737459,8890605737523
perception,2342,0,8890605737619,8890605737683
perception,2343,0,8890605737779,8890605737843
perception,2344,0,8890605737971,8890605738003
perception,2345,0,8890605738131,8890605738195
perception,2346,0,8890605738291,8890605738355
perception,2347,0,8890605738451,8890605738515
perception,2348,0,8890605738611,8890605738675
perception,2349,0,8890605738803,8890605738835
perception,2350,0,8890605738963,8890605738995
perception,2351,0,8890605739123,8890605739187
perception,2352,0,8890605739315,8890605739379
perception,2353,0,8890605739475,8890605739507
perception,2354,0,8890605739635,8890605739667
perception,2355,0,8890605739795,8890605739827
perception,2356,0,8890605739955,8890605739987
perception,2357,0,8890605740083,8890605740179
perception,2358,0,8890605740243,8890605740307
perception,2359,0,8890605740435,8890605740499
perception,2360,0,8890605740595,8890605740627
perception,2361,0,8890605740755,8890605740787
perception,2362,0,8890605740915,8890605740947
perception,2363,0,8890605741043,8890605741107
perception,2364,0,8890605741203,8890605741267
perception,2365,0,8890605741363,8890605741427
perception,2366,0,8890605741523,8890605741619
perception,2367,0,8890605741715,8890605741747
perception,2368,0,8890605741875,8890605741907
perception,2369,0,8890605742035,8890605742067
perception,2370,0,8890605742163,8890605742259
perception,2371,0,8890605742355,8890605742419
perception,2372,0,8890605742515,8890605742579
perception,2373,0,8890605742675,8890605742739
perception,2374,0,8890605742867,8890605742899
perception,2375,0,8890605743027,8890605743059
perception,2376,0,8890605743187,8890605743251
perception,2377,0,8890605743347,8890605743411
perception,2378,0,8890605743507,8890605743571
perception,2379,0,8890605743667,8890605743731
perception,2380,0,8890605743859,8890605743891
perception,2381,0,8890605743987,8890605744051
perception,2382,0,8890605744179,8890605744243
perception,2383,0,8890605744339,8890605744403
perception,2384,0,8890605744499,8890605744563
perception,2385,0,8890605744659,8890605744723
perception,2386,0,8890605744851,8890605744915
perception,2387,0,8890605745075,8890605745107
perception,2388,0,8890605745235,8890605745267
perception,2389,0,8890605745395,8890605745427
perception,2390,0,8890605745555,8890605745619
perception,2391,0,8890605745715,8890605745779
perception,2392,0,8890605745875,8890605745939
perception,2393,0,8890605746035,8890605746099
perception,2394,0,8890605746195,8890605746259
perception,2395,0,8890605746387,8890605746451
perception,2396,0,8890605746579,8890605746643
perception,2397,0,8890605746739,8890605746803
perception,2398,0,8890605746899,8890605746963
perception,2399,0,8890605747059,8890605747123
perception,2400,0,8890605747219,8890605747283
perception,2401,0,8890605747379,8890605747475
perception,2402,0,8890605747571,8890605747635
perception,2403,0,8890605747731,8890605747763
perception,2404,0,8890605747891,8890605747923
perception,2405,0,8890605748051,8890605748083
perception,2406,0,8890605748179,8890605748243
perception,2407,0,8890605748339,8890605748403
perception,2408,0,8890605748531,8890605748595
perception,2409,0,8890605748691,8890605748755
perception,2410,0,8890605748883,8890605748915
perception,2411,0,8890605749043,8890605749107
perception,2412,0,8890605749203,8890605749267
perception,2413,0,8890605749363,8890605749427
perception,2414,0,8890605749555,8890605749587
perception,2415,0,8890605749747,8890605749811
perception,2416,0,8890605749907,8890605749971
perception,2417,0,8890605750099,8890605750163
perception,2418,0,8890605750259,8890605750291
perception,2419,0,8890605750419,8890605750483
perception,2420,0,8890605750611,8890605750707
perception,2421,0,8890605750803,8890605750835
perception,2422,0,8890605750963,8890605750995
perception,2423,0,8890605751123,8890605751187
perception,2424,0,8890605751283,8890605751348
perception,2425,0,8890605751476,8890605751540
perception,2426,0,8890605751636,8890605751700
perception,2427,0,8890605751796,8890605751828
perception,2428,0,8890605751956,8890605752052
perception,2429,0,8890605752148,8890605752212
perception,2430,0,8890605752308,8890605752372
perception,2431,0,8890605752468,8890605752532
perception,2432,0,8890605754996,8890605755060
perception,2433,0,8890605755188,8890605755252
perception,2434,0,8890605755316,8890605755412
perception,2435,0,8890605755508,8890605755572
perception,2436,0,8890605755668,8890605755732
perception,2437,0,8890605755828,8890605755892
perception,2438,0,8890605755988,8890605756052
perception,2439,0,8890605756180,8890605756212
perception,2440,0,8890605756308,8890605756372
perception,2441,0,8890605756500,8890605756564
perception,2442,0,8890605756660,8890605756724
perception,2443,0,8890605756852,8890605756884
perception,2444,0,8890605757012,8890605757044
perception,2445,0,8890605757140,8890605757204
perception,2446,0,8890605757332,8890605757396
perception,2447,0,8890605757524,8890605757556
perception,2448,0,8890605757684,8890605757716
perception,2449,0,8890605757844,8890605757876
perception,2450,0,8890605758004,8890605758068
perception,2451,0,8890605758164,8890605758228
perception,2452,0,8890605758324,8890605758388
perception,2453,0,8890605758484,8890605758548
perception,2454,0,8890605758676,8890605758740
perception,2455,0,8890605758836,8890605758900
perception,2456,0,8890605759028,8890605759092
perception,2457,0,8890605759252,8890605759284
perception,2458,0,8890605759380,8890605759444
perception,2459,0,8890605759540,8890605759604
perception,2460,0,8890605759700,8890605759796
perception,2461,0,8890605759892,8890605759956
perception,2462,0,8890605760052,8890605760084
perception,2463,0,8890605760212,8890605760276
perception,2464,0,8890605760372,8890605760436
perception,2465,0,8890605760532,8890605760596
perception,2466,0,8890605760692,8890605760756
perception,2467,0,8890605760916,8890605760948
perception,2468,0,8890605761044,8890605761108
perception,2469,0,8890605761204,8890605761268
perception,2470,0,8890605761364,8890605761428
perception,2471,0,8890605761524,8890605761588
perception,2472,0,8890605761684,8890605761748
perception,2473,0,8890605761876,8890605761908
perception,2474,0,8890605762036,8890605762068
perception,2475,0,8890605762164,8890605762228
perception,2476,0,8890605762324,8890605762388
perception,2477,0,8890605762484,8890605762548
perception,2478,0,8890605762644,8890605762740
perception,2479,0,8890605762836,8890605762868
perception,2480,0,8890605762996,8890605763028
perception,2481,0,8890605763156,8890605763188
perception,2482,0,8890605763316,8890605763380
perception,2483,0,8890605763476,8890605763540
perception,2484,0,8890605763636,8890605763732
perception,2485,0,8890605763828,8890605763860
perception,2486,0,8890605763988,8890605764020
perception,2487,0,8890605764148,8890605764180
perception,2488,0,8890605764308,8890605764372
perception,2489,0,8890605764468,8890605764532
perception,2490,0,8890605764628,8890605764692
perception,2491,0,8890605764820,8890605764884
perception,2492,0,8890605764980,8890605765044
perception,2493,0,8890605765140,8890605765204
perception,2494,0,8890605765300,8890605765396
perception,2495,0,8890605765524,8890605765556
perception,2496,0,8890605765684,8890605765716
perception,2497,0,8890605765812,8890605765876
perception,2498,0,8890605765972,8890605766068
perception,2499,0,8890605766164,8890605766228
perception,2500,0,8890605766324,8890605766388
perception,2501,0,8890605766516,8890605766548
perception,2502,0,8890605766676,8890605766740
perception,2503,0,8890605766836,8890605766900
perception,2504,0,8890605766996,8890605767060
perception,2505,0,8890605767188,8890605767220
perception,2506,0,8890605767348,8890605767380
perception,2507,0,8890605767508,8890605767572
perception,2508,0,8890605767636,8890605767732
perception,2509,0,8890605767828,8890605767892
perception,2510,0,8890605768020,8890605768052
perception,2511,0,8890605768180,8890605768212
perception,2512,0,8890605768340,8890605768404
perception,2513,0,8890605768500,8890605768564
perception,2514,0,8890605768660,8890605768724
perception,2515,0,8890605768884,8890605768916
perception,2516,0,8890605769044,8890605769108
perception,2517,0,8890605769204,8890605769268
perception,2518,0,8890605769364,8890605769460
perception,2519,0,8890605769524,8890605769588
perception,2520,0,8890605769716,8890605769748
perception,2521,0,8890605769876,8890605769908
perception,2522,0,8890605770004,8890605770100
perception,2523,0,8890605770196,8890605770260
perception,2524,0,8890605770356,8890605770420
perception,2525,0,8890605770516,8890605770580
perception,2526,0,8890605770708,8890605770740
perception,2527,0,8890605770836,8890605770900
perception,2528,0,8890605770996,8890605771092
perception,2529,0,8890605771188,8890605771252
perception,2530,0,8890605771348,8890605771412
perception,2531,0,8890605771508,8890605771540
perception,2532,0,8890605771668,8890605771732
perception,2533,0,8890605771828,8890605771892
perception,2534,0,8890605771988,8890605772052
perception,2535,0,8890605772148,8890605772244
perception,2536,0,8890605772372,8890605772404
perception,2537,0,8890605772532,8890605772564
perception,2538,0,8890605772660,8890605772724
perception,2539,0,8890605772820,8890605772884
perception,2540,0,8890605772980,8890605773076
perception,2541,0,8890605773204,8890605773236
perception,2542,0,8890605773364,8890605773396
perception,2543,0,8890605773492,8890605773588
perception,2544,0,8890605773684,8890605773748
perception,2545,0,8890605773876,8890605773940
perception,2546,0,8890605774036,8890605774068
perception,2547,0,8890605774196,8890605774228
perception,2548,0,8890605774356,8890605774420
perception,2549,0,8890605774516,8890605774580
perception,2550,0,8890605774676,8890605774740
perception,2551,0,8890605774836,8890605774900
perception,2552,0,8890605775028,8890605775060
perception,2553,0,8890605775188,8890605775220
perception,2554,0,8890605775316,8890605775380
perception,2555,0,8890605775508,8890605775572
perception,2556,0,8890605775668,8890605775732
perception,2557,0,8890605775828,8890605775892
perception,2558,0,8890605775988,8890605776052
perception,2559,0,8890605776180,8890605776212
perception,2560,0,8890605778900,8890605778964
perception,2561,0,8890605779092,8890605779124
perception,2562,0,8890605779252,8890605779284
perception,2563,0,8890605779381,8890605779445
perception,2564,0,8890605779573,8890605779637
perception,2565,0,8890605779797,8890605779829
perception,2566,0,8890605779957,8890605780021
perception,2567,0,8890605780117,8890605780213
perception,2568,0,8890605780309,8890605780373
perception,2569,0,8890605780469,8890605780501
perception,2570,0,8890605780629,8890605780693
perception,2571,0,8890605780821,8890605780917
perception,2572,0,8890605781013,8890605781045
perception,2573,0,8890605781173,8890605781205
perception,2574,0,8890605781333,8890605781365
perception,2575,0,8890605781493,8890605781525
perception,2576,0,8890605781653,8890605781717
perception,2577,0,8890605781845,8890605781909
perception,2578,0,8890605782005,8890605782037
perception,2579,0,8890605782165,8890605782197
perception,2580,0,8890605782325,8890605782357
perception,2581,0,8890605782453,8890605782517
perception,2582,0,8890605782645,8890605782709
perception,2583,0,8890605782805,8890605782869
perception,2584,0,8890605782965,8890605783029
perception,2585,0,8890605783125,8890605783157
perception,2586,0,8890605783285,8890605783317
perception,2587,0,8890605783445,8890605783509
perception,2588,0,8890605783605,8890605783701
perception,2589,0,8890605783829,8890605783861
perception,2590,0,8890605783989,8890605784053
perception,2591,0,8890605784149,8890605784213
perception,2592,0,8890605784309,8890605784373
perception,2593,0,8890605784469,8890605784565
perception,2594,0,8890605784661,8890605784693
perception,2595,0,8890605784821,8890605784885
perception,2596,0,8890605784981,8890605785045
perception,2597,0,8890605785173,8890605785237
perception,2598,0,8890605785333,8890605785397
perception,2599,0,8890605785493,8890605785557
perception,2600,0,8890605785685,8890605785717
perception,2601,0,8890605785813,8890605785877
perception,2602,0,8890605785973,8890605786037
perception,2603,0,8890605786165,8890605786229
perception,2604,0,8890605786325,8890605786389
perception,2605,0,8890605786485,8890605786517
perception,2606,0,8890605786645,8890605786741
perception,2607,0,8890605786837,8890605786901
perception,2608,0,8890605786997,8890605787061
perception,2609,0,8890605787189,8890605787221
perception,2610,0,8890605787349,8890605787381
perception,2611,0,8890605787509,8890605787541
perception,2612,0,8890605787669,8890605787733
perception,2613,0,8890605787829,8890605787893
perception,2614,0,8890605787989,8890605788053
perception,2615,0,8890605788149,8890605788181
perception,2616,0,8890605788309,8890605788373
perception,2617,0,8890605788469,8890605788533
perception,2618,0,8890605788629,8890605788693
perception,2619,0,8890605788789,8890605788885
perception,2620,0,8890605788981,8890605789045
perception,2621,0,8890605789141,8890605789173
perception,2622,0,8890605789301,8890605789333
perception,2623,0,8890605789461,8890605789493
perception,2624,0,8890605789589,8890605789653
perception,2625,0,8890605789749,8890605789813
perception,2626,0,8890605789909,8890605790005
perception,2627,0,8890605790101,8890605790165
perception,2628,0,8890605790261,8890605790293
perception,2629,0,8890605790421,8890605790453
perception,2630,0,8890605790581,8890605790613
perception,2631,0,8890605790709,8890605790773
perception,2632,0,8890605790869,8890605790933
perception,2633,0,8890605791029,8890605791093
perception,2634,0,8890605791221,8890605791285
perception,2635,0,8890605791381,8890605791413
perception,2636,0,8890605791541,8890605791573
perception,2637,0,8890605791701,8890605791733
perception,2638,0,8890605791861,8890605791925
perception,2639,0,8890605792021,8890605792117
perception,2640,0,8890605792213,8890605792245
perception,2641,0,8890605792373,8890605792405
perception,2642,0,8890605792533,8890605792565
perception,2643,0,8890605792661,8890605792725
perception,2644,0,8890605792821,8890605792917
perception,2645,0,8890605793013,8890605793077
perception,2646,0,8890605793173,8890605793237
perception,2647,0,8890605793333,8890605793397
perception,2648,0,8890605793493,8890605793557
perception,2649,0,8890605793653,8890605793717
perception,2650,0,8890605793813,8890605793877
perception,2651,0,8890605793973,8890605794069
perception,2652,0,8890605794165,8890605794197
perception,2653,0,8890605794325,8890605794357
perception,2654,0,8890605794485,8890605794517
perception,2655,0,8890605794645,8890605794709
perception,2656,0,8890605794837,8890605794901
perception,2657,0,8890605795029,8890605795061
perception,2658,0,8890605795189,8890605795253
perception,2659,0,8890605795349,8890605795413
perception,2660,0,8890605795509,8890605795573
perception,2661,0,8890605795701,8890605795733
perception,2662,0,8890605795893,8890605795957
perception,2663,0,8890605796053,8890605796117
perception,2664,0,8890605796213,8890605796277
perception,2665,0,8890605796373,8890605796437
perception,2666,0,8890605796533,8890605796597
perception,2667,0,8890605796693,8890605796725
perception,2668,0,8890605796853,8890605796917
perception,2669,0,8890605797013,8890605797077
perception,2670,0,8890605797173,8890605797237
perception,2671,0,8890605797333,8890605797397
perception,2672,0,8890605797493,8890605797557
perception,2673,0,8890605797685,8890605797717
perception,2674,0,8890605797845,8890605797877
perception,2675,0,8890605797973,8890605798069
perception,2676,0,8890605798165,8890605798229
perception,2677,0,8890605798325,8890605798389
perception,2678,0,8890605798485,8890605798549
perception,2679,0,8890605798677,8890605798709
perception,2680,0,8890605798837,8890605798869
perception,2681,0,8890605798965,8890605799061
perception,2682,0,8890605799157,8890605799253
perception,2683,0,8890605799349,8890605799381
perception,2684,0,8890605799509,8890605799573
perception,2685,0,8890605799669,8890605799733
perception,2686,0,8890605799829,8890605799893
perception,2687,0,8890605800021,8890605800085
perception,2688,0,8890605802869,8890605802933
perception,2689,0,8890605803029,8890605803093
perception,2690,0,8890605803189,8890605803253
perception,2691,0,8890605803349,8890605803413
perception,2692,0,8890605803509,8890605803573
perception,2693,0,8890605803669,8890605803733
perception,2694,0,8890605803829,8890605803861
perception,2695,0,8890605803989,8890605804021
perception,2696,0,8890605804181,8890605804245
perception,2697,0,8890605804341,8890605804405
perception,2698,0,8890605804501,8890605804565
perception,2699,0,8890605804661,8890605804725
perception,2700,0,8890605804821,8890605804885
perception,2701,0,8890605804981,8890605805045
perception,2702,0,8890605805141,8890605805205
perception,2703,0,8890605805333,8890605805397
perception,2704,0,8890605805493,8890605805525
perception,2705,0,8890605805685,8890605805717
perception,2706,0,8890605805813,8890605805909
perception,2707,0,8890605806005,8890605806069
perception,2708,0,8890605806165,8890605806229
perception,2709,0,8890605806325,8890605806389
perception,2710,0,8890605806517,8890605806549
perception,2711,0,8890605806645,8890605806709
perception,2712,0,8890605806837,8890605806901
perception,2713,0,8890605806997,8890605807061
perception,2714,0,8890605807157,8890605807221
perception,2715,0,8890605807317,8890605807381
perception,2716,0,8890605807510,8890605807542
perception,2717,0,8890605807638,8890605807702
perception,2718,0,8890605807798,8890605807894
perception,2719,0,8890605807990,8890605808054
perception,2720,0,8890605808150,8890605808182
perception,2721,0,8890605808310,8890605808374
perception,2722,0,8890605808470,8890605808534
perception,2723,0,8890605808630,8890605808694
perception,2724,0,8890605808790,8890605808886
perception,2725,0,8890605808982,8890605809046
perception,2726,0,8890605809142,8890605809174
perception,2727,0,8890605809302,8890605809366
perception,2728,0,8890605809494,8890605809558
perception,2729,0,8890605809654,8890605809718
perception,2730,0,8890605809814,8890605809878
perception,2731,0,8890605810006,8890605810038
perception,2732,0,8890605810166,8890605810198
perception,2733,0,8890605810294,8890605810358
perception,2734,0,8890605810454,8890605810518
perception,2735,0,8890605810614,8890605810678
perception,2736,0,8890605810774,8890605810838
perception,2737,0,8890605810934,8890605810998
perception,2738,0,8890605811094,8890605811126
perception,2739,0,8890605811254,8890605811286
perception,2740,0,8890605811414,8890605811478
perception,2741,0,8890605811606,8890605811670
perception,2742,0,8890605811766,8890605811830
perception,2743,0,8890605811926,8890605811990
perception,2744,0,8890605812118,8890605812150
perception,2745,0,8890605812246,8890605812310
perception,2746,0,8890605812406,8890605812502
perception,2747,0,8890605812598,8890605812662
perception,2748,0,8890605812758,8890605812822
perception,2749,0,8890605812950,8890605812982
perception,2750,0,8890605813078,8890605813142
perception,2751,0,8890605813238,8890605813302
perception,2752,0,8890605813430,8890605813494
perception,2753,0,8890605813590,8890605813654
perception,2754,0,8890605813750,8890605813782
perception,2755,0,8890605813910,8890605813942
perception,2756,0,8890605814070,8890605814134
perception,2757,0,8890605814230,8890605814294
perception,2758,0,8890605814390,8890605814486
perception,2759,0,8890605814582,8890605814646
perception,2760,0,8890605814774,8890605814806
perception,2761,0,8890605814902,8890605814966
perception,2762,0,8890605815062,8890605815126
perception,2763,0,8890605815254,8890605815318
perception,2764,0,8890605815414,8890605815478
perception,2765,0,8890605815574,8890605815606
perception,2766,0,8890605815734,8890605815798
perception,2767,0,8890605815894,8890605815958
perception,2768,0,8890605816086,8890605816150
perception,2769,0,8890605816278,8890605816310
perception,2770,0,8890605816438,8890605816470
perception,2771,0,8890605816598,8890605816630
perception,2772,0,8890605816726,8890605816790
perception,2773,0,8890605816918,8890605816982
perception,2774,0,8890605817078,8890605817142
perception,2775,0,8890605817238,8890605817270
perception,2776,0,8890605817398,8890605817430
perception,2777,0,8890605817558,8890605817590
perception,2778,0,8890605817718,8890605817750
perception,2779,0,8890605817878,8890605817942
perception,2780,0,8890605818038,8890605818102
perception,2781,0,8890605818198,8890605818262
perception,2782,0,8890605818358,8890605818390
perception,2783,0,8890605818518,8890605818550
perception,2784,0,8890605818678,8890605818742
perception,2785,0,8890605818838,8890605818902
perception,2786,0,8890605818998,8890605819062
perception,2787,0,8890605819158,8890605819222
perception,2788,0,8890605819318,8890605819382
perception,2789,0,8890605819510,8890605819542
perception,2790,0,8890605819670,8890605819702
perception,2791,0,8890605819798,8890605819862
perception,2792,0,8890605819958,8890605820054
perception,2793,0,8890605820182,8890605820214
perception,2794,0,8890605820342,8890605820374
perception,2795,0,8890605820502,8890605820534
perception,2796,0,8890605820662,8890605820726
perception,2797,0,8890605820822,8890605820886
perception,2798,0,8890605821014,8890605821078
perception,2799,0,8890605821206,8890605821270
perception,2800,0,8890605821398,8890605821462
perception,2801,0,8890605821558,8890605821622
perception,2802,0,8890605821750,8890605821782
perception,2803,0,8890605821910,8890605821942
perception,2804,0,8890605822038,8890605822134
perception,2805,0,8890605822230,8890605822294
perception,2806,0,8890605822390,8890605822454
perception,2807,0,8890605822550,8890605822614
perception,2808,0,8890605822710,8890605822774
perception,2809,0,8890605822870,8890605822966
perception,2810,0,8890605823062,8890605823126
perception,2811,0,8890605823222,8890605823286
perception,2812,0,8890605823382,8890605823446
perception,2813,0,8890605823574,8890605823606
perception,2814,0,8890605823734,8890605823798
perception,2815,0,8890605823926,8890605823990
perception,2816,0,8890605826550,8890605826614
perception,2817,0,8890605826710,8890605826806
perception,2818,0,8890605826902,8890605826934
perception,2819,0,8890605827062,8890605827094
perception,2820,0,8890605827222,8890605827286
perception,2821,0,8890605827382,8890605827446
perception,2822,0,8890605827542,8890605827638
perception,2823,0,8890605827734,8890605827766
perception,2824,0,8890605827894,8890605827926
perception,2825,0,8890605828054,8890605828118
perception,2826,0,8890605828246,8890605828310
perception,2827,0,8890605828406,8890605828470
perception,2828,0,8890605828598,8890605828630
perception,2829,0,8890605828758,8890605828790
perception,2830,0,8890605828886,8890605828950
perception,2831,0,8890605829046,8890605829110
perception,2832,0,8890605829238,8890605829302
perception,2833,0,8890605829398,8890605829462
perception,2834,0,8890605829590,8890605829622
perception,2835,0,8890605829718,8890605829782
perception,2836,0,8890605829878,8890605829974
perception,2837,0,8890605830070,8890605830166
perception,2838,0,8890605830262,8890605830294
perception,2839,0,8890605830422,8890605830454
perception,2840,0,8890605830582,8890605830614
perception,2841,0,8890605830710,8890605830774
perception,2842,0,8890605830902,8890605830966
perception,2843,0,8890605831062,8890605831126
perception,2844,0,8890605831222,8890605831286
perception,2845,0,8890605831414,8890605831478
perception,2846,0,8890605831574,8890605831638
perception,2847,0,8890605831734,8890605831798
perception,2848,0,8890605831894,8890605831958
perception,2849,0,8890605832054,8890605832118
perception,2850,0,8890605832214,8890605832246
perception,2851,0,8890605832374,8890605832438
perception,2852,0,8890605832566,8890605832630
perception,2853,0,8890605832726,8890605832822
perception,2854,0,8890605832918,8890605832982
perception,2855,0,8890605833078,8890605833174
perception,2856,0,8890605833238,8890605833334
perception,2857,0,8890605833430,8890605833494
perception,2858,0,8890605833590,8890605833654
perception,2859,0,8890605833782,8890605833814
perception,2860,0,8890605833942,8890605834006
perception,2861,0,8890605834102,8890605834166
perception,2862,0,8890605834262,8890605834326
perception,2863,0,8890605834422,8890605834486
perception,2864,0,8890605834582,8890605834646
perception,2865,0,8890605834774,8890605834806
perception,2866,0,8890605834902,8890605834966
perception,2867,0,8890605835094,8890605835158
perception,2868,0,8890605835286,8890605835318
perception,2869,0,8890605835447,8890605835479
perception,2870,0,8890605835607,8890605835671
perception,2871,0,8890605835767,8890605835831
perception,2872,0,8890605835927,8890605835991
perception,2873,0,8890605836087,8890605836151
perception,2874,0,8890605836247,8890605836311
perception,2875,0,8890605836439,8890605836471
perception,2876,0,8890605836599,8890605836631
perception,2877,0,8890605836759,8890605836823
perception,2878,0,8890605836919,8890605836983
perception,2879,0,8890605837079,8890605837143
perception,2880,0,8890605837271,8890605837303
perception,2881,0,8890605837431,8890605837463
perception,2882,0,8890605837559,8890605837623
perception,2883,0,8890605837719,8890605837815
perception,2884,0,8890605837911,8890605837975
perception,2885,0,8890605838071,8890605838135
perception,2886,0,8890605838231,8890605838263
perception,2887,0,8890605838391,8890605838455
perception,2888,0,8890605838551,8890605838615
perception,2889,0,8890605838743,8890605838807
perception,2890,0,8890605838903,8890605838967
perception,2891,0,8890605839095,8890605839127
perception,2892,0,8890605839255,8890605839287
perception,2893,0,8890605839383,8890605839447
perception,2894,0,8890605839607,8890605839671
perception,2895,0,8890605839799,8890605839831
perception,2896,0,8890605839959,8890605839991
perception,2897,0,8890605840087,8890605840151
perception,2898,0,8890605840247,8890605840343
perception,2899,0,8890605840439,8890605840503
perception,2900,0,8890605840599,8890605840631
perception,2901,0,8890605840759,8890605840791
perception,2902,0,8890605840919,8890605840983
perception,2903,0,8890605841079,8890605841143
perception,2904,0,8890605841239,8890605841303
perception,2905,0,8890605841431,8890605841495
perception,2906,0,8890605841591,8890605841623
perception,2907,0,8890605841751,8890605841783
perception,2908,0,8890605841911,8890605841975
perception,2909,0,8890605842071,8890605842135
perception,2910,0,8890605842231,8890605842295
perception,2911,0,8890605842423,8890605842455
perception,2912,0,8890605842615,8890605842647
perception,2913,0,8890605842743,8890605842839
perception,2914,0,8890605842935,8890605843031
perception,2915,0,8890605843127,8890605843159
perception,2916,0,8890605843287,8890605843351
perception,2917,0,8890605843447,8890605843511
perception,2918,0,8890605843607,8890605843671
perception,2919,0,8890605843799,8890605843863
perception,2920,0,8890605843959,8890605843991
perception,2921,0,8890605844119,8890605844151
perception,2922,0,8890605844279,8890605844311
perception,2923,0,8890605844407,8890605844471
perception,2924,0,8890605844567,8890605844631
perception,2925,0,8890605844727,8890605844791
perception,2926,0,8890605844887,8890605844951
perception,2927,0,8890605845047,8890605845111
perception,2928,0,8890605845207,8890605845271
perception,2929,0,8890605845367,8890605845399
perception,2930,0,8890605845527,8890605845591
perception,2931,0,8890605845687,8890605845751
perception,2932,0,8890605845847,8890605845943
perception,2933,0,8890605846039,8890605846103
perception,2934,0,8890605846199,8890605846231
perception,2935,0,8890605846391,8890605846423
perception,2936,0,8890605846519,8890605846583
perception,2937,0,8890605846679,8890605846743
perception,2938,0,8890605846839,8890605846903
perception,2939,0,8890605847031,8890605847095
perception,2940,0,8890605847223,8890605847255
perception,2941,0,8890605847351,8890605847415
perception,2942,0,8890605847543,8890605847607
perception,2943,0,8890605847703,8890605847767
perception,2944,0,8890605849911,8890605850007
perception,2945,0,8890605850103,8890605850167
perception,2946,0,8890605850263,8890605850295
perception,2947,0,8890605850423,8890605850455
perception,2948,0,8890605850583,8890605850647
perception,2949,0,8890605850775,8890605850839
perception,2950,0,8890605850935,8890605850999
perception,2951,0,8890605851127,8890605851159
perception,2952,0,8890605851287,8890605851351
perception,2953,0,8890605851447,8890605851511
perception,2954,0,8890605851607,8890605851703
perception,2955,0,8890605851799,8890605851831
perception,2956,0,8890605851959,8890605851991
perception,2957,0,8890605852119,8890605852183
perception,2958,0,8890605852279,8890605852375
perception,2959,0,8890605852471,8890605852535
perception,2960,0,8890605852663,8890605852695
perception,2961,0,8890605852823,8890605852855
perception,2962,0,8890605852951,8890605853047
perception,2963,0,8890605853111,8890605853207
perception,2964,0,8890605853303,8890605853367
perception,2965,0,8890605853463,8890605853495
perception,2966,0,8890605853655,8890605853687
perception,2967,0,8890605853783,8890605853879
perception,2968,0,8890605853975,8890605854039
perception,2969,0,8890605854135,8890605854199
perception,2970,0,8890605854295,8890605854359
perception,2971,0,8890605854487,8890605854519
perception,2972,0,8890605854615,8890605854679
perception,2973,0,8890605854775,8890605854839
perception,2974,0,8890605854935,8890605854999
perception,2975,0,8890605855127,8890605855191
perception,2976,0,8890605855287,8890605855319
perception,2977,0,8890605855447,8890605855479
perception,2978,0,8890605855607,8890605855639
perception,2979,0,8890605855735,8890605855799
perception,2980,0,8890605855895,8890605855959
perception,2981,0,8890605856087,8890605856183
perception,2982,0,8890605856279,8890605856343
perception,2983,0,8890605856439,8890605856471
perception,2984,0,8890605856599,8890605856663
perception,2985,0,8890605856727,8890605856823
perception,2986,0,8890605856919,8890605857015
perception,2987,0,8890605857143,8890605857175
perception,2988,0,8890605857271,8890605857335
perception,2989,0,8890605857431,8890605857495
perception,2990,0,8890605857623,8890605857719
perception,2991,0,8890605857815,8890605857847
perception,2992,0,8890605857975,8890605858007
perception,2993,0,8890605858135,8890605858167
perception,2994,0,8890605858295,8890605858391
perception,2995,0,8890605858519,8890605858583
perception,2996,0,8890605858711,8890605858775
perception,2997,0,8890605858871,8890605858935
perception,2998,0,8890605859031,8890605859095
perception,2999,0,8890605859223,8890605859255
perception,3000,0,8890605859383,8890605859415
perception,3001,0,8890605859543,8890605859639
perception,3002,0,8890605859735,8890605859799
perception,3003,0,8890605859895,8890605859959
perception,3004,0,8890605860087,8890605860119
perception,3005,0,8890605860215,8890605860279
perception,3006,0,8890605860407,8890605860471
perception,3007,0,8890605860567,8890605860631
perception,3008,0,8890605860727,8890605860791
perception,3009,0,8890605860919,8890605860951
perception,3010,0,8890605861047,8890605861111
perception,3011,0,8890605861207,8890605861303
perception,3012,0,8890605861399,8890605861463
perception,3013,0,8890605861591,8890605861623
perception,3014,0,8890605861751,8890605861783
perception,3015,0,8890605861911,8890605861943
perception,3016,0,8890605862071,8890605862167
perception,3017,0,8890605862263,8890605862327
perception,3018,0,8890605862423,8890605862455
perception,3019,0,8890605862583,8890605862647
perception,3020,0,8890605862743,8890605862807
perception,3021,0,8890605862935,8890605862999
perception,3022,0,8890605863095,8890605863159
perception,3023,0,8890605863255,8890605863319
perception,3024,0,8890605863447,8890605863480
perception,3025,0,8890605863576,8890605863640
perception,3026,0,8890605863736,8890605863832
perception,3027,0,8890605863928,8890605863992
perception,3028,0,8890605864088,8890605864152
perception,3029,0,8890605864280,8890605864312
perception,3030,0,8890605864440,8890605864504
perception,3031,0,8890605864600,8890605864664
perception,3032,0,8890605864792,8890605864824
perception,3033,0,8890605864984,8890605865016
perception,3034,0,8890605865112,8890605865176
perception,3035,0,8890605865304,8890605865368
perception,3036,0,8890605865528,8890605865560
perception,3037,0,8890605865688,8890605865752
perception,3038,0,8890605865848,8890605865912
perception,3039,0,8890605866008,8890605866104
perception,3040,0,8890605866200,8890605866232
perception,3041,0,8890605866392,8890605866424
perception,3042,0,8890605866520,8890605866584
perception,3043,0,8890605866680,8890605866744
perception,3044,0,8890605866840,8890605866936
perception,3045,0,8890605867032,8890605867064
perception,3046,0,8890605867192,8890605867224
perception,3047,0,8890605867384,8890605867448
perception,3048,0,8890605867544,8890605867608
perception,3049,0,8890605867704,8890605867768
perception,3050,0,8890605867896,8890605867928
perception,3051,0,8890605868056,8890605868088
perception,3052,0,8890605868184,8890605868280
perception,3053,0,8890605868376,8890605868440
perception,3054,0,8890605868536,8890605868600
perception,3055,0,8890605868728,8890605868760
perception,3056,0,8890605868888,8890605868920
perception,3057,0,8890605869048,8890605869112
perception,3058,0,8890605869208,8890605869272
perception,3059,0,8890605869368,8890605869432
perception,3060,0,8890605869528,8890605869592
perception,3061,0,8890605869688,8890605869752
perception,3062,0,8890605869848,8890605869912
perception,3063,0,8890605870008,8890605870072
perception,3064,0,8890605870168,8890605870232
perception,3065,0,8890605870360,8890605870424
perception,3066,0,8890605870520,8890605870584
perception,3067,0,8890605870680,8890605870712
perception,3068,0,8890605870840,8890605870872
perception,3069,0,8890605871000,8890605871064
perception,3070,0,8890605871192,8890605871256
perception,3071,0,8890605871352,8890605871416
perception,3072,0,8890605873752,8890605873816
perception,3073,0,8890605873944,8890605873976
perception,3074,0,8890605874072,8890605874136
perception,3075,0,8890605874264,8890605874328
perception,3076,0,8890605874424,8890605874488
perception,3077,0,8890605874616,8890605874648
perception,3078,0,8890605874776,8890605874840
perception,3079,0,8890605875000,8890605875064
perception,3080,0,8890605875192,8890605875256
perception,3081,0,8890605875352,8890605875416
perception,3082,0,8890605875512,8890605875576
perception,3083,0,8890605875672,8890605875736
perception,3084,0,8890605875864,8890605875896
perception,3085,0,8890605876024,8890605876056
perception,3086,0,8890605876184,8890605876248
perception,3087,0,8890605876344,8890605876408
perception,3088,0,8890605876536,8890605876600
perception,3089,0,8890605876696,8890605876728
perception,3090,0,8890605876856,8890605876920
perception,3091,0,8890605877016,8890605877080
perception,3092,0,8890605877176,8890605877272
perception,3093,0,8890605877368,8890605877432
perception,3094,0,8890605877560,8890605877592
perception,3095,0,8890605877720,8890605877784
perception,3096,0,8890605877880,8890605877944
perception,3097,0,8890605878040,8890605878104
perception,3098,0,8890605878264,8890605878296
perception,3099,0,8890605878392,8890605878456
perception,3100,0,8890605878552,8890605878616
perception,3101,0,8890605878744,8890605878808
perception,3102,0,8890605878904,8890605878968
perception,3103,0,8890605879064,8890605879128
perception,3104,0,8890605879256,8890605879288
perception,3105,0,8890605879384,8890605879448
perception,3106,0,8890605879544,8890605879608
perception,3107,0,8890605879704,8890605879768
perception,3108,0,8890605879896,8890605879960
perception,3109,0,8890605880088,8890605880120
perception,3110,0,8890605880216,8890605880280
perception,3111,0,8890605880376,8890605880440
perception,3112,0,8890605880568,8890605880632
perception,3113,0,8890605880760,8890605880792
perception,3114,0,8890605880920,8890605880952
perception,3115,0,8890605881048,8890605881144
perception,3116,0,8890605881240,8890605881304
perception,3117,0,8890605881400,8890605881464
perception,3118,0,8890605881592,8890605881624
perception,3119,0,8890605881752,8890605881816
perception,3120,0,8890605881912,8890605881976
perception,3121,0,8890605882072,8890605882168
perception,3122,0,8890605882296,8890605882328
perception,3123,0,8890605882456,8890605882488
perception,3124,0,8890605882616,8890605882648
perception,3125,0,8890605882776,8890605882840
perception,3126,0,8890605882936,8890605883000
perception,3127,0,8890605883096,8890605883160
perception,3128,0,8890605883256,8890605883288
perception,3129,0,8890605883416,8890605883448
perception,3130,0,8890605883576,8890605883608
perception,3131,0,8890605883736,8890605883768
perception,3132,0,8890605883896,8890605883960
perception,3133,0,8890605884056,8890605884120
perception,3134,0,8890605884216,8890605884280
perception,3135,0,8890605884376,8890605884408
perception,3136,0,8890605884536,8890605884568
perception,3137,0,8890605884696,8890605884728
perception,3138,0,8890605884856,8890605884920
perception,3139,0,8890605885016,8890605885080
perception,3140,0,8890605885176,8890605885272
perception,3141,0,8890605885368,8890605885400
perception,3142,0,8890605885528,8890605885560
perception,3143,0,8890605885720,8890605885784
perception,3144,0,8890605885880,8890605885944
perception,3145,0,8890605886040,8890605886104
perception,3146,0,8890605886264,8890605886328
perception,3147,0,8890605886520,8890605886552
perception,3148,0,8890605886648,8890605886712
perception,3149,0,8890605886840,8890605886904
perception,3150,0,8890605887032,8890605887064
perception,3151,0,8890605887192,8890605887224
perception,3152,0,8890605887352,8890605887384
perception,3153,0,8890605887512,8890605887544
perception,3154,0,8890605887640,8890605887704
perception,3155,0,8890605887800,8890605887896
perception,3156,0,8890605887992,8890605888056
perception,3157,0,8890605888152,8890605888184
perception,3158,0,8890605888312,8890605888344
perception,3159,0,8890605888472,8890605888504
perception,3160,0,8890605888600,8890605888664
perception,3161,0,8890605888760,8890605888856
perception,3162,0,8890605888952,8890605889016
perception,3163,0,8890605889112,8890605889176
perception,3164,0,8890605889304,8890605889336
perception,3165,0,8890605889464,8890605889528
perception,3166,0,8890605889624,8890605889720
perception,3167,0,8890605889816,8890605889880
perception,3168,0,8890605889976,8890605890008
perception,3169,0,8890605890136,8890605890200
perception,3170,0,8890605890296,8890605890360
perception,3171,0,8890605890456,8890605890520
perception,3172,0,8890605890616,8890605890680
perception,3173,0,8890605890776,8890605890840
perception,3174,0,8890605890968,8890605891000
perception,3175,0,8890605891128,8890605891160
perception,3176,0,8890605891288,8890605891352
perception,3177,0,8890605891448,8890605891513
perception,3178,0,8890605891609,8890605891673
perception,3179,0,8890605891769,8890605891833
perception,3180,0,8890605891961,8890605891993
perception,3181,0,8890605892121,8890605892153
perception,3182,0,8890605892249,8890605892313
perception,3183,0,8890605892409,8890605892505
perception,3184,0,8890605892601,8890605892665
perception,3185,0,8890605892761,8890605892825
perception,3186,0,8890605892921,8890605892953
perception,3187,0,8890605893081,8890605893113
perception,3188,0,8890605893241,8890605893273
perception,3189,0,8890605893369,8890605893433
perception,3190,0,8890605893529,8890605893593
perception,3191,0,8890605893689,8890605893753
perception,3192,0,8890605893849,8890605893913
perception,3193,0,8890605894009,8890605894073
perception,3194,0,8890605894201,8890605894233
perception,3195,0,8890605894361,8890605894393
perception,3196,0,8890605894489,8890605894553
perception,3197,0,8890605894649,8890605894745
perception,3198,0,8890605894841,8890605894905
perception,3199,0,8890605895001,8890605895065
perception,3200,0,8890605897081,8890605897145
perception,3201,0,8890605897241,8890605897305
perception,3202,0,8890605897433,8890605897465
perception,3203,0,8890605897561,8890605897625
perception,3204,0,8890605897721,8890605897817
perception,3205,0,8890605897913,8890605897977
perception,3206,0,8890605898073,8890605898137
perception,3207,0,8890605898233,8890605898297
perception,3208,0,8890605898425,8890605898489
perception,3209,0,8890605898585,8890605898649
perception,3210,0,8890605898745,8890605898809
perception,3211,0,8890605898905,8890605898969
perception,3212,0,8890605899097,8890605899129
perception,3213,0,8890605899257,8890605899289
perception,3214,0,8890605899385,8890605899449
perception,3215,0,8890605899545,8890605899609
perception,3216,0,8890605899737,8890605899801
perception,3217,0,8890605899929,8890605899961
perception,3218,0,8890605900089,8890605900153
perception,3219,0,8890605900281,8890605900345
perception,3220,0,8890605900441,8890605900505
perception,3221,0,8890605900601,8890605900633
perception,3222,0,8890605900761,8890605900793
perception,3223,0,8890605900921,8890605900953
perception,3224,0,8890605901081,8890605901145
perception,3225,0,8890605901241,8890605901305
perception,3226,0,8890605901433,8890605901497
perception,3227,0,8890605901593,8890605901625
perception,3228,0,8890605901785,8890605901849
perception,3229,0,8890605901945,8890605902009
perception,3230,0,8890605902105,8890605902169
perception,3231,0,8890605902297,8890605902329
perception,3232,0,8890605902457,8890605902489
perception,3233,0,8890605902617,8890605902649
perception,3234,0,8890605902777,8890605902841
perception,3235,0,8890605902937,8890605903001
perception,3236,0,8890605903097,8890605903161
perception,3237,0,8890605903257,8890605903321
perception,3238,0,8890605903449,8890605903481
perception,3239,0,8890605903577,8890605903641
perception,3240,0,8890605903737,8890605903833
perception,3241,0,8890605903929,8890605903993
perception,3242,0,8890605904089,8890605904153
perception,3243,0,8890605904249,8890605904313
perception,3244,0,8890605904409,8890605904473
perception,3245,0,8890605904601,8890605904665
perception,3246,0,8890605904761,8890605904825
perception,3247,0,8890605904921,8890605904985
perception,3248,0,8890605905113,8890605905145
perception,3249,0,8890605905273,8890605905337
perception,3250,0,8890605905433,8890605905497
perception,3251,0,8890605905593,8890605905657
perception,3252,0,8890605905785,8890605905817
perception,3253,0,8890605905945,8890605905977
perception,3254,0,8890605906105,8890605906137
perception,3255,0,8890605906233,8890605906329
perception,3256,0,8890605906425,8890605906489
perception,3257,0,8890605906585,8890605906649
perception,3258,0,8890605906745,8890605906809
perception,3259,0,8890605906905,8890605906969
perception,3260,0,8890605907065,8890605907129
perception,3261,0,8890605907225,8890605907289
perception,3262,0,8890605907385,8890605907449
perception,3263,0,8890605907545,8890605907609
perception,3264,0,8890605907737,8890605907769
perception,3265,0,8890605907897,8890605907929
perception,3266,0,8890605908057,8890605908121
perception,3267,0,8890605908217,8890605908281
perception,3268,0,8890605908377,8890605908441
perception,3269,0,8890605908537,8890605908601
perception,3270,0,8890605908729,8890605908761
perception,3271,0,8890605908889,8890605908953
perception,3272,0,8890605909049,8890605909113
perception,3273,0,8890605909209,8890605909273
perception,3274,0,8890605909369,8890605909465
perception,3275,0,8890605909561,8890605909593
perception,3276,0,8890605909721,8890605909753
perception,3277,0,8890605909881,8890605909913
perception,3278,0,8890605910041,8890605910137
perception,3279,0,8890605910233,8890605910297
perception,3280,0,8890605910425,8890605910457
perception,3281,0,8890605910585,8890605910649
perception,3282,0,8890605910745,8890605910809
perception,3283,0,8890605910905,8890605910969
perception,3284,0,8890605911065,8890605911129
perception,3285,0,8890605911257,8890605911289
perception,3286,0,8890605911417,8890605911449
perception,3287,0,8890605911577,8890605911641
perception,3288,0,8890605911737,8890605911801
perception,3289,0,8890605911897,8890605911961
perception,3290,0,8890605912089,8890605912121
perception,3291,0,8890605912249,8890605912313
perception,3292,0,8890605912409,8890605912473
perception,3293,0,8890605912569,8890605912633
perception,3294,0,8890605912729,8890605912793
perception,3295,0,8890605912921,8890605912953
perception,3296,0,8890605913081,8890605913113
perception,3297,0,8890605913241,8890605913273
perception,3298,0,8890605913369,8890605913433
perception,3299,0,8890605913529,8890605913593
perception,3300,0,8890605913689,8890605913785
perception,3301,0,8890605913945,8890605913977
perception,3302,0,8890605914105,8890605914169
perception,3303,0,8890605914265,8890605914329
perception,3304,0,8890605914425,8890605914489
perception,3305,0,8890605914617,8890605914649
perception,3306,0,8890605914777,8890605914809
perception,3307,0,8890605914905,8890605914969
perception,3308,0,8890605915065,8890605915161
perception,3309,0,8890605915257,8890605915321
perception,3310,0,8890605915417,8890605915481
perception,3311,0,8890605915577,8890605915641
perception,3312,0,8890605915737,8890605915801
perception,3313,0,8890605915897,8890605915961
perception,3314,0,8890605916057,8890605916121
perception,3315,0,8890605916281,8890605916313
perception,3316,0,8890605916441,8890605916505
perception,3317,0,8890605916601,8890605916665
perception,3318,0,8890605916761,8890605916825
perception,3319,0,8890605916921,8890605917017
perception,3320,0,8890605917113,8890605917145
perception,3321,0,8890605917273,8890605917305
perception,3322,0,8890605917433,8890605917465
perception,3323,0,8890605917593,8890605917657
perception,3324,0,8890605917753,8890605917849
perception,3325,0,8890605917945,8890605917977
perception,3326,0,8890605918105,8890605918137
perception,3327,0,8890605918265,8890605918297
perception,3328,0,8890605921050,8890605921082
perception,3329,0,8890605921210,8890605921242
perception,3330,0,8890605921402,8890605921466
perception,3331,0,8890605921626,8890605921690
perception,3332,0,8890605921786,8890605921850
perception,3333,0,8890605921946,8890605922010
perception,3334,0,8890605922106,8890605922170
perception,3335,0,8890605922266,8890605922330
perception,3336,0,8890605922426,8890605922458
perception,3337,0,8890605922586,8890605922618
perception,3338,0,8890605922746,8890605922778
perception,3339,0,8890605922874,8890605922938
perception,3340,0,8890605923034,8890605923130
perception,3341,0,8890605923258,8890605923290
perception,3342,0,8890605923418,8890605923450
perception,3343,0,8890605923578,8890605923610
perception,3344,0,8890605923738,8890605923770
perception,3345,0,8890605923866,8890605923962
perception,3346,0,8890605924058,8890605924122
perception,3347,0,8890605924218,8890605924282
perception,3348,0,8890605924378,8890605924442
perception,3349,0,8890605924570,8890605924602
perception,3350,0,8890605924698,8890605924762
perception,3351,0,8890605924890,8890605924954
perception,3352,0,8890605925050,8890605925114
perception,3353,0,8890605925210,8890605925274
perception,3354,0,8890605925402,8890605925434
perception,3355,0,8890605925530,8890605925594
perception,3356,0,8890605925722,8890605925786
perception,3357,0,8890605925914,8890605925946
perception,3358,0,8890605926106,8890605926138
perception,3359,0,8890605926234,8890605926298
perception,3360,0,8890605926394,8890605926490
perception,3361,0,8890605926618,8890605926650
perception,3362,0,8890605926778,8890605926810
perception,3363,0,8890605926938,8890605927002
perception,3364,0,8890605927130,8890605927194
perception,3365,0,8890605927290,8890605927354
perception,3366,0,8890605927450,8890605927514
perception,3367,0,8890605927642,8890605927674
perception,3368,0,8890605927770,8890605927834
perception,3369,0,8890605927930,8890605927994
perception,3370,0,8890605928090,8890605928186
perception,3371,0,8890605928282,8890605928346
perception,3372,0,8890605928442,8890605928474
perception,3373,0,8890605928602,8890605928666
perception,3374,0,8890605928762,8890605928826
perception,3375,0,8890605928922,8890605928986
perception,3376,0,8890605929082,8890605929146
perception,3377,0,8890605929242,8890605929306
perception,3378,0,8890605929434,8890605929466
perception,3379,0,8890605929594,8890605929626
perception,3380,0,8890605929722,8890605929786
perception,3381,0,8890605929882,8890605929946
perception,3382,0,8890605930042,8890605930106
perception,3383,0,8890605930234,8890605930298
perception,3384,0,8890605930394,8890605930458
perception,3385,0,8890605930586,8890605930618
perception,3386,0,8890605930714,8890605930778
perception,3387,0,8890605930874,8890605930938
perception,3388,0,8890605931034,8890605931098
perception,3389,0,8890605931226,8890605931290
perception,3390,0,8890605931386,8890605931418
perception,3391,0,8890605931546,8890605931610
perception,3392,0,8890605931706,8890605931770
perception,3393,0,8890605931866,8890605931930
perception,3394,0,8890605932026,8890605932090
perception,3395,0,8890605932218,8890605932250
perception,3396,0,8890605932378,8890605932442
perception,3397,0,8890605932538,8890605932602
perception,3398,0,8890605932698,8890605932762
perception,3399,0,8890605932890,8890605932954
perception,3400,0,8890605933050,8890605933082
perception,3401,0,8890605933210,8890605933242
perception,3402,0,8890605933370,8890605933402
perception,3403,0,8890605933530,8890605933594
perception,3404,0,8890605933690,8890605933754
perception,3405,0,8890605933850,8890605933914
perception,3406,0,8890605934042,8890605934074
perception,3407,0,8890605934202,8890605934234
perception,3408,0,8890605934362,8890605934426
perception,3409,0,8890605934522,8890605934586
perception,3410,0,8890605934682,8890605934746
perception,3411,0,8890605934842,8890605934906
perception,3412,0,8890605935034,8890605935066
perception,3413,0,8890605935194,8890605935226
perception,3414,0,8890605935354,8890605935418
perception,3415,0,8890605935514,8890605935578
perception,3416,0,8890605935674,8890605935738
perception,3417,0,8890605935834,8890605935898
perception,3418,0,8890605935994,8890605936058
perception,3419,0,8890605936186,8890605936218
perception,3420,0,8890605936314,8890605936378
perception,3421,0,8890605936474,8890605936538
perception,3422,0,8890605936602,8890605936698
perception,3423,0,8890605936794,8890605936858
perception,3424,0,8890605936954,8890605937018
perception,3425,0,8890605937114,8890605937146
perception,3426,0,8890605937274,8890605937306
perception,3427,0,8890605937434,8890605937498
perception,3428,0,8890605937594,8890605937658
perception,3429,0,8890605937786,8890605937850
perception,3430,0,8890605937946,8890605937978
perception,3431,0,8890605938138,8890605938170
perception,3432,0,8890605938266,8890605938362
perception,3433,0,8890605938458,8890605938522
perception,3434,0,8890605938618,8890605938682
perception,3435,0,8890605938778,8890605938842
perception,3436,0,8890605938970,8890605939002
perception,3437,0,8890605939098,8890605939162
perception,3438,0,8890605939290,8890605939354
perception,3439,0,8890605939450,8890605939514
perception,3440,0,8890605939610,8890605939674
perception,3441,0,8890605939802,8890605939834
perception,3442,0,8890605939962,8890605939994
perception,3443,0,8890605940090,8890605940154
perception,3444,0,8890605940250,8890605940314
perception,3445,0,8890605940410,8890605940506
perception,3446,0,8890605940602,8890605940634
perception,3447,0,8890605940762,8890605940794
perception,3448,0,8890605940922,8890605940954
perception,3449,0,8890605941050,8890605941146
perception,3450,0,8890605941242,8890605941306
perception,3451,0,8890605941434,8890605941498
perception,3452,0,8890605941594,8890605941658
perception,3453,0,8890605941754,8890605941818
perception,3454,0,8890605941914,8890605941978
perception,3455,0,8890605942074,8890605942170
perception,3456,0,8890605944602,8890605944666
perception,3457,0,8890605944762,8890605944826
perception,3458,0,8890605944922,8890605944986
perception,3459,0,8890605945082,8890605945114
perception,3460,0,8890605945242,8890605945306
perception,3461,0,8890605945402,8890605945498
perception,3462,0,8890605945594,8890605945658
perception,3463,0,8890605945786,8890605945818
perception,3464,0,8890605945946,8890605946010
perception,3465,0,8890605946106,8890605946170
perception,3466,0,8890605946330,8890605946394
perception,3467,0,8890605946522,8890605946586
perception,3468,0,8890605946682,8890605946746
perception,3469,0,8890605946842,8890605946906
perception,3470,0,8890605947002,8890605947066
perception,3471,0,8890605947162,8890605947226
perception,3472,0,8890605947354,8890605947386
perception,3473,0,8890605947514,8890605947546
perception,3474,0,8890605947643,8890605947707
perception,3475,0,8890605947835,8890605947899
perception,3476,0,8890605947995,8890605948059
perception,3477,0,8890605948155,8890605948187
perception,3478,0,8890605948315,8890605948379
perception,3479,0,8890605948475,8890605948539
perception,3480,0,8890605948699,8890605948763
perception,3481,0,8890605948859,8890605948891
perception,3482,0,8890605949019,8890605949083
perception,3483,0,8890605949179,8890605949243
perception,3484,0,8890605949339,8890605949403
perception,3485,0,8890605949499,8890605949595
perception,3486,0,8890605949691,8890605949723
perception,3487,0,8890605949851,8890605949883
perception,3488,0,8890605950011,8890605950043
perception,3489,0,8890605950171,8890605950203
perception,3490,0,8890605950299,8890605950395
perception,3491,0,8890605950491,8890605950555
perception,3492,0,8890605950683,8890605950715
perception,3493,0,8890605950843,8890605950875
perception,3494,0,8890605951003,8890605951035
perception,3495,0,8890605951131,8890605951195
perception,3496,0,8890605951291,8890605951355
perception,3497,0,8890605951451,8890605951515
perception,3498,0,8890605951611,8890605951707
perception,3499,0,8890605951803,8890605951867
perception,3500,0,8890605951963,8890605952027
perception,3501,0,8890605952123,8890605952187
perception,3502,0,8890605952283,8890605952347
perception,3503,0,8890605952443,8890605952507
perception,3504,0,8890605952635,8890605952667
perception,3505,0,8890605952795,8890605952827
perception,3506,0,8890605952955,8890605953019
perception,3507,0,8890605953115,8890605953179
perception,3508,0,8890605953275,8890605953339
perception,3509,0,8890605953435,8890605953499
perception,3510,0,8890605953627,8890605953659
perception,3511,0,8890605953787,8890605953819
perception,3512,0,8890605953947,8890605953979
perception,3513,0,8890605954075,8890605954139
perception,3514,0,8890605954267,8890605954331
perception,3515,0,8890605954427,8890605954491
perception,3516,0,8890605954587,8890605954619
perception,3517,0,8890605954747,8890605954811
perception,3518,0,8890605954907,8890605954971
perception,3519,0,8890605955067,8890605955131
perception,3520,0,8890605955259,8890605955323
perception,3521,0,8890605955419,8890605955483
perception,3522,0,8890605955611,8890605955643
perception,3523,0,8890605955739,8890605955803
perception,3524,0,8890605955899,8890605955995
perception,3525,0,8890605956091,8890605956155
perception,3526,0,8890605956251,8890605956315
perception,3527,0,8890605956411,8890605956443
perception,3528,0,8890605956603,8890605956635
perception,3529,0,8890605956731,8890605956795
perception,3530,0,8890605956891,8890605956955
perception,3531,0,8890605957051,8890605957115
perception,3532,0,8890605957211,8890605957275
perception,3533,0,8890605957371,8890605957435
perception,3534,0,8890605957563,8890605957595
perception,3535,0,8890605957723,8890605957755
perception,3536,0,8890605957851,8890605957915
perception,3537,0,8890605958011,8890605958075
perception,3538,0,8890605958171,8890605958235
perception,3539,0,8890605958331,8890605958395
perception,3540,0,8890605958491,8890605958555
perception,3541,0,8890605958683,8890605958715
perception,3542,0,8890605958843,8890605958875
perception,3543,0,8890605958971,8890605959035
perception,3544,0,8890605959131,8890605959195
perception,3545,0,8890605959323,8890605959387
perception,3546,0,8890605959483,8890605959515
perception,3547,0,8890605959643,8890605959675
perception,3548,0,8890605959803,8890605959867
perception,3549,0,8890605959963,8890605960027
perception,3550,0,8890605960123,8890605960187
perception,3551,0,8890605960283,8890605960379
perception,3552,0,8890605960507,8890605960539
perception,3553,0,8890605960635,8890605960699
perception,3554,0,8890605960795,8890605960859
perception,3555,0,8890605960987,8890605961051
perception,3556,0,8890605961147,8890605961211
perception,3557,0,8890605961307,8890605961339
perception,3558,0,8890605961467,8890605961531
perception,3559,0,8890605961627,8890605961691
perception,3560,0,8890605961787,8890605961883
perception,3561,0,8890605961947,8890605962043
perception,3562,0,8890605962139,8890605962171
perception,3563,0,8890605962299,8890605962331
perception,3564,0,8890605962459,8890605962523
perception,3565,0,8890605962619,8890605962683
perception,3566,0,8890605962843,8890605962875
perception,3567,0,8890605963003,8890605963035
perception,3568,0,8890605963163,8890605963195
perception,3569,0,8890605963323,8890605963387
perception,3570,0,8890605963483,8890605963547
perception,3571,0,8890605963643,8890605963707
perception,3572,0,8890605963803,8890605963867
perception,3573,0,8890605963995,8890605964027
perception,3574,0,8890605964155,8890605964187
perception,3575,0,8890605964283,8890605964347
perception,3576,0,8890605964443,8890605964507
perception,3577,0,8890605964603,8890605964667
perception,3578,0,8890605964763,8890605964827
perception,3579,0,8890605964923,8890605964987
perception,3580,0,8890605965083,8890605965115
perception,3581,0,8890605965243,8890605965275
perception,3582,0,8890605965403,8890605965435
perception,3583,0,8890605965531,8890605965595
perception,3584,0,8890605968347,8890605968411
perception,3585,0,8890605968507,8890605968571
perception,3586,0,8890605968667,8890605968731
perception,3587,0,8890605968827,8890605968891
perception,3588,0,8890605968987,8890605969051
perception,3589,0,8890605969211,8890605969275
perception,3590,0,8890605969371,8890605969435
perception,3591,0,8890605969563,8890605969627
perception,3592,0,8890605969723,8890605969787
perception,3593,0,8890605969883,8890605969947
perception,3594,0,8890605970043,8890605970139
perception,3595,0,8890605970235,8890605970299
perception,3596,0,8890605970395,8890605970459
perception,3597,0,8890605970587,8890605970619
perception,3598,0,8890605970779,8890605970843
perception,3599,0,8890605970939,8890605971003
perception,3600,0,8890605971099,8890605971131
perception,3601,0,8890605971291,8890605971323
perception,3602,0,8890605971419,8890605971483
perception,3603,0,8890605971579,8890605971643
perception,3604,0,8890605971739,8890605971803
perception,3605,0,8890605971899,8890605971963
perception,3606,0,8890605972059,8890605972123
perception,3607,0,8890605972219,8890605972251
perception,3608,0,8890605972379,8890605972411
perception,3609,0,8890605972539,8890605972571
perception,3610,0,8890605972667,8890605972763
perception,3611,0,8890605972859,8890605972923
perception,3612,0,8890605972987,8890605973083
perception,3613,0,8890605973179,8890605973243
perception,3614,0,8890605973339,8890605973371
perception,3615,0,8890605973499,8890605973531
perception,3616,0,8890605973659,8890605973723
perception,3617,0,8890605973851,8890605973947
perception,3618,0,8890605974043,8890605974075
perception,3619,0,8890605974203,8890605974235
perception,3620,0,8890605974363,8890605974395
perception,3621,0,8890605974491,8890605974587
perception,3622,0,8890605974683,8890605974747
perception,3623,0,8890605974843,8890605974907
perception,3624,0,8890605975003,8890605975067
perception,3625,0,8890605975195,8890605975259
perception,3626,0,8890605975355,8890605975419
perception,3627,0,8890605975515,8890605975580
perception,3628,0,8890605975708,8890605975740
perception,3629,0,8890605975868,8890605975900
perception,3630,0,8890605976028,8890605976060
perception,3631,0,8890605976188,8890605976220
perception,3632,0,8890605976348,8890605976412
perception,3633,0,8890605976508,8890605976572
perception,3634,0,8890605976700,8890605976732
perception,3635,0,8890605976860,8890605976924
perception,3636,0,8890605977020,8890605977084
perception,3637,0,8890605977180,8890605977244
perception,3638,0,8890605977372,8890605977436
perception,3639,0,8890605977532,8890605977596
perception,3640,0,8890605977724,8890605977756
perception,3641,0,8890605977916,8890605977980
perception,3642,0,8890605978076,8890605978140
perception,3643,0,8890605978236,8890605978300
perception,3644,0,8890605978396,8890605978460
perception,3645,0,8890605978556,8890605978620
perception,3646,0,8890605978716,8890605978780
perception,3647,0,8890605978876,8890605978940
perception,3648,0,8890605979036,8890605979100
perception,3649,0,8890605979228,8890605979260
perception,3650,0,8890605979388,8890605979420
perception,3651,0,8890605979516,8890605979580
perception,3652,0,8890605979708,8890605979772
perception,3653,0,8890605979900,8890605979964
perception,3654,0,8890605980092,8890605980124
perception,3655,0,8890605980220,8890605980284
perception,3656,0,8890605980380,8890605980444
perception,3657,0,8890605980540,8890605980604
perception,3658,0,8890605980700,8890605980796
perception,3659,0,8890605980892,8890605980924
perception,3660,0,8890605981052,8890605981084
perception,3661,0,8890605981212,8890605981276
perception,3662,0,8890605981372,8890605981468
perception,3663,0,8890605981564,8890605981628
perception,3664,0,8890605981724,8890605981756
perception,3665,0,8890605981884,8890605981916
perception,3666,0,8890605982044,8890605982108
perception,3667,0,8890605982204,8890605982268
perception,3668,0,8890605982364,8890605982428
perception,3669,0,8890605982556,8890605982620
perception,3670,0,8890605982748,8890605982780
perception,3671,0,8890605982876,8890605982940
perception,3672,0,8890605983036,8890605983132
perception,3673,0,8890605983228,8890605983292
perception,3674,0,8890605983420,8890605983452
perception,3675,0,8890605983580,8890605983612
perception,3676,0,8890605983740,8890605983772
perception,3677,0,8890605983868,8890605983932
perception,3678,0,8890605984028,8890605984124
perception,3679,0,8890605984220,8890605984284
perception,3680,0,8890605984380,8890605984412
perception,3681,0,8890605984540,8890605984572
perception,3682,0,8890605984700,8890605984732
perception,3683,0,8890605984828,8890605984924
perception,3684,0,8890605985052,8890605985116
perception,3685,0,8890605985212,8890605985276
perception,3686,0,8890605985372,8890605985404
perception,3687,0,8890605985532,8890605985564
perception,3688,0,8890605985692,8890605985724
perception,3689,0,8890605985820,8890605985884
perception,3690,0,8890605985980,8890605986044
perception,3691,0,8890605986140,8890605986204
perception,3692,0,8890605986300,8890605986364
perception,3693,0,8890605986460,8890605986524
perception,3694,0,8890605986620,8890605986652
perception,3695,0,8890605986780,8890605986844
perception,3696,0,8890605986940,8890605987004
perception,3697,0,8890605987100,8890605987164
perception,3698,0,8890605987260,8890605987324
perception,3699,0,8890605987420,8890605987516
perception,3700,0,8890605987612,8890605987644
perception,3701,0,8890605987772,8890605987804
perception,3702,0,8890605987932,8890605987964
perception,3703,0,8890605988092,8890605988156
perception,3704,0,8890605988252,8890605988316
perception,3705,0,8890605988412,8890605988476
perception,3706,0,8890605988604,8890605988636
perception,3707,0,8890605988764,8890605988796
perception,3708,0,8890605988892,8890605988956
perception,3709,0,8890605989084,8890605989180
perception,3710,0,8890605989276,8890605989308
perception,3711,0,8890605989436,8890605989468
perception,3712,0,8890605991900,8890605991964
perception,3713,0,8890605992060,8890605992124
perception,3714,0,8890605992252,8890605992284
perception,3715,0,8890605992380,8890605992444
perception,3716,0,8890605992540,8890605992604
perception,3717,0,8890605992700,8890605992764
perception,3718,0,8890605992860,8890605992924
perception,3719,0,8890605993020,8890605993084
perception,3720,0,8890605993212,8890605993244
perception,3721,0,8890605993372,8890605993404
perception,3722,0,8890605993532,8890605993596
perception,3723,0,8890605993692,8890605993756
perception,3724,0,8890605993852,8890605993916
perception,3725,0,8890605994012,8890605994076
perception,3726,0,8890605994204,8890605994236
perception,3727,0,8890605994364,8890605994396
perception,3728,0,8890605994492,8890605994556
perception,3729,0,8890605994652,8890605994748
perception,3730,0,8890605994844,8890605994908
perception,3731,0,8890605995036,8890605995068
perception,3732,0,8890605995196,8890605995228
perception,3733,0,8890605995324,8890605995420
perception,3734,0,8890605995548,8890605995612
perception,3735,0,8890605995708,8890605995740
perception,3736,0,8890605995868,8890605995900
perception,3737,0,8890605996028,8890605996060
perception,3738,0,8890605996188,8890605996252
perception,3739,0,8890605996348,8890605996412
perception,3740,0,8890605996540,8890605996604
perception,3741,0,8890605996700,8890605996764
perception,3742,0,8890605996860,8890605996924
perception,3743,0,8890605997020,8890605997084
perception,3744,0,8890605997180,8890605997276
perception,3745,0,8890605997372,8890605997436
perception,3746,0,8890605997532,8890605997564
perception,3747,0,8890605997692,8890605997756
perception,3748,0,8890605997852,8890605997916
perception,3749,0,8890605998012,8890605998076
perception,3750,0,8890605998204,8890605998268
perception,3751,0,8890605998364,8890605998428
perception,3752,0,8890605998556,8890605998588
perception,3753,0,8890605998684,8890605998748
perception,3754,0,8890605998844,8890605998940
perception,3755,0,8890605999036,8890605999100
perception,3756,0,8890605999196,8890605999260
perception,3757,0,8890605999356,8890605999388
perception,3758,0,8890605999516,8890605999580
perception,3759,0,8890605999676,8890605999740
perception,3760,0,8890605999836,8890605999900
perception,3761,0,8890605999996,8890606000060
perception,3762,0,8890606000188,8890606000220
perception,3763,0,8890606000348,8890606000380
perception,3764,0,8890606000508,8890606000540
perception,3765,0,8890606000636,8890606000700
perception,3766,0,8890606000828,8890606000892
perception,3767,0,8890606000988,8890606001052
perception,3768,0,8890606001148,8890606001212
perception,3769,0,8890606001308,8890606001372
perception,3770,0,8890606001500,8890606001564
perception,3771,0,8890606001660,8890606001724
perception,3772,0,8890606001852,8890606001916
perception,3773,0,8890606002012,8890606002044
perception,3774,0,8890606002172,8890606002236
perception,3775,0,8890606002332,8890606002396
perception,3776,0,8890606002492,8890606002556
perception,3777,0,8890606002684,8890606002748
perception,3778,0,8890606002844,8890606002876
perception,3779,0,8890606003004,8890606003036
perception,3780,0,8890606003164,8890606003228
perception,3781,0,8890606003324,8890606003388
perception,3782,0,8890606003484,8890606003548
perception,3783,0,8890606003677,8890606003741
perception,3784,0,8890606003837,8890606003869
perception,3785,0,8890606003997,8890606004029
perception,3786,0,8890606004157,8890606004221
perception,3787,0,8890606004317,8890606004381
perception,3788,0,8890606004477,8890606004541
perception,3789,0,8890606004637,8890606004701
perception,3790,0,8890606004797,8890606004829
perception,3791,0,8890606004957,8890606005021
perception,3792,0,8890606005117,8890606005181
perception,3793,0,8890606005277,8890606005341
perception,3794,0,8890606005437,8890606005501
perception,3795,0,8890606005597,8890606005661
perception,3796,0,8890606005757,8890606005821
perception,3797,0,8890606005917,8890606005949
perception,3798,0,8890606006109,8890606006141
perception,3799,0,8890606006237,8890606006333
perception,3800,0,8890606006429,8890606006493
perception,3801,0,8890606006589,8890606006653
perception,3802,0,8890606006749,8890606006813
perception,3803,0,8890606006941,8890606006973
perception,3804,0,8890606007069,8890606007133
perception,3805,0,8890606007229,8890606007293
perception,3806,0,8890606007389,8890606007485
perception,3807,0,8890606007581,8890606007645
perception,3808,0,8890606007773,8890606007805
perception,3809,0,8890606007933,8890606007965
perception,3810,0,8890606008061,8890606008157
perception,3811,0,8890606008253,8890606008317
perception,3812,0,8890606008413,8890606008477
perception,3813,0,8890606008605,8890606008637
perception,3814,0,8890606008765,8890606008829
perception,3815,0,8890606008925,8890606008989
perception,3816,0,8890606009085,8890606009149
perception,3817,0,8890606009245,8890606009309
perception,3818,0,8890606009405,8890606009469
perception,3819,0,8890606009597,8890606009629
perception,3820,0,8890606009725,8890606009821
perception,3821,0,8890606009917,8890606009981
perception,3822,0,8890606010077,8890606010141
perception,3823,0,8890606010269,8890606010301
perception,3824,0,8890606010429,8890606010461
perception,3825,0,8890606010589,8890606010621
perception,3826,0,8890606010717,8890606010781
perception,3827,0,8890606010877,8890606010973
perception,3828,0,8890606011037,8890606011133
perception,3829,0,8890606011229,8890606011293
perception,3830,0,8890606011389,8890606011421
perception,3831,0,8890606011549,8890606011613
perception,3832,0,8890606011709,8890606011773
perception,3833,0,8890606011869,8890606011933
perception,3834,0,8890606012029,8890606012093
perception,3835,0,8890606012189,8890606012253
perception,3836,0,8890606012349,8890606012381
perception,3837,0,8890606012509,8890606012541
perception,3838,0,8890606012669,8890606012733
perception,3839,0,8890606012829,8890606012893
perception,3840,0,8890606015005,8890606015069
perception,3841,0,8890606015165,8890606015197
perception,3842,0,8890606015325,8890606015389
perception,3843,0,8890606015485,8890606015549
perception,3844,0,8890606015645,8890606015709
perception,3845,0,8890606015805,8890606015869
perception,3846,0,8890606015965,8890606016029
perception,3847,0,8890606016125,8890606016189
perception,3848,0,8890606016317,8890606016349
perception,3849,0,8890606016445,8890606016509
perception,3850,0,8890606016605,8890606016669
perception,3851,0,8890606016765,8890606016829
perception,3852,0,8890606016925,8890606017021
perception,3853,0,8890606017149,8890606017181
perception,3854,0,8890606017277,8890606017341
perception,3855,0,8890606017437,8890606017501
perception,3856,0,8890606017597,8890606017693
perception,3857,0,8890606017789,8890606017853
perception,3858,0,8890606017949,8890606017981
perception,3859,0,8890606018141,8890606018173
perception,3860,0,8890606018269,8890606018333
perception,3861,0,8890606018461,8890606018525
perception,3862,0,8890606018621,8890606018685
perception,3863,0,8890606018781,8890606018845
perception,3864,0,8890606018973,8890606019005
perception,3865,0,8890606019101,8890606019165
perception,3866,0,8890606019261,8890606019325
perception,3867,0,8890606019485,8890606019517
perception,3868,0,8890606019645,8890606019677
perception,3869,0,8890606019805,8890606019869
perception,3870,0,8890606019965,8890606020029
perception,3871,0,8890606020125,8890606020189
perception,3872,0,8890606020285,8890606020381
perception,3873,0,8890606020509,8890606020541
perception,3874,0,8890606020637,8890606020701
perception,3875,0,8890606020829,8890606020893
perception,3876,0,8890606020989,8890606021053
perception,3877,0,8890606021149,8890606021213
perception,3878,0,8890606021309,8890606021341
perception,3879,0,8890606021469,8890606021533
perception,3880,0,8890606021629,8890606021693
perception,3881,0,8890606021789,8890606021853
perception,3882,0,8890606021949,8890606022013
perception,3883,0,8890606022109,8890606022173
perception,3884,0,8890606022269,8890606022333
perception,3885,0,8890606022429,8890606022493
perception,3886,0,8890606022621,8890606022653
perception,3887,0,8890606022749,8890606022845
perception,3888,0,8890606022941,8890606023005
perception,3889,0,8890606023101,8890606023165
perception,3890,0,8890606023261,8890606023325
perception,3891,0,8890606023453,8890606023485
perception,3892,0,8890606023581,8890606023645
perception,3893,0,8890606023773,8890606023869
perception,3894,0,8890606023965,8890606023997
perception,3895,0,8890606024125,8890606024157
perception,3896,0,8890606024285,8890606024317
perception,3897,0,8890606024445,8890606024509
perception,3898,0,8890606024605,8890606024669
perception,3899,0,8890606024765,8890606024829
perception,3900,0,8890606024957,8890606024989
perception,3901,0,8890606025117,8890606025149
perception,3902,0,8890606025277,8890606025309
perception,3903,0,8890606025405,8890606025501
perception,3904,0,8890606025597,8890606025661
perception,3905,0,8890606025757,8890606025821
perception,3906,0,8890606025917,8890606025949
perception,3907,0,8890606026077,8890606026109
perception,3908,0,8890606026237,8890606026269
perception,3909,0,8890606026397,8890606026429
perception,3910,0,8890606026557,8890606026621
perception,3911,0,8890606026717,8890606026781
perception,3912,0,8890606026877,8890606026941
perception,3913,0,8890606027037,8890606027101
perception,3914,0,8890606027229,8890606027261
perception,3915,0,8890606027357,8890606027421
perception,3916,0,8890606027517,8890606027613
perception,3917,0,8890606027709,8890606027773
perception,3918,0,8890606027869,8890606027933
perception,3919,0,8890606028029,8890606028061
perception,3920,0,8890606028189,8890606028253
perception,3921,0,8890606028349,8890606028413
perception,3922,0,8890606028509,8890606028573
perception,3923,0,8890606028701,8890606028765
perception,3924,0,8890606028861,8890606028893
perception,3925,0,8890606029021,8890606029085
perception,3926,0,8890606029181,8890606029245
perception,3927,0,8890606029341,8890606029405
perception,3928,0,8890606029501,8890606029597
perception,3929,0,8890606029693,8890606029725
perception,3930,0,8890606029853,8890606029885
perception,3931,0,8890606030013,8890606030045
perception,3932,0,8890606030173,8890606030237
perception,3933,0,8890606030333,8890606030397
perception,3934,0,8890606030493,8890606030557
perception,3935,0,8890606030653,8890606030717
perception,3936,0,8890606030813,8890606030845
perception,3937,0,8890606030973,8890606031005
perception,3938,0,8890606031133,8890606031165
perception,3939,0,8890606031293,8890606031325
perception,3940,0,8890606031421,8890606031485
perception,3941,0,8890606031613,8890606031678
perception,3942,0,8890606031774,8890606031838
perception,3943,0,8890606031934,8890606031966
perception,3944,0,8890606032094,8890606032158
perception,3945,0,8890606032254,8890606032318
perception,3946,0,8890606032478,8890606032542
perception,3947,0,8890606032638,8890606032702
perception,3948,0,8890606032830,8890606032894
perception,3949,0,8890606032990,8890606033086
perception,3950,0,8890606033182,8890606033246
perception,3951,0,8890606033342,8890606033374
perception,3952,0,8890606033502,8890606033566
perception,3953,0,8890606033662,8890606033726
perception,3954,0,8890606033854,8890606033918
perception,3955,0,8890606034014,8890606034078
perception,3956,0,8890606034174,8890606034206
perception,3957,0,8890606034334,8890606034366
perception,3958,0,8890606034494,8890606034526
perception,3959,0,8890606034654,8890606034718
perception,3960,0,8890606034814,8890606034878
perception,3961,0,8890606034974,8890606035070
perception,3962,0,8890606035166,8890606035198
perception,3963,0,8890606035294,8890606035358
perception,3964,0,8890606035486,8890606035518
perception,3965,0,8890606035614,8890606035678
perception,3966,0,8890606035774,8890606035838
perception,3967,0,8890606035934,8890606036030
perception,3968,0,8890606037982,8890606038046
perception,3969,0,8890606038174,8890606038238
perception,3970,0,8890606038334,8890606038398
perception,3971,0,8890606038494,8890606038558
perception,3972,0,8890606038686,8890606038718
perception,3973,0,8890606038846,8890606038878
perception,3974,0,8890606038974,8890606039038
perception,3975,0,8890606039134,8890606039198
perception,3976,0,8890606039294,8890606039358
perception,3977,0,8890606039454,8890606039518
perception,3978,0,8890606039614,8890606039678
perception,3979,0,8890606039774,8890606039806
perception,3980,0,8890606039934,8890606039966
perception,3981,0,8890606040126,8890606040190
perception,3982,0,8890606040286,8890606040350
perception,3983,0,8890606040446,8890606040510
perception,3984,0,8890606040638,8890606040670
perception,3985,0,8890606040798,8890606040830
perception,3986,0,8890606040958,8890606041022
perception,3987,0,8890606041118,8890606041182
perception,3988,0,8890606041278,8890606041342
perception,3989,0,8890606041470,8890606041502
perception,3990,0,8890606041630,8890606041662
perception,3991,0,8890606041790,8890606041854
perception,3992,0,8890606041950,8890606042046
perception,3993,0,8890606042142,8890606042174
perception,3994,0,8890606042302,8890606042334
perception,3995,0,8890606042494,8890606042558
perception,3996,0,8890606042654,8890606042750
perception,3997,0,8890606042878,8890606042910
perception,3998,0,8890606043038,8890606043070
perception,3999,0,8890606043166,8890606043230
perception,4000,0,8890606043358,8890606043422
perception,4001,0,8890606043518,8890606043582
perception,4002,0,8890606043678,8890606043742
perception,4003,0,8890606043838,8890606043870
perception,4004,0,8890606043998,8890606044062
perception,4005,0,8890606044158,8890606044222
perception,4006,0,8890606044318,8890606044382
perception,4007,0,8890606044478,8890606044542
perception,4008,0,8890606044638,8890606044702
perception,4009,0,8890606044798,8890606044862
perception,4010,0,8890606044990,8890606045054
perception,4011,0,8890606045150,8890606045214
perception,4012,0,8890606045310,8890606045406
perception,4013,0,8890606045534,8890606045598
perception,4014,0,8890606045694,8890606045758
perception,4015,0,8890606045854,8890606045918
perception,4016,0,8890606046014,8890606046078
perception,4017,0,8890606046174,8890606046238
perception,4018,0,8890606046334,8890606046398
perception,4019,0,8890606046494,8890606046526
perception,4020,0,8890606046654,8890606046686
perception,4021,0,8890606046814,8890606046878
perception,4022,0,8890606046974,8890606047038
perception,4023,0,8890606047134,8890606047198
perception,4024,0,8890606047294,8890606047358
perception,4025,0,8890606047518,8890606047550
perception,4026,0,8890606047646,8890606047710
perception,4027,0,8890606047806,8890606047870
perception,4028,0,8890606047998,8890606048062
perception,4029,0,8890606048158,8890606048190
perception,4030,0,8890606048318,8890606048350
perception,4031,0,8890606048478,8890606048574
perception,4032,0,8890606048670,8890606048734
perception,4033,0,8890606048830,8890606048894
perception,4034,0,8890606048990,8890606049054
perception,4035,0,8890606049182,8890606049214
perception,4036,0,8890606049310,8890606049374
perception,4037,0,8890606049470,8890606049534
perception,4038,0,8890606049630,8890606049694
perception,4039,0,8890606049822,8890606049886
perception,4040,0,8890606049982,8890606050014
perception,4041,0,8890606050142,8890606050174
perception,4042,0,8890606050302,8890606050366
perception,4043,0,8890606050462,8890606050558
perception,4044,0,8890606050654,8890606050718
perception,4045,0,8890606050814,8890606050878
perception,4046,0,8890606051006,8890606051038
perception,4047,0,8890606051166,8890606051230
perception,4048,0,8890606051326,8890606051390
perception,4049,0,8890606051486,8890606051550
perception,4050,0,8890606051678,8890606051710
perception,4051,0,8890606051838,8890606051870
perception,4052,0,8890606051966,8890606052030
perception,4053,0,8890606052158,8890606052254
perception,4054,0,8890606052318,8890606052382
perception,4055,0,8890606052510,8890606052542
perception,4056,0,8890606052670,8890606052734
perception,4057,0,8890606052830,8890606052894
perception,4058,0,8890606052990,8890606053086
perception,4059,0,8890606053150,8890606053246
perception,4060,0,8890606053342,8890606053374
perception,4061,0,8890606053502,8890606053534
perception,4062,0,8890606053662,8890606053694
perception,4063,0,8890606053790,8890606053854
perception,4064,0,8890606053950,8890606054014
perception,4065,0,8890606054110,8890606054174
perception,4066,0,8890606054270,8890606054366
perception,4067,0,8890606054462,8890606054494
perception,4068,0,8890606054622,8890606054686
perception,4069,0,8890606054782,8890606054846
perception,4070,0,8890606054942,8890606055006
perception,4071,0,8890606055102,8890606055198
perception,4072,0,8890606055294,8890606055326
perception,4073,0,8890606055454,8890606055486
perception,4074,0,8890606055614,8890606055646
perception,4075,0,8890606055742,8890606055838
perception,4076,0,8890606055934,8890606055998
perception,4077,0,8890606056094,8890606056158
perception,4078,0,8890606056254,8890606056318
perception,4079,0,8890606056414,8890606056478
perception,4080,0,8890606056606,8890606056638
perception,4081,0,8890606056734,8890606056798
perception,4082,0,8890606056894,8890606056958
perception,4083,0,8890606057054,8890606057150
perception,4084,0,8890606057246,8890606057278
perception,4085,0,8890606057406,8890606057438
perception,4086,0,8890606057566,8890606057630
perception,4087,0,8890606057726,8890606057790
perception,4088,0,8890606057886,8890606057950
perception,4089,0,8890606058142,8890606058174
perception,4090,0,8890606058270,8890606058334
perception,4091,0,8890606058430,8890606058494
perception,4092,0,8890606058622,8890606058686
perception,4093,0,8890606058782,8890606058846
perception,4094,0,8890606058942,8890606058974
perception,4095,0,8890606059102,8890606059166
perception,4096,0,8890606063327,8890606063423
perception,4097,0,8890606063519,8890606063583
perception,4098,0,8890606063711,8890606063743
perception,4099,0,8890606063871,8890606063935
perception,4100,0,8890606064063,8890606064127
perception,4101,0,8890606064223,8890606064287
perception,4102,0,8890606064415,8890606064479
perception,4103,0,8890606064575,8890606064639
perception,4104,0,8890606064799,8890606064831
perception,4105,0,8890606064959,8890606064991
perception,4106,0,8890606065119,8890606065151
perception,4107,0,8890606065279,8890606065343
perception,4108,0,8890606065503,8890606065535
perception,4109,0,8890606065663,8890606065695
perception,4110,0,8890606065823,8890606065855
perception,4111,0,8890606065983,8890606066047
perception,4112,0,8890606066143,8890606066207
perception,4113,0,8890606066335,8890606066399
perception,4114,0,8890606066495,8890606066527
perception,4115,0,8890606066655,8890606066719
perception,4116,0,8890606066815,8890606066879
perception,4117,0,8890606066975,8890606067071
perception,4118,0,8890606067167,8890606067231
perception,4119,0,8890606067359,8890606067391
perception,4120,0,8890606067519,8890606067551
perception,4121,0,8890606067647,8890606067711
perception,4122,0,8890606067807,8890606067903
perception,4123,0,8890606067999,8890606068063
perception,4124,0,8890606068159,8890606068191
perception,4125,0,8890606068319,8890606068351
perception,4126,0,8890606068479,8890606068511
perception,4127,0,8890606068639,8890606068703
perception,4128,0,8890606068799,8890606068863
perception,4129,0,8890606068959,8890606069023
perception,4130,0,8890606069119,8890606069183
perception,4131,0,8890606069311,8890606069343
perception,4132,0,8890606069471,8890606069503
perception,4133,0,8890606069599,8890606069663
perception,4134,0,8890606069791,8890606069855
perception,4135,0,8890606069951,8890606070015
perception,4136,0,8890606070111,8890606070175
perception,4137,0,8890606070303,8890606070335
perception,4138,0,8890606070431,8890606070495
perception,4139,0,8890606070591,8890606070687
perception,4140,0,8890606070783,8890606070847
perception,4141,0,8890606070943,8890606071007
perception,4142,0,8890606071135,8890606071199
perception,4143,0,8890606071295,8890606071359
perception,4144,0,8890606071487,8890606071551
perception,4145,0,8890606071647,8890606071711
perception,4146,0,8890606071807,8890606071871
perception,4147,0,8890606071967,8890606072031
perception,4148,0,8890606072127,8890606072191
perception,4149,0,8890606072319,8890606072383
perception,4150,0,8890606072479,8890606072543
perception,4151,0,8890606072639,8890606072671
perception,4152,0,8890606072799,8890606072863
perception,4153,0,8890606072959,8890606073023
perception,4154,0,8890606073119,8890606073183
perception,4155,0,8890606073279,8890606073343
perception,4156,0,8890606073471,8890606073503
perception,4157,0,8890606073631,8890606073663
perception,4158,0,8890606073791,8890606073823
perception,4159,0,8890606073951,8890606074015
perception,4160,0,8890606074111,8890606074175
perception,4161,0,8890606074271,8890606074335
perception,4162,0,8890606074431,8890606074495
perception,4163,0,8890606074591,8890606074655
perception,4164,0,8890606074783,8890606074815
perception,4165,0,8890606074911,8890606074975
perception,4166,0,8890606075071,8890606075135
perception,4167,0,8890606075231,8890606075295
perception,4168,0,8890606075391,8890606075455
perception,4169,0,8890606075551,8890606075615
perception,4170,0,8890606075743,8890606075775
perception,4171,0,8890606075935,8890606075999
perception,4172,0,8890606076095,8890606076159
perception,4173,0,8890606076255,8890606076319
perception,4174,0,8890606076447,8890606076479
perception,4175,0,8890606076575,8890606076639
perception,4176,0,8890606076735,8890606076799
perception,4177,0,8890606076895,8890606076959
perception,4178,0,8890606077055,8890606077119
perception,4179,0,8890606077215,8890606077279
perception,4180,0,8890606077407,8890606077439
perception,4181,0,8890606077567,8890606077599
perception,4182,0,8890606077727,8890606077791
perception,4183,0,8890606077887,8890606077951
perception,4184,0,8890606078047,8890606078111
perception,4185,0,8890606078207,8890606078271
perception,4186,0,8890606078367,8890606078431
perception,4187,0,8890606078559,8890606078591
perception,4188,0,8890606078719,8890606078783
perception,4189,0,8890606078879,8890606078975
perception,4190,0,8890606079071,8890606079103
perception,4191,0,8890606079231,8890606079263
perception,4192,0,8890606079391,8890606079455
perception,4193,0,8890606079551,8890606079615
perception,4194,0,8890606079711,8890606079775
perception,4195,0,8890606079903,8890606079967
perception,4196,0,8890606080063,8890606080095
perception,4197,0,8890606080223,8890606080287
perception,4198,0,8890606080383,8890606080447
perception,4199,0,8890606080543,8890606080639
perception,4200,0,8890606080735,8890606080799
perception,4201,0,8890606080895,8890606080927
perception,4202,0,8890606081055,8890606081119
perception,4203,0,8890606081215,8890606081279
perception,4204,0,8890606081375,8890606081439
perception,4205,0,8890606081535,8890606081599
perception,4206,0,8890606081695,8890606081759
perception,4207,0,8890606081855,8890606081919
perception,4208,0,8890606082015,8890606082079
perception,4209,0,8890606082175,8890606082271
perception,4210,0,8890606082335,8890606082431
perception,4211,0,8890606082559,8890606082623
perception,4212,0,8890606082687,8890606082751
perception,4213,0,8890606082879,8890606082911
perception,4214,0,8890606083039,8890606083071
perception,4215,0,8890606083199,8890606083263
perception,4216,0,8890606083359,8890606083423
perception,4217,0,8890606083519,8890606083583
perception,4218,0,8890606083711,8890606083743
perception,4219,0,8890606083871,8890606083903
perception,4220,0,8890606083999,8890606084063
perception,4221,0,8890606084191,8890606084255
perception,4222,0,8890606084351,8890606084415
perception,4223,0,8890606084543,8890606084575
perception,4224,0,8890606087071,8890606087135
perception,4225,0,8890606087231,8890606087295
perception,4226,0,8890606087391,8890606087455
perception,4227,0,8890606087583,8890606087647
perception,4228,0,8890606087776,8890606087808
perception,4229,0,8890606087936,8890606087968
perception,4230,0,8890606088064,8890606088128
perception,4231,0,8890606088256,8890606088320
perception,4232,0,8890606088416,8890606088480
perception,4233,0,8890606088608,8890606088640
perception,4234,0,8890606088768,8890606088832
perception,4235,0,8890606088960,8890606089024
perception,4236,0,8890606089184,8890606089216
perception,4237,0,8890606089312,8890606089376
perception,4238,0,8890606089472,8890606089536
perception,4239,0,8890606089632,8890606089696
perception,4240,0,8890606089792,8890606089856
perception,4241,0,8890606089952,8890606090016
perception,4242,0,8890606090144,8890606090176
perception,4243,0,8890606090304,8890606090336
perception,4244,0,8890606090432,8890606090496
perception,4245,0,8890606090624,8890606090688
perception,4246,0,8890606090784,8890606090848
perception,4247,0,8890606090976,8890606091008
perception,4248,0,8890606091136,8890606091200
perception,4249,0,8890606091296,8890606091392
perception,4250,0,8890606091488,8890606091552
perception,4251,0,8890606091648,8890606091712
perception,4252,0,8890606091808,8890606091840
perception,4253,0,8890606091968,8890606092032
perception,4254,0,8890606092128,8890606092192
perception,4255,0,8890606092288,8890606092352
perception,4256,0,8890606092448,8890606092512
perception,4257,0,8890606092640,8890606092672
perception,4258,0,8890606092832,8890606092864
perception,4259,0,8890606092960,8890606093024
perception,4260,0,8890606093120,8890606093184
perception,4261,0,8890606093280,8890606093376
perception,4262,0,8890606093472,8890606093504
perception,4263,0,8890606093632,8890606093664
perception,4264,0,8890606093792,8890606093824
perception,4265,0,8890606093952,8890606094016
perception,4266,0,8890606094112,8890606094176
perception,4267,0,8890606094272,8890606094368
perception,4268,0,8890606094464,8890606094496
perception,4269,0,8890606094624,8890606094688
perception,4270,0,8890606094816,8890606094880
perception,4271,0,8890606095008,8890606095072
perception,4272,0,8890606095168,8890606095200
perception,4273,0,8890606095328,8890606095360
perception,4274,0,8890606095488,8890606095552
perception,4275,0,8890606095616,8890606095712
perception,4276,0,8890606095776,8890606095872
perception,4277,0,8890606095968,8890606096032
perception,4278,0,8890606096128,8890606096192
perception,4279,0,8890606096320,8890606096352
perception,4280,0,8890606096480,8890606096544
perception,4281,0,8890606096640,8890606096704
perception,4282,0,8890606096832,8890606096864
perception,4283,0,8890606096992,8890606097024
perception,4284,0,8890606097152,8890606097184
perception,4285,0,8890606097280,8890606097344
perception,4286,0,8890606097440,8890606097536
perception,4287,0,8890606097632,8890606097696
perception,4288,0,8890606097792,8890606097856
perception,4289,0,8890606097984,8890606098016
perception,4290,0,8890606098144,8890606098176
perception,4291,0,8890606098304,8890606098368
perception,4292,0,8890606098464,8890606098560
perception,4293,0,8890606098656,8890606098688
perception,4294,0,8890606098816,8890606098848
perception,4295,0,8890606098976,8890606099008
perception,4296,0,8890606099136,8890606099232
perception,4297,0,8890606099328,8890606099392
perception,4298,0,8890606099520,8890606099552
perception,4299,0,8890606099680,8890606099744
perception,4300,0,8890606099840,8890606099904
perception,4301,0,8890606100000,8890606100064
perception,4302,0,8890606100160,8890606100224
perception,4303,0,8890606100352,8890606100384
perception,4304,0,8890606100512,8890606100576
perception,4305,0,8890606100704,8890606100768
perception,4306,0,8890606100864,8890606100928
perception,4307,0,8890606101056,8890606101088
perception,4308,0,8890606101216,8890606101248
perception,4309,0,8890606101344,8890606101440
perception,4310,0,8890606101536,8890606101600
perception,4311,0,8890606101696,8890606101760
perception,4312,0,8890606101888,8890606101920
perception,4313,0,8890606102048,8890606102080
perception,4314,0,8890606102176,8890606102272
perception,4315,0,8890606102368,8890606102432
perception,4316,0,8890606102528,8890606102592
perception,4317,0,8890606102688,8890606102752
perception,4318,0,8890606102880,8890606102912
perception,4319,0,8890606103040,8890606103072
perception,4320,0,8890606103168,8890606103232
perception,4321,0,8890606103328,8890606103392
perception,4322,0,8890606103488,8890606103552
perception,4323,0,8890606103648,8890606103712
perception,4324,0,8890606103808,8890606103872
perception,4325,0,8890606103968,8890606104000
perception,4326,0,8890606104160,8890606104192
perception,4327,0,8890606104288,8890606104384
perception,4328,0,8890606104512,8890606104576
perception,4329,0,8890606104672,8890606104704
perception,4330,0,8890606104832,8890606104896
perception,4331,0,8890606105024,8890606105088
perception,4332,0,8890606105184,8890606105248
perception,4333,0,8890606105344,8890606105408
perception,4334,0,8890606105504,8890606105568
perception,4335,0,8890606105696,8890606105728
perception,4336,0,8890606105824,8890606105888
perception,4337,0,8890606106016,8890606106080
perception,4338,0,8890606106176,8890606106240
perception,4339,0,8890606106336,8890606106400
perception,4340,0,8890606106528,8890606106560
perception,4341,0,8890606106656,8890606106720
perception,4342,0,8890606106816,8890606106880
perception,4343,0,8890606107008,8890606107072
perception,4344,0,8890606107168,8890606107232
perception,4345,0,8890606107328,8890606107360
perception,4346,0,8890606107520,8890606107552
perception,4347,0,8890606107648,8890606107712
perception,4348,0,8890606107808,8890606107904
perception,4349,0,8890606108000,8890606108064
perception,4350,0,8890606108160,8890606108192
perception,4351,0,8890606108352,8890606108384
perception,4352,0,8890606110848,8890606110912
perception,4353,0,8890606111040,8890606111104
perception,4354,0,8890606111200,8890606111264
perception,4355,0,8890606111360,8890606111424
perception,4356,0,8890606111520,8890606111552
perception,4357,0,8890606111680,8890606111744
perception,4358,0,8890606111840,8890606111904
perception,4359,0,8890606112000,8890606112064
perception,4360,0,8890606112192,8890606112256
perception,4361,0,8890606112384,8890606112416
perception,4362,0,8890606112544,8890606112576
perception,4363,0,8890606112672,8890606112768
perception,4364,0,8890606112896,8890606112960
perception,4365,0,8890606113056,8890606113088
perception,4366,0,8890606113216,8890606113248
perception,4367,0,8890606113376,8890606113440
perception,4368,0,8890606113536,8890606113600
perception,4369,0,8890606113696,8890606113760
perception,4370,0,8890606113856,8890606113920
perception,4371,0,8890606114016,8890606114080
perception,4372,0,8890606114208,8890606114240
perception,4373,0,8890606114368,8890606114400
perception,4374,0,8890606114496,8890606114592
perception,4375,0,8890606114720,8890606114784
perception,4376,0,8890606114880,8890606114912
perception,4377,0,8890606115040,8890606115072
perception,4378,0,8890606115200,8890606115264
perception,4379,0,8890606115360,8890606115424
perception,4380,0,8890606115520,8890606115584
perception,4381,0,8890606115712,8890606115777
perception,4382,0,8890606115905,8890606115969
perception,4383,0,8890606116065,8890606116129
perception,4384,0,8890606116225,8890606116289
perception,4385,0,8890606116385,8890606116449
perception,4386,0,8890606116577,8890606116609
perception,4387,0,8890606116737,8890606116769
perception,4388,0,8890606116865,8890606116929
perception,4389,0,8890606117057,8890606117121
perception,4390,0,8890606117217,8890606117281
perception,4391,0,8890606117377,8890606117441
perception,4392,0,8890606117537,8890606117569
perception,4393,0,8890606117697,8890606117729
perception,4394,0,8890606117857,8890606117921
perception,4395,0,8890606118017,8890606118081
perception,4396,0,8890606118209,8890606118273
perception,4397,0,8890606118369,8890606118401
perception,4398,0,8890606118529,8890606118561
perception,4399,0,8890606118689,8890606118753
perception,4400,0,8890606118849,8890606118913
perception,4401,0,8890606119009,8890606119073
perception,4402,0,8890606119169,8890606119265
perception,4403,0,8890606119361,8890606119393
perception,4404,0,8890606119553,8890606119617
perception,4405,0,8890606119713,8890606119777
perception,4406,0,8890606119873,8890606119969
perception,4407,0,8890606120065,8890606120097
perception,4408,0,8890606120225,8890606120257
perception,4409,0,8890606120385,8890606120417
perception,4410,0,8890606120513,8890606120609
perception,4411,0,8890606120705,8890606120769
perception,4412,0,8890606120897,8890606120929
perception,4413,0,8890606121057,8890606121089
perception,4414,0,8890606121217,8890606121281
perception,4415,0,8890606121377,8890606121441
perception,4416,0,8890606121537,8890606121601
perception,4417,0,8890606121697,8890606121761
perception,4418,0,8890606121889,8890606121921
perception,4419,0,8890606122049,8890606122081
perception,4420,0,8890606122177,8890606122273
perception,4421,0,8890606122369,8890606122433
perception,4422,0,8890606122561,8890606122625
perception,4423,0,8890606122721,8890606122753
perception,4424,0,8890606122881,8890606122945
perception,4425,0,8890606123073,8890606123137
perception,4426,0,8890606123233,8890606123297
perception,4427,0,8890606123393,8890606123457
perception,4428,0,8890606123585,8890606123617
perception,4429,0,8890606123745,8890606123777
perception,4430,0,8890606123873,8890606123969
perception,4431,0,8890606124065,8890606124129
perception,4432,0,8890606124193,8890606124289
perception,4433,0,8890606124353,8890606124417
perception,4434,0,8890606124545,8890606124577
perception,4435,0,8890606124705,8890606124769
perception,4436,0,8890606124833,8890606124929
perception,4437,0,8890606125025,8890606125089
perception,4438,0,8890606125185,8890606125281
perception,4439,0,8890606125409,8890606125441
perception,4440,0,8890606125537,8890606125601
perception,4441,0,8890606125697,8890606125761
perception,4442,0,8890606125857,8890606125953
perception,4443,0,8890606126049,8890606126113
perception,4444,0,8890606126209,8890606126241
perception,4445,0,8890606126369,8890606126433
perception,4446,0,8890606126529,8890606126593
perception,4447,0,8890606126689,8890606126753
perception,4448,0,8890606126881,8890606126945
perception,4449,0,8890606127041,8890606127073
perception,4450,0,8890606127233,8890606127265
perception,4451,0,8890606127361,8890606127425
perception,4452,0,8890606127521,8890606127585
perception,4453,0,8890606127713,8890606127777
perception,4454,0,8890606127905,8890606127937
perception,4455,0,8890606128065,8890606128129
perception,4456,0,8890606128225,8890606128289
perception,4457,0,8890606128385,8890606128449
perception,4458,0,8890606128545,8890606128609
perception,4459,0,8890606128737,8890606128769
perception,4460,0,8890606128897,8890606128961
perception,4461,0,8890606129057,8890606129121
perception,4462,0,8890606129217,8890606129313
perception,4463,0,8890606129409,8890606129473
perception,4464,0,8890606129569,8890606129601
perception,4465,0,8890606129729,8890606129793
perception,4466,0,8890606129889,8890606129953
perception,4467,0,8890606130049,8890606130113
perception,4468,0,8890606130209,8890606130273
perception,4469,0,8890606130369,8890606130433
perception,4470,0,8890606130561,8890606130593
perception,4471,0,8890606130721,8890606130753
perception,4472,0,8890606130849,8890606130913
perception,4473,0,8890606131009,8890606131073
perception,4474,0,8890606131169,8890606131233
perception,4475,0,8890606131329,8890606131393
perception,4476,0,8890606131489,8890606131553
perception,4477,0,8890606131681,8890606131713
perception,4478,0,8890606131841,8890606131873
perception,4479,0,8890606131969,8890606132033
perception,4480,0,8890606134497,8890606134561
perception,4481,0,8890606134657,8890606134721
perception,4482,0,8890606134817,8890606134881
perception,4483,0,8890606134977,8890606135041
perception,4484,0,8890606135137,8890606135201
perception,4485,0,8890606135329,8890606135393
perception,4486,0,8890606135521,8890606135585
perception,4487,0,8890606135681,8890606135745
perception,4488,0,8890606135841,8890606135905
perception,4489,0,8890606136033,8890606136065
perception,4490,0,8890606136193,8890606136225
perception,4491,0,8890606136353,8890606136417
perception,4492,0,8890606136513,8890606136577
perception,4493,0,8890606136705,8890606136737
perception,4494,0,8890606136865,8890606136897
perception,4495,0,8890606137025,8890606137057
perception,4496,0,8890606137153,8890606137249
perception,4497,0,8890606137345,8890606137409
perception,4498,0,8890606137505,8890606137569
perception,4499,0,8890606137665,8890606137729
perception,4500,0,8890606137857,8890606137889
perception,4501,0,8890606138017,8890606138081
perception,4502,0,8890606138177,8890606138241
perception,4503,0,8890606138337,8890606138401
perception,4504,0,8890606138497,8890606138561
perception,4505,0,8890606138689,8890606138721
perception,4506,0,8890606138849,8890606138913
perception,4507,0,8890606139009,8890606139073
perception,4508,0,8890606139169,8890606139265
perception,4509,0,8890606139361,8890606139393
perception,4510,0,8890606139521,8890606139585
perception,4511,0,8890606139681,8890606139745
perception,4512,0,8890606139841,8890606139905
perception,4513,0,8890606140001,8890606140065
perception,4514,0,8890606140193,8890606140225
perception,4515,0,8890606140353,8890606140385
perception,4516,0,8890606140513,8890606140577
perception,4517,0,8890606140673,8890606140737
perception,4518,0,8890606140865,8890606140929
perception,4519,0,8890606141025,8890606141089
perception,4520,0,8890606141217,8890606141249
perception,4521,0,8890606141345,8890606141409
perception,4522,0,8890606141505,8890606141601
perception,4523,0,8890606141697,8890606141761
perception,4524,0,8890606141857,8890606141921
perception,4525,0,8890606142049,8890606142081
perception,4526,0,8890606142209,8890606142273
perception,4527,0,8890606142369,8890606142433
perception,4528,0,8890606142561,8890606142625
perception,4529,0,8890606142721,8890606142753
perception,4530,0,8890606142881,8890606142913
perception,4531,0,8890606143041,8890606143105
perception,4532,0,8890606143233,8890606143297
perception,4533,0,8890606143393,8890606143457
perception,4534,0,8890606143585,8890606143617
perception,4535,0,8890606143745,8890606143778
perception,4536,0,8890606143874,8890606143938
perception,4537,0,8890606144034,8890606144130
perception,4538,0,8890606144226,8890606144290
perception,4539,0,8890606144386,8890606144418
perception,4540,0,8890606144546,8890606144578
perception,4541,0,8890606144706,8890606144738
perception,4542,0,8890606144834,8890606144898
perception,4543,0,8890606144994,8890606145058
perception,4544,0,8890606145154,8890606145218
perception,4545,0,8890606145314,8890606145378
perception,4546,0,8890606145474,8890606145538
perception,4547,0,8890606145666,8890606145698
perception,4548,0,8890606145826,8890606145858
perception,4549,0,8890606145954,8890606146018
perception,4550,0,8890606146114,8890606146178
perception,4551,0,8890606146306,8890606146370
perception,4552,0,8890606146466,8890606146530
perception,4553,0,8890606146658,8890606146690
perception,4554,0,8890606146818,8890606146850
perception,4555,0,8890606146978,8890606147042
perception,4556,0,8890606147170,8890606147234
perception,4557,0,8890606147330,8890606147362
perception,4558,0,8890606147490,8890606147554
perception,4559,0,8890606147650,8890606147714
perception,4560,0,8890606147810,8890606147874
perception,4561,0,8890606147970,8890606148034
perception,4562,0,8890606148130,8890606148194
perception,4563,0,8890606148322,8890606148354
perception,4564,0,8890606148482,8890606148514
perception,4565,0,8890606148610,8890606148706
perception,4566,0,8890606148802,8890606148866
perception,4567,0,8890606148962,8890606149026
perception,4568,0,8890606149122,8890606149186
perception,4569,0,8890606149314,8890606149346
perception,4570,0,8890606149474,8890606149506
perception,4571,0,8890606149602,8890606149666
perception,4572,0,8890606149762,8890606149858
perception,4573,0,8890606149954,8890606150018
perception,4574,0,8890606150114,8890606150178
perception,4575,0,8890606150274,8890606150306
perception,4576,0,8890606150434,8890606150498
perception,4577,0,8890606150594,8890606150658
perception,4578,0,8890606150754,8890606150818
perception,4579,0,8890606150914,8890606150978
perception,4580,0,8890606151106,8890606151138
perception,4581,0,8890606151266,8890606151298
perception,4582,0,8890606151426,8890606151458
perception,4583,0,8890606151586,8890606151650
perception,4584,0,8890606151746,8890606151810
perception,4585,0,8890606151906,8890606151970
perception,4586,0,8890606152098,8890606152130
perception,4587,0,8890606152258,8890606152290
perception,4588,0,8890606152386,8890606152450
perception,4589,0,8890606152546,8890606152610
perception,4590,0,8890606152706,8890606152770
perception,4591,0,8890606152866,8890606152930
perception,4592,0,8890606153026,8890606153090
perception,4593,0,8890606153218,8890606153250
perception,4594,0,8890606153378,8890606153442
perception,4595,0,8890606153538,8890606153602
perception,4596,0,8890606153698,8890606153762
perception,4597,0,8890606153890,8890606153954
perception,4598,0,8890606154050,8890606154082
perception,4599,0,8890606154210,8890606154242
perception,4600,0,8890606154370,8890606154434
perception,4601,0,8890606154530,8890606154594
perception,4602,0,8890606154690,8890606154754
perception,4603,0,8890606154850,8890606154914
perception,4604,0,8890606155010,8890606155074
perception,4605,0,8890606155202,8890606155266
perception,4606,0,8890606155362,8890606155426
perception,4607,0,8890606155554,8890606155618
perception,4608,0,8890606157986,8890606158018
perception,4609,0,8890606158146,8890606158178
perception,4610,0,8890606158274,8890606158370
perception,4611,0,8890606158466,8890606158530
perception,4612,0,8890606158626,8890606158690
perception,4613,0,8890606158786,8890606158850
perception,4614,0,8890606158946,8890606158978
perception,4615,0,8890606159106,8890606159138
perception,4616,0,8890606159266,8890606159298
perception,4617,0,8890606159394,8890606159458
perception,4618,0,8890606159554,8890606159618
perception,4619,0,8890606159714,8890606159778
perception,4620,0,8890606159906,8890606159970
perception,4621,0,8890606160098,8890606160130
perception,4622,0,8890606160226,8890606160290
perception,4623,0,8890606160386,8890606160450
perception,4624,0,8890606160546,8890606160642
perception,4625,0,8890606160738,8890606160802
perception,4626,0,8890606160898,8890606160930
perception,4627,0,8890606161058,8890606161090
perception,4628,0,8890606161218,8890606161282
perception,4629,0,8890606161378,8890606161442
perception,4630,0,8890606161538,8890606161602
perception,4631,0,8890606161698,8890606161762
perception,4632,0,8890606161858,8890606161922
perception,4633,0,8890606162050,8890606162082
perception,4634,0,8890606162178,8890606162242
perception,4635,0,8890606162370,8890606162434
perception,4636,0,8890606162530,8890606162594
perception,4637,0,8890606162690,8890606162754
perception,4638,0,8890606162850,8890606162914
perception,4639,0,8890606163042,8890606163074
perception,4640,0,8890606163170,8890606163234
perception,4641,0,8890606163330,8890606163394
perception,4642,0,8890606163522,8890606163586
perception,4643,0,8890606163682,8890606163746
perception,4644,0,8890606163874,8890606163938
perception,4645,0,8890606164034,8890606164098
perception,4646,0,8890606164226,8890606164290
perception,4647,0,8890606164418,8890606164450
perception,4648,0,8890606164578,8890606164610
perception,4649,0,8890606164706,8890606164770
perception,4650,0,8890606164898,8890606164962
perception,4651,0,8890606165058,8890606165122
perception,4652,0,8890606165250,8890606165282
perception,4653,0,8890606165410,8890606165442
perception,4654,0,8890606165570,8890606165634
perception,4655,0,8890606165730,8890606165826
perception,4656,0,8890606165922,8890606165954
perception,4657,0,8890606166082,8890606166114
perception,4658,0,8890606166242,8890606166274
perception,4659,0,8890606166402,8890606166434
perception,4660,0,8890606166530,8890606166594
perception,4661,0,8890606166690,8890606166754
perception,4662,0,8890606166850,8890606166914
perception,4663,0,8890606167042,8890606167074
perception,4664,0,8890606167202,8890606167234
perception,4665,0,8890606167362,8890606167394
perception,4666,0,8890606167522,8890606167586
perception,4667,0,8890606167682,8890606167746
perception,4668,0,8890606167842,8890606167906
perception,4669,0,8890606168002,8890606168066
perception,4670,0,8890606168194,8890606168226
perception,4671,0,8890606168354,8890606168418
perception,4672,0,8890606168514,8890606168578
perception,4673,0,8890606168706,8890606168770
perception,4674,0,8890606168898,8890606168930
perception,4675,0,8890606169058,8890606169090
perception,4676,0,8890606169218,8890606169282
perception,4677,0,8890606169378,8890606169442
perception,4678,0,8890606169538,8890606169602
perception,4679,0,8890606169698,8890606169762
perception,4680,0,8890606169890,8890606169922
perception,4681,0,8890606170018,8890606170082
perception,4682,0,8890606170178,8890606170274
perception,4683,0,8890606170370,8890606170434
perception,4684,0,8890606170530,8890606170594
perception,4685,0,8890606170690,8890606170722
perception,4686,0,8890606170850,8890606170914
perception,4687,0,8890606171010,8890606171074
perception,4688,0,8890606171170,8890606171266
perception,4689,0,8890606171394,8890606171426
perception,4690,0,8890606171554,8890606171586
perception,4691,0,8890606171714,8890606171778
perception,4692,0,8890606171875,8890606171939
perception,4693,0,8890606172035,8890606172099
perception,4694,0,8890606172195,8890606172259
perception,4695,0,8890606172355,8890606172419
perception,4696,0,8890606172547,8890606172579
perception,4697,0,8890606172675,8890606172739
perception,4698,0,8890606172835,8890606172899
perception,4699,0,8890606172995,8890606173059
perception,4700,0,8890606173155,8890606173219
perception,4701,0,8890606173315,8890606173379
perception,4702,0,8890606173507,8890606173571
perception,4703,0,8890606173667,8890606173731
perception,4704,0,8890606173827,8890606173891
perception,4705,0,8890606173987,8890606174051
perception,4706,0,8890606174179,8890606174211
perception,4707,0,8890606174339,8890606174371
perception,4708,0,8890606174499,8890606174531
perception,4709,0,8890606174659,8890606174723
perception,4710,0,8890606174819,8890606174915
perception,4711,0,8890606175011,8890606175075
perception,4712,0,8890606175171,8890606175203
perception,4713,0,8890606175331,8890606175395
perception,4714,0,8890606175491,8890606175555
perception,4715,0,8890606175651,8890606175715
perception,4716,0,8890606175843,8890606175907
perception,4717,0,8890606176003,8890606176067
perception,4718,0,8890606176195,8890606176227
perception,4719,0,8890606176323,8890606176387
perception,4720,0,8890606176483,8890606176579
perception,4721,0,8890606176675,8890606176739
perception,4722,0,8890606176835,8890606176867
perception,4723,0,8890606176995,8890606177027
perception,4724,0,8890606177155,8890606177219
perception,4725,0,8890606177315,8890606177411
perception,4726,0,8890606177507,8890606177571
perception,4727,0,8890606177667,8890606177731
perception,4728,0,8890606177827,8890606177859
perception,4729,0,8890606177987,8890606178051
perception,4730,0,8890606178147,8890606178211
perception,4731,0,8890606178307,8890606178371
perception,4732,0,8890606178467,8890606178563
perception,4733,0,8890606178659,8890606178691
perception,4734,0,8890606178851,8890606178883
perception,4735,0,8890606178979,8890606179043
perception,4736,0,8890606181635,8890606181667
perception,4737,0,8890606181763,8890606181859
perception,4738,0,8890606181955,8890606182019
perception,4739,0,8890606182115,8890606182179
perception,4740,0,8890606182307,8890606182339
perception,4741,0,8890606182467,8890606182499
perception,4742,0,8890606182627,8890606182691
perception,4743,0,8890606182819,8890606182883
perception,4744,0,8890606183011,8890606183043
perception,4745,0,8890606183171,8890606183203
perception,4746,0,8890606183299,8890606183363
perception,4747,0,8890606183491,8890606183555
perception,4748,0,8890606183651,8890606183715
perception,4749,0,8890606183843,8890606183875
perception,4750,0,8890606184003,8890606184035
perception,4751,0,8890606184163,8890606184227
perception,4752,0,8890606184323,8890606184387
perception,4753,0,8890606184483,8890606184547
perception,4754,0,8890606184643,8890606184707
perception,4755,0,8890606184835,8890606184899
perception,4756,0,8890606184995,8890606185059
perception,4757,0,8890606185155,8890606185219
perception,4758,0,8890606185347,8890606185411
perception,4759,0,8890606185507,8890606185539
perception,4760,0,8890606185667,8890606185731
perception,4761,0,8890606185827,8890606185923
perception,4762,0,8890606186019,8890606186083
perception,4763,0,8890606186211,8890606186243
perception,4764,0,8890606186371,8890606186435
perception,4765,0,8890606186531,8890606186595
perception,4766,0,8890606186691,8890606186755
perception,4767,0,8890606186851,8890606186915
perception,4768,0,8890606187011,8890606187075
perception,4769,0,8890606187203,8890606187235
perception,4770,0,8890606187363,8890606187427
perception,4771,0,8890606187523,8890606187555
perception,4772,0,8890606187651,8890606187747
perception,4773,0,8890606187811,8890606187875
perception,4774,0,8890606187971,8890606188067
perception,4775,0,8890606188163,8890606188195
perception,4776,0,8890606188323,8890606188355
perception,4777,0,8890606188483,8890606188515
perception,4778,0,8890606188611,8890606188675
perception,4779,0,8890606188803,8890606188867
perception,4780,0,8890606188963,8890606189027
perception,4781,0,8890606189123,8890606189187
perception,4782,0,8890606189315,8890606189347
perception,4783,0,8890606189475,8890606189539
perception,4784,0,8890606189667,8890606189731
perception,4785,0,8890606189827,8890606189891
perception,4786,0,8890606190019,8890606190051
perception,4787,0,8890606190179,8890606190211
perception,4788,0,8890606190307,8890606190403
perception,4789,0,8890606190499,8890606190595
perception,4790,0,8890606190691,8890606190723
perception,4791,0,8890606190851,8890606190883
perception,4792,0,8890606191011,8890606191075
perception,4793,0,8890606191171,8890606191235
perception,4794,0,8890606191331,8890606191395
perception,4795,0,8890606191523,8890606191555
perception,4796,0,8890606191683,8890606191715
perception,4797,0,8890606191843,8890606191875
perception,4798,0,8890606192003,8890606192067
perception,4799,0,8890606192163,8890606192227
perception,4800,0,8890606192323,8890606192387
perception,4801,0,8890606192483,8890606192547
perception,4802,0,8890606192675,8890606192707
perception,4803,0,8890606192835,8890606192867
perception,4804,0,8890606192963,8890606193027
perception,4805,0,8890606193123,8890606193219
perception,4806,0,8890606193315,8890606193379
perception,4807,0,8890606193507,8890606193539
perception,4808,0,8890606193667,8890606193699
perception,4809,0,8890606193795,8890606193891
perception,4810,0,8890606193987,8890606194051
perception,4811,0,8890606194147,8890606194211
perception,4812,0,8890606194307,8890606194371
perception,4813,0,8890606194467,8890606194499
perception,4814,0,8890606194659,8890606194723
perception,4815,0,8890606194819,8890606194883
perception,4816,0,8890606194979,8890606195043
perception,4817,0,8890606195139,8890606195203
perception,4818,0,8890606195299,8890606195363
perception,4819,0,8890606195491,8890606195523
perception,4820,0,8890606195619,8890606195683
perception,4821,0,8890606195811,8890606195875
perception,4822,0,8890606195971,8890606196035
perception,4823,0,8890606196131,8890606196195
perception,4824,0,8890606196291,8890606196355
perception,4825,0,8890606196451,8890606196515
perception,4826,0,8890606196611,8890606196675
perception,4827,0,8890606196771,8890606196835
perception,4828,0,8890606196931,8890606197027
perception,4829,0,8890606197123,8890606197155
perception,4830,0,8890606197283,8890606197315
perception,4831,0,8890606197443,8890606197475
perception,4832,0,8890606197603,8890606197667
perception,4833,0,8890606197763,8890606197859
perception,4834,0,8890606197955,8890606197987
perception,4835,0,8890606198115,8890606198147
perception,4836,0,8890606198275,8890606198339
perception,4837,0,8890606198435,8890606198499
perception,4838,0,8890606198595,8890606198659
perception,4839,0,8890606198755,8890606198819
perception,4840,0,8890606198915,8890606198979
perception,4841,0,8890606199075,8890606199139
perception,4842,0,8890606199267,8890606199299
perception,4843,0,8890606199395,8890606199459
perception,4844,0,8890606199555,8890606199651
perception,4845,0,8890606199747,8890606199811
perception,4846,0,8890606199908,8890606199972
perception,4847,0,8890606200068,8890606200100
perception,4848,0,8890606200228,8890606200292
perception,4849,0,8890606200388,8890606200452
perception,4850,0,8890606200548,8890606200612
perception,4851,0,8890606200708,8890606200804
perception,4852,0,8890606200900,8890606200932
perception,4853,0,8890606201060,8890606201092
perception,4854,0,8890606201220,8890606201252
perception,4855,0,8890606201348,8890606201412
perception,4856,0,8890606201508,8890606201572
perception,4857,0,8890606201668,8890606201732
perception,4858,0,8890606201828,8890606201924
perception,4859,0,8890606202020,8890606202052
perception,4860,0,8890606202180,8890606202212
perception,4861,0,8890606202340,8890606202372
perception,4862,0,8890606202468,8890606202532
perception,4863,0,8890606202628,8890606202692
perception,4864,0,8890606205156,8890606205252
perception,4865,0,8890606205348,8890606205412
perception,4866,0,8890606205540,8890606205572
perception,4867,0,8890606205700,8890606205764
perception,4868,0,8890606205892,8890606205956
perception,4869,0,8890606206052,8890606206116
perception,4870,0,8890606206212,8890606206276
perception,4871,0,8890606206436,8890606206500
perception,4872,0,8890606206628,8890606206660
perception,4873,0,8890606206788,8890606206820
perception,4874,0,8890606206948,8890606207012
perception,4875,0,8890606207108,8890606207204
perception,4876,0,8890606207300,8890606207364
perception,4877,0,8890606207460,8890606207524
perception,4878,0,8890606207652,8890606207684
perception,4879,0,8890606207780,8890606207876
perception,4880,0,8890606207972,8890606208036
perception,4881,0,8890606208132,8890606208196
perception,4882,0,8890606208292,8890606208356
perception,4883,0,8890606208452,8890606208484
perception,4884,0,8890606208612,8890606208644
perception,4885,0,8890606208772,8890606208804
perception,4886,0,8890606208900,8890606208964
perception,4887,0,8890606209060,8890606209124
perception,4888,0,8890606209220,8890606209284
perception,4889,0,8890606209380,8890606209444
perception,4890,0,8890606209540,8890606209604
perception,4891,0,8890606209700,8890606209732
perception,4892,0,8890606209892,8890606209956
perception,4893,0,8890606210052,8890606210116
perception,4894,0,8890606210212,8890606210276
perception,4895,0,8890606210372,8890606210436
perception,4896,0,8890606210532,8890606210596
perception,4897,0,8890606210724,8890606210756
perception,4898,0,8890606210916,8890606210980
perception,4899,0,8890606211076,8890606211140
perception,4900,0,8890606211236,8890606211300
perception,4901,0,8890606211428,8890606211460
perception,4902,0,8890606211556,8890606211620
perception,4903,0,8890606211716,8890606211780
perception,4904,0,8890606211876,8890606211972
perception,4905,0,8890606212068,8890606212132
perception,4906,0,8890606212228,8890606212260
perception,4907,0,8890606212388,8890606212452
perception,4908,0,8890606212548,8890606212612
perception,4909,0,8890606212708,8890606212772
perception,4910,0,8890606212868,8890606212964
perception,4911,0,8890606213060,8890606213092
perception,4912,0,8890606213220,8890606213252
perception,4913,0,8890606213380,8890606213412
perception,4914,0,8890606213508,8890606213604
perception,4915,0,8890606213732,8890606213796
perception,4916,0,8890606213892,8890606213956
perception,4917,0,8890606214052,8890606214084
perception,4918,0,8890606214244,8890606214308
perception,4919,0,8890606214404,8890606214468
perception,4920,0,8890606214564,8890606214628
perception,4921,0,8890606214788,8890606214820
perception,4922,0,8890606214948,8890606215012
perception,4923,0,8890606215108,8890606215172
perception,4924,0,8890606215268,8890606215332
perception,4925,0,8890606215460,8890606215492
perception,4926,0,8890606215620,8890606215652
perception,4927,0,8890606215748,8890606215812
perception,4928,0,8890606215908,8890606215972
perception,4929,0,8890606216068,8890606216164
perception,4930,0,8890606216260,8890606216324
perception,4931,0,8890606216420,8890606216452
perception,4932,0,8890606216580,8890606216612
perception,4933,0,8890606216740,8890606216772
perception,4934,0,8890606216868,8890606216964
perception,4935,0,8890606217060,8890606217124
perception,4936,0,8890606217220,8890606217284
perception,4937,0,8890606217412,8890606217444
perception,4938,0,8890606217572,8890606217604
perception,4939,0,8890606217732,8890606217764
perception,4940,0,8890606217892,8890606217956
perception,4941,0,8890606218052,8890606218116
perception,4942,0,8890606218212,8890606218276
perception,4943,0,8890606218372,8890606218436
perception,4944,0,8890606218564,8890606218596
perception,4945,0,8890606218692,8890606218756
perception,4946,0,8890606218884,8890606218948
perception,4947,0,8890606219108,8890606219140
perception,4948,0,8890606219268,8890606219300
perception,4949,0,8890606219396,8890606219460
perception,4950,0,8890606219588,8890606219652
perception,4951,0,8890606219748,8890606219812
perception,4952,0,8890606219908,8890606219972
perception,4953,0,8890606220068,8890606220132
perception,4954,0,8890606220228,8890606220292
perception,4955,0,8890606220452,8890606220516
perception,4956,0,8890606220644,8890606220708
perception,4957,0,8890606220804,8890606220868
perception,4958,0,8890606220964,8890606221060
perception,4959,0,8890606221156,8890606221220
perception,4960,0,8890606221316,8890606221348
perception,4961,0,8890606221476,8890606221508
perception,4962,0,8890606221636,8890606221668
perception,4963,0,8890606221796,8890606221860
perception,4964,0,8890606221956,8890606222020
perception,4965,0,8890606222180,8890606222212
perception,4966,0,8890606222340,8890606222372
perception,4967,0,8890606222468,8890606222532
perception,4968,0,8890606222628,8890606222692
perception,4969,0,8890606222788,8890606222852
perception,4970,0,8890606222948,8890606223012
perception,4971,0,8890606223108,8890606223172
perception,4972,0,8890606223268,8890606223300
perception,4973,0,8890606223428,8890606223460
perception,4974,0,8890606223588,8890606223652
perception,4975,0,8890606223748,8890606223812
perception,4976,0,8890606223908,8890606223972
perception,4977,0,8890606224068,8890606224164
perception,4978,0,8890606224260,8890606224292
perception,4979,0,8890606224420,8890606224452
perception,4980,0,8890606224580,8890606224644
perception,4981,0,8890606224804,8890606224836
perception,4982,0,8890606224964,8890606224996
perception,4983,0,8890606225124,8890606225188
perception,4984,0,8890606225284,8890606225348
perception,4985,0,8890606225476,8890606225540
perception,4986,0,8890606225700,8890606225732
perception,4987,0,8890606225828,8890606225892
perception,4988,0,8890606226020,8890606226084
perception,4989,0,8890606226180,8890606226244
perception,4990,0,8890606226372,8890606226404
perception,4991,0,8890606226532,8890606226564
perception,4992,0,8890606229253,8890606229317
perception,4993,0,8890606229413,8890606229477
perception,4994,0,8890606229605,8890606229637
perception,4995,0,8890606229733,8890606229797
perception,4996,0,8890606229893,8890606229957
perception,4997,0,8890606230021,8890606230117
perception,4998,0,8890606230181,8890606230277
perception,4999,0,8890606230405,8890606230437
perception,5000,0,8890606230597,8890606230661
perception,5001,0,8890606230757,8890606230821
perception,5002,0,8890606230949,8890606231013
perception,5003,0,8890606231109,8890606231173
perception,5004,0,8890606231301,8890606231333
perception,5005,0,8890606231429,8890606231493
perception,5006,0,8890606231589,8890606231653
perception,5007,0,8890606231749,8890606231845
perception,5008,0,8890606231941,8890606231973
perception,5009,0,8890606232101,8890606232133
perception,5010,0,8890606232261,8890606232293
perception,5011,0,8890606232389,8890606232485
perception,5012,0,8890606232613,8890606232677
perception,5013,0,8890606232773,8890606232837
perception,5014,0,8890606232933,8890606232965
perception,5015,0,8890606233093,8890606233125
perception,5016,0,8890606233253,8890606233317
perception,5017,0,8890606233445,8890606233509
perception,5018,0,8890606233605,8890606233669
perception,5019,0,8890606233765,8890606233829
perception,5020,0,8890606233957,8890606233989
perception,5021,0,8890606234085,8890606234149
perception,5022,0,8890606234245,8890606234309
perception,5023,0,8890606234405,8890606234469
perception,5024,0,8890606234565,8890606234629
perception,5025,0,8890606234757,8890606234789
perception,5026,0,8890606234917,8890606234949
perception,5027,0,8890606235077,8890606235141
perception,5028,0,8890606235237,8890606235301
perception,5029,0,8890606235397,8890606235461
perception,5030,0,8890606235589,8890606235621
perception,5031,0,8890606235749,8890606235813
perception,5032,0,8890606235909,8890606235973
perception,5033,0,8890606236069,8890606236133
perception,5034,0,8890606236229,8890606236293
perception,5035,0,8890606236389,8890606236453
perception,5036,0,8890606236549,8890606236613
perception,5037,0,8890606236709,8890606236773
perception,5038,0,8890606236869,8890606236933
perception,5039,0,8890606237029,8890606237093
perception,5040,0,8890606237221,8890606237285
perception,5041,0,8890606237381,8890606237445
perception,5042,0,8890606237541,8890606237573
perception,5043,0,8890606237701,8890606237733
perception,5044,0,8890606237861,8890606237893
perception,5045,0,8890606237989,8890606238053
perception,5046,0,8890606238149,8890606238213
perception,5047,0,8890606238309,8890606238373
perception,5048,0,8890606238501,8890606238565
perception,5049,0,8890606238629,8890606238693
perception,5050,0,8890606238821,8890606238853
perception,5051,0,8890606238981,8890606239013
perception,5052,0,8890606239109,8890606239173
perception,5053,0,8890606239269,8890606239365
perception,5054,0,8890606239461,8890606239525
perception,5055,0,8890606239621,8890606239685
perception,5056,0,8890606239781,8890606239813
perception,5057,0,8890606239973,8890606240037
perception,5058,0,8890606240133,8890606240197
perception,5059,0,8890606240293,8890606240357
perception,5060,0,8890606240485,8890606240517
perception,5061,0,8890606240645,8890606240677
perception,5062,0,8890606240837,8890606240901
perception,5063,0,8890606241061,8890606241093
perception,5064,0,8890606241221,8890606241285
perception,5065,0,8890606241381,8890606241445
perception,5066,0,8890606241573,8890606241637
perception,5067,0,8890606241733,8890606241765
perception,5068,0,8890606241925,8890606241957
perception,5069,0,8890606242053,8890606242117
perception,5070,0,8890606242213,8890606242277
perception,5071,0,8890606242373,8890606242469
perception,5072,0,8890606242565,8890606242629
perception,5073,0,8890606242725,8890606242757
perception,5074,0,8890606242885,8890606242917
perception,5075,0,8890606243045,8890606243109
perception,5076,0,8890606243173,8890606243269
perception,5077,0,8890606243365,8890606243429
perception,5078,0,8890606243525,8890606243589
perception,5079,0,8890606243685,8890606243749
perception,5080,0,8890606243845,8890606243877
perception,5081,0,8890606244005,8890606244037
perception,5082,0,8890606244165,8890606244197
perception,5083,0,8890606244293,8890606244357
perception,5084,0,8890606244453,8890606244517
perception,5085,0,8890606244645,8890606244709
perception,5086,0,8890606244805,8890606244837
perception,5087,0,8890606244965,8890606244997
perception,5088,0,8890606245125,8890606245189
perception,5089,0,8890606245285,8890606245349
perception,5090,0,8890606245445,8890606245541
perception,5091,0,8890606245637,8890606245701
perception,5092,0,8890606245797,8890606245829
perception,5093,0,8890606245957,8890606245989
perception,5094,0,8890606246117,8890606246181
perception,5095,0,8890606246277,8890606246341
perception,5096,0,8890606246437,8890606246533
perception,5097,0,8890606246629,8890606246661
perception,5098,0,8890606246789,8890606246821
perception,5099,0,8890606246949,8890606246981
perception,5100,0,8890606247109,8890606247173
perception,5101,0,8890606247269,8890606247333
perception,5102,0,8890606247429,8890606247493
perception,5103,0,8890606247621,8890606247653
perception,5104,0,8890606247781,8890606247845
perception,5105,0,8890606247941,8890606248005
perception,5106,0,8890606248101,8890606248165
perception,5107,0,8890606248261,8890606248357
perception,5108,0,8890606248453,8890606248485
perception,5109,0,8890606248613,8890606248645
perception,5110,0,8890606248773,8890606248837
perception,5111,0,8890606248901,8890606248997
perception,5112,0,8890606249125,8890606249189
perception,5113,0,8890606249317,8890606249349
perception,5114,0,8890606249477,8890606249509
perception,5115,0,8890606249637,8890606249701
perception,5116,0,8890606249797,8890606249861
perception,5117,0,8890606249957,8890606250021
perception,5118,0,8890606250149,8890606250181
perception,5119,0,8890606250309,8890606250341
perception,5120,0,8890606252805,8890606252837
perception,5121,0,8890606252965,8890606253029
perception,5122,0,8890606253157,8890606253221
perception,5123,0,8890606253317,8890606253381
perception,5124,0,8890606253509,8890606253541
perception,5125,0,8890606253669,8890606253733
perception,5126,0,8890606253829,8890606253893
perception,5127,0,8890606253989,8890606254053
perception,5128,0,8890606254181,8890606254213
perception,5129,0,8890606254373,8890606254405
perception,5130,0,8890606254501,8890606254597
perception,5131,0,8890606254693,8890606254757
perception,5132,0,8890606254853,8890606254917
perception,5133,0,8890606255013,8890606255077
perception,5134,0,8890606255205,8890606255237
perception,5135,0,8890606255333,8890606255397
perception,5136,0,8890606255525,8890606255589
perception,5137,0,8890606255685,8890606255749
perception,5138,0,8890606255845,8890606255910
perception,5139,0,8890606256038,8890606256070
perception,5140,0,8890606256198,8890606256230
perception,5141,0,8890606256358,8890606256422
perception,5142,0,8890606256550,8890606256614
perception,5143,0,8890606256710,8890606256742
perception,5144,0,8890606256870,8890606256902
perception,5145,0,8890606257030,8890606257062
perception,5146,0,8890606257190,8890606257254
perception,5147,0,8890606257350,8890606257414
perception,5148,0,8890606257510,8890606257574
perception,5149,0,8890606257670,8890606257734
perception,5150,0,8890606257830,8890606257894
perception,5151,0,8890606257990,8890606258054
perception,5152,0,8890606258150,8890606258214
perception,5153,0,8890606258310,8890606258374
perception,5154,0,8890606258470,8890606258534
perception,5155,0,8890606258662,8890606258694
perception,5156,0,8890606258854,8890606258886
perception,5157,0,8890606258982,8890606259046
perception,5158,0,8890606259174,8890606259238
perception,5159,0,8890606259334,8890606259398
perception,5160,0,8890606259494,8890606259526
perception,5161,0,8890606259654,8890606259718
perception,5162,0,8890606259814,8890606259878
perception,5163,0,8890606260006,8890606260070
perception,5164,0,8890606260198,8890606260230
perception,5165,0,8890606260358,8890606260390
perception,5166,0,8890606260518,8890606260550
perception,5167,0,8890606260646,8890606260710
perception,5168,0,8890606260838,8890606260902
perception,5169,0,8890606261030,8890606261062
perception,5170,0,8890606261222,8890606261254
perception,5171,0,8890606261350,8890606261446
perception,5172,0,8890606261542,8890606261638
perception,5173,0,8890606261734,8890606261766
perception,5174,0,8890606261894,8890606261926
perception,5175,0,8890606262054,8890606262086
perception,5176,0,8890606262182,8890606262278
perception,5177,0,8890606262374,8890606262470
perception,5178,0,8890606262566,8890606262630
perception,5179,0,8890606262726,8890606262758
perception,5180,0,8890606262886,8890606262950
perception,5181,0,8890606263046,8890606263110
perception,5182,0,8890606263206,8890606263270
perception,5183,0,8890606263398,8890606263462
perception,5184,0,8890606263558,8890606263622
perception,5185,0,8890606263718,8890606263782
perception,5186,0,8890606263878,8890606263942
perception,5187,0,8890606264038,8890606264102
perception,5188,0,8890606264230,8890606264294
perception,5189,0,8890606264390,8890606264422
perception,5190,0,8890606264550,8890606264582
perception,5191,0,8890606264710,8890606264742
perception,5192,0,8890606264838,8890606264934
perception,5193,0,8890606264998,8890606265094
perception,5194,0,8890606265190,8890606265254
perception,5195,0,8890606265350,8890606265414
perception,5196,0,8890606265510,8890606265542
perception,5197,0,8890606265670,8890606265702
perception,5198,0,8890606265830,8890606265862
perception,5199,0,8890606265958,8890606266054
perception,5200,0,8890606266150,8890606266214
perception,5201,0,8890606266310,8890606266374
perception,5202,0,8890606266470,8890606266534
perception,5203,0,8890606266630,8890606266662
perception,5204,0,8890606266790,8890606266854
perception,5205,0,8890606266950,8890606267014
perception,5206,0,8890606267142,8890606267206
perception,5207,0,8890606267302,8890606267366
perception,5208,0,8890606267494,8890606267526
perception,5209,0,8890606267654,8890606267686
perception,5210,0,8890606267782,8890606267846
perception,5211,0,8890606267974,8890606268038
perception,5212,0,8890606268134,8890606268198
perception,5213,0,8890606268294,8890606268358
perception,5214,0,8890606268486,8890606268518
perception,5215,0,8890606268614,8890606268678
perception,5216,0,8890606268774,8890606268838
perception,5217,0,8890606268966,8890606269030
perception,5218,0,8890606269158,8890606269190
perception,5219,0,8890606269318,8890606269382
perception,5220,0,8890606269478,8890606269542
perception,5221,0,8890606269638,8890606269702
perception,5222,0,8890606269798,8890606269894
perception,5223,0,8890606269990,8890606270022
perception,5224,0,8890606270182,8890606270214
perception,5225,0,8890606270310,8890606270374
perception,5226,0,8890606270470,8890606270566
perception,5227,0,8890606270630,8890606270726
perception,5228,0,8890606270822,8890606270854
perception,5229,0,8890606270982,8890606271014
perception,5230,0,8890606271142,8890606271174
perception,5231,0,8890606271302,8890606271366
perception,5232,0,8890606271462,8890606271526
perception,5233,0,8890606271622,8890606271686
perception,5234,0,8890606271782,8890606271846
perception,5235,0,8890606271942,8890606271974
perception,5236,0,8890606272102,8890606272134
perception,5237,0,8890606272262,8890606272294
perception,5238,0,8890606272390,8890606272454
perception,5239,0,8890606272550,8890606272614
perception,5240,0,8890606272710,8890606272806
perception,5241,0,8890606272902,8890606272966
perception,5242,0,8890606273062,8890606273094
perception,5243,0,8890606273222,8890606273254
perception,5244,0,8890606273382,8890606273414
perception,5245,0,8890606273510,8890606273606
perception,5246,0,8890606273702,8890606273766
perception,5247,0,8890606273862,8890606273926
perception,5248,0,8890606276582,8890606276614
perception,5249,0,8890606276742,8890606276806
perception,5250,0,8890606276902,8890606276966
perception,5251,0,8890606277062,8890606277126
perception,5252,0,8890606277222,8890606277286
perception,5253,0,8890606277414,8890606277446
perception,5254,0,8890606277574,8890606277638
perception,5255,0,8890606277734,8890606277798
perception,5256,0,8890606277894,8890606277958
perception,5257,0,8890606278086,8890606278150
perception,5258,0,8890606278278,8890606278342
perception,5259,0,8890606278438,8890606278502
perception,5260,0,8890606278598,8890606278662
perception,5261,0,8890606278758,8890606278822
perception,5262,0,8890606278950,8890606278982
perception,5263,0,8890606279110,8890606279142
perception,5264,0,8890606279270,8890606279302
perception,5265,0,8890606279398,8890606279462
perception,5266,0,8890606279558,8890606279622
perception,5267,0,8890606279718,8890606279782
perception,5268,0,8890606279878,8890606279942
perception,5269,0,8890606280038,8890606280102
perception,5270,0,8890606280198,8890606280230
perception,5271,0,8890606280358,8890606280390
perception,5272,0,8890606280518,8890606280550
perception,5273,0,8890606280646,8890606280742
perception,5274,0,8890606280838,8890606280902
perception,5275,0,8890606280998,8890606281062
perception,5276,0,8890606281158,8890606281222
perception,5277,0,8890606281350,8890606281382
perception,5278,0,8890606281510,8890606281542
perception,5279,0,8890606281670,8890606281734
perception,5280,0,8890606281862,8890606281926
perception,5281,0,8890606282022,8890606282054
perception,5282,0,8890606282182,8890606282214
perception,5283,0,8890606282342,8890606282406
perception,5284,0,8890606282502,8890606282566
perception,5285,0,8890606282662,8890606282726
perception,5286,0,8890606282854,8890606282886
perception,5287,0,8890606283014,8890606283078
perception,5288,0,8890606283174,8890606283238
perception,5289,0,8890606283366,8890606283430
perception,5290,0,8890606283526,8890606283590
perception,5291,0,8890606283718,8890606283750
perception,5292,0,8890606283878,8890606283910
perception,5293,0,8890606284007,8890606284071
perception,5294,0,8890606284167,8890606284263
perception,5295,0,8890606284359,8890606284423
perception,5296,0,8890606284519,8890606284583
perception,5297,0,8890606284679,8890606284711
perception,5298,0,8890606284839,8890606284903
perception,5299,0,8890606284999,8890606285063
perception,5300,0,8890606285159,8890606285223
perception,5301,0,8890606285351,8890606285415
perception,5302,0,8890606285543,8890606285575
perception,5303,0,8890606285703,8890606285735
perception,5304,0,8890606285863,8890606285927
perception,5305,0,8890606286023,8890606286087
perception,5306,0,8890606286183,8890606286247
perception,5307,0,8890606286343,8890606286407
perception,5308,0,8890606286503,8890606286535
perception,5309,0,8890606286663,8890606286695
perception,5310,0,8890606286823,8890606286855
perception,5311,0,8890606286951,8890606287015
perception,5312,0,8890606287143,8890606287207
perception,5313,0,8890606287303,8890606287367
perception,5314,0,8890606287463,8890606287527
perception,5315,0,8890606287623,8890606287655
perception,5316,0,8890606287783,8890606287847
perception,5317,0,8890606287943,8890606288007
perception,5318,0,8890606288135,8890606288199
perception,5319,0,8890606288295,8890606288359
perception,5320,0,8890606288455,8890606288487
perception,5321,0,8890606288615,8890606288711
perception,5322,0,8890606288807,8890606288871
perception,5323,0,8890606288967,8890606289031
perception,5324,0,8890606289127,8890606289191
perception,5325,0,8890606289287,8890606289351
perception,5326,0,8890606289479,8890606289511
perception,5327,0,8890606289607,8890606289671
perception,5328,0,8890606289799,8890606289863
perception,5329,0,8890606289991,8890606290023
perception,5330,0,8890606290151,8890606290183
perception,5331,0,8890606290311,8890606290343
perception,5332,0,8890606290439,8890606290535
perception,5333,0,8890606290631,8890606290695
perception,5334,0,8890606290791,8890606290855
perception,5335,0,8890606291015,8890606291047
perception,5336,0,8890606291143,8890606291207
perception,5337,0,8890606291303,8890606291399
perception,5338,0,8890606291495,8890606291559
perception,5339,0,8890606291655,8890606291719
perception,5340,0,8890606291847,8890606291879
perception,5341,0,8890606292007,8890606292071
perception,5342,0,8890606292167,8890606292231
perception,5343,0,8890606292327,8890606292391
perception,5344,0,8890606292487,8890606292551
perception,5345,0,8890606292679,8890606292711
perception,5346,0,8890606292839,8890606292871
perception,5347,0,8890606292999,8890606293063
perception,5348,0,8890606293159,8890606293223
perception,5349,0,8890606293319,8890606293383
perception,5350,0,8890606293479,8890606293511
perception,5351,0,8890606293639,8890606293703
perception,5352,0,8890606293799,8890606293863
perception,5353,0,8890606293959,8890606294023
perception,5354,0,8890606294119,8890606294183
perception,5355,0,8890606294279,8890606294343
perception,5356,0,8890606294439,8890606294503
perception,5357,0,8890606294599,8890606294631
perception,5358,0,8890606294791,8890606294823
perception,5359,0,8890606294919,8890606295015
perception,5360,0,8890606295111,8890606295175
perception,5361,0,8890606295271,8890606295335
perception,5362,0,8890606295431,8890606295495
perception,5363,0,8890606295591,8890606295655
perception,5364,0,8890606295751,8890606295815
perception,5365,0,8890606295911,8890606295975
perception,5366,0,8890606296103,8890606296167
perception,5367,0,8890606296263,8890606296327
perception,5368,0,8890606296423,8890606296487
perception,5369,0,8890606296615,8890606296647
perception,5370,0,8890606296743,8890606296807
perception,5371,0,8890606296903,8890606296999
perception,5372,0,8890606297095,8890606297159
perception,5373,0,8890606297255,8890606297319
perception,5374,0,8890606297447,8890606297479
perception,5375,0,8890606297575,8890606297639
perception,5376,0,8890606300807,8890606300839
perception,5377,0,8890606300935,8890606300999
perception,5378,0,8890606301095,8890606301159
perception,5379,0,8890606301255,8890606301351
perception,5380,0,8890606301415,8890606301479
perception,5381,0,8890606301639,8890606301671
perception,5382,0,8890606301767,8890606301831
perception,5383,0,8890606301927,8890606301991
perception,5384,0,8890606302087,8890606302183
perception,5385,0,8890606302279,8890606302343
perception,5386,0,8890606302471,8890606302503
perception,5387,0,8890606302663,8890606302727
perception,5388,0,8890606302823,8890606302887
perception,5389,0,8890606302983,8890606303047
perception,5390,0,8890606303175,8890606303207
perception,5391,0,8890606303303,8890606303367
perception,5392,0,8890606303559,8890606303591
perception,5393,0,8890606303719,8890606303751
perception,5394,0,8890606303879,8890606303911
perception,5395,0,8890606304007,8890606304103
perception,5396,0,8890606304199,8890606304263
perception,5397,0,8890606304359,8890606304423
perception,5398,0,8890606304519,8890606304583
perception,5399,0,8890606304711,8890606304743
perception,5400,0,8890606304839,8890606304903
perception,5401,0,8890606304999,8890606305063
perception,5402,0,8890606305191,8890606305255
perception,5403,0,8890606305351,8890606305415
perception,5404,0,8890606305511,8890606305575
perception,5405,0,8890606305703,8890606305735
perception,5406,0,8890606305831,8890606305895
perception,5407,0,8890606305991,8890606306055
perception,5408,0,8890606306151,8890606306215
perception,5409,0,8890606306343,8890606306407
perception,5410,0,8890606306535,8890606306567
perception,5411,0,8890606306663,8890606306727
perception,5412,0,8890606306823,8890606306919
perception,5413,0,8890606307015,8890606307079
perception,5414,0,8890606307175,8890606307239
perception,5415,0,8890606307335,8890606307367
perception,5416,0,8890606307495,8890606307527
perception,5417,0,8890606307655,8890606307687
perception,5418,0,8890606307783,8890606307879
perception,5419,0,8890606307975,8890606308039
perception,5420,0,8890606308135,8890606308199
perception,5421,0,8890606308295,8890606308359
perception,5422,0,8890606308455,8890606308487
perception,5423,0,8890606308615,8890606308647
perception,5424,0,8890606308775,8890606308839
perception,5425,0,8890606308935,8890606308999
perception,5426,0,8890606309095,8890606309159
perception,5427,0,8890606309287,8890606309319
perception,5428,0,8890606309447,8890606309479
perception,5429,0,8890606309607,8890606309671
perception,5430,0,8890606309767,8890606309863
perception,5431,0,8890606309927,8890606310023
perception,5432,0,8890606310119,8890606310183
perception,5433,0,8890606310279,8890606310311
perception,5434,0,8890606310439,8890606310471
perception,5435,0,8890606310599,8890606310663
perception,5436,0,8890606310759,8890606310823
perception,5437,0,8890606310919,8890606311015
perception,5438,0,8890606311143,8890606311207
perception,5439,0,8890606311303,8890606311367
perception,5440,0,8890606311463,8890606311527
perception,5441,0,8890606311655,8890606311719
perception,5442,0,8890606311815,8890606311847
perception,5443,0,8890606311976,8890606312040
perception,5444,0,8890606312136,8890606312200
perception,5445,0,8890606312296,8890606312360
perception,5446,0,8890606312456,8890606312552
perception,5447,0,8890606312648,8890606312680
perception,5448,0,8890606312808,8890606312840
perception,5449,0,8890606312968,8890606313032
perception,5450,0,8890606313128,8890606313224
perception,5451,0,8890606313320,8890606313384
perception,5452,0,8890606313480,8890606313544
perception,5453,0,8890606313672,8890606313736
perception,5454,0,8890606313864,8890606313928
perception,5455,0,8890606314024,8890606314088
perception,5456,0,8890606314184,8890606314216
perception,5457,0,8890606314344,8890606314376
perception,5458,0,8890606314504,8890606314536
perception,5459,0,8890606314664,8890606314728
perception,5460,0,8890606314792,8890606314888
perception,5461,0,8890606314984,8890606315048
perception,5462,0,8890606315144,8890606315208
perception,5463,0,8890606315304,8890606315336
perception,5464,0,8890606315496,8890606315528
perception,5465,0,8890606315624,8890606315688
perception,5466,0,8890606315784,8890606315848
perception,5467,0,8890606315944,8890606316008
perception,5468,0,8890606316136,8890606316200
perception,5469,0,8890606316296,8890606316328
perception,5470,0,8890606316456,8890606316488
perception,5471,0,8890606316616,8890606316680
perception,5472,0,8890606316776,8890606316840
perception,5473,0,8890606316936,8890606317000
perception,5474,0,8890606317096,8890606317160
perception,5475,0,8890606317288,8890606317320
perception,5476,0,8890606317448,8890606317480
perception,5477,0,8890606317608,8890606317672
perception,5478,0,8890606317768,8890606317832
perception,5479,0,8890606317928,8890606317992
perception,5480,0,8890606318088,8890606318152
perception,5481,0,8890606318248,8890606318312
perception,5482,0,8890606318408,8890606318472
perception,5483,0,8890606318568,8890606318632
perception,5484,0,8890606318760,8890606318824
perception,5485,0,8890606318920,8890606318984
perception,5486,0,8890606319080,8890606319144
perception,5487,0,8890606319304,8890606319368
perception,5488,0,8890606319464,8890606319528
perception,5489,0,8890606319656,8890606319688
perception,5490,0,8890606319816,8890606319848
perception,5491,0,8890606319976,8890606320040
perception,5492,0,8890606320136,8890606320200
perception,5493,0,8890606320328,8890606320392
perception,5494,0,8890606320488,8890606320520
perception,5495,0,8890606320648,8890606320680
perception,5496,0,8890606320808,8890606320840
perception,5497,0,8890606320968,8890606321032
perception,5498,0,8890606321128,8890606321224
perception,5499,0,8890606321320,8890606321352
perception,5500,0,8890606321480,8890606321512
perception,5501,0,8890606321640,8890606321672
perception,5502,0,8890606321800,8890606321864
perception,5503,0,8890606321960,8890606322024
perception,5504,0,8890606324776,8890606324840
perception,5505,0,8890606324936,8890606325000
perception,5506,0,8890606325096,8890606325160
perception,5507,0,8890606325288,8890606325320
perception,5508,0,8890606325416,8890606325480
perception,5509,0,8890606325576,8890606325640
perception,5510,0,8890606325736,8890606325832
perception,5511,0,8890606325928,8890606325960
perception,5512,0,8890606326088,8890606326120
perception,5513,0,8890606326248,8890606326312
perception,5514,0,8890606326408,8890606326472
perception,5515,0,8890606326568,8890606326632
perception,5516,0,8890606326728,8890606326824
perception,5517,0,8890606326920,8890606326952
perception,5518,0,8890606327080,8890606327112
perception,5519,0,8890606327240,8890606327336
perception,5520,0,8890606327400,8890606327496
perception,5521,0,8890606327560,8890606327656
perception,5522,0,8890606327784,8890606327816
perception,5523,0,8890606327944,8890606327976
perception,5524,0,8890606328136,8890606328200
perception,5525,0,8890606328296,8890606328360
perception,5526,0,8890606328488,8890606328520
perception,5527,0,8890606328616,8890606328680
perception,5528,0,8890606328776,8890606328872
perception,5529,0,8890606328968,8890606329032
perception,5530,0,8890606329128,8890606329192
perception,5531,0,8890606329288,8890606329320
perception,5532,0,8890606329448,8890606329480
perception,5533,0,8890606329608,8890606329640
perception,5534,0,8890606329736,8890606329800
perception,5535,0,8890606329896,8890606329992
perception,5536,0,8890606330120,8890606330184
perception,5537,0,8890606330312,8890606330344
perception,5538,0,8890606330440,8890606330536
perception,5539,0,8890606330664,8890606330728
perception,5540,0,8890606330856,8890606330888
perception,5541,0,8890606331016,8890606331048
perception,5542,0,8890606331176,8890606331240
perception,5543,0,8890606331336,8890606331400
perception,5544,0,8890606331528,8890606331560
perception,5545,0,8890606331688,8890606331752
perception,5546,0,8890606331848,8890606331912
perception,5547,0,8890606332008,8890606332072
perception,5548,0,8890606332168,8890606332232
perception,5549,0,8890606332360,8890606332392
perception,5550,0,8890606332520,8890606332552
perception,5551,0,8890606332680,8890606332744
perception,5552,0,8890606332840,8890606332904
perception,5553,0,8890606333032,8890606333096
perception,5554,0,8890606333192,8890606333256
perception,5555,0,8890606333384,8890606333416
perception,5556,0,8890606333512,8890606333608
perception,5557,0,8890606333704,8890606333768
perception,5558,0,8890606333864,8890606333928
perception,5559,0,8890606334024,8890606334088
perception,5560,0,8890606334184,8890606334248
perception,5561,0,8890606334376,8890606334408
perception,5562,0,8890606334504,8890606334568
perception,5563,0,8890606334696,8890606334760
perception,5564,0,8890606334856,8890606334920
perception,5565,0,8890606335016,8890606335080
perception,5566,0,8890606335176,8890606335240
perception,5567,0,8890606335336,8890606335400
perception,5568,0,8890606335496,8890606335560
perception,5569,0,8890606335656,8890606335720
perception,5570,0,8890606335816,8890606335880
perception,5571,0,8890606335976,8890606336040
perception,5572,0,8890606336136,8890606336200
perception,5573,0,8890606336328,8890606336360
perception,5574,0,8890606336456,8890606336520
perception,5575,0,8890606336616,8890606336680
perception,5576,0,8890606336776,8890606336840
perception,5577,0,8890606336936,8890606337032
perception,5578,0,8890606337160,8890606337192
perception,5579,0,8890606337288,8890606337352
perception,5580,0,8890606337448,8890606337512
perception,5581,0,8890606337640,8890606337704
perception,5582,0,8890606337800,8890606337864
perception,5583,0,8890606337960,8890606337992
perception,5584,0,8890606338152,8890606338184
perception,5585,0,8890606338280,8890606338344
perception,5586,0,8890606338440,8890606338536
perception,5587,0,8890606338632,8890606338696
perception,5588,0,8890606338792,8890606338856
perception,5589,0,8890606338952,8890606339016
perception,5590,0,8890606339112,8890606339176
perception,5591,0,8890606339272,8890606339368
perception,5592,0,8890606339464,8890606339528
perception,5593,0,8890606339656,8890606339688
perception,5594,0,8890606339816,8890606339848
perception,5595,0,8890606339977,8890606340041
perception,5596,0,8890606340137,8890606340201
perception,5597,0,8890606340297,8890606340361
perception,5598,0,8890606340457,8890606340521
perception,5599,0,8890606340649,8890606340681
perception,5600,0,8890606340809,8890606340841
perception,5601,0,8890606340937,8890606341033
perception,5602,0,8890606341129,8890606341225
perception,5603,0,8890606341353,8890606341417
perception,5604,0,8890606341513,8890606341577
perception,5605,0,8890606341673,8890606341737
perception,5606,0,8890606341833,8890606341929
perception,5607,0,8890606342025,8890606342057
perception,5608,0,8890606342185,8890606342217
perception,5609,0,8890606342345,8890606342377
perception,5610,0,8890606342473,8890606342537
perception,5611,0,8890606342665,8890606342729
perception,5612,0,8890606342825,8890606342889
perception,5613,0,8890606342985,8890606343049
perception,5614,0,8890606343145,8890606343177
perception,5615,0,8890606343305,8890606343337
perception,5616,0,8890606343465,8890606343529
perception,5617,0,8890606343625,8890606343689
perception,5618,0,8890606343785,8890606343849
perception,5619,0,8890606343945,8890606344009
perception,5620,0,8890606344105,8890606344169
perception,5621,0,8890606344297,8890606344329
perception,5622,0,8890606344425,8890606344489
perception,5623,0,8890606344585,8890606344649
perception,5624,0,8890606344745,8890606344809
perception,5625,0,8890606344937,8890606345001
perception,5626,0,8890606345129,8890606345161
perception,5627,0,8890606345289,8890606345321
perception,5628,0,8890606345449,8890606345513
perception,5629,0,8890606345705,8890606345737
perception,5630,0,8890606345865,8890606345929
perception,5631,0,8890606346057,8890606346121
perception,5632,0,8890606348361,8890606348457
perception,5633,0,8890606348521,8890606348617
perception,5634,0,8890606348745,8890606348777
perception,5635,0,8890606348905,8890606348937
perception,5636,0,8890606349065,8890606349129
perception,5637,0,8890606349225,8890606349289
perception,5638,0,8890606349385,8890606349449
perception,5639,0,8890606349545,8890606349609
perception,5640,0,8890606349705,8890606349737
perception,5641,0,8890606349865,8890606349929
perception,5642,0,8890606350025,8890606350089
perception,5643,0,8890606350185,8890606350249
perception,5644,0,8890606350345,8890606350409
perception,5645,0,8890606350537,8890606350601
perception,5646,0,8890606350697,8890606350761
perception,5647,0,8890606350857,8890606350921
perception,5648,0,8890606351017,8890606351081
perception,5649,0,8890606351177,8890606351241
perception,5650,0,8890606351369,8890606351433
perception,5651,0,8890606351529,8890606351561
perception,5652,0,8890606351689,8890606351721
perception,5653,0,8890606351849,8890606351913
perception,5654,0,8890606352009,8890606352073
perception,5655,0,8890606352169,8890606352265
perception,5656,0,8890606352361,8890606352393
perception,5657,0,8890606352521,8890606352553
perception,5658,0,8890606352681,8890606352745
perception,5659,0,8890606352841,8890606352905
perception,5660,0,8890606353001,8890606353097
perception,5661,0,8890606353193,8890606353257
perception,5662,0,8890606353353,8890606353385
perception,5663,0,8890606353513,8890606353577
perception,5664,0,8890606353673,8890606353737
perception,5665,0,8890606353833,8890606353897
perception,5666,0,8890606354025,8890606354089
perception,5667,0,8890606354185,8890606354217
perception,5668,0,8890606354345,8890606354409
perception,5669,0,8890606354505,8890606354569
perception,5670,0,8890606354665,8890606354729
perception,5671,0,8890606354857,8890606354921
perception,5672,0,8890606355017,8890606355081
perception,5673,0,8890606355177,8890606355209
perception,5674,0,8890606355337,8890606355369
perception,5675,0,8890606355497,8890606355561
perception,5676,0,8890606355657,8890606355721
perception,5677,0,8890606355817,8890606355881
perception,5678,0,8890606355977,8890606356041
perception,5679,0,8890606356137,8890606356201
perception,5680,0,8890606356297,8890606356329
perception,5681,0,8890606356457,8890606356521
perception,5682,0,8890606356617,8890606356681
perception,5683,0,8890606356777,8890606356841
perception,5684,0,8890606356937,8890606357001
perception,5685,0,8890606357097,8890606357161
perception,5686,0,8890606357257,8890606357289
perception,5687,0,8890606357417,8890606357449
perception,5688,0,8890606357577,8890606357641
perception,5689,0,8890606357737,8890606357801
perception,5690,0,8890606357897,8890606357961
perception,5691,0,8890606358057,8890606358121
perception,5692,0,8890606358217,8890606358281
perception,5693,0,8890606358377,8890606358441
perception,5694,0,8890606358569,8890606358601
perception,5695,0,8890606358697,8890606358761
perception,5696,0,8890606358857,8890606358953
perception,5697,0,8890606359049,8890606359113
perception,5698,0,8890606359241,8890606359273
perception,5699,0,8890606359401,8890606359433
perception,5700,0,8890606359529,8890606359593
perception,5701,0,8890606359689,8890606359785
perception,5702,0,8890606359881,8890606359945
perception,5703,0,8890606360041,8890606360105
perception,5704,0,8890606360201,8890606360265
perception,5705,0,8890606360393,8890606360425
perception,5706,0,8890606360521,8890606360585
perception,5707,0,8890606360681,8890606360745
perception,5708,0,8890606360841,8890606360937
perception,5709,0,8890606361065,8890606361097
perception,5710,0,8890606361225,8890606361257
perception,5711,0,8890606361353,8890606361449
perception,5712,0,8890606361545,8890606361609
perception,5713,0,8890606361705,8890606361769
perception,5714,0,8890606361865,8890606361929
perception,5715,0,8890606362025,8890606362057
perception,5716,0,8890606362185,8890606362249
perception,5717,0,8890606362345,8890606362409
perception,5718,0,8890606362537,8890606362601
perception,5719,0,8890606362697,8890606362761
perception,5720,0,8890606362889,8890606362921
perception,5721,0,8890606363049,8890606363113
perception,5722,0,8890606363209,8890606363273
perception,5723,0,8890606363369,8890606363433
perception,5724,0,8890606363529,8890606363593
perception,5725,0,8890606363689,8890606363753
perception,5726,0,8890606363849,8890606363881
perception,5727,0,8890606364009,8890606364041
perception,5728,0,8890606364169,8890606364233
perception,5729,0,8890606364329,8890606364393
perception,5730,0,8890606364489,8890606364553
perception,5731,0,8890606364649,8890606364713
perception,5732,0,8890606364809,8890606364841
perception,5733,0,8890606364969,8890606365033
perception,5734,0,8890606365129,8890606365193
perception,5735,0,8890606365289,8890606365353
perception,5736,0,8890606365481,8890606365545
perception,5737,0,8890606365673,8890606365705
perception,5738,0,8890606365833,8890606365865
perception,5739,0,8890606365961,8890606366025
perception,5740,0,8890606366121,8890606366217
perception,5741,0,8890606366313,8890606366377
perception,5742,0,8890606366473,8890606366537
perception,5743,0,8890606366665,8890606366729
perception,5744,0,8890606366825,8890606366921
perception,5745,0,8890606367017,8890606367081
perception,5746,0,8890606367177,8890606367241
perception,5747,0,8890606367337,8890606367369
perception,5748,0,8890606367529,8890606367593
perception,5749,0,8890606367689,8890606367753
perception,5750,0,8890606367849,8890606367913
perception,5751,0,8890606368010,8890606368074
perception,5752,0,8890606368202,8890606368234
perception,5753,0,8890606368362,8890606368394
perception,5754,0,8890606368490,8890606368586
perception,5755,0,8890606368682,8890606368746
perception,5756,0,8890606368842,8890606368906
perception,5757,0,8890606369002,8890606369066
perception,5758,0,8890606369194,8890606369258
perception,5759,0,8890606369354,8890606369418
perception,5760,0,8890606372266,8890606372330
perception,5761,0,8890606372426,8890606372490
perception,5762,0,8890606372586,8890606372650
perception,5763,0,8890606372778,8890606372842
perception,5764,0,8890606372970,8890606373034
perception,5765,0,8890606373130,8890606373194
perception,5766,0,8890606373290,8890606373386
perception,5767,0,8890606373482,8890606373514
perception,5768,0,8890606373642,8890606373674
perception,5769,0,8890606373802,8890606373866
perception,5770,0,8890606373994,8890606374058
perception,5771,0,8890606374186,8890606374218
perception,5772,0,8890606374346,8890606374378
perception,5773,0,8890606374506,8890606374538
perception,5774,0,8890606374666,8890606374730
perception,5775,0,8890606374826,8890606374890
perception,5776,0,8890606375018,8890606375082
perception,5777,0,8890606375178,8890606375210
perception,5778,0,8890606375338,8890606375402
perception,5779,0,8890606375498,8890606375594
perception,5780,0,8890606375690,8890606375754
perception,5781,0,8890606375850,8890606375914
perception,5782,0,8890606376010,8890606376074
perception,5783,0,8890606376202,8890606376266
perception,5784,0,8890606376362,8890606376426
perception,5785,0,8890606376522,8890606376586
perception,5786,0,8890606376682,8890606376746
perception,5787,0,8890606376842,8890606376906
perception,5788,0,8890606377034,8890606377066
perception,5789,0,8890606377162,8890606377226
perception,5790,0,8890606377354,8890606377418
perception,5791,0,8890606377514,8890606377578
perception,5792,0,8890606377674,8890606377738
perception,5793,0,8890606377834,8890606377866
perception,5794,0,8890606377994,8890606378058
perception,5795,0,8890606378154,8890606378218
perception,5796,0,8890606378282,8890606378378
perception,5797,0,8890606378474,8890606378538
perception,5798,0,8890606378634,8890606378698
perception,5799,0,8890606378794,8890606378858
perception,5800,0,8890606378954,8890606378986
perception,5801,0,8890606379114,8890606379178
perception,5802,0,8890606379274,8890606379338
perception,5803,0,8890606379434,8890606379498
perception,5804,0,8890606379626,8890606379690
perception,5805,0,8890606379818,8890606379850
perception,5806,0,8890606379978,8890606380010
perception,5807,0,8890606380138,8890606380202
perception,5808,0,8890606380298,8890606380362
perception,5809,0,8890606380458,8890606380522
perception,5810,0,8890606380650,8890606380682
perception,5811,0,8890606380810,8890606380842
perception,5812,0,8890606380938,8890606381034
perception,5813,0,8890606381130,8890606381194
perception,5814,0,8890606381290,8890606381354
perception,5815,0,8890606381450,8890606381514
perception,5816,0,8890606381642,8890606381706
perception,5817,0,8890606381834,8890606381898
perception,5818,0,8890606381994,8890606382058
perception,5819,0,8890606382154,8890606382186
perception,5820,0,8890606382346,8890606382378
perception,5821,0,8890606382474,8890606382570
perception,5822,0,8890606382666,8890606382730
perception,5823,0,8890606382826,8890606382890
perception,5824,0,8890606382986,8890606383050
perception,5825,0,8890606383178,8890606383210
perception,5826,0,8890606383306,8890606383370
perception,5827,0,8890606383466,8890606383562
perception,5828,0,8890606383658,8890606383722
perception,5829,0,8890606383818,8890606383882
perception,5830,0,8890606383978,8890606384010
perception,5831,0,8890606384138,8890606384202
perception,5832,0,8890606384298,8890606384362
perception,5833,0,8890606384490,8890606384554
perception,5834,0,8890606384650,8890606384714
perception,5835,0,8890606384810,8890606384842
perception,5836,0,8890606384970,8890606385002
perception,5837,0,8890606385130,8890606385162
perception,5838,0,8890606385290,8890606385322
perception,5839,0,8890606385482,8890606385546
perception,5840,0,8890606385674,8890606385706
perception,5841,0,8890606385834,8890606385930
perception,5842,0,8890606386026,8890606386090
perception,5843,0,8890606386218,8890606386250
perception,5844,0,8890606386378,8890606386410
perception,5845,0,8890606386538,8890606386602
perception,5846,0,8890606386730,8890606386794
perception,5847,0,8890606386890,8890606386954
perception,5848,0,8890606387050,8890606387114
perception,5849,0,8890606387242,8890606387274
perception,5850,0,8890606387370,8890606387434
perception,5851,0,8890606387562,8890606387626
perception,5852,0,8890606387722,8890606387786
perception,5853,0,8890606387946,8890606387978
perception,5854,0,8890606388074,8890606388138
perception,5855,0,8890606388234,8890606388330
perception,5856,0,8890606388426,8890606388490
perception,5857,0,8890606388586,8890606388618
perception,5858,0,8890606388778,8890606388810
perception,5859,0,8890606388906,8890606388970
perception,5860,0,8890606389066,8890606389162
perception,5861,0,8890606389226,8890606389290
perception,5862,0,8890606389418,8890606389482
perception,5863,0,8890606389578,8890606389610
perception,5864,0,8890606389738,8890606389802
perception,5865,0,8890606389898,8890606389962
perception,5866,0,8890606390058,8890606390122
perception,5867,0,8890606390218,8890606390314
perception,5868,0,8890606390410,8890606390442
perception,5869,0,8890606390570,8890606390602
perception,5870,0,8890606390730,8890606390794
perception,5871,0,8890606390922,8890606390986
perception,5872,0,8890606391114,8890606391146
perception,5873,0,8890606391306,8890606391338
perception,5874,0,8890606391434,8890606391498
perception,5875,0,8890606391594,8890606391658
perception,5876,0,8890606391754,8890606391818
perception,5877,0,8890606391914,8890606391978
perception,5878,0,8890606392074,8890606392138
perception,5879,0,8890606392266,8890606392330
perception,5880,0,8890606392426,8890606392490
perception,5881,0,8890606392586,8890606392650
perception,5882,0,8890606392746,8890606392810
perception,5883,0,8890606392938,8890606392970
perception,5884,0,8890606393098,8890606393130
perception,5885,0,8890606393258,8890606393290
perception,5886,0,8890606393386,8890606393482
perception,5887,0,8890606393578,8890606393642
perception,5888,0,8890606396075,8890606396139
perception,5889,0,8890606396267,8890606396331
perception,5890,0,8890606396427,8890606396459
perception,5891,0,8890606396587,8890606396619
perception,5892,0,8890606396747,8890606396811
perception,5893,0,8890606396907,8890606396971
perception,5894,0,8890606397099,8890606397163
perception,5895,0,8890606397291,8890606397355
perception,5896,0,8890606397451,8890606397515
perception,5897,0,8890606397643,8890606397707
perception,5898,0,8890606397803,8890606397867
perception,5899,0,8890606397995,8890606398027
perception,5900,0,8890606398155,8890606398219
perception,5901,0,8890606398315,8890606398379
perception,5902,0,8890606398475,8890606398539
perception,5903,0,8890606398667,8890606398699
perception,5904,0,8890606398827,8890606398859
perception,5905,0,8890606398987,8890606399019
perception,5906,0,8890606399115,8890606399179
perception,5907,0,8890606399275,8890606399339
perception,5908,0,8890606399435,8890606399499
perception,5909,0,8890606399627,8890606399691
perception,5910,0,8890606399787,8890606399851
perception,5911,0,8890606399979,8890606400011
perception,5912,0,8890606400139,8890606400203
perception,5913,0,8890606400363,8890606400395
perception,5914,0,8890606400523,8890606400555
perception,5915,0,8890606400651,8890606400715
perception,5916,0,8890606400811,8890606400907
perception,5917,0,8890606401035,8890606401067
perception,5918,0,8890606401195,8890606401227
perception,5919,0,8890606401355,8890606401419
perception,5920,0,8890606401515,8890606401579
perception,5921,0,8890606401675,8890606401739
perception,5922,0,8890606401835,8890606401931
perception,5923,0,8890606402027,8890606402059
perception,5924,0,8890606402187,8890606402219
perception,5925,0,8890606402347,8890606402411
perception,5926,0,8890606402539,8890606402603
perception,5927,0,8890606402699,8890606402763
perception,5928,0,8890606402891,8890606402923
perception,5929,0,8890606403051,8890606403083
perception,5930,0,8890606403179,8890606403243
perception,5931,0,8890606403339,8890606403403
perception,5932,0,8890606403563,8890606403627
perception,5933,0,8890606403755,8890606403787
perception,5934,0,8890606403883,8890606403947
perception,5935,0,8890606404043,8890606404107
perception,5936,0,8890606404203,8890606404267
perception,5937,0,8890606404395,8890606404459
perception,5938,0,8890606404587,8890606404619
perception,5939,0,8890606404715,8890606404779
perception,5940,0,8890606404875,8890606404939
perception,5941,0,8890606405067,8890606405131
perception,5942,0,8890606405227,8890606405291
perception,5943,0,8890606405387,8890606405419
perception,5944,0,8890606405547,8890606405579
perception,5945,0,8890606405707,8890606405739
perception,5946,0,8890606405867,8890606405931
perception,5947,0,8890606406027,8890606406091
perception,5948,0,8890606406187,8890606406251
perception,5949,0,8890606406347,8890606406411
perception,5950,0,8890606406507,8890606406539
perception,5951,0,8890606406667,8890606406699
perception,5952,0,8890606406827,8890606406891
perception,5953,0,8890606406987,8890606407083
perception,5954,0,8890606407211,8890606407243
perception,5955,0,8890606407371,8890606407403
perception,5956,0,8890606407531,8890606407563
perception,5957,0,8890606407659,8890606407723
perception,5958,0,8890606407819,8890606407915
perception,5959,0,8890606408011,8890606408075
perception,5960,0,8890606408171,8890606408203
perception,5961,0,8890606408331,8890606408363
perception,5962,0,8890606408491,8890606408555
perception,5963,0,8890606408651,8890606408715
perception,5964,0,8890606408811,8890606408875
perception,5965,0,8890606408971,8890606409067
perception,5966,0,8890606409195,8890606409227
perception,5967,0,8890606409323,8890606409387
perception,5968,0,8890606409515,8890606409579
perception,5969,0,8890606409707,8890606409739
perception,5970,0,8890606409867,8890606409899
perception,5971,0,8890606410027,8890606410059
perception,5972,0,8890606410187,8890606410251
perception,5973,0,8890606410347,8890606410411
perception,5974,0,8890606410539,8890606410603
perception,5975,0,8890606410699,8890606410731
perception,5976,0,8890606410859,8890606410923
perception,5977,0,8890606411019,8890606411083
perception,5978,0,8890606411179,8890606411243
perception,5979,0,8890606411371,8890606411435
perception,5980,0,8890606411563,8890606411595
perception,5981,0,8890606411723,8890606411755
perception,5982,0,8890606411851,8890606411915
perception,5983,0,8890606412011,8890606412107
perception,5984,0,8890606412203,8890606412267
perception,5985,0,8890606412363,8890606412395
perception,5986,0,8890606412523,8890606412555
perception,5987,0,8890606412683,8890606412715
perception,5988,0,8890606412843,8890606412875
perception,5989,0,8890606413003,8890606413067
perception,5990,0,8890606413163,8890606413227
perception,5991,0,8890606413355,8890606413387
perception,5992,0,8890606413515,8890606413547
perception,5993,0,8890606413675,8890606413739
perception,5994,0,8890606413867,8890606413931
perception,5995,0,8890606414027,8890606414091
perception,5996,0,8890606414219,8890606414251
perception,5997,0,8890606414379,8890606414411
perception,5998,0,8890606414507,8890606414571
perception,5999,0,8890606414667,8890606414763
perception,6000,0,8890606414859,8890606414923
perception,6001,0,8890606415051,8890606415083
perception,6002,0,8890606415211,8890606415275
perception,6003,0,8890606415371,8890606415435
perception,6004,0,8890606415531,8890606415595
perception,6005,0,8890606415723,8890606415755
perception,6006,0,8890606415915,8890606415947
perception,6007,0,8890606416043,8890606416107
perception,6008,0,8890606416203,8890606416299
perception,6009,0,8890606416395,8890606416459
perception,6010,0,8890606416555,8890606416619
perception,6011,0,8890606416715,8890606416779
perception,6012,0,8890606416875,8890606416939
perception,6013,0,8890606417067,8890606417131
perception,6014,0,8890606417227,8890606417291
perception,6015,0,8890606417419,8890606417451
perception,6016,0,8890606421611,8890606421643
perception,6017,0,8890606421771,8890606421835
perception,6018,0,8890606421931,8890606421995
perception,6019,0,8890606422091,8890606422187
perception,6020,0,8890606422283,8890606422347
perception,6021,0,8890606422475,8890606422507
perception,6022,0,8890606422635,8890606422699
perception,6023,0,8890606422795,8890606422859
perception,6024,0,8890606423019,8890606423051
perception,6025,0,8890606423179,8890606423211
perception,6026,0,8890606423307,8890606423371
perception,6027,0,8890606423467,8890606423563
perception,6028,0,8890606423691,8890606423755
perception,6029,0,8890606423851,8890606423883
perception,6030,0,8890606424011,8890606424076
perception,6031,0,8890606424172,8890606424268
perception,6032,0,8890606424364,8890606424428
perception,6033,0,8890606424524,8890606424588
perception,6034,0,8890606424684,8890606424748
perception,6035,0,8890606424844,8890606424908
perception,6036,0,8890606425004,8890606425068
perception,6037,0,8890606425196,8890606425260
perception,6038,0,8890606425356,8890606425420
perception,6039,0,8890606425516,8890606425548
perception,6040,0,8890606425708,8890606425740
perception,6041,0,8890606425836,8890606425900
perception,6042,0,8890606425996,8890606426060
perception,6043,0,8890606426156,8890606426252
perception,6044,0,8890606426348,8890606426412
perception,6045,0,8890606426508,8890606426540
perception,6046,0,8890606426668,8890606426700
perception,6047,0,8890606426828,8890606426860
perception,6048,0,8890606426956,8890606427020
perception,6049,0,8890606427116,8890606427180
perception,6050,0,8890606427308,8890606427372
perception,6051,0,8890606427468,8890606427532
perception,6052,0,8890606427628,8890606427692
perception,6053,0,8890606427788,8890606427852
perception,6054,0,8890606427948,8890606428012
perception,6055,0,8890606428108,8890606428172
perception,6056,0,8890606428268,8890606428332
perception,6057,0,8890606428428,8890606428492
perception,6058,0,8890606428588,8890606428620
perception,6059,0,8890606428780,8890606428812
perception,6060,0,8890606428940,8890606429004
perception,6061,0,8890606429100,8890606429164
perception,6062,0,8890606429260,8890606429324
perception,6063,0,8890606429420,8890606429484
perception,6064,0,8890606429612,8890606429644
perception,6065,0,8890606429740,8890606429804
perception,6066,0,8890606429900,8890606429964
perception,6067,0,8890606430092,8890606430188
perception,6068,0,8890606430284,8890606430316
perception,6069,0,8890606430444,8890606430476
perception,6070,0,8890606430604,8890606430636
perception,6071,0,8890606430732,8890606430828
perception,6072,0,8890606430956,8890606431020
perception,6073,0,8890606431116,8890606431148
perception,6074,0,8890606431276,8890606431308
perception,6075,0,8890606431436,8890606431500
perception,6076,0,8890606431596,8890606431660
perception,6077,0,8890606431756,8890606431820
perception,6078,0,8890606431916,8890606431980
perception,6079,0,8890606432076,8890606432140
perception,6080,0,8890606432268,8890606432300
perception,6081,0,8890606432428,8890606432492
perception,6082,0,8890606432588,8890606432652
perception,6083,0,8890606432748,8890606432844
perception,6084,0,8890606432940,8890606432972
perception,6085,0,8890606433100,8890606433164
perception,6086,0,8890606433260,8890606433324
perception,6087,0,8890606433420,8890606433484
perception,6088,0,8890606433580,8890606433644
perception,6089,0,8890606433740,8890606433804
perception,6090,0,8890606433900,8890606433964
perception,6091,0,8890606434060,8890606434124
perception,6092,0,8890606434220,8890606434284
perception,6093,0,8890606434380,8890606434444
perception,6094,0,8890606434540,8890606434604
perception,6095,0,8890606434700,8890606434764
perception,6096,0,8890606434860,8890606434924
perception,6097,0,8890606435020,8890606435084
perception,6098,0,8890606435212,8890606435244
perception,6099,0,8890606435372,8890606435436
perception,6100,0,8890606435532,8890606435596
perception,6101,0,8890606435724,8890606435756
perception,6102,0,8890606435884,8890606435948
perception,6103,0,8890606436044,8890606436108
perception,6104,0,8890606436204,8890606436268
perception,6105,0,8890606436396,8890606436460
perception,6106,0,8890606436556,8890606436620
perception,6107,0,8890606436716,8890606436748
perception,6108,0,8890606436876,8890606436940
perception,6109,0,8890606437036,8890606437100
perception,6110,0,8890606437196,8890606437260
perception,6111,0,8890606437356,8890606437420
perception,6112,0,8890606437516,8890606437580
perception,6113,0,8890606437708,8890606437740
perception,6114,0,8890606437868,8890606437932
perception,6115,0,8890606438028,8890606438092
perception,6116,0,8890606438220,8890606438284
perception,6117,0,8890606438412,8890606438444
perception,6118,0,8890606438572,8890606438636
perception,6119,0,8890606438732,8890606438796
perception,6120,0,8890606438892,8890606438956
perception,6121,0,8890606439052,8890606439116
perception,6122,0,8890606439244,8890606439276
perception,6123,0,8890606439404,8890606439436
perception,6124,0,8890606439532,8890606439628
perception,6125,0,8890606439756,8890606439820
perception,6126,0,8890606439916,8890606439980
perception,6127,0,8890606440076,8890606440108
perception,6128,0,8890606440236,8890606440300
perception,6129,0,8890606440396,8890606440460
perception,6130,0,8890606440556,8890606440620
perception,6131,0,8890606440716,8890606440780
perception,6132,0,8890606440876,8890606440940
perception,6133,0,8890606441036,8890606441100
perception,6134,0,8890606441228,8890606441292
perception,6135,0,8890606441388,8890606441452
perception,6136,0,8890606441548,8890606441612
perception,6137,0,8890606441708,8890606441772
perception,6138,0,8890606441868,8890606441932
perception,6139,0,8890606442028,8890606442060
perception,6140,0,8890606442188,8890606442252
perception,6141,0,8890606442348,8890606442444
perception,6142,0,8890606442540,8890606442636
perception,6143,0,8890606442732,8890606442764
perception,6144,0,8890606445260,8890606445292
perception,6145,0,8890606445420,8890606445484
perception,6146,0,8890606445580,8890606445644
perception,6147,0,8890606445740,8890606445804
perception,6148,0,8890606445964,8890606445996
perception,6149,0,8890606446124,8890606446156
perception,6150,0,8890606446284,8890606446348
perception,6151,0,8890606446444,8890606446540
perception,6152,0,8890606446636,8890606446668
perception,6153,0,8890606446796,8890606446828
perception,6154,0,8890606446956,8890606447020
perception,6155,0,8890606447148,8890606447212
perception,6156,0,8890606447308,8890606447372
perception,6157,0,8890606447468,8890606447532
perception,6158,0,8890606447660,8890606447724
perception,6159,0,8890606447820,8890606447916
perception,6160,0,8890606448012,8890606448076
perception,6161,0,8890606448172,8890606448204
perception,6162,0,8890606448332,8890606448364
perception,6163,0,8890606448492,8890606448524
perception,6164,0,8890606448620,8890606448684
perception,6165,0,8890606448812,8890606448876
perception,6166,0,8890606448972,8890606449036
perception,6167,0,8890606449132,8890606449196
perception,6168,0,8890606449292,8890606449324
perception,6169,0,8890606449452,8890606449516
perception,6170,0,8890606449612,8890606449676
perception,6171,0,8890606449772,8890606449836
perception,6172,0,8890606449932,8890606450028
perception,6173,0,8890606450124,8890606450188
perception,6174,0,8890606450284,8890606450316
perception,6175,0,8890606450444,8890606450508
perception,6176,0,8890606450636,8890606450700
perception,6177,0,8890606450828,8890606450860
perception,6178,0,8890606450988,8890606451020
perception,6179,0,8890606451148,8890606451212
perception,6180,0,8890606451308,8890606451372
perception,6181,0,8890606451468,8890606451532
perception,6182,0,8890606451660,8890606451724
perception,6183,0,8890606451852,8890606451916
perception,6184,0,8890606452012,8890606452076
perception,6185,0,8890606452173,8890606452237
perception,6186,0,8890606452333,8890606452397
perception,6187,0,8890606452525,8890606452557
perception,6188,0,8890606452685,8890606452717
perception,6189,0,8890606452845,8890606452877
perception,6190,0,8890606452973,8890606453037
perception,6191,0,8890606453133,8890606453229
perception,6192,0,8890606453325,8890606453389
perception,6193,0,8890606453485,8890606453517
perception,6194,0,8890606453645,8890606453677
perception,6195,0,8890606453805,8890606453869
perception,6196,0,8890606453965,8890606454029
perception,6197,0,8890606454157,8890606454221
perception,6198,0,8890606454381,8890606454413
perception,6199,0,8890606454541,8890606454605
perception,6200,0,8890606454701,8890606454765
perception,6201,0,8890606454893,8890606454925
perception,6202,0,8890606455053,8890606455085
perception,6203,0,8890606455213,8890606455245
perception,6204,0,8890606455373,8890606455437
perception,6205,0,8890606455565,8890606455629
perception,6206,0,8890606455725,8890606455757
perception,6207,0,8890606455917,8890606455949
perception,6208,0,8890606456045,8890606456109
perception,6209,0,8890606456205,8890606456269
perception,6210,0,8890606456365,8890606456461
perception,6211,0,8890606456557,8890606456621
perception,6212,0,8890606456717,8890606456749
perception,6213,0,8890606456877,8890606456909
perception,6214,0,8890606457037,8890606457101
perception,6215,0,8890606457197,8890606457261
perception,6216,0,8890606457357,8890606457421
perception,6217,0,8890606457517,8890606457581
perception,6218,0,8890606457709,8890606457741
perception,6219,0,8890606457869,8890606457901
perception,6220,0,8890606458061,8890606458125
perception,6221,0,8890606458221,8890606458285
perception,6222,0,8890606458381,8890606458445
perception,6223,0,8890606458573,8890606458605
perception,6224,0,8890606458701,8890606458765
perception,6225,0,8890606458861,8890606458925
perception,6226,0,8890606459053,8890606459117
perception,6227,0,8890606459213,8890606459277
perception,6228,0,8890606459373,8890606459437
perception,6229,0,8890606459533,8890606459597
perception,6230,0,8890606459693,8890606459757
perception,6231,0,8890606459853,8890606459917
perception,6232,0,8890606460013,8890606460109
perception,6233,0,8890606460205,8890606460237
perception,6234,0,8890606460365,8890606460397
perception,6235,0,8890606460525,8890606460589
perception,6236,0,8890606460685,8890606460781
perception,6237,0,8890606460877,8890606460941
perception,6238,0,8890606461037,8890606461069
perception,6239,0,8890606461197,8890606461229
perception,6240,0,8890606461357,8890606461421
perception,6241,0,8890606461517,8890606461581
perception,6242,0,8890606461677,8890606461773
perception,6243,0,8890606461869,8890606461933
perception,6244,0,8890606462029,8890606462061
perception,6245,0,8890606462189,8890606462221
perception,6246,0,8890606462349,8890606462381
perception,6247,0,8890606462477,8890606462541
perception,6248,0,8890606462637,8890606462701
perception,6249,0,8890606462797,8890606462893
perception,6250,0,8890606462989,8890606463053
perception,6251,0,8890606463149,8890606463213
perception,6252,0,8890606463309,8890606463373
perception,6253,0,8890606463469,8890606463533
perception,6254,0,8890606463629,8890606463725
perception,6255,0,8890606463853,8890606463885
perception,6256,0,8890606464013,8890606464045
perception,6257,0,8890606464173,8890606464237
perception,6258,0,8890606464333,8890606464397
perception,6259,0,8890606464525,8890606464589
perception,6260,0,8890606464717,8890606464749
perception,6261,0,8890606464877,8890606464941
perception,6262,0,8890606465037,8890606465101
perception,6263,0,8890606465197,8890606465293
perception,6264,0,8890606465389,8890606465421
perception,6265,0,8890606465549,8890606465581
perception,6266,0,8890606465709,8890606465741
perception,6267,0,8890606465837,8890606465901
perception,6268,0,8890606466029,8890606466093
perception,6269,0,8890606466189,8890606466253
perception,6270,0,8890606466349,8890606466413
perception,6271,0,8890606466509,8890606466573
perception,6272,0,8890606468877,8890606468909
perception,6273,0,8890606469037,8890606469069
perception,6274,0,8890606469197,8890606469261
perception,6275,0,8890606469357,8890606469421
perception,6276,0,8890606469549,8890606469613
perception,6277,0,8890606469709,8890606469773
perception,6278,0,8890606469901,8890606469933
perception,6279,0,8890606470029,8890606470093
perception,6280,0,8890606470253,8890606470317
perception,6281,0,8890606470413,8890606470445
perception,6282,0,8890606470605,8890606470637
perception,6283,0,8890606470733,8890606470797
perception,6284,0,8890606470893,8890606470989
perception,6285,0,8890606471085,8890606471149
perception,6286,0,8890606471277,8890606471309
perception,6287,0,8890606471437,8890606471501
perception,6288,0,8890606471597,8890606471693
perception,6289,0,8890606471789,8890606471853
perception,6290,0,8890606471949,8890606471981
perception,6291,0,8890606472109,8890606472173
perception,6292,0,8890606472269,8890606472333
perception,6293,0,8890606472429,8890606472493
perception,6294,0,8890606472589,8890606472653
perception,6295,0,8890606472781,8890606472845
perception,6296,0,8890606472941,8890606472973
perception,6297,0,8890606473101,8890606473165
perception,6298,0,8890606473261,8890606473325
perception,6299,0,8890606473421,8890606473485
perception,6300,0,8890606473581,8890606473677
perception,6301,0,8890606473773,8890606473837
perception,6302,0,8890606473965,8890606474029
perception,6303,0,8890606474125,8890606474189
perception,6304,0,8890606474285,8890606474349
perception,6305,0,8890606474477,8890606474509
perception,6306,0,8890606474637,8890606474669
perception,6307,0,8890606474797,8890606474861
perception,6308,0,8890606474989,8890606475053
perception,6309,0,8890606475149,8890606475213
perception,6310,0,8890606475309,8890606475341
perception,6311,0,8890606475469,8890606475501
perception,6312,0,8890606475629,8890606475693
perception,6313,0,8890606475789,8890606475853
perception,6314,0,8890606475949,8890606476013
perception,6315,0,8890606476109,8890606476173
perception,6316,0,8890606476269,8890606476333
perception,6317,0,8890606476429,8890606476493
perception,6318,0,8890606476621,8890606476653
perception,6319,0,8890606476749,8890606476813
perception,6320,0,8890606476909,8890606476973
perception,6321,0,8890606477101,8890606477165
perception,6322,0,8890606477261,8890606477293
perception,6323,0,8890606477421,8890606477453
perception,6324,0,8890606477581,8890606477613
perception,6325,0,8890606477741,8890606477805
perception,6326,0,8890606477901,8890606477965
perception,6327,0,8890606478061,8890606478125
perception,6328,0,8890606478221,8890606478285
perception,6329,0,8890606478413,8890606478445
perception,6330,0,8890606478573,8890606478605
perception,6331,0,8890606478701,8890606478797
perception,6332,0,8890606478893,8890606478957
perception,6333,0,8890606479053,8890606479117
perception,6334,0,8890606479213,8890606479277
perception,6335,0,8890606479373,8890606479437
perception,6336,0,8890606479533,8890606479597
perception,6337,0,8890606479693,8890606479757
perception,6338,0,8890606479853,8890606479917
perception,6339,0,8890606480013,8890606480109
perception,6340,0,8890606480206,8890606480238
perception,6341,0,8890606480366,8890606480398
perception,6342,0,8890606480526,8890606480590
perception,6343,0,8890606480686,8890606480750
perception,6344,0,8890606480846,8890606480910
perception,6345,0,8890606481006,8890606481070
perception,6346,0,8890606481198,8890606481230
perception,6347,0,8890606481358,8890606481390
perception,6348,0,8890606481518,8890606481582
perception,6349,0,8890606481678,8890606481742
perception,6350,0,8890606481838,8890606481902
perception,6351,0,8890606481998,8890606482062
perception,6352,0,8890606482190,8890606482222
perception,6353,0,8890606482350,8890606482382
perception,6354,0,8890606482478,8890606482542
perception,6355,0,8890606482638,8890606482702
perception,6356,0,8890606482798,8890606482862
perception,6357,0,8890606482958,8890606483022
perception,6358,0,8890606483150,8890606483182
perception,6359,0,8890606483310,8890606483342
perception,6360,0,8890606483470,8890606483502
perception,6361,0,8890606483598,8890606483662
perception,6362,0,8890606483758,8890606483822
perception,6363,0,8890606483918,8890606484014
perception,6364,0,8890606484078,8890606484174
perception,6365,0,8890606484270,8890606484302
perception,6366,0,8890606484430,8890606484462
perception,6367,0,8890606484590,8890606484622
perception,6368,0,8890606484750,8890606484814
perception,6369,0,8890606484910,8890606484974
perception,6370,0,8890606485102,8890606485134
perception,6371,0,8890606485262,8890606485294
perception,6372,0,8890606485422,8890606485454
perception,6373,0,8890606485550,8890606485646
perception,6374,0,8890606485742,8890606485806
perception,6375,0,8890606485902,8890606485966
perception,6376,0,8890606486062,8890606486126
perception,6377,0,8890606486254,8890606486286
perception,6378,0,8890606486414,8890606486446
perception,6379,0,8890606486542,8890606486606
perception,6380,0,8890606486734,8890606486798
perception,6381,0,8890606486894,8890606486958
perception,6382,0,8890606487054,8890606487118
perception,6383,0,8890606487246,8890606487278
perception,6384,0,8890606487374,8890606487438
perception,6385,0,8890606487534,8890606487630
perception,6386,0,8890606487726,8890606487790
perception,6387,0,8890606487886,8890606487950
perception,6388,0,8890606488046,8890606488110
perception,6389,0,8890606488206,8890606488270
perception,6390,0,8890606488366,8890606488430
perception,6391,0,8890606488526,8890606488590
perception,6392,0,8890606488686,8890606488782
perception,6393,0,8890606488878,8890606488910
perception,6394,0,8890606489038,8890606489070
perception,6395,0,8890606489198,8890606489262
perception,6396,0,8890606489358,8890606489422
perception,6397,0,8890606489518,8890606489582
perception,6398,0,8890606489678,8890606489742
perception,6399,0,8890606489838,8890606489902
perception,6400,0,8890606492462,8890606492526
perception,6401,0,8890606492622,8890606492686
perception,6402,0,8890606492814,8890606492846
perception,6403,0,8890606492974,8890606493006
perception,6404,0,8890606493134,8890606493198
perception,6405,0,8890606493294,8890606493390
perception,6406,0,8890606493486,8890606493518
perception,6407,0,8890606493646,8890606493678
perception,6408,0,8890606493806,8890606493870
perception,6409,0,8890606493966,8890606494030
perception,6410,0,8890606494190,8890606494222
perception,6411,0,8890606494350,8890606494382
perception,6412,0,8890606494510,8890606494542
perception,6413,0,8890606494638,8890606494734
perception,6414,0,8890606494830,8890606494894
perception,6415,0,8890606494990,8890606495054
perception,6416,0,8890606495150,8890606495214
perception,6417,0,8890606495342,8890606495374
perception,6418,0,8890606495502,8890606495534
perception,6419,0,8890606495630,8890606495694
perception,6420,0,8890606495790,8890606495886
perception,6421,0,8890606495982,8890606496046
perception,6422,0,8890606496142,8890606496206
perception,6423,0,8890606496302,8890606496334
perception,6424,0,8890606496494,8890606496558
perception,6425,0,8890606496654,8890606496718
perception,6426,0,8890606496814,8890606496878
perception,6427,0,8890606496974,8890606497038
perception,6428,0,8890606497166,8890606497230
perception,6429,0,8890606497358,8890606497422
perception,6430,0,8890606497518,8890606497582
perception,6431,0,8890606497710,8890606497742
perception,6432,0,8890606497870,8890606497934
perception,6433,0,8890606498030,8890606498094
perception,6434,0,8890606498190,8890606498254
perception,6435,0,8890606498350,8890606498414
perception,6436,0,8890606498510,8890606498574
perception,6437,0,8890606498702,8890606498766
perception,6438,0,8890606498862,8890606498926
perception,6439,0,8890606499022,8890606499086
perception,6440,0,8890606499182,8890606499278
perception,6441,0,8890606499374,8890606499406
perception,6442,0,8890606499534,8890606499566
perception,6443,0,8890606499694,8890606499758
perception,6444,0,8890606499854,8890606499918
perception,6445,0,8890606500014,8890606500078
perception,6446,0,8890606500174,8890606500238
perception,6447,0,8890606500366,8890606500398
perception,6448,0,8890606500526,8890606500558
perception,6449,0,8890606500686,8890606500750
perception,6450,0,8890606500878,8890606500942
perception,6451,0,8890606501038,8890606501070
perception,6452,0,8890606501230,8890606501294
perception,6453,0,8890606501358,8890606501454
perception,6454,0,8890606501582,8890606501646
perception,6455,0,8890606501742,8890606501774
perception,6456,0,8890606501902,8890606501934
perception,6457,0,8890606502062,8890606502158
perception,6458,0,8890606502254,8890606502318
perception,6459,0,8890606502414,8890606502478
perception,6460,0,8890606502574,8890606502638
perception,6461,0,8890606502766,8890606502798
perception,6462,0,8890606502894,8890606502990
perception,6463,0,8890606503054,8890606503150
perception,6464,0,8890606503246,8890606503310
perception,6465,0,8890606503406,8890606503470
perception,6466,0,8890606503566,8890606503598
perception,6467,0,8890606503726,8890606503758
perception,6468,0,8890606503886,8890606503918
perception,6469,0,8890606504014,8890606504078
perception,6470,0,8890606504174,8890606504238
perception,6471,0,8890606504334,8890606504398
perception,6472,0,8890606504494,8890606504558
perception,6473,0,8890606504654,8890606504718
perception,6474,0,8890606504846,8890606504878
perception,6475,0,8890606505006,8890606505038
perception,6476,0,8890606505134,8890606505198
perception,6477,0,8890606505294,8890606505358
perception,6478,0,8890606505486,8890606505550
perception,6479,0,8890606505646,8890606505710
perception,6480,0,8890606505806,8890606505838
perception,6481,0,8890606505966,8890606506030
perception,6482,0,8890606506126,8890606506190
perception,6483,0,8890606506286,8890606506350
perception,6484,0,8890606506446,8890606506542
perception,6485,0,8890606506638,8890606506670
perception,6486,0,8890606506798,8890606506830
perception,6487,0,8890606506958,8890606507022
perception,6488,0,8890606507118,8890606507182
perception,6489,0,8890606507278,8890606507342
perception,6490,0,8890606507438,8890606507502
perception,6491,0,8890606507598,8890606507662
perception,6492,0,8890606507790,8890606507854
perception,6493,0,8890606507950,8890606508014
perception,6494,0,8890606508110,8890606508207
perception,6495,0,8890606508271,8890606508367
perception,6496,0,8890606508463,8890606508495
perception,6497,0,8890606508623,8890606508687
perception,6498,0,8890606508783,8890606508847
perception,6499,0,8890606508943,8890606509039
perception,6500,0,8890606509135,8890606509199
perception,6501,0,8890606509295,8890606509327
perception,6502,0,8890606509455,8890606509487
perception,6503,0,8890606509615,8890606509679
perception,6504,0,8890606509775,8890606509839
perception,6505,0,8890606509935,8890606509999
perception,6506,0,8890606510095,8890606510191
perception,6507,0,8890606510287,8890606510319
perception,6508,0,8890606510447,8890606510479
perception,6509,0,8890606510607,8890606510639
perception,6510,0,8890606510735,8890606510799
perception,6511,0,8890606510927,8890606510991
perception,6512,0,8890606511087,8890606511151
perception,6513,0,8890606511247,8890606511311
perception,6514,0,8890606511407,8890606511471
perception,6515,0,8890606511567,8890606511631
perception,6516,0,8890606511727,8890606511791
perception,6517,0,8890606511887,8890606511951
perception,6518,0,8890606512047,8890606512111
perception,6519,0,8890606512239,8890606512271
perception,6520,0,8890606512399,8890606512431
perception,6521,0,8890606512559,8890606512623
perception,6522,0,8890606512751,8890606512815
perception,6523,0,8890606512911,8890606512975
perception,6524,0,8890606513071,8890606513103
perception,6525,0,8890606513231,8890606513263
perception,6526,0,8890606513391,8890606513455
perception,6527,0,8890606513551,8890606513615
perception,6528,0,8890606515919,8890606515983
perception,6529,0,8890606516079,8890606516143
perception,6530,0,8890606516271,8890606516335
perception,6531,0,8890606516463,8890606516495
perception,6532,0,8890606516623,8890606516655
perception,6533,0,8890606516751,8890606516847
perception,6534,0,8890606516943,8890606517007
perception,6535,0,8890606517103,8890606517167
perception,6536,0,8890606517263,8890606517295
perception,6537,0,8890606517423,8890606517455
perception,6538,0,8890606517583,8890606517615
perception,6539,0,8890606517743,8890606517775
perception,6540,0,8890606517871,8890606517967
perception,6541,0,8890606518063,8890606518127
perception,6542,0,8890606518255,8890606518287
perception,6543,0,8890606518415,8890606518447
perception,6544,0,8890606518575,8890606518607
perception,6545,0,8890606518735,8890606518799
perception,6546,0,8890606518895,8890606518959
perception,6547,0,8890606519087,8890606519119
perception,6548,0,8890606519247,8890606519279
perception,6549,0,8890606519407,8890606519439
perception,6550,0,8890606519567,8890606519631
perception,6551,0,8890606519727,8890606519791
perception,6552,0,8890606519919,8890606519983
perception,6553,0,8890606520079,8890606520111
perception,6554,0,8890606520271,8890606520335
perception,6555,0,8890606520431,8890606520495
perception,6556,0,8890606520591,8890606520655
perception,6557,0,8890606520783,8890606520815
perception,6558,0,8890606520943,8890606521007
perception,6559,0,8890606521103,8890606521167
perception,6560,0,8890606521295,8890606521359
perception,6561,0,8890606521455,8890606521519
perception,6562,0,8890606521615,8890606521679
perception,6563,0,8890606521775,8890606521839
perception,6564,0,8890606521935,8890606521999
perception,6565,0,8890606522127,8890606522191
perception,6566,0,8890606522287,8890606522351
perception,6567,0,8890606522479,8890606522511
perception,6568,0,8890606522639,8890606522703
perception,6569,0,8890606522799,8890606522863
perception,6570,0,8890606522959,8890606523023
perception,6571,0,8890606523119,8890606523183
perception,6572,0,8890606523279,8890606523311
perception,6573,0,8890606523471,8890606523503
perception,6574,0,8890606523599,8890606523663
perception,6575,0,8890606523759,8890606523823
perception,6576,0,8890606523951,8890606524015
perception,6577,0,8890606524143,8890606524175
perception,6578,0,8890606524303,8890606524335
perception,6579,0,8890606524431,8890606524495
perception,6580,0,8890606524591,8890606524655
perception,6581,0,8890606524751,8890606524815
perception,6582,0,8890606524911,8890606524975
perception,6583,0,8890606525103,8890606525167
perception,6584,0,8890606525263,8890606525327
perception,6585,0,8890606525423,8890606525487
perception,6586,0,8890606525615,8890606525679
perception,6587,0,8890606525775,8890606525839
perception,6588,0,8890606525935,8890606525999
perception,6589,0,8890606526127,8890606526159
perception,6590,0,8890606526287,8890606526351
perception,6591,0,8890606526447,8890606526511
perception,6592,0,8890606526607,8890606526671
perception,6593,0,8890606526799,8890606526831
perception,6594,0,8890606526959,8890606526991
perception,6595,0,8890606527087,8890606527151
perception,6596,0,8890606527247,8890606527343
perception,6597,0,8890606527439,8890606527503
perception,6598,0,8890606527599,8890606527663
perception,6599,0,8890606527759,8890606527823
perception,6600,0,8890606527951,8890606527983
perception,6601,0,8890606528079,8890606528143
perception,6602,0,8890606528239,8890606528335
perception,6603,0,8890606528431,8890606528495
perception,6604,0,8890606528591,8890606528623
perception,6605,0,8890606528751,8890606528783
perception,6606,0,8890606528911,8890606528975
perception,6607,0,8890606529071,8890606529135
perception,6608,0,8890606529231,8890606529327
perception,6609,0,8890606529423,8890606529487
perception,6610,0,8890606529583,8890606529615
perception,6611,0,8890606529743,8890606529807
perception,6612,0,8890606529903,8890606529967
perception,6613,0,8890606530063,8890606530127
perception,6614,0,8890606530223,8890606530287
perception,6615,0,8890606530415,8890606530447
perception,6616,0,8890606530575,8890606530607
perception,6617,0,8890606530735,8890606530767
perception,6618,0,8890606530863,8890606530959
perception,6619,0,8890606531087,8890606531151
perception,6620,0,8890606531247,8890606531311
perception,6621,0,8890606531407,8890606531439
perception,6622,0,8890606531567,8890606531599
perception,6623,0,8890606531727,8890606531791
perception,6624,0,8890606531887,8890606531951
perception,6625,0,8890606532047,8890606532111
perception,6626,0,8890606532239,8890606532271
perception,6627,0,8890606532399,8890606532431
perception,6628,0,8890606532559,8890606532623
perception,6629,0,8890606532687,8890606532783
perception,6630,0,8890606532879,8890606532943
perception,6631,0,8890606533039,8890606533103
perception,6632,0,8890606533199,8890606533263
perception,6633,0,8890606533359,8890606533423
perception,6634,0,8890606533519,8890606533583
perception,6635,0,8890606533679,8890606533743
perception,6636,0,8890606533839,8890606533903
perception,6637,0,8890606534031,8890606534095
perception,6638,0,8890606534191,8890606534223
perception,6639,0,8890606534351,8890606534383
perception,6640,0,8890606534575,8890606534639
perception,6641,0,8890606534735,8890606534799
perception,6642,0,8890606534895,8890606534927
perception,6643,0,8890606535087,8890606535119
perception,6644,0,8890606535215,8890606535279
perception,6645,0,8890606535375,8890606535471
perception,6646,0,8890606535567,8890606535631
perception,6647,0,8890606535727,8890606535759
perception,6648,0,8890606535887,8890606535919
perception,6649,0,8890606536047,8890606536111
perception,6650,0,8890606536208,8890606536272
perception,6651,0,8890606536368,8890606536432
perception,6652,0,8890606536560,8890606536624
perception,6653,0,8890606536720,8890606536752
perception,6654,0,8890606536880,8890606536912
perception,6655,0,8890606537040,8890606537104
perception,6656,0,8890606539888,8890606539952
perception,6657,0,8890606540048,8890606540112
perception,6658,0,8890606540240,8890606540272
perception,6659,0,8890606540400,8890606540464
perception,6660,0,8890606540592,8890606540656
perception,6661,0,8890606540752,8890606540816
perception,6662,0,8890606540912,8890606540944
perception,6663,0,8890606541072,8890606541136
perception,6664,0,8890606541296,8890606541360
perception,6665,0,8890606541488,8890606541520
perception,6666,0,8890606541648,8890606541744
perception,6667,0,8890606541840,8890606541904
perception,6668,0,8890606542000,8890606542064
perception,6669,0,8890606542160,8890606542192
perception,6670,0,8890606542352,8890606542384
perception,6671,0,8890606542480,8890606542544
perception,6672,0,8890606542640,8890606542704
perception,6673,0,8890606542832,8890606542896
perception,6674,0,8890606542992,8890606543056
perception,6675,0,8890606543184,8890606543216
perception,6676,0,8890606543344,8890606543408
perception,6677,0,8890606543504,8890606543600
perception,6678,0,8890606543696,8890606543760
perception,6679,0,8890606543856,8890606543888
perception,6680,0,8890606544016,8890606544080
perception,6681,0,8890606544176,8890606544240
perception,6682,0,8890606544336,8890606544400
perception,6683,0,8890606544560,8890606544592
perception,6684,0,8890606544720,8890606544752
perception,6685,0,8890606544848,8890606544944
perception,6686,0,8890606545040,8890606545104
perception,6687,0,8890606545200,8890606545264
perception,6688,0,8890606545360,8890606545424
perception,6689,0,8890606545520,8890606545552
perception,6690,0,8890606545680,8890606545744
perception,6691,0,8890606545840,8890606545872
perception,6692,0,8890606545968,8890606546032
perception,6693,0,8890606546128,8890606546224
perception,6694,0,8890606546320,8890606546384
perception,6695,0,8890606546480,8890606546544
perception,6696,0,8890606546640,8890606546672
perception,6697,0,8890606546800,8890606546832
perception,6698,0,8890606546960,8890606546992
perception,6699,0,8890606547088,8890606547152
perception,6700,0,8890606547248,8890606547312
perception,6701,0,8890606547440,8890606547504
perception,6702,0,8890606547600,8890606547664
perception,6703,0,8890606547760,8890606547792
perception,6704,0,8890606547920,8890606547952
perception,6705,0,8890606548080,8890606548144
perception,6706,0,8890606548240,8890606548304
perception,6707,0,8890606548432,8890606548496
perception,6708,0,8890606548624,8890606548688
perception,6709,0,8890606548816,8890606548880
perception,6710,0,8890606548976,8890606549040
perception,6711,0,8890606549168,8890606549200
perception,6712,0,8890606549328,8890606549392
perception,6713,0,8890606549488,8890606549584
perception,6714,0,8890606549680,8890606549744
perception,6715,0,8890606549840,8890606549904
perception,6716,0,8890606550000,8890606550064
perception,6717,0,8890606550160,8890606550224
perception,6718,0,8890606550384,8890606550448
perception,6719,0,8890606550544,8890606550608
perception,6720,0,8890606550704,8890606550736
perception,6721,0,8890606550864,8890606550896
perception,6722,0,8890606551024,8890606551088
perception,6723,0,8890606551216,8890606551280
perception,6724,0,8890606551376,8890606551440
perception,6725,0,8890606551568,8890606551632
perception,6726,0,8890606551760,8890606551824
perception,6727,0,8890606551920,8890606551984
perception,6728,0,8890606552112,8890606552144
perception,6729,0,8890606552272,8890606552304
perception,6730,0,8890606552432,8890606552496
perception,6731,0,8890606552592,8890606552656
perception,6732,0,8890606552752,8890606552816
perception,6733,0,8890606552912,8890606552976
perception,6734,0,8890606553104,8890606553136
perception,6735,0,8890606553264,8890606553296
perception,6736,0,8890606553392,8890606553456
perception,6737,0,8890606553552,8890606553616
perception,6738,0,8890606553744,8890606553808
perception,6739,0,8890606553904,8890606553968
perception,6740,0,8890606554096,8890606554128
perception,6741,0,8890606554224,8890606554288
perception,6742,0,8890606554384,8890606554448
perception,6743,0,8890606554544,8890606554608
perception,6744,0,8890606554800,8890606554832
perception,6745,0,8890606554928,8890606554992
perception,6746,0,8890606555088,8890606555152
perception,6747,0,8890606555248,8890606555344
perception,6748,0,8890606555440,8890606555504
perception,6749,0,8890606555632,8890606555664
perception,6750,0,8890606555760,8890606555824
perception,6751,0,8890606555952,8890606556016
perception,6752,0,8890606556112,8890606556208
perception,6753,0,8890606556336,8890606556368
perception,6754,0,8890606556464,8890606556528
perception,6755,0,8890606556656,8890606556720
perception,6756,0,8890606556816,8890606556880
perception,6757,0,8890606556976,8890606557040
perception,6758,0,8890606557168,8890606557200
perception,6759,0,8890606557296,8890606557360
perception,6760,0,8890606557456,8890606557520
perception,6761,0,8890606557616,8890606557712
perception,6762,0,8890606557808,8890606557872
perception,6763,0,8890606558000,8890606558032
perception,6764,0,8890606558160,8890606558192
perception,6765,0,8890606558288,8890606558352
perception,6766,0,8890606558448,8890606558512
perception,6767,0,8890606558640,8890606558704
perception,6768,0,8890606558832,8890606558864
perception,6769,0,8890606558992,8890606559024
perception,6770,0,8890606559120,8890606559184
perception,6771,0,8890606559280,8890606559376
perception,6772,0,8890606559472,8890606559536
perception,6773,0,8890606559632,8890606559696
perception,6774,0,8890606559792,8890606559824
perception,6775,0,8890606559952,8890606559984
perception,6776,0,8890606560112,8890606560144
perception,6777,0,8890606560240,8890606560304
perception,6778,0,8890606560400,8890606560464
perception,6779,0,8890606560560,8890606560624
perception,6780,0,8890606560720,8890606560784
perception,6781,0,8890606560880,8890606560944
perception,6782,0,8890606561072,8890606561104
perception,6783,0,8890606561232,8890606561264
perception,6784,0,8890606563952,8890606564016
perception,6785,0,8890606564144,8890606564176
perception,6786,0,8890606564305,8890606564369
perception,6787,0,8890606564465,8890606564529
perception,6788,0,8890606564657,8890606564721
perception,6789,0,8890606564849,8890606564881
perception,6790,0,8890606565009,8890606565041
perception,6791,0,8890606565137,8890606565233
perception,6792,0,8890606565297,8890606565393
perception,6793,0,8890606565489,8890606565553
perception,6794,0,8890606565649,8890606565713
perception,6795,0,8890606565809,8890606565841
perception,6796,0,8890606565969,8890606566033
perception,6797,0,8890606566129,8890606566193
perception,6798,0,8890606566289,8890606566353
perception,6799,0,8890606566449,8890606566545
perception,6800,0,8890606566641,8890606566673
perception,6801,0,8890606566801,8890606566865
perception,6802,0,8890606566961,8890606567025
perception,6803,0,8890606567121,8890606567185
perception,6804,0,8890606567281,8890606567345
perception,6805,0,8890606567473,8890606567537
perception,6806,0,8890606567633,8890606567665
perception,6807,0,8890606567793,8890606567857
perception,6808,0,8890606567953,8890606568017
perception,6809,0,8890606568113,8890606568177
perception,6810,0,8890606568273,8890606568337
perception,6811,0,8890606568433,8890606568497
perception,6812,0,8890606568625,8890606568657
perception,6813,0,8890606568785,8890606568817
perception,6814,0,8890606568913,8890606569009
perception,6815,0,8890606569105,8890606569169
perception,6816,0,8890606569265,8890606569329
perception,6817,0,8890606569457,8890606569489
perception,6818,0,8890606569617,8890606569649
perception,6819,0,8890606569777,8890606569841
perception,6820,0,8890606569969,8890606570033
perception,6821,0,8890606570129,8890606570193
perception,6822,0,8890606570321,8890606570353
perception,6823,0,8890606570449,8890606570513
perception,6824,0,8890606570641,8890606570737
perception,6825,0,8890606570833,8890606570865
perception,6826,0,8890606570993,8890606571025
perception,6827,0,8890606571153,8890606571185
perception,6828,0,8890606571313,8890606571377
perception,6829,0,8890606571473,8890606571537
perception,6830,0,8890606571633,8890606571697
perception,6831,0,8890606571793,8890606571857
perception,6832,0,8890606571985,8890606572017
perception,6833,0,8890606572145,8890606572177
perception,6834,0,8890606572273,8890606572337
perception,6835,0,8890606572465,8890606572529
perception,6836,0,8890606572625,8890606572689
perception,6837,0,8890606572785,8890606572849
perception,6838,0,8890606572945,8890606572977
perception,6839,0,8890606573105,8890606573169
perception,6840,0,8890606573329,8890606573393
perception,6841,0,8890606573489,8890606573521
perception,6842,0,8890606573649,8890606573681
perception,6843,0,8890606573809,8890606573841
perception,6844,0,8890606573969,8890606574001
perception,6845,0,8890606574097,8890606574161
perception,6846,0,8890606574321,8890606574385
perception,6847,0,8890606574513,8890606574545
perception,6848,0,8890606574641,8890606574705
perception,6849,0,8890606574801,8890606574865
perception,6850,0,8890606574961,8890606575025
perception,6851,0,8890606575121,8890606575217
perception,6852,0,8890606575281,8890606575345
perception,6853,0,8890606575473,8890606575505
perception,6854,0,8890606575633,8890606575665
perception,6855,0,8890606575793,8890606575857
perception,6856,0,8890606575953,8890606576017
perception,6857,0,8890606576145,8890606576209
perception,6858,0,8890606576305,8890606576337
perception,6859,0,8890606576465,8890606576529
perception,6860,0,8890606576625,8890606576689
perception,6861,0,8890606576785,8890606576849
perception,6862,0,8890606576945,8890606577009
perception,6863,0,8890606577137,8890606577169
perception,6864,0,8890606577297,8890606577329
perception,6865,0,8890606577457,8890606577489
perception,6866,0,8890606577617,8890606577681
perception,6867,0,8890606577777,8890606577841
perception,6868,0,8890606577937,8890606578001
perception,6869,0,8890606578129,8890606578161
perception,6870,0,8890606578289,8890606578321
perception,6871,0,8890606578449,8890606578513
perception,6872,0,8890606578609,8890606578673
perception,6873,0,8890606578801,8890606578865
perception,6874,0,8890606578993,8890606579057
perception,6875,0,8890606579185,8890606579249
perception,6876,0,8890606579345,8890606579409
perception,6877,0,8890606579537,8890606579569
perception,6878,0,8890606579697,8890606579729
perception,6879,0,8890606579825,8890606579889
perception,6880,0,8890606580017,8890606580081
perception,6881,0,8890606580177,8890606580241
perception,6882,0,8890606580337,8890606580401
perception,6883,0,8890606580529,8890606580561
perception,6884,0,8890606580657,8890606580721
perception,6885,0,8890606580817,8890606580881
perception,6886,0,8890606580977,8890606581041
perception,6887,0,8890606581137,8890606581201
perception,6888,0,8890606581361,8890606581393
perception,6889,0,8890606581521,8890606581553
perception,6890,0,8890606581649,8890606581713
perception,6891,0,8890606581809,8890606581873
perception,6892,0,8890606581969,8890606582065
perception,6893,0,8890606582161,8890606582193
perception,6894,0,8890606582321,8890606582353
perception,6895,0,8890606582481,8890606582545
perception,6896,0,8890606582641,8890606582737
perception,6897,0,8890606582833,8890606582897
perception,6898,0,8890606582993,8890606583057
perception,6899,0,8890606583153,8890606583185
perception,6900,0,8890606583313,8890606583377
perception,6901,0,8890606583537,8890606583601
perception,6902,0,8890606583697,8890606583761
perception,6903,0,8890606583857,8890606583921
perception,6904,0,8890606584017,8890606584081
perception,6905,0,8890606584177,8890606584241
perception,6906,0,8890606584369,8890606584433
perception,6907,0,8890606584561,8890606584593
perception,6908,0,8890606584721,8890606584753
perception,6909,0,8890606584881,8890606584945
perception,6910,0,8890606585041,8890606585105
perception,6911,0,8890606585233,8890606585297
perception,6912,0,8890606588497,8890606588529
perception,6913,0,8890606588657,8890606588721
perception,6914,0,8890606588817,8890606588881
perception,6915,0,8890606588977,8890606589041
perception,6916,0,8890606589137,8890606589201
perception,6917,0,8890606589297,8890606589329
perception,6918,0,8890606589489,8890606589521
perception,6919,0,8890606589617,8890606589681
perception,6920,0,8890606589777,8890606589841
perception,6921,0,8890606589969,8890606590033
perception,6922,0,8890606590161,8890606590193
perception,6923,0,8890606590321,8890606590353
perception,6924,0,8890606590481,8890606590545
perception,6925,0,8890606590673,8890606590737
perception,6926,0,8890606590833,8890606590865
perception,6927,0,8890606590993,8890606591025
perception,6928,0,8890606591153,8890606591217
perception,6929,0,8890606591313,8890606591377
perception,6930,0,8890606591473,8890606591537
perception,6931,0,8890606591633,8890606591729
perception,6932,0,8890606591825,8890606591857
perception,6933,0,8890606591985,8890606592017
perception,6934,0,8890606592145,8890606592177
perception,6935,0,8890606592338,8890606592402
perception,6936,0,8890606592530,8890606592594
perception,6937,0,8890606592690,8890606592754
perception,6938,0,8890606592882,8890606592946
perception,6939,0,8890606593042,8890606593106
perception,6940,0,8890606593202,8890606593266
perception,6941,0,8890606593394,8890606593426
perception,6942,0,8890606593586,8890606593650
perception,6943,0,8890606593746,8890606593810
perception,6944,0,8890606593906,8890606593970
perception,6945,0,8890606594066,8890606594130
perception,6946,0,8890606594226,8890606594290
perception,6947,0,8890606594386,8890606594450
perception,6948,0,8890606594578,8890606594642
perception,6949,0,8890606594738,8890606594802
perception,6950,0,8890606594898,8890606594930
perception,6951,0,8890606595090,8890606595122
perception,6952,0,8890606595218,8890606595282
perception,6953,0,8890606595378,8890606595442
perception,6954,0,8890606595538,8890606595602
perception,6955,0,8890606595698,8890606595762
perception,6956,0,8890606595858,8890606595922
perception,6957,0,8890606596018,8890606596050
perception,6958,0,8890606596178,8890606596210
perception,6959,0,8890606596338,8890606596370
perception,6960,0,8890606596466,8890606596530
perception,6961,0,8890606596626,8890606596722
perception,6962,0,8890606596786,8890606596882
perception,6963,0,8890606596978,8890606597042
perception,6964,0,8890606597138,8890606597170
perception,6965,0,8890606597298,8890606597394
perception,6966,0,8890606597490,8890606597554
perception,6967,0,8890606597714,8890606597746
perception,6968,0,8890606597874,8890606597906
perception,6969,0,8890606598002,8890606598098
perception,6970,0,8890606598194,8890606598258
perception,6971,0,8890606598354,8890606598418
perception,6972,0,8890606598546,8890606598578
perception,6973,0,8890606598706,8890606598770
perception,6974,0,8890606598866,8890606598930
perception,6975,0,8890606599026,8890606599090
perception,6976,0,8890606599186,8890606599250
perception,6977,0,8890606599346,8890606599410
perception,6978,0,8890606599538,8890606599570
perception,6979,0,8890606599698,8890606599730
perception,6980,0,8890606599826,8890606599890
perception,6981,0,8890606600018,8890606600082
perception,6982,0,8890606600210,8890606600242
perception,6983,0,8890606600370,8890606600402
perception,6984,0,8890606600530,8890606600594
perception,6985,0,8890606600722,8890606600786
perception,6986,0,8890606600882,8890606600946
perception,6987,0,8890606601042,8890606601106
perception,6988,0,8890606601234,8890606601266
perception,6989,0,8890606601362,8890606601426
perception,6990,0,8890606601522,8890606601586
perception,6991,0,8890606601682,8890606601778
perception,6992,0,8890606601842,8890606601906
perception,6993,0,8890606602002,8890606602066
perception,6994,0,8890606602162,8890606602226
perception,6995,0,8890606602322,8890606602386
perception,6996,0,8890606602482,8890606602578
perception,6997,0,8890606602642,8890606602738
perception,6998,0,8890606602834,8890606602898
perception,6999,0,8890606602994,8890606603058
perception,7000,0,8890606603186,8890606603218
perception,7001,0,8890606603314,8890606603378
perception,7002,0,8890606603506,8890606603570
perception,7003,0,8890606603666,8890606603730
perception,7004,0,8890606603826,8890606603890
perception,7005,0,8890606603986,8890606604050
perception,7006,0,8890606604178,8890606604210
perception,7007,0,8890606604306,8890606604370
perception,7008,0,8890606604498,8890606604562
perception,7009,0,8890606604658,8890606604722
perception,7010,0,8890606604818,8890606604850
perception,7011,0,8890606605010,8890606605042
perception,7012,0,8890606605138,8890606605202
perception,7013,0,8890606605298,8890606605362
perception,7014,0,8890606605458,8890606605554
perception,7015,0,8890606605650,8890606605714
perception,7016,0,8890606605842,8890606605874
perception,7017,0,8890606605970,8890606606034
perception,7018,0,8890606606130,8890606606226
perception,7019,0,8890606606322,8890606606386
perception,7020,0,8890606606482,8890606606546
perception,7021,0,8890606606642,8890606606674
perception,7022,0,8890606606834,8890606606866
perception,7023,0,8890606606962,8890606607026
perception,7024,0,8890606607122,8890606607186
perception,7025,0,8890606607314,8890606607378
perception,7026,0,8890606607506,8890606607538
perception,7027,0,8890606607666,8890606607698
perception,7028,0,8890606607794,8890606607858
perception,7029,0,8890606607954,8890606608050
perception,7030,0,8890606608146,8890606608210
perception,7031,0,8890606608306,8890606608370
perception,7032,0,8890606608466,8890606608498
perception,7033,0,8890606608626,8890606608690
perception,7034,0,8890606608786,8890606608882
perception,7035,0,8890606608978,8890606609042
perception,7036,0,8890606609138,8890606609202
perception,7037,0,8890606609330,8890606609362
perception,7038,0,8890606609490,8890606609522
perception,7039,0,8890606609618,8890606609682
perception,7040,0,8890606612146,8890606612210
perception,7041,0,8890606612306,8890606612370
perception,7042,0,8890606612466,8890606612530
perception,7043,0,8890606612626,8890606612690
perception,7044,0,8890606612818,8890606612850
perception,7045,0,8890606612978,8890606613010
perception,7046,0,8890606613138,8890606613202
perception,7047,0,8890606613298,8890606613362
perception,7048,0,8890606613522,8890606613554
perception,7049,0,8890606613682,8890606613746
perception,7050,0,8890606613842,8890606613906
perception,7051,0,8890606614002,8890606614066
perception,7052,0,8890606614226,8890606614258
perception,7053,0,8890606614386,8890606614418
perception,7054,0,8890606614546,8890606614610
perception,7055,0,8890606614706,8890606614770
perception,7056,0,8890606614866,8890606614930
perception,7057,0,8890606615058,8890606615090
perception,7058,0,8890606615218,8890606615250
perception,7059,0,8890606615346,8890606615410
perception,7060,0,8890606615570,8890606615634
perception,7061,0,8890606615730,8890606615762
perception,7062,0,8890606615890,8890606615922
perception,7063,0,8890606616050,8890606616082
perception,7064,0,8890606616210,8890606616242
perception,7065,0,8890606616338,8890606616402
perception,7066,0,8890606616498,8890606616562
perception,7067,0,8890606616658,8890606616754
perception,7068,0,8890606616818,8890606616882
perception,7069,0,8890606617010,8890606617042
perception,7070,0,8890606617170,8890606617202
perception,7071,0,8890606617298,8890606617362
perception,7072,0,8890606617458,8890606617522
perception,7073,0,8890606617650,8890606617714
perception,7074,0,8890606617810,8890606617874
perception,7075,0,8890606618002,8890606618066
perception,7076,0,8890606618162,8890606618226
perception,7077,0,8890606618322,8890606618386
perception,7078,0,8890606618482,8890606618578
perception,7079,0,8890606618674,8890606618706
perception,7080,0,8890606618866,8890606618898
perception,7081,0,8890606618994,8890606619058
perception,7082,0,8890606619186,8890606619250
perception,7083,0,8890606619346,8890606619410
perception,7084,0,8890606619506,8890606619570
perception,7085,0,8890606619698,8890606619730
perception,7086,0,8890606619826,8890606619890
perception,7087,0,8890606619986,8890606620082
perception,7088,0,8890606620210,8890606620242
perception,7089,0,8890606620371,8890606620403
perception,7090,0,8890606620531,8890606620595
perception,7091,0,8890606620691,8890606620787
perception,7092,0,8890606620883,8890606620947
perception,7093,0,8890606621043,8890606621075
perception,7094,0,8890606621203,8890606621235
perception,7095,0,8890606621363,8890606621395
perception,7096,0,8890606621523,8890606621587
perception,7097,0,8890606621683,8890606621747
perception,7098,0,8890606621843,8890606621907
perception,7099,0,8890606622003,8890606622067
perception,7100,0,8890606622195,8890606622227
perception,7101,0,8890606622355,8890606622387
perception,7102,0,8890606622483,8890606622547
perception,7103,0,8890606622675,8890606622739
perception,7104,0,8890606622835,8890606622899
perception,7105,0,8890606622995,8890606623059
perception,7106,0,8890606623155,8890606623187
perception,7107,0,8890606623315,8890606623347
perception,7108,0,8890606623475,8890606623507
perception,7109,0,8890606623603,8890606623667
perception,7110,0,8890606623827,8890606623891
perception,7111,0,8890606623987,8890606624019
perception,7112,0,8890606624147,8890606624211
perception,7113,0,8890606624307,8890606624371
perception,7114,0,8890606624467,8890606624531
perception,7115,0,8890606624659,8890606624723
perception,7116,0,8890606624819,8890606624851
perception,7117,0,8890606625011,8890606625043
perception,7118,0,8890606625139,8890606625203
perception,7119,0,8890606625299,8890606625363
perception,7120,0,8890606625491,8890606625555
perception,7121,0,8890606625651,8890606625715
perception,7122,0,8890606625811,8890606625843
perception,7123,0,8890606625971,8890606626035
perception,7124,0,8890606626131,8890606626195
perception,7125,0,8890606626323,8890606626387
perception,7126,0,8890606626483,8890606626547
perception,7127,0,8890606626675,8890606626707
perception,7128,0,8890606626835,8890606626867
perception,7129,0,8890606626995,8890606627059
perception,7130,0,8890606627155,8890606627219
perception,7131,0,8890606627315,8890606627379
perception,7132,0,8890606627507,8890606627539
perception,7133,0,8890606627667,8890606627731
perception,7134,0,8890606627827,8890606627923
perception,7135,0,8890606628019,8890606628083
perception,7136,0,8890606628211,8890606628275
perception,7137,0,8890606628403,8890606628467
perception,7138,0,8890606628563,8890606628627
perception,7139,0,8890606628723,8890606628787
perception,7140,0,8890606628915,8890606628947
perception,7141,0,8890606629075,8890606629107
perception,7142,0,8890606629203,8890606629299
perception,7143,0,8890606629395,8890606629459
perception,7144,0,8890606629555,8890606629619
perception,7145,0,8890606629715,8890606629779
perception,7146,0,8890606629907,8890606629939
perception,7147,0,8890606630035,8890606630099
perception,7148,0,8890606630195,8890606630259
perception,7149,0,8890606630355,8890606630419
perception,7150,0,8890606630547,8890606630611
perception,7151,0,8890606630707,8890606630739
perception,7152,0,8890606630867,8890606630899
perception,7153,0,8890606631027,8890606631059
perception,7154,0,8890606631155,8890606631251
perception,7155,0,8890606631347,8890606631411
perception,7156,0,8890606631507,8890606631571
perception,7157,0,8890606631667,8890606631731
perception,7158,0,8890606631827,8890606631859
perception,7159,0,8890606631987,8890606632051
perception,7160,0,8890606632147,8890606632211
perception,7161,0,8890606632307,8890606632371
perception,7162,0,8890606632467,8890606632563
perception,7163,0,8890606632659,8890606632691
perception,7164,0,8890606632819,8890606632851
perception,7165,0,8890606632979,8890606633043
perception,7166,0,8890606633139,8890606633203
perception,7167,0,8890606633299,8890606633363
perception,7168,0,8890606635763,8890606635827
perception,7169,0,8890606635923,8890606636019
perception,7170,0,8890606636115,8890606636179
perception,7171,0,8890606636339,8890606636371
perception,7172,0,8890606636467,8890606636531
perception,7173,0,8890606636627,8890606636691
perception,7174,0,8890606636819,8890606636883
perception,7175,0,8890606636979,8890606637043
perception,7176,0,8890606637139,8890606637171
perception,7177,0,8890606637299,8890606637331
perception,7178,0,8890606637459,8890606637491
perception,7179,0,8890606637587,8890606637651
perception,7180,0,8890606637747,8890606637811
perception,7181,0,8890606637939,8890606638003
perception,7182,0,8890606638131,8890606638163
perception,7183,0,8890606638291,8890606638323
perception,7184,0,8890606638419,8890606638483
perception,7185,0,8890606638611,8890606638675
perception,7186,0,8890606638771,8890606638867
perception,7187,0,8890606638963,8890606638995
perception,7188,0,8890606639123,8890606639155
perception,7189,0,8890606639283,8890606639347
perception,7190,0,8890606639443,8890606639507
perception,7191,0,8890606639635,8890606639699
perception,7192,0,8890606639795,8890606639827
perception,7193,0,8890606639987,8890606640019
perception,7194,0,8890606640115,8890606640179
perception,7195,0,8890606640275,8890606640339
perception,7196,0,8890606640435,8890606640499
perception,7197,0,8890606640627,8890606640659
perception,7198,0,8890606640787,8890606640819
perception,7199,0,8890606640947,8890606641011
perception,7200,0,8890606641139,8890606641203
perception,7201,0,8890606641331,8890606641363
perception,7202,0,8890606641491,8890606641523
perception,7203,0,8890606641651,8890606641683
perception,7204,0,8890606641811,8890606641875
perception,7205,0,8890606641971,8890606642035
perception,7206,0,8890606642131,8890606642195
perception,7207,0,8890606642323,8890606642387
perception,7208,0,8890606642483,8890606642547
perception,7209,0,8890606642675,8890606642739
perception,7210,0,8890606642867,8890606642899
perception,7211,0,8890606643059,8890606643091
perception,7212,0,8890606643187,8890606643283
perception,7213,0,8890606643379,8890606643443
perception,7214,0,8890606643539,8890606643603
perception,7215,0,8890606643699,8890606643763
perception,7216,0,8890606643859,8890606643923
perception,7217,0,8890606644019,8890606644083
perception,7218,0,8890606644211,8890606644275
perception,7219,0,8890606644403,8890606644435
perception,7220,0,8890606644595,8890606644627
perception,7221,0,8890606644723,8890606644787
perception,7222,0,8890606644883,8890606644947
perception,7223,0,8890606645043,8890606645107
perception,7224,0,8890606645203,8890606645267
perception,7225,0,8890606645363,8890606645427
perception,7226,0,8890606645555,8890606645587
perception,7227,0,8890606645715,8890606645747
perception,7228,0,8890606645843,8890606645907
perception,7229,0,8890606646003,8890606646099
perception,7230,0,8890606646195,8890606646259
perception,7231,0,8890606646355,8890606646419
perception,7232,0,8890606646547,8890606646579
perception,7233,0,8890606646707,8890606646771
perception,7234,0,8890606646867,8890606646931
perception,7235,0,8890606647059,8890606647091
perception,7236,0,8890606647219,8890606647251
perception,7237,0,8890606647379,8890606647411
perception,7238,0,8890606647539,8890606647603
perception,7239,0,8890606647731,8890606647795
perception,7240,0,8890606647891,8890606647955
perception,7241,0,8890606648051,8890606648083
perception,7242,0,8890606648211,8890606648275
perception,7243,0,8890606648372,8890606648436
perception,7244,0,8890606648532,8890606648596
perception,7245,0,8890606648692,8890606648756
perception,7246,0,8890606648852,8890606648916
perception,7247,0,8890606649044,8890606649076
perception,7248,0,8890606649204,8890606649236
perception,7249,0,8890606649332,8890606649396
perception,7250,0,8890606649524,8890606649588
perception,7251,0,8890606649684,8890606649748
perception,7252,0,8890606649844,8890606649908
perception,7253,0,8890606650004,8890606650068
perception,7254,0,8890606650196,8890606650228
perception,7255,0,8890606650356,8890606650420
perception,7256,0,8890606650548,8890606650612
perception,7257,0,8890606650740,8890606650772
perception,7258,0,8890606650868,8890606650932
perception,7259,0,8890606651028,8890606651092
perception,7260,0,8890606651188,8890606651252
perception,7261,0,8890606651348,8890606651412
perception,7262,0,8890606651540,8890606651572
perception,7263,0,8890606651700,8890606651732
perception,7264,0,8890606651860,8890606651892
perception,7265,0,8890606652020,8890606652084
perception,7266,0,8890606652180,8890606652244
perception,7267,0,8890606652372,8890606652404
perception,7268,0,8890606652532,8890606652564
perception,7269,0,8890606652692,8890606652756
perception,7270,0,8890606652852,8890606652916
perception,7271,0,8890606653044,8890606653108
perception,7272,0,8890606653204,8890606653268
perception,7273,0,8890606653364,8890606653396
perception,7274,0,8890606653524,8890606653588
perception,7275,0,8890606653684,8890606653748
perception,7276,0,8890606653876,8890606653940
perception,7277,0,8890606654036,8890606654100
perception,7278,0,8890606654228,8890606654260
perception,7279,0,8890606654388,8890606654420
perception,7280,0,8890606654516,8890606654580
perception,7281,0,8890606654676,8890606654740
perception,7282,0,8890606654836,8890606654932
perception,7283,0,8890606655060,8890606655092
perception,7284,0,8890606655220,8890606655252
perception,7285,0,8890606655348,8890606655412
perception,7286,0,8890606655540,8890606655604
perception,7287,0,8890606655700,8890606655764
perception,7288,0,8890606655860,8890606655924
perception,7289,0,8890606656052,8890606656116
perception,7290,0,8890606656212,8890606656276
perception,7291,0,8890606656372,8890606656436
perception,7292,0,8890606656532,8890606656628
perception,7293,0,8890606656724,8890606656756
perception,7294,0,8890606656884,8890606656916
perception,7295,0,8890606657044,8890606657108
perception,7296,0,8890606659572,8890606659636
perception,7297,0,8890606659732,8890606659796
perception,7298,0,8890606659924,8890606659988
perception,7299,0,8890606660084,8890606660116
perception,7300,0,8890606660244,8890606660340
perception,7301,0,8890606660404,8890606660500
perception,7302,0,8890606660628,8890606660660
perception,7303,0,8890606660820,8890606660852
perception,7304,0,8890606660980,8890606661044
perception,7305,0,8890606661204,8890606661236
perception,7306,0,8890606661364,8890606661396
perception,7307,0,8890606661524,8890606661588
perception,7308,0,8890606661684,8890606661748
perception,7309,0,8890606661844,8890606661908
perception,7310,0,8890606662036,8890606662068
perception,7311,0,8890606662196,8890606662228
perception,7312,0,8890606662356,8890606662388
perception,7313,0,8890606662516,8890606662580
perception,7314,0,8890606662740,8890606662772
perception,7315,0,8890606662900,8890606662932
perception,7316,0,8890606663060,8890606663124
perception,7317,0,8890606663220,8890606663284
perception,7318,0,8890606663380,8890606663476
perception,7319,0,8890606663572,8890606663604
perception,7320,0,8890606663732,8890606663764
perception,7321,0,8890606663892,8890606663956
perception,7322,0,8890606664052,8890606664116
perception,7323,0,8890606664212,8890606664276
perception,7324,0,8890606664372,8890606664436
perception,7325,0,8890606664564,8890606664596
perception,7326,0,8890606664724,8890606664756
perception,7327,0,8890606664852,8890606664916
perception,7328,0,8890606665012,8890606665076
perception,7329,0,8890606665172,8890606665268
perception,7330,0,8890606665332,8890606665396
perception,7331,0,8890606665492,8890606665556
perception,7332,0,8890606665652,8890606665716
perception,7333,0,8890606665844,8890606665908
perception,7334,0,8890606666036,8890606666100
perception,7335,0,8890606666196,8890606666260
perception,7336,0,8890606666356,8890606666420
perception,7337,0,8890606666516,8890606666548
perception,7338,0,8890606666676,8890606666740
perception,7339,0,8890606666836,8890606666900
perception,7340,0,8890606667028,8890606667092
perception,7341,0,8890606667220,8890606667252
perception,7342,0,8890606667380,8890606667444
perception,7343,0,8890606667540,8890606667604
perception,7344,0,8890606667700,8890606667796
perception,7345,0,8890606667892,8890606667956
perception,7346,0,8890606668052,8890606668084
perception,7347,0,8890606668212,8890606668276
perception,7348,0,8890606668372,8890606668436
perception,7349,0,8890606668532,8890606668596
perception,7350,0,8890606668724,8890606668788
perception,7351,0,8890606668916,8890606668948
perception,7352,0,8890606669076,8890606669140
perception,7353,0,8890606669236,8890606669300
perception,7354,0,8890606669396,8890606669492
perception,7355,0,8890606669588,8890606669620
perception,7356,0,8890606669748,8890606669780
perception,7357,0,8890606669908,8890606669972
perception,7358,0,8890606670068,8890606670132
perception,7359,0,8890606670228,8890606670324
perception,7360,0,8890606670420,8890606670452
perception,7361,0,8890606670580,8890606670612
perception,7362,0,8890606670740,8890606670804
perception,7363,0,8890606670900,8890606670996
perception,7364,0,8890606671092,8890606671156
perception,7365,0,8890606671252,8890606671316
perception,7366,0,8890606671412,8890606671444
perception,7367,0,8890606671572,8890606671636
perception,7368,0,8890606671732,8890606671796
perception,7369,0,8890606671892,8890606671956
perception,7370,0,8890606672052,8890606672116
perception,7371,0,8890606672212,8890606672276
perception,7372,0,8890606672372,8890606672404
perception,7373,0,8890606672532,8890606672564
perception,7374,0,8890606672692,8890606672724
perception,7375,0,8890606672852,8890606672916
perception,7376,0,8890606673012,8890606673076
perception,7377,0,8890606673172,8890606673236
perception,7378,0,8890606673332,8890606673396
perception,7379,0,8890606673492,8890606673524
perception,7380,0,8890606673652,8890606673716
perception,7381,0,8890606673812,8890606673876
perception,7382,0,8890606673972,8890606674036
perception,7383,0,8890606674132,8890606674196
perception,7384,0,8890606674292,8890606674356
perception,7385,0,8890606674484,8890606674516
perception,7386,0,8890606674644,8890606674676
perception,7387,0,8890606674804,8890606674868
perception,7388,0,8890606674964,8890606675028
perception,7389,0,8890606675124,8890606675188
perception,7390,0,8890606675284,8890606675348
perception,7391,0,8890606675444,8890606675508
perception,7392,0,8890606675636,8890606675668
perception,7393,0,8890606675764,8890606675828
perception,7394,0,8890606675924,8890606676020
perception,7395,0,8890606676116,8890606676180
perception,7396,0,8890606676276,8890606676341
perception,7397,0,8890606676437,8890606676501
perception,7398,0,8890606676629,8890606676661
perception,7399,0,8890606676757,8890606676821
perception,7400,0,8890606676917,8890606676981
perception,7401,0,8890606677109,8890606677173
perception,7402,0,8890606677269,8890606677301
perception,7403,0,8890606677429,8890606677461
perception,7404,0,8890606677589,8890606677653
perception,7405,0,8890606677781,8890606677845
perception,7406,0,8890606677941,8890606678005
perception,7407,0,8890606678101,8890606678165
perception,7408,0,8890606678293,8890606678357
perception,7409,0,8890606678453,8890606678517
perception,7410,0,8890606678613,8890606678709
perception,7411,0,8890606678805,8890606678869
perception,7412,0,8890606678965,8890606678997
perception,7413,0,8890606679125,8890606679157
perception,7414,0,8890606679285,8890606679317
perception,7415,0,8890606679413,8890606679477
perception,7416,0,8890606679573,8890606679637
perception,7417,0,8890606679733,8890606679797
perception,7418,0,8890606679957,8890606679989
perception,7419,0,8890606680117,8890606680181
perception,7420,0,8890606680277,8890606680341
perception,7421,0,8890606680437,8890606680501
perception,7422,0,8890606680597,8890606680661
perception,7423,0,8890606680757,8890606680821
perception,7424,0,8890606683477,8890606683509
perception,7425,0,8890606683605,8890606683669
perception,7426,0,8890606683765,8890606683829
perception,7427,0,8890606683925,8890606684021
perception,7428,0,8890606684117,8890606684181
perception,7429,0,8890606684309,8890606684341
perception,7430,0,8890606684437,8890606684501
perception,7431,0,8890606684597,8890606684693
perception,7432,0,8890606684789,8890606684853
perception,7433,0,8890606684981,8890606685013
perception,7434,0,8890606685141,8890606685173
perception,7435,0,8890606685301,8890606685365
perception,7436,0,8890606685493,8890606685557
perception,7437,0,8890606685717,8890606685749
perception,7438,0,8890606685845,8890606685909
perception,7439,0,8890606686005,8890606686069
perception,7440,0,8890606686165,8890606686261
perception,7441,0,8890606686357,8890606686421
perception,7442,0,8890606686517,8890606686549
perception,7443,0,8890606686677,8890606686741
perception,7444,0,8890606686837,8890606686901
perception,7445,0,8890606686997,8890606687061
perception,7446,0,8890606687157,8890606687221
perception,7447,0,8890606687317,8890606687381
perception,7448,0,8890606687541,8890606687573
perception,7449,0,8890606687669,8890606687733
perception,7450,0,8890606687829,8890606687893
perception,7451,0,8890606687989,8890606688085
perception,7452,0,8890606688181,8890606688245
perception,7453,0,8890606688373,8890606688437
perception,7454,0,8890606688533,8890606688597
perception,7455,0,8890606688693,8890606688757
perception,7456,0,8890606688885,8890606688917
perception,7457,0,8890606689045,8890606689077
perception,7458,0,8890606689237,8890606689301
perception,7459,0,8890606689397,8890606689493
perception,7460,0,8890606689589,8890606689621
perception,7461,0,8890606689749,8890606689813
perception,7462,0,8890606689941,8890606690005
perception,7463,0,8890606690101,8890606690165
perception,7464,0,8890606690261,8890606690325
perception,7465,0,8890606690453,8890606690517
perception,7466,0,8890606690613,8890606690677
perception,7467,0,8890606690805,8890606690869
perception,7468,0,8890606690997,8890606691029
perception,7469,0,8890606691157,8890606691189
perception,7470,0,8890606691317,8890606691349
perception,7471,0,8890606691445,8890606691541
perception,7472,0,8890606691637,8890606691701
perception,7473,0,8890606691797,8890606691861
perception,7474,0,8890606691989,8890606692021
perception,7475,0,8890606692149,8890606692213
perception,7476,0,8890606692309,8890606692373
perception,7477,0,8890606692501,8890606692565
perception,7478,0,8890606692661,8890606692725
perception,7479,0,8890606692853,8890606692917
perception,7480,0,8890606692981,8890606693077
perception,7481,0,8890606693173,8890606693237
perception,7482,0,8890606693333,8890606693397
perception,7483,0,8890606693525,8890606693557
perception,7484,0,8890606693685,8890606693749
perception,7485,0,8890606693877,8890606693941
perception,7486,0,8890606694037,8890606694101
perception,7487,0,8890606694197,8890606694229
perception,7488,0,8890606694389,8890606694421
perception,7489,0,8890606694517,8890606694613
perception,7490,0,8890606694709,8890606694773
perception,7491,0,8890606694869,8890606694933
perception,7492,0,8890606695029,8890606695093
perception,7493,0,8890606695189,8890606695221
perception,7494,0,8890606695349,8890606695413
perception,7495,0,8890606695541,8890606695605
perception,7496,0,8890606695701,8890606695765
perception,7497,0,8890606695893,8890606695925
perception,7498,0,8890606696053,8890606696117
perception,7499,0,8890606696213,8890606696277
perception,7500,0,8890606696373,8890606696437
perception,7501,0,8890606696565,8890606696629
perception,7502,0,8890606696757,8890606696789
perception,7503,0,8890606696885,8890606696949
perception,7504,0,8890606697045,8890606697109
perception,7505,0,8890606697205,8890606697301
perception,7506,0,8890606697397,8890606697461
perception,7507,0,8890606697557,8890606697589
perception,7508,0,8890606697717,8890606697781
perception,7509,0,8890606697877,8890606697941
perception,7510,0,8890606698069,8890606698133
perception,7511,0,8890606698229,8890606698293
perception,7512,0,8890606698389,8890606698421
perception,7513,0,8890606698581,8890606698645
perception,7514,0,8890606698741,8890606698805
perception,7515,0,8890606698933,8890606698997
perception,7516,0,8890606699093,8890606699125
perception,7517,0,8890606699253,8890606699317
perception,7518,0,8890606699413,8890606699477
perception,7519,0,8890606699573,8890606699637
perception,7520,0,8890606699733,8890606699797
perception,7521,0,8890606699893,8890606699989
perception,7522,0,8890606700085,8890606700149
perception,7523,0,8890606700245,8890606700309
perception,7524,0,8890606700405,8890606700469
perception,7525,0,8890606700565,8890606700629
perception,7526,0,8890606700725,8890606700789
perception,7527,0,8890606700885,8890606700949
perception,7528,0,8890606701045,8890606701077
perception,7529,0,8890606701205,8890606701237
perception,7530,0,8890606701365,8890606701429
perception,7531,0,8890606701525,8890606701621
perception,7532,0,8890606701685,8890606701781
perception,7533,0,8890606701877,8890606701941
perception,7534,0,8890606702037,8890606702069
perception,7535,0,8890606702197,8890606702229
perception,7536,0,8890606702357,8890606702421
perception,7537,0,8890606702517,8890606702581
perception,7538,0,8890606702677,8890606702741
perception,7539,0,8890606702837,8890606702901
perception,7540,0,8890606702997,8890606703061
perception,7541,0,8890606703189,8890606703221
perception,7542,0,8890606703317,8890606703381
perception,7543,0,8890606703509,8890606703573
perception,7544,0,8890606703669,8890606703733
perception,7545,0,8890606703829,8890606703893
perception,7546,0,8890606704021,8890606704053
perception,7547,0,8890606704181,8890606704213
perception,7548,0,8890606704341,8890606704406
perception,7549,0,8890606704502,8890606704566
perception,7550,0,8890606704662,8890606704726
perception,7551,0,8890606704854,8890606704886
perception,7552,0,8890606707574,8890606707670
perception,7553,0,8890606707766,8890606707798
perception,7554,0,8890606707926,8890606707958
perception,7555,0,8890606708086,8890606708118
perception,7556,0,8890606708214,8890606708278
perception,7557,0,8890606708374,8890606708438
perception,7558,0,8890606708534,8890606708598
perception,7559,0,8890606708726,8890606708790
perception,7560,0,8890606708918,8890606708950
perception,7561,0,8890606709078,8890606709142
perception,7562,0,8890606709238,8890606709302
perception,7563,0,8890606709430,8890606709494
perception,7564,0,8890606709590,8890606709622
perception,7565,0,8890606709750,8890606709846
perception,7566,0,8890606709942,8890606710006
perception,7567,0,8890606710102,8890606710166
perception,7568,0,8890606710262,8890606710326
perception,7569,0,8890606710454,8890606710486
perception,7570,0,8890606710614,8890606710646
perception,7571,0,8890606710774,8890606710838
perception,7572,0,8890606710966,8890606711030
perception,7573,0,8890606711126,8890606711158
perception,7574,0,8890606711286,8890606711318
perception,7575,0,8890606711446,8890606711510
perception,7576,0,8890606711606,8890606711670
perception,7577,0,8890606711766,8890606711830
perception,7578,0,8890606711990,8890606712022
perception,7579,0,8890606712150,8890606712182
perception,7580,0,8890606712278,8890606712342
perception,7581,0,8890606712470,8890606712534
perception,7582,0,8890606712630,8890606712694
perception,7583,0,8890606712790,8890606712854
perception,7584,0,8890606712982,8890606713014
perception,7585,0,8890606713110,8890606713174
perception,7586,0,8890606713270,8890606713334
perception,7587,0,8890606713430,8890606713494
perception,7588,0,8890606713590,8890606713686
perception,7589,0,8890606713782,8890606713814
perception,7590,0,8890606713942,8890606713974
perception,7591,0,8890606714102,8890606714134
perception,7592,0,8890606714230,8890606714326
perception,7593,0,8890606714422,8890606714486
perception,7594,0,8890606714582,8890606714646
perception,7595,0,8890606714742,8890606714806
perception,7596,0,8890606714934,8890606714966
perception,7597,0,8890606715094,8890606715126
perception,7598,0,8890606715222,8890606715286
perception,7599,0,8890606715382,8890606715446
perception,7600,0,8890606715542,8890606715638
perception,7601,0,8890606715702,8890606715766
perception,7602,0,8890606715894,8890606715926
perception,7603,0,8890606716054,8890606716118
perception,7604,0,8890606716214,8890606716278
perception,7605,0,8890606716406,8890606716470
perception,7606,0,8890606716566,8890606716630
perception,7607,0,8890606716726,8890606716758
perception,7608,0,8890606716886,8890606716950
perception,7609,0,8890606717046,8890606717110
perception,7610,0,8890606717206,8890606717270
perception,7611,0,8890606717366,8890606717430
perception,7612,0,8890606717558,8890606717590
perception,7613,0,8890606717718,8890606717782
perception,7614,0,8890606717878,8890606717942
perception,7615,0,8890606718038,8890606718102
perception,7616,0,8890606718198,8890606718262
perception,7617,0,8890606718422,8890606718486
perception,7618,0,8890606718582,8890606718646
perception,7619,0,8890606718742,8890606718806
perception,7620,0,8890606718902,8890606718966
perception,7621,0,8890606719126,8890606719158
perception,7622,0,8890606719286,8890606719350
perception,7623,0,8890606719478,8890606719542
perception,7624,0,8890606719638,8890606719702
perception,7625,0,8890606719830,8890606719862
perception,7626,0,8890606719990,8890606720022
perception,7627,0,8890606720118,8890606720182
perception,7628,0,8890606720278,8890606720374
perception,7629,0,8890606720502,8890606720534
perception,7630,0,8890606720662,8890606720694
perception,7631,0,8890606720822,8890606720854
perception,7632,0,8890606720950,8890606721014
perception,7633,0,8890606721142,8890606721206
perception,7634,0,8890606721302,8890606721366
perception,7635,0,8890606721462,8890606721526
perception,7636,0,8890606721622,8890606721654
perception,7637,0,8890606721782,8890606721814
perception,7638,0,8890606721942,8890606721974
perception,7639,0,8890606722070,8890606722134
perception,7640,0,8890606722230,8890606722326
perception,7641,0,8890606722422,8890606722486
perception,7642,0,8890606722614,8890606722678
perception,7643,0,8890606722774,8890606722838
perception,7644,0,8890606722934,8890606722998
perception,7645,0,8890606723094,8890606723158
perception,7646,0,8890606723254,8890606723318
perception,7647,0,8890606723414,8890606723478
perception,7648,0,8890606723574,8890606723638
perception,7649,0,8890606723766,8890606723830
perception,7650,0,8890606723958,8890606724022
perception,7651,0,8890606724118,8890606724182
perception,7652,0,8890606724310,8890606724374
perception,7653,0,8890606724470,8890606724534
perception,7654,0,8890606724662,8890606724726
perception,7655,0,8890606724854,8890606724886
perception,7656,0,8890606725014,8890606725046
perception,7657,0,8890606725142,8890606725238
perception,7658,0,8890606725334,8890606725398
perception,7659,0,8890606725494,8890606725558
perception,7660,0,8890606725654,8890606725718
perception,7661,0,8890606725846,8890606725878
perception,7662,0,8890606725974,8890606726038
perception,7663,0,8890606726134,8890606726198
perception,7664,0,8890606726294,8890606726358
perception,7665,0,8890606726486,8890606726550
perception,7666,0,8890606726646,8890606726678
perception,7667,0,8890606726838,8890606726870
perception,7668,0,8890606726998,8890606727062
perception,7669,0,8890606727190,8890606727254
perception,7670,0,8890606727350,8890606727382
perception,7671,0,8890606727510,8890606727542
perception,7672,0,8890606727670,8890606727734
perception,7673,0,8890606727830,8890606727894
perception,7674,0,8890606727990,8890606728054
perception,7675,0,8890606728150,8890606728214
perception,7676,0,8890606728310,8890606728374
perception,7677,0,8890606728502,8890606728534
perception,7678,0,8890606728630,8890606728694
perception,7679,0,8890606728822,8890606728886
perception,7680,0,8890606731606,8890606731670
perception,7681,0,8890606731766,8890606731830
perception,7682,0,8890606731926,8890606731990
perception,7683,0,8890606732118,8890606732182
perception,7684,0,8890606732278,8890606732342
perception,7685,0,8890606732439,8890606732503
perception,7686,0,8890606732599,8890606732663
perception,7687,0,8890606732791,8890606732855
perception,7688,0,8890606732951,8890606732983
perception,7689,0,8890606733111,8890606733175
perception,7690,0,8890606733271,8890606733335
perception,7691,0,8890606733431,8890606733495
perception,7692,0,8890606733623,8890606733687
perception,7693,0,8890606733783,8890606733815
perception,7694,0,8890606734007,8890606734071
perception,7695,0,8890606734199,8890606734263
perception,7696,0,8890606734391,8890606734423
perception,7697,0,8890606734519,8890606734583
perception,7698,0,8890606734711,8890606734807
perception,7699,0,8890606734903,8890606734935
perception,7700,0,8890606735063,8890606735095
perception,7701,0,8890606735223,8890606735255
perception,7702,0,8890606735383,8890606735447
perception,7703,0,8890606735543,8890606735607
perception,7704,0,8890606735735,8890606735767
perception,7705,0,8890606735927,8890606735959
perception,7706,0,8890606736087,8890606736183
perception,7707,0,8890606736247,8890606736311
perception,7708,0,8890606736439,8890606736471
perception,7709,0,8890606736599,8890606736631
perception,7710,0,8890606736759,8890606736791
perception,7711,0,8890606736887,8890606736951
perception,7712,0,8890606737047,8890606737111
perception,7713,0,8890606737239,8890606737303
perception,7714,0,8890606737399,8890606737463
perception,7715,0,8890606737591,8890606737623
perception,7716,0,8890606737751,8890606737783
perception,7717,0,8890606737879,8890606737943
perception,7718,0,8890606738039,8890606738135
perception,7719,0,8890606738263,8890606738295
perception,7720,0,8890606738423,8890606738455
perception,7721,0,8890606738583,8890606738615
perception,7722,0,8890606738711,8890606738807
perception,7723,0,8890606738903,8890606738967
perception,7724,0,8890606739095,8890606739127
perception,7725,0,8890606739255,8890606739287
perception,7726,0,8890606739415,8890606739479
perception,7727,0,8890606739575,8890606739639
perception,7728,0,8890606739735,8890606739799
perception,7729,0,8890606739895,8890606739959
perception,7730,0,8890606740087,8890606740119
perception,7731,0,8890606740247,8890606740279
perception,7732,0,8890606740407,8890606740439
perception,7733,0,8890606740535,8890606740631
perception,7734,0,8890606740727,8890606740791
perception,7735,0,8890606740887,8890606740951
perception,7736,0,8890606741047,8890606741111
perception,7737,0,8890606741239,8890606741271
perception,7738,0,8890606741399,8890606741463
perception,7739,0,8890606741559,8890606741623
perception,7740,0,8890606741719,8890606741783
perception,7741,0,8890606741911,8890606741943
perception,7742,0,8890606742071,8890606742103
perception,7743,0,8890606742199,8890606742263
perception,7744,0,8890606742391,8890606742455
perception,7745,0,8890606742551,8890606742647
perception,7746,0,8890606742743,8890606742807
perception,7747,0,8890606742903,8890606742967
perception,7748,0,8890606743063,8890606743127
perception,7749,0,8890606743223,8890606743287
perception,7750,0,8890606743383,8890606743447
perception,7751,0,8890606743543,8890606743607
perception,7752,0,8890606743703,8890606743767
perception,7753,0,8890606743863,8890606743895
perception,7754,0,8890606744023,8890606744087
perception,7755,0,8890606744183,8890606744279
perception,7756,0,8890606744375,8890606744439
perception,7757,0,8890606744535,8890606744599
perception,7758,0,8890606744695,8890606744727
perception,7759,0,8890606744855,8890606744919
perception,7760,0,8890606745015,8890606745079
perception,7761,0,8890606745207,8890606745271
perception,7762,0,8890606745367,8890606745431
perception,7763,0,8890606745559,8890606745591
perception,7764,0,8890606745719,8890606745751
perception,7765,0,8890606745847,8890606745943
perception,7766,0,8890606746039,8890606746103
perception,7767,0,8890606746199,8890606746263
perception,7768,0,8890606746391,8890606746423
perception,7769,0,8890606746551,8890606746583
perception,7770,0,8890606746679,8890606746775
perception,7771,0,8890606746871,8890606746935
perception,7772,0,8890606747031,8890606747095
perception,7773,0,8890606747191,8890606747255
perception,7774,0,8890606747351,8890606747415
perception,7775,0,8890606747543,8890606747575
perception,7776,0,8890606747671,8890606747767
perception,7777,0,8890606747863,8890606747927
perception,7778,0,8890606748023,8890606748087
perception,7779,0,8890606748183,8890606748215
perception,7780,0,8890606748343,8890606748407
perception,7781,0,8890606748503,8890606748567
perception,7782,0,8890606748663,8890606748727
perception,7783,0,8890606748823,8890606748919
perception,7784,0,8890606749015,8890606749079
perception,7785,0,8890606749175,8890606749207
perception,7786,0,8890606749335,8890606749367
perception,7787,0,8890606749495,8890606749559
perception,7788,0,8890606749655,8890606749719
perception,7789,0,8890606749815,8890606749879
perception,7790,0,8890606749975,8890606750039
perception,7791,0,8890606750167,8890606750199
perception,7792,0,8890606750327,8890606750391
perception,7793,0,8890606750487,8890606750551
perception,7794,0,8890606750647,8890606750711
perception,7795,0,8890606750807,8890606750871
perception,7796,0,8890606750967,8890606751031
perception,7797,0,8890606751127,8890606751159
perception,7798,0,8890606751287,8890606751319
perception,7799,0,8890606751447,8890606751511
perception,7800,0,8890606751607,8890606751671
perception,7801,0,8890606751799,8890606751863
perception,7802,0,8890606751959,8890606751991
perception,7803,0,8890606752119,8890606752183
perception,7804,0,8890606752279,8890606752343
perception,7805,0,8890606752439,8890606752503
perception,7806,0,8890606752599,8890606752663
perception,7807,0,8890606752759,8890606752855
perception,7808,0,8890606755511,8890606755575
perception,7809,0,8890606755703,8890606755767
perception,7810,0,8890606755863,8890606755927
perception,7811,0,8890606756055,8890606756087
perception,7812,0,8890606756215,8890606756279
perception,7813,0,8890606756375,8890606756439
perception,7814,0,8890606756535,8890606756631
perception,7815,0,8890606756727,8890606756759
perception,7816,0,8890606756887,8890606756919
perception,7817,0,8890606757047,8890606757111
perception,7818,0,8890606757207,8890606757271
perception,7819,0,8890606757367,8890606757431
perception,7820,0,8890606757527,8890606757591
perception,7821,0,8890606757719,8890606757751
perception,7822,0,8890606757879,8890606757911
perception,7823,0,8890606758007,8890606758071
perception,7824,0,8890606758199,8890606758263
perception,7825,0,8890606758359,8890606758423
perception,7826,0,8890606758551,8890606758583
perception,7827,0,8890606758711,8890606758743
perception,7828,0,8890606758871,8890606758935
perception,7829,0,8890606759063,8890606759127
perception,7830,0,8890606759255,8890606759287
perception,7831,0,8890606759415,8890606759447
perception,7832,0,8890606759575,8890606759639
perception,7833,0,8890606759735,8890606759831
perception,7834,0,8890606759927,8890606759991
perception,7835,0,8890606760087,8890606760119
perception,7836,0,8890606760247,8890606760311
perception,7837,0,8890606760407,8890606760504
perception,7838,0,8890606760600,8890606760664
perception,7839,0,8890606760792,8890606760824
perception,7840,0,8890606760952,8890606760984
perception,7841,0,8890606761080,8890606761144
perception,7842,0,8890606761272,8890606761368
perception,7843,0,8890606761464,8890606761528
perception,7844,0,8890606761624,8890606761656
perception,7845,0,8890606761784,8890606761848
perception,7846,0,8890606761944,8890606762008
perception,7847,0,8890606762136,8890606762200
perception,7848,0,8890606762328,8890606762360
perception,7849,0,8890606762488,8890606762552
perception,7850,0,8890606762648,8890606762712
perception,7851,0,8890606762840,8890606762904
perception,7852,0,8890606763032,8890606763064
perception,7853,0,8890606763192,8890606763256
perception,7854,0,8890606763352,8890606763416
perception,7855,0,8890606763512,8890606763576
perception,7856,0,8890606763704,8890606763768
perception,7857,0,8890606763864,8890606763896
perception,7858,0,8890606764024,8890606764056
perception,7859,0,8890606764184,8890606764216
perception,7860,0,8890606764312,8890606764408
perception,7861,0,8890606764504,8890606764568
perception,7862,0,8890606764664,8890606764728
perception,7863,0,8890606764824,8890606764856
perception,7864,0,8890606764984,8890606765016
perception,7865,0,8890606765144,8890606765208
perception,7866,0,8890606765304,8890606765368
perception,7867,0,8890606765464,8890606765560
perception,7868,0,8890606765656,8890606765720
perception,7869,0,8890606765816,8890606765848
perception,7870,0,8890606765976,8890606766008
perception,7871,0,8890606766136,8890606766200
perception,7872,0,8890606766296,8890606766360
perception,7873,0,8890606766456,8890606766520
perception,7874,0,8890606766648,8890606766680
perception,7875,0,8890606766808,8890606766840
perception,7876,0,8890606766968,8890606767032
perception,7877,0,8890606767128,8890606767224
perception,7878,0,8890606767320,8890606767384
perception,7879,0,8890606767480,8890606767544
perception,7880,0,8890606767640,8890606767704
perception,7881,0,8890606767800,8890606767864
perception,7882,0,8890606767960,8890606768024
perception,7883,0,8890606768120,8890606768184
perception,7884,0,8890606768312,8890606768376
perception,7885,0,8890606768472,8890606768504
perception,7886,0,8890606768632,8890606768664
perception,7887,0,8890606768792,8890606768856
perception,7888,0,8890606768952,8890606769016
perception,7889,0,8890606769112,8890606769176
perception,7890,0,8890606769272,8890606769336
perception,7891,0,8890606769464,8890606769496
perception,7892,0,8890606769624,8890606769656
perception,7893,0,8890606769784,8890606769848
perception,7894,0,8890606769976,8890606770040
perception,7895,0,8890606770136,8890606770200
perception,7896,0,8890606770296,8890606770328
perception,7897,0,8890606770456,8890606770488
perception,7898,0,8890606770616,8890606770648
perception,7899,0,8890606770744,8890606770808
perception,7900,0,8890606770904,8890606771000
perception,7901,0,8890606771096,8890606771160
perception,7902,0,8890606771256,8890606771320
perception,7903,0,8890606771448,8890606771480
perception,7904,0,8890606771576,8890606771640
perception,7905,0,8890606771768,8890606771832
perception,7906,0,8890606771928,8890606771992
perception,7907,0,8890606772088,8890606772152
perception,7908,0,8890606772280,8890606772312
perception,7909,0,8890606772408,8890606772472
perception,7910,0,8890606772600,8890606772664
perception,7911,0,8890606772760,8890606772824
perception,7912,0,8890606772920,8890606772984
perception,7913,0,8890606773112,8890606773144
perception,7914,0,8890606773272,8890606773304
perception,7915,0,8890606773400,8890606773464
perception,7916,0,8890606773592,8890606773656
perception,7917,0,8890606773752,8890606773816
perception,7918,0,8890606773944,8890606773976
perception,7919,0,8890606774104,8890606774200
perception,7920,0,8890606774296,8890606774360
perception,7921,0,8890606774456,8890606774520
perception,7922,0,8890606774648,8890606774680
perception,7923,0,8890606774808,8890606774840
perception,7924,0,8890606774936,8890606775000
perception,7925,0,8890606775096,8890606775192
perception,7926,0,8890606775288,8890606775352
perception,7927,0,8890606775448,8890606775512
perception,7928,0,8890606775640,8890606775672
perception,7929,0,8890606775768,8890606775832
perception,7930,0,8890606775928,8890606775992
perception,7931,0,8890606776120,8890606776184
perception,7932,0,8890606776280,8890606776344
perception,7933,0,8890606776440,8890606776472
perception,7934,0,8890606776632,8890606776664
perception,7935,0,8890606776760,8890606776856
perception,7936,0,8890606780984,8890606781048
perception,7937,0,8890606781144,8890606781208
perception,7938,0,8890606781336,8890606781368
perception,7939,0,8890606781496,8890606781528
perception,7940,0,8890606781656,8890606781688
perception,7941,0,8890606781816,8890606781880
perception,7942,0,8890606782008,8890606782072
perception,7943,0,8890606782168,8890606782200
perception,7944,0,8890606782360,8890606782392
perception,7945,0,8890606782520,8890606782584
perception,7946,0,8890606782680,8890606782744
perception,7947,0,8890606782872,8890606782904
perception,7948,0,8890606783064,8890606783096
perception,7949,0,8890606783224,8890606783288
perception,7950,0,8890606783384,8890606783448
perception,7951,0,8890606783576,8890606783608
perception,7952,0,8890606783768,8890606783800
perception,7953,0,8890606783896,8890606783960
perception,7954,0,8890606784056,8890606784152
perception,7955,0,8890606784280,8890606784312
perception,7956,0,8890606784440,8890606784504
perception,7957,0,8890606784600,8890606784664
perception,7958,0,8890606784760,8890606784824
perception,7959,0,8890606784920,8890606784984
perception,7960,0,8890606785080,8890606785144
perception,7961,0,8890606785240,8890606785304
perception,7962,0,8890606785400,8890606785432
perception,7963,0,8890606785560,8890606785592
perception,7964,0,8890606785720,8890606785752
perception,7965,0,8890606785848,8890606785912
perception,7966,0,8890606786040,8890606786104
perception,7967,0,8890606786200,8890606786264
perception,7968,0,8890606786360,8890606786424
perception,7969,0,8890606786552,8890606786584
perception,7970,0,8890606786680,8890606786744
perception,7971,0,8890606786840,8890606786936
perception,7972,0,8890606787000,8890606787096
perception,7973,0,8890606787192,8890606787256
perception,7974,0,8890606787352,8890606787384
perception,7975,0,8890606787544,8890606787576
perception,7976,0,8890606787672,8890606787768
perception,7977,0,8890606787864,8890606787928
perception,7978,0,8890606788024,8890606788088
perception,7979,0,8890606788184,8890606788216
perception,7980,0,8890606788376,8890606788408
perception,7981,0,8890606788537,8890606788601
perception,7982,0,8890606788697,8890606788761
perception,7983,0,8890606788889,8890606788921
perception,7984,0,8890606789081,8890606789113
perception,7985,0,8890606789209,8890606789273
perception,7986,0,8890606789433,8890606789497
perception,7987,0,8890606789593,8890606789625
perception,7988,0,8890606789753,8890606789817
perception,7989,0,8890606789945,8890606790009
perception,7990,0,8890606790137,8890606790201
perception,7991,0,8890606790297,8890606790329
perception,7992,0,8890606790457,8890606790521
perception,7993,0,8890606790617,8890606790713
perception,7994,0,8890606790809,8890606790873
perception,7995,0,8890606790969,8890606791033
perception,7996,0,8890606791161,8890606791193
perception,7997,0,8890606791321,8890606791353
perception,7998,0,8890606791449,8890606791513
perception,7999,0,8890606791609,8890606791673
perception,8000,0,8890606791769,8890606791833
perception,8001,0,8890606791929,8890606791993
perception,8002,0,8890606792089,8890606792153
perception,8003,0,8890606792281,8890606792313
perception,8004,0,8890606792409,8890606792473
perception,8005,0,8890606792569,8890606792665
perception,8006,0,8890606792761,8890606792825
perception,8007,0,8890606792921,8890606792985
perception,8008,0,8890606793081,8890606793113
perception,8009,0,8890606793241,8890606793273
perception,8010,0,8890606793401,8890606793465
perception,8011,0,8890606793561,8890606793625
perception,8012,0,8890606793721,8890606793785
perception,8013,0,8890606793881,8890606793945
perception,8014,0,8890606794073,8890606794105
perception,8015,0,8890606794233,8890606794265
perception,8016,0,8890606794393,8890606794457
perception,8017,0,8890606794553,8890606794617
perception,8018,0,8890606794713,8890606794777
perception,8019,0,8890606794873,8890606794937
perception,8020,0,8890606795065,8890606795097
perception,8021,0,8890606795225,8890606795257
perception,8022,0,8890606795353,8890606795449
perception,8023,0,8890606795545,8890606795609
perception,8024,0,8890606795705,8890606795769
perception,8025,0,8890606795865,8890606795929
perception,8026,0,8890606796057,8890606796089
perception,8027,0,8890606796217,8890606796249
perception,8028,0,8890606796345,8890606796441
perception,8029,0,8890606796537,8890606796601
perception,8030,0,8890606796697,8890606796761
perception,8031,0,8890606796857,8890606796889
perception,8032,0,8890606797017,8890606797081
perception,8033,0,8890606797177,8890606797241
perception,8034,0,8890606797369,8890606797433
perception,8035,0,8890606797593,8890606797625
perception,8036,0,8890606797753,8890606797817
perception,8037,0,8890606797945,8890606798009
perception,8038,0,8890606798105,8890606798169
perception,8039,0,8890606798265,8890606798297
perception,8040,0,8890606798425,8890606798457
perception,8041,0,8890606798585,8890606798617
perception,8042,0,8890606798745,8890606798809
perception,8043,0,8890606798905,8890606798969
perception,8044,0,8890606799097,8890606799129
perception,8045,0,8890606799257,8890606799289
perception,8046,0,8890606799417,8890606799481
perception,8047,0,8890606799577,8890606799641
perception,8048,0,8890606799737,8890606799801
perception,8049,0,8890606799897,8890606799993
perception,8050,0,8890606800121,8890606800153
perception,8051,0,8890606800249,8890606800313
perception,8052,0,8890606800409,8890606800473
perception,8053,0,8890606800569,8890606800633
perception,8054,0,8890606800761,8890606800825
perception,8055,0,8890606800921,8890606800953
perception,8056,0,8890606801081,8890606801177
perception,8057,0,8890606801273,8890606801337
perception,8058,0,8890606801465,8890606801529
perception,8059,0,8890606801625,8890606801657
perception,8060,0,8890606801785,8890606801849
perception,8061,0,8890606801945,8890606802009
perception,8062,0,8890606802105,8890606802169
perception,8063,0,8890606802297,8890606802361
perception,8064,0,8890606804601,8890606804665
perception,8065,0,8890606804761,8890606804825
perception,8066,0,8890606804921,8890606804985
perception,8067,0,8890606805081,8890606805145
perception,8068,0,8890606805241,8890606805305
perception,8069,0,8890606805433,8890606805497
perception,8070,0,8890606805593,8890606805657
perception,8071,0,8890606805785,8890606805849
perception,8072,0,8890606805977,8890606806009
perception,8073,0,8890606806137,8890606806169
perception,8074,0,8890606806329,8890606806393
perception,8075,0,8890606806489,8890606806553
perception,8076,0,8890606806649,8890606806681
perception,8077,0,8890606806841,8890606806873
perception,8078,0,8890606806969,8890606807033
perception,8079,0,8890606807161,8890606807225
perception,8080,0,8890606807321,8890606807385
perception,8081,0,8890606807481,8890606807545
perception,8082,0,8890606807673,8890606807705
perception,8083,0,8890606807801,8890606807865
perception,8084,0,8890606807993,8890606808057
perception,8085,0,8890606808153,8890606808217
perception,8086,0,8890606808313,8890606808377
perception,8087,0,8890606808473,8890606808537
perception,8088,0,8890606808665,8890606808729
perception,8089,0,8890606808825,8890606808889
perception,8090,0,8890606808985,8890606809081
perception,8091,0,8890606809177,8890606809209
perception,8092,0,8890606809337,8890606809369
perception,8093,0,8890606809497,8890606809529
perception,8094,0,8890606809657,8890606809721
perception,8095,0,8890606809817,8890606809881
perception,8096,0,8890606809977,8890606810041
perception,8097,0,8890606810137,8890606810201
perception,8098,0,8890606810297,8890606810361
perception,8099,0,8890606810457,8890606810521
perception,8100,0,8890606810649,8890606810713
perception,8101,0,8890606810841,8890606810873
perception,8102,0,8890606811001,8890606811033
perception,8103,0,8890606811161,8890606811225
perception,8104,0,8890606811321,8890606811385
perception,8105,0,8890606811481,8890606811545
perception,8106,0,8890606811641,8890606811705
perception,8107,0,8890606811801,8890606811865
perception,8108,0,8890606811993,8890606812025
perception,8109,0,8890606812153,8890606812185
perception,8110,0,8890606812313,8890606812377
perception,8111,0,8890606812473,8890606812537
perception,8112,0,8890606812633,8890606812697
perception,8113,0,8890606812793,8890606812857
perception,8114,0,8890606812953,8890606812985
perception,8115,0,8890606813113,8890606813177
perception,8116,0,8890606813273,8890606813337
perception,8117,0,8890606813465,8890606813529
perception,8118,0,8890606813625,8890606813689
perception,8119,0,8890606813785,8890606813817
perception,8120,0,8890606813977,8890606814009
perception,8121,0,8890606814105,8890606814169
perception,8122,0,8890606814265,8890606814361
perception,8123,0,8890606814457,8890606814521
perception,8124,0,8890606814649,8890606814681
perception,8125,0,8890606814809,8890606814841
perception,8126,0,8890606815001,8890606815065
perception,8127,0,8890606815161,8890606815225
perception,8128,0,8890606815321,8890606815353
perception,8129,0,8890606815481,8890606815545
perception,8130,0,8890606815641,8890606815705
perception,8131,0,8890606815801,8890606815865
perception,8132,0,8890606815961,8890606816025
perception,8133,0,8890606816185,8890606816217
perception,8134,0,8890606816345,8890606816377
perception,8135,0,8890606816473,8890606816538
perception,8136,0,8890606816666,8890606816762
perception,8137,0,8890606816858,8890606816890
perception,8138,0,8890606817018,8890606817050
perception,8139,0,8890606817178,8890606817242
perception,8140,0,8890606817370,8890606817434
perception,8141,0,8890606817530,8890606817594
perception,8142,0,8890606817722,8890606817786
perception,8143,0,8890606817882,8890606817946
perception,8144,0,8890606818042,8890606818106
perception,8145,0,8890606818202,8890606818266
perception,8146,0,8890606818362,8890606818426
perception,8147,0,8890606818522,8890606818586
perception,8148,0,8890606818714,8890606818746
perception,8149,0,8890606818874,8890606818906
perception,8150,0,8890606819002,8890606819098
perception,8151,0,8890606819194,8890606819258
perception,8152,0,8890606819354,8890606819418
perception,8153,0,8890606819546,8890606819610
perception,8154,0,8890606819706,8890606819770
perception,8155,0,8890606819898,8890606819962
perception,8156,0,8890606820058,8890606820122
perception,8157,0,8890606820218,8890606820250
perception,8158,0,8890606820410,8890606820442
perception,8159,0,8890606820538,8890606820602
perception,8160,0,8890606820698,8890606820762
perception,8161,0,8890606820890,8890606820954
perception,8162,0,8890606821050,8890606821082
perception,8163,0,8890606821242,8890606821274
perception,8164,0,8890606821370,8890606821434
perception,8165,0,8890606821530,8890606821594
perception,8166,0,8890606821690,8890606821786
perception,8167,0,8890606821850,8890606821946
perception,8168,0,8890606822042,8890606822074
perception,8169,0,8890606822202,8890606822234
perception,8170,0,8890606822362,8890606822394
perception,8171,0,8890606822522,8890606822586
perception,8172,0,8890606822682,8890606822746
perception,8173,0,8890606822842,8890606822906
perception,8174,0,8890606823034,8890606823066
perception,8175,0,8890606823194,8890606823226
perception,8176,0,8890606823322,8890606823386
perception,8177,0,8890606823482,8890606823546
perception,8178,0,8890606823674,8890606823738
perception,8179,0,8890606823834,8890606823898
perception,8180,0,8890606823994,8890606824026
perception,8181,0,8890606824154,8890606824186
perception,8182,0,8890606824314,8890606824378
perception,8183,0,8890606824506,8890606824570
perception,8184,0,8890606824666,8890606824730
perception,8185,0,8890606824826,8890606824890
perception,8186,0,8890606825018,8890606825050
perception,8187,0,8890606825146,8890606825210
perception,8188,0,8890606825306,8890606825402
perception,8189,0,8890606825466,8890606825562
perception,8190,0,8890606825658,8890606825722
perception,8191,0,8890606825818,8890606825850
perception,8192,0,8890606828346,8890606828410
perception,8193,0,8890606828506,8890606828570
perception,8194,0,8890606828666,8890606828730
perception,8195,0,8890606828826,8890606828890
perception,8196,0,8890606829018,8890606829082
perception,8197,0,8890606829178,8890606829210
perception,8198,0,8890606829338,8890606829370
perception,8199,0,8890606829498,8890606829594
perception,8200,0,8890606829722,8890606829754
perception,8201,0,8890606829882,8890606829914
perception,8202,0,8890606830042,8890606830106
perception,8203,0,8890606830202,8890606830266
perception,8204,0,8890606830362,8890606830426
perception,8205,0,8890606830522,8890606830618
perception,8206,0,8890606830714,8890606830746
perception,8207,0,8890606830874,8890606830938
perception,8208,0,8890606831034,8890606831098
perception,8209,0,8890606831194,8890606831290
perception,8210,0,8890606831386,8890606831450
perception,8211,0,8890606831546,8890606831578
perception,8212,0,8890606831706,8890606831738
perception,8213,0,8890606831866,8890606831930
perception,8214,0,8890606832058,8890606832122
perception,8215,0,8890606832218,8890606832282
perception,8216,0,8890606832378,8890606832442
perception,8217,0,8890606832570,8890606832602
perception,8218,0,8890606832698,8890606832762
perception,8219,0,8890606832858,8890606832922
perception,8220,0,8890606833050,8890606833114
perception,8221,0,8890606833210,8890606833274
perception,8222,0,8890606833402,8890606833434
perception,8223,0,8890606833530,8890606833594
perception,8224,0,8890606833690,8890606833754
perception,8225,0,8890606833882,8890606833946
perception,8226,0,8890606834042,8890606834106
perception,8227,0,8890606834202,8890606834234
perception,8228,0,8890606834362,8890606834394
perception,8229,0,8890606834522,8890606834554
perception,8230,0,8890606834650,8890606834746
perception,8231,0,8890606834810,8890606834906
perception,8232,0,8890606835002,8890606835066
perception,8233,0,8890606835162,8890606835226
perception,8234,0,8890606835322,8890606835354
perception,8235,0,8890606835482,8890606835514
perception,8236,0,8890606835642,8890606835706
perception,8237,0,8890606835802,8890606835866
perception,8238,0,8890606835962,8890606836026
perception,8239,0,8890606836122,8890606836186
perception,8240,0,8890606836314,8890606836346
perception,8241,0,8890606836474,8890606836538
perception,8242,0,8890606836634,8890606836698
perception,8243,0,8890606836826,8890606836890
perception,8244,0,8890606836986,8890606837050
perception,8245,0,8890606837178,8890606837210
perception,8246,0,8890606837338,8890606837402
perception,8247,0,8890606837498,8890606837562
perception,8248,0,8890606837658,8890606837754
perception,8249,0,8890606837850,8890606837882
perception,8250,0,8890606838042,8890606838106
perception,8251,0,8890606838202,8890606838266
perception,8252,0,8890606838362,8890606838426
perception,8253,0,8890606838522,8890606838586
perception,8254,0,8890606838714,8890606838746
perception,8255,0,8890606838874,8890606838906
perception,8256,0,8890606839002,8890606839066
perception,8257,0,8890606839162,8890606839258
perception,8258,0,8890606839354,8890606839418
perception,8259,0,8890606839514,8890606839546
perception,8260,0,8890606839674,8890606839706
perception,8261,0,8890606839834,8890606839898
perception,8262,0,8890606839994,8890606840058
perception,8263,0,8890606840154,8890606840218
perception,8264,0,8890606840314,8890606840378
perception,8265,0,8890606840506,8890606840538
perception,8266,0,8890606840666,8890606840698
perception,8267,0,8890606840826,8890606840890
perception,8268,0,8890606840986,8890606841050
perception,8269,0,8890606841178,8890606841242
perception,8270,0,8890606841338,8890606841370
perception,8271,0,8890606841530,8890606841562
perception,8272,0,8890606841658,8890606841722
perception,8273,0,8890606841818,8890606841882
perception,8274,0,8890606841978,8890606842042
perception,8275,0,8890606842138,8890606842202
perception,8276,0,8890606842298,8890606842362
perception,8277,0,8890606842458,8890606842522
perception,8278,0,8890606842650,8890606842682
perception,8279,0,8890606842778,8890606842842
perception,8280,0,8890606842938,8890606843002
perception,8281,0,8890606843194,8890606843226
perception,8282,0,8890606843322,8890606843386
perception,8283,0,8890606843482,8890606843578
perception,8284,0,8890606843674,8890606843738
perception,8285,0,8890606843834,8890606843898
perception,8286,0,8890606843994,8890606844058
perception,8287,0,8890606844186,8890606844218
perception,8288,0,8890606844314,8890606844378
perception,8289,0,8890606844474,8890606844539
perception,8290,0,8890606844635,8890606844731
perception,8291,0,8890606844827,8890606844859
perception,8292,0,8890606844987,8890606845019
perception,8293,0,8890606845147,8890606845211
perception,8294,0,8890606845307,8890606845371
perception,8295,0,8890606845467,8890606845531
perception,8296,0,8890606845627,8890606845691
perception,8297,0,8890606845819,8890606845851
perception,8298,0,8890606845979,8890606846011
perception,8299,0,8890606846139,8890606846171
perception,8300,0,8890606846267,8890606846363
perception,8301,0,8890606846459,8890606846523
perception,8302,0,8890606846619,8890606846683
perception,8303,0,8890606846811,8890606846843
perception,8304,0,8890606846971,8890606847035
perception,8305,0,8890606847131,8890606847195
perception,8306,0,8890606847291,8890606847355
perception,8307,0,8890606847451,8890606847547
perception,8308,0,8890606847643,8890606847675
perception,8309,0,8890606847803,8890606847835
perception,8310,0,8890606847963,8890606847995
perception,8311,0,8890606848091,8890606848155
perception,8312,0,8890606848251,8890606848315
perception,8313,0,8890606848411,8890606848475
perception,8314,0,8890606848571,8890606848635
perception,8315,0,8890606848731,8890606848795
perception,8316,0,8890606848923,8890606848955
perception,8317,0,8890606849083,8890606849115
perception,8318,0,8890606849211,8890606849275
perception,8319,0,8890606849371,8890606849435
perception,8320,0,8890606851963,8890606851995
perception,8321,0,8890606852155,8890606852219
perception,8322,0,8890606852347,8890606852411
perception,8323,0,8890606852539,8890606852571
perception,8324,0,8890606852699,8890606852731
perception,8325,0,8890606852859,8890606852923
perception,8326,0,8890606853051,8890606853115
perception,8327,0,8890606853243,8890606853275
perception,8328,0,8890606853403,8890606853467
perception,8329,0,8890606853563,8890606853627
perception,8330,0,8890606853787,8890606853819
perception,8331,0,8890606853947,8890606853979
perception,8332,0,8890606854107,8890606854171
perception,8333,0,8890606854267,8890606854331
perception,8334,0,8890606854427,8890606854491
perception,8335,0,8890606854587,8890606854651
perception,8336,0,8890606854747,8890606854811
perception,8337,0,8890606854939,8890606854971
perception,8338,0,8890606855099,8890606855131
perception,8339,0,8890606855227,8890606855291
perception,8340,0,8890606855387,8890606855451
perception,8341,0,8890606855547,8890606855611
perception,8342,0,8890606855707,8890606855771
perception,8343,0,8890606855899,8890606855931
perception,8344,0,8890606856059,8890606856123
perception,8345,0,8890606856219,8890606856283
perception,8346,0,8890606856379,8890606856443
perception,8347,0,8890606856571,8890606856635
perception,8348,0,8890606856731,8890606856763
perception,8349,0,8890606856891,8890606856923
perception,8350,0,8890606857051,8890606857083
perception,8351,0,8890606857211,8890606857275
perception,8352,0,8890606857403,8890606857467
perception,8353,0,8890606857563,8890606857595
perception,8354,0,8890606857755,8890606857787
perception,8355,0,8890606857883,8890606857947
perception,8356,0,8890606858043,8890606858107
perception,8357,0,8890606858235,8890606858299
perception,8358,0,8890606858395,8890606858427
perception,8359,0,8890606858555,8890606858587
perception,8360,0,8890606858715,8890606858779
perception,8361,0,8890606858875,8890606858939
perception,8362,0,8890606859035,8890606859099
perception,8363,0,8890606859195,8890606859259
perception,8364,0,8890606859355,8890606859419
perception,8365,0,8890606859547,8890606859579
perception,8366,0,8890606859707,8890606859739
perception,8367,0,8890606859867,8890606859931
perception,8368,0,8890606860027,8890606860123
perception,8369,0,8890606860187,8890606860251
perception,8370,0,8890606860379,8890606860411
perception,8371,0,8890606860539,8890606860571
perception,8372,0,8890606860667,8890606860763
perception,8373,0,8890606860859,8890606860923
perception,8374,0,8890606861019,8890606861083
perception,8375,0,8890606861179,8890606861243
perception,8376,0,8890606861339,8890606861371
perception,8377,0,8890606861531,8890606861563
perception,8378,0,8890606861659,8890606861723
perception,8379,0,8890606861819,8890606861883
perception,8380,0,8890606862011,8890606862075
perception,8381,0,8890606862171,8890606862203
perception,8382,0,8890606862331,8890606862363
perception,8383,0,8890606862491,8890606862523
perception,8384,0,8890606862651,8890606862683
perception,8385,0,8890606862779,8890606862843
perception,8386,0,8890606862971,8890606863035
perception,8387,0,8890606863131,8890606863195
perception,8388,0,8890606863291,8890606863323
perception,8389,0,8890606863451,8890606863483
perception,8390,0,8890606863611,8890606863675
perception,8391,0,8890606863771,8890606863835
perception,8392,0,8890606863931,8890606863995
perception,8393,0,8890606864091,8890606864187
perception,8394,0,8890606864283,8890606864315
perception,8395,0,8890606864443,8890606864507
perception,8396,0,8890606864603,8890606864699
perception,8397,0,8890606864795,8890606864859
perception,8398,0,8890606864955,8890606865019
perception,8399,0,8890606865115,8890606865147
perception,8400,0,8890606865307,8890606865339
perception,8401,0,8890606865435,8890606865499
perception,8402,0,8890606865595,8890606865659
perception,8403,0,8890606865787,8890606865851
perception,8404,0,8890606865979,8890606866043
perception,8405,0,8890606866139,8890606866203
perception,8406,0,8890606866299,8890606866363
perception,8407,0,8890606866491,8890606866555
perception,8408,0,8890606866651,8890606866683
perception,8409,0,8890606866811,8890606866875
perception,8410,0,8890606866971,8890606867035
perception,8411,0,8890606867131,8890606867227
perception,8412,0,8890606867323,8890606867387
perception,8413,0,8890606867483,8890606867547
perception,8414,0,8890606867643,8890606867675
perception,8415,0,8890606867803,8890606867835
perception,8416,0,8890606867963,8890606868027
perception,8417,0,8890606868123,8890606868187
perception,8418,0,8890606868283,8890606868347
perception,8419,0,8890606868443,8890606868507
perception,8420,0,8890606868635,8890606868667
perception,8421,0,8890606868795,8890606868827
perception,8422,0,8890606868923,8890606868987
perception,8423,0,8890606869083,8890606869147
perception,8424,0,8890606869243,8890606869307
perception,8425,0,8890606869435,8890606869499
perception,8426,0,8890606869595,8890606869627
perception,8427,0,8890606869755,8890606869787
perception,8428,0,8890606869915,8890606869979
perception,8429,0,8890606870075,8890606870139
perception,8430,0,8890606870235,8890606870331
perception,8431,0,8890606870395,8890606870459
perception,8432,0,8890606870587,8890606870619
perception,8433,0,8890606870747,8890606870779
perception,8434,0,8890606870875,8890606870971
perception,8435,0,8890606871067,8890606871131
perception,8436,0,8890606871227,8890606871291
perception,8437,0,8890606871387,8890606871451
perception,8438,0,8890606871579,8890606871611
perception,8439,0,8890606871739,8890606871803
perception,8440,0,8890606871899,8890606871995
perception,8441,0,8890606872091,8890606872155
perception,8442,0,8890606872283,8890606872347
perception,8443,0,8890606872443,8890606872507
perception,8444,0,8890606872604,8890606872668
perception,8445,0,8890606872764,8890606872860
perception,8446,0,8890606872956,8890606872988
perception,8447,0,8890606873116,8890606873180
perception,8448,0,8890606875516,8890606875580
perception,8449,0,8890606875708,8890606875772
perception,8450,0,8890606875900,8890606875932
perception,8451,0,8890606876060,8890606876092
perception,8452,0,8890606876220,8890606876252
perception,8453,0,8890606876348,8890606876412
perception,8454,0,8890606876508,8890606876572
perception,8455,0,8890606876700,8890606876764
perception,8456,0,8890606876860,8890606876892
perception,8457,0,8890606877052,8890606877084
perception,8458,0,8890606877180,8890606877244
perception,8459,0,8890606877340,8890606877436
perception,8460,0,8890606877532,8890606877596
perception,8461,0,8890606877724,8890606877756
perception,8462,0,8890606877884,8890606877916
perception,8463,0,8890606878044,8890606878140
perception,8464,0,8890606878236,8890606878300
perception,8465,0,8890606878428,8890606878460
perception,8466,0,8890606878588,8890606878620
perception,8467,0,8890606878716,8890606878812
perception,8468,0,8890606878908,8890606878972
perception,8469,0,8890606879068,8890606879132
perception,8470,0,8890606879228,8890606879292
perception,8471,0,8890606879420,8890606879452
perception,8472,0,8890606879548,8890606879612
perception,8473,0,8890606879708,8890606879804
perception,8474,0,8890606879900,8890606879964
perception,8475,0,8890606880060,8890606880124
perception,8476,0,8890606880252,8890606880284
perception,8477,0,8890606880412,8890606880444
perception,8478,0,8890606880540,8890606880636
perception,8479,0,8890606880732,8890606880796
perception,8480,0,8890606880892,8890606880956
perception,8481,0,8890606881052,8890606881084
perception,8482,0,8890606881212,8890606881276
perception,8483,0,8890606881372,8890606881436
perception,8484,0,8890606881532,8890606881596
perception,8485,0,8890606881692,8890606881788
perception,8486,0,8890606881916,8890606881948
perception,8487,0,8890606882076,8890606882108
perception,8488,0,8890606882236,8890606882300
perception,8489,0,8890606882396,8890606882460
perception,8490,0,8890606882556,8890606882620
perception,8491,0,8890606882716,8890606882780
perception,8492,0,8890606882908,8890606882940
perception,8493,0,8890606883068,8890606883100
perception,8494,0,8890606883196,8890606883260
perception,8495,0,8890606883356,8890606883420
perception,8496,0,8890606883548,8890606883612
perception,8497,0,8890606883708,8890606883772
perception,8498,0,8890606883900,8890606883932
perception,8499,0,8890606884028,8890606884092
perception,8500,0,8890606884188,8890606884252
perception,8501,0,8890606884348,8890606884444
perception,8502,0,8890606884540,8890606884604
perception,8503,0,8890606884700,8890606884732
perception,8504,0,8890606884860,8890606884924
perception,8505,0,8890606885052,8890606885116
perception,8506,0,8890606885212,8890606885308
perception,8507,0,8890606885404,8890606885436
perception,8508,0,8890606885564,8890606885596
perception,8509,0,8890606885724,8890606885788
perception,8510,0,8890606885884,8890606885948
perception,8511,0,8890606886044,8890606886140
perception,8512,0,8890606886204,8890606886268
perception,8513,0,8890606886396,8890606886428
perception,8514,0,8890606886556,8890606886588
perception,8515,0,8890606886716,8890606886780
perception,8516,0,8890606886876,8890606886972
perception,8517,0,8890606887068,8890606887100
perception,8518,0,8890606887228,8890606887260
perception,8519,0,8890606887388,8890606887420
perception,8520,0,8890606887548,8890606887612
perception,8521,0,8890606887708,8890606887772
perception,8522,0,8890606887868,8890606887964
perception,8523,0,8890606888092,8890606888124
perception,8524,0,8890606888220,8890606888284
perception,8525,0,8890606888380,8890606888444
perception,8526,0,8890606888540,8890606888636
perception,8527,0,8890606888732,8890606888796
perception,8528,0,8890606888892,8890606888924
perception,8529,0,8890606889052,8890606889084
perception,8530,0,8890606889212,8890606889276
perception,8531,0,8890606889372,8890606889436
perception,8532,0,8890606889532,8890606889596
perception,8533,0,8890606889724,8890606889756
perception,8534,0,8890606889884,8890606889916
perception,8535,0,8890606890044,8890606890076
perception,8536,0,8890606890204,8890606890268
perception,8537,0,8890606890364,8890606890428
perception,8538,0,8890606890524,8890606890588
perception,8539,0,8890606890716,8890606890748
perception,8540,0,8890606890876,8890606890908
perception,8541,0,8890606891036,8890606891068
perception,8542,0,8890606891164,8890606891228
perception,8543,0,8890606891356,8890606891452
perception,8544,0,8890606891548,8890606891580
perception,8545,0,8890606891708,8890606891740
perception,8546,0,8890606891868,8890606891900
perception,8547,0,8890606891996,8890606892092
perception,8548,0,8890606892188,8890606892252
perception,8549,0,8890606892380,8890606892412
perception,8550,0,8890606892540,8890606892572
perception,8551,0,8890606892732,8890606892796
perception,8552,0,8890606892924,8890606892988
perception,8553,0,8890606893084,8890606893116
perception,8554,0,8890606893244,8890606893308
perception,8555,0,8890606893404,8890606893468
perception,8556,0,8890606893596,8890606893660
perception,8557,0,8890606893756,8890606893820
perception,8558,0,8890606893916,8890606893980
perception,8559,0,8890606894108,8890606894140
perception,8560,0,8890606894236,8890606894300
perception,8561,0,8890606894396,8890606894460
perception,8562,0,8890606894556,8890606894652
perception,8563,0,8890606894748,8890606894812
perception,8564,0,8890606894940,8890606894972
perception,8565,0,8890606895100,8890606895164
perception,8566,0,8890606895260,8890606895324
perception,8567,0,8890606895420,8890606895484
perception,8568,0,8890606895580,8890606895644
perception,8569,0,8890606895740,8890606895804
perception,8570,0,8890606895932,8890606895964
perception,8571,0,8890606896092,8890606896156
perception,8572,0,8890606896252,8890606896316
perception,8573,0,8890606896444,8890606896476
perception,8574,0,8890606896604,8890606896636
perception,8575,0,8890606896764,8890606896828
perception,8576,0,8890606899196,8890606899292
perception,8577,0,8890606899388,8890606899420
perception,8578,0,8890606899548,8890606899580
perception,8579,0,8890606899708,8890606899772
perception,8580,0,8890606899900,8890606899964
perception,8581,0,8890606900060,8890606900124
perception,8582,0,8890606900252,8890606900284
perception,8583,0,8890606900412,8890606900476
perception,8584,0,8890606900605,8890606900669
perception,8585,0,8890606900797,8890606900829
perception,8586,0,8890606900957,8890606900989
perception,8587,0,8890606901085,8890606901181
perception,8588,0,8890606901277,8890606901341
perception,8589,0,8890606901437,8890606901501
perception,8590,0,8890606901629,8890606901661
perception,8591,0,8890606901789,8890606901821
perception,8592,0,8890606901949,8890606902013
perception,8593,0,8890606902141,8890606902205
perception,8594,0,8890606902301,8890606902365
perception,8595,0,8890606902493,8890606902525
perception,8596,0,8890606902653,8890606902717
perception,8597,0,8890606902781,8890606902877
perception,8598,0,8890606902973,8890606903037
perception,8599,0,8890606903133,8890606903197
perception,8600,0,8890606903293,8890606903357
perception,8601,0,8890606903453,8890606903517
perception,8602,0,8890606903613,8890606903677
perception,8603,0,8890606903773,8890606903837
perception,8604,0,8890606903933,8890606903997
perception,8605,0,8890606904093,8890606904157
perception,8606,0,8890606904253,8890606904317
perception,8607,0,8890606904413,8890606904445
perception,8608,0,8890606904605,8890606904637
perception,8609,0,8890606904733,8890606904829
perception,8610,0,8890606904893,8890606904989
perception,8611,0,8890606905053,8890606905149
perception,8612,0,8890606905245,8890606905309
perception,8613,0,8890606905405,8890606905437
perception,8614,0,8890606905565,8890606905597
perception,8615,0,8890606905725,8890606905789
perception,8616,0,8890606905885,8890606905949
perception,8617,0,8890606906045,8890606906109
perception,8618,0,8890606906237,8890606906301
perception,8619,0,8890606906429,8890606906461
perception,8620,0,8890606906557,8890606906621
perception,8621,0,8890606906717,8890606906813
perception,8622,0,8890606906909,8890606906973
perception,8623,0,8890606907069,8890606907101
perception,8624,0,8890606907261,8890606907293
perception,8625,0,8890606907389,8890606907453
perception,8626,0,8890606907549,8890606907613
perception,8627,0,8890606907741,8890606907805
perception,8628,0,8890606907933,8890606907965
perception,8629,0,8890606908093,8890606908125
perception,8630,0,8890606908221,8890606908285
perception,8631,0,8890606908381,8890606908477
perception,8632,0,8890606908573,8890606908637
perception,8633,0,8890606908733,8890606908797
perception,8634,0,8890606908893,8890606908925
perception,8635,0,8890606909085,8890606909117
perception,8636,0,8890606909213,8890606909277
perception,8637,0,8890606909373,8890606909437
perception,8638,0,8890606909565,8890606909629
perception,8639,0,8890606909725,8890606909757
perception,8640,0,8890606909885,8890606909917
perception,8641,0,8890606910045,8890606910077
perception,8642,0,8890606910205,8890606910269
perception,8643,0,8890606910365,8890606910429
perception,8644,0,8890606910525,8890606910589
perception,8645,0,8890606910717,8890606910781
perception,8646,0,8890606910877,8890606910941
perception,8647,0,8890606911037,8890606911101
perception,8648,0,8890606911197,8890606911261
perception,8649,0,8890606911357,8890606911421
perception,8650,0,8890606911517,8890606911581
perception,8651,0,8890606911677,8890606911741
perception,8652,0,8890606911869,8890606911901
perception,8653,0,8890606911997,8890606912061
perception,8654,0,8890606912157,8890606912221
perception,8655,0,8890606912317,8890606912381
perception,8656,0,8890606912477,8890606912541
perception,8657,0,8890606912669,8890606912701
perception,8658,0,8890606912829,8890606912861
perception,8659,0,8890606912989,8890606913053
perception,8660,0,8890606913149,8890606913213
perception,8661,0,8890606913309,8890606913373
perception,8662,0,8890606913469,8890606913533
perception,8663,0,8890606913661,8890606913693
perception,8664,0,8890606913821,8890606913853
perception,8665,0,8890606913981,8890606914013
perception,8666,0,8890606914109,8890606914205
perception,8667,0,8890606914301,8890606914365
perception,8668,0,8890606914461,8890606914525
perception,8669,0,8890606914653,8890606914685
perception,8670,0,8890606914813,8890606914877
perception,8671,0,8890606914973,8890606915037
perception,8672,0,8890606915133,8890606915197
perception,8673,0,8890606915325,8890606915357
perception,8674,0,8890606915485,8890606915517
perception,8675,0,8890606915645,8890606915677
perception,8676,0,8890606915805,8890606915869
perception,8677,0,8890606915997,8890606916061
perception,8678,0,8890606916157,8890606916221
perception,8679,0,8890606916317,8890606916349
perception,8680,0,8890606916477,8890606916509
perception,8681,0,8890606916637,8890606916701
perception,8682,0,8890606916797,8890606916861
perception,8683,0,8890606916957,8890606917021
perception,8684,0,8890606917149,8890606917181
perception,8685,0,8890606917309,8890606917341
perception,8686,0,8890606917469,8890606917501
perception,8687,0,8890606917597,8890606917693
perception,8688,0,8890606917789,8890606917853
perception,8689,0,8890606917949,8890606918013
perception,8690,0,8890606918109,8890606918173
perception,8691,0,8890606918269,8890606918301
perception,8692,0,8890606918429,8890606918461
perception,8693,0,8890606918589,8890606918653
perception,8694,0,8890606918749,8890606918813
perception,8695,0,8890606918909,8890606918973
perception,8696,0,8890606919101,8890606919133
perception,8697,0,8890606919293,8890606919325
perception,8698,0,8890606919421,8890606919485
perception,8699,0,8890606919581,8890606919645
perception,8700,0,8890606919741,8890606919805
perception,8701,0,8890606919901,8890606919997
perception,8702,0,8890606920093,8890606920125
perception,8703,0,8890606920253,8890606920285
perception,8704,0,8890606922941,8890606923037
perception,8705,0,8890606923133,8890606923197
perception,8706,0,8890606923293,8890606923325
perception,8707,0,8890606923453,8890606923517
perception,8708,0,8890606923613,8890606923677
perception,8709,0,8890606923805,8890606923869
perception,8710,0,8890606923965,8890606924029
perception,8711,0,8890606924125,8890606924189
perception,8712,0,8890606924317,8890606924349
perception,8713,0,8890606924445,8890606924509
perception,8714,0,8890606924637,8890606924701
perception,8715,0,8890606924797,8890606924861
perception,8716,0,8890606924957,8890606925021
perception,8717,0,8890606925117,8890606925149
perception,8718,0,8890606925277,8890606925341
perception,8719,0,8890606925437,8890606925501
perception,8720,0,8890606925629,8890606925693
perception,8721,0,8890606925789,8890606925853
perception,8722,0,8890606925949,8890606925981
perception,8723,0,8890606926109,8890606926141
perception,8724,0,8890606926269,8890606926301
perception,8725,0,8890606926429,8890606926461
perception,8726,0,8890606926557,8890606926653
perception,8727,0,8890606926749,8890606926813
perception,8728,0,8890606926909,8890606926973
perception,8729,0,8890606927069,8890606927133
perception,8730,0,8890606927261,8890606927293
perception,8731,0,8890606927389,8890606927453
perception,8732,0,8890606927549,8890606927613
perception,8733,0,8890606927741,8890606927805
perception,8734,0,8890606927901,8890606927965
perception,8735,0,8890606928093,8890606928125
perception,8736,0,8890606928221,8890606928317
perception,8737,0,8890606928413,8890606928477
perception,8738,0,8890606928573,8890606928638
perception,8739,0,8890606928766,8890606928798
perception,8740,0,8890606928926,8890606928990
perception,8741,0,8890606929086,8890606929150
perception,8742,0,8890606929246,8890606929310
perception,8743,0,8890606929438,8890606929502
perception,8744,0,8890606929630,8890606929662
perception,8745,0,8890606929758,8890606929822
perception,8746,0,8890606929918,8890606929982
perception,8747,0,8890606930110,8890606930174
perception,8748,0,8890606930270,8890606930334
perception,8749,0,8890606930430,8890606930462
perception,8750,0,8890606930590,8890606930622
perception,8751,0,8890606930750,8890606930814
perception,8752,0,8890606930910,8890606930974
perception,8753,0,8890606931070,8890606931134
perception,8754,0,8890606931294,8890606931326
perception,8755,0,8890606931486,8890606931550
perception,8756,0,8890606931678,8890606931742
perception,8757,0,8890606931838,8890606931870
perception,8758,0,8890606931998,8890606932062
perception,8759,0,8890606932158,8890606932222
perception,8760,0,8890606932318,8890606932382
perception,8761,0,8890606932478,8890606932542
perception,8762,0,8890606932638,8890606932702
perception,8763,0,8890606932830,8890606932862
perception,8764,0,8890606932990,8890606933022
perception,8765,0,8890606933118,8890606933182
perception,8766,0,8890606933278,8890606933342
perception,8767,0,8890606933438,8890606933502
perception,8768,0,8890606933598,8890606933662
perception,8769,0,8890606933758,8890606933822
perception,8770,0,8890606933918,8890606933982
perception,8771,0,8890606934110,8890606934142
perception,8772,0,8890606934238,8890606934302
perception,8773,0,8890606934398,8890606934494
perception,8774,0,8890606934590,8890606934654
perception,8775,0,8890606934750,8890606934814
perception,8776,0,8890606934910,8890606934942
perception,8777,0,8890606935102,8890606935134
perception,8778,0,8890606935230,8890606935294
perception,8779,0,8890606935390,8890606935454
perception,8780,0,8890606935550,8890606935646
perception,8781,0,8890606935742,8890606935774
perception,8782,0,8890606935902,8890606935934
perception,8783,0,8890606936062,8890606936094
perception,8784,0,8890606936222,8890606936254
perception,8785,0,8890606936350,8890606936446
perception,8786,0,8890606936542,8890606936606
perception,8787,0,8890606936702,8890606936766
perception,8788,0,8890606936894,8890606936926
perception,8789,0,8890606937054,8890606937086
perception,8790,0,8890606937214,8890606937278
perception,8791,0,8890606937374,8890606937438
perception,8792,0,8890606937534,8890606937598
perception,8793,0,8890606937694,8890606937758
perception,8794,0,8890606937886,8890606937918
perception,8795,0,8890606938014,8890606938078
perception,8796,0,8890606938174,8890606938238
perception,8797,0,8890606938366,8890606938430
perception,8798,0,8890606938590,8890606938622
perception,8799,0,8890606938718,8890606938782
perception,8800,0,8890606938878,8890606938942
perception,8801,0,8890606939038,8890606939102
perception,8802,0,8890606939198,8890606939294
perception,8803,0,8890606939358,8890606939422
perception,8804,0,8890606939550,8890606939582
perception,8805,0,8890606939710,8890606939774
perception,8806,0,8890606939870,8890606939934
perception,8807,0,8890606940030,8890606940094
perception,8808,0,8890606940190,8890606940254
perception,8809,0,8890606940350,8890606940414
perception,8810,0,8890606940542,8890606940574
perception,8811,0,8890606940670,8890606940734
perception,8812,0,8890606940830,8890606940926
perception,8813,0,8890606941054,8890606941086
perception,8814,0,8890606941214,8890606941246
perception,8815,0,8890606941374,8890606941406
perception,8816,0,8890606941534,8890606941598
perception,8817,0,8890606941694,8890606941758
perception,8818,0,8890606941854,8890606941918
perception,8819,0,8890606942046,8890606942078
perception,8820,0,8890606942206,8890606942270
perception,8821,0,8890606942366,8890606942430
perception,8822,0,8890606942526,8890606942590
perception,8823,0,8890606942750,8890606942782
perception,8824,0,8890606942910,8890606942942
perception,8825,0,8890606943070,8890606943134
perception,8826,0,8890606943230,8890606943294
perception,8827,0,8890606943390,8890606943454
perception,8828,0,8890606943550,8890606943614
perception,8829,0,8890606943710,8890606943774
perception,8830,0,8890606943902,8890606943934
perception,8831,0,8890606944030,8890606944094
perception,8832,0,8890606965759,8890606965823
perception,8833,0,8890606965951,8890606965983
perception,8834,0,8890606966111,8890606966143
perception,8835,0,8890606966271,8890606966303
perception,8836,0,8890606966431,8890606966495
perception,8837,0,8890606966623,8890606966687
perception,8838,0,8890606966815,8890606966847
perception,8839,0,8890606966975,8890606967039
perception,8840,0,8890606967167,8890606967263
perception,8841,0,8890606967359,8890606967423
perception,8842,0,8890606967551,8890606967583
perception,8843,0,8890606967679,8890606967743
perception,8844,0,8890606967871,8890606967935
perception,8845,0,8890606968031,8890606968095
perception,8846,0,8890606968223,8890606968255
perception,8847,0,8890606968383,8890606968415
perception,8848,0,8890606968543,8890606968607
perception,8849,0,8890606968703,8890606968767
perception,8850,0,8890606968863,8890606968927
perception,8851,0,8890606969055,8890606969087
perception,8852,0,8890606969215,8890606969279
perception,8853,0,8890606969375,8890606969439
perception,8854,0,8890606969535,8890606969599
perception,8855,0,8890606969695,8890606969759
perception,8856,0,8890606969887,8890606969919
perception,8857,0,8890606970047,8890606970079
perception,8858,0,8890606970207,8890606970239
perception,8859,0,8890606970367,8890606970431
perception,8860,0,8890606970527,8890606970591
perception,8861,0,8890606970687,8890606970751
perception,8862,0,8890606970847,8890606970879
perception,8863,0,8890606971007,8890606971039
perception,8864,0,8890606971167,8890606971199
perception,8865,0,8890606971327,8890606971359
perception,8866,0,8890606971455,8890606971519
perception,8867,0,8890606971647,8890606971711
perception,8868,0,8890606971807,8890606971871
perception,8869,0,8890606971999,8890606972031
perception,8870,0,8890606972159,8890606972191
perception,8871,0,8890606972287,8890606972383
perception,8872,0,8890606972479,8890606972543
perception,8873,0,8890606972639,8890606972703
perception,8874,0,8890606972799,8890606972863
perception,8875,0,8890606972991,8890606973023
perception,8876,0,8890606973151,8890606973215
perception,8877,0,8890606973311,8890606973375
perception,8878,0,8890606973503,8890606973535
perception,8879,0,8890606973663,8890606973695
perception,8880,0,8890606973823,8890606973855
perception,8881,0,8890606973983,8890606974047
perception,8882,0,8890606974143,8890606974207
perception,8883,0,8890606974303,8890606974367
perception,8884,0,8890606974495,8890606974527
perception,8885,0,8890606974655,8890606974687
perception,8886,0,8890606974815,8890606974847
perception,8887,0,8890606974975,8890606975039
perception,8888,0,8890606975167,8890606975231
perception,8889,0,8890606975327,8890606975359
perception,8890,0,8890606975487,8890606975519
perception,8891,0,8890606975647,8890606975711
perception,8892,0,8890606975839,8890606975903
perception,8893,0,8890606975999,8890606976063
perception,8894,0,8890606976159,8890606976223
perception,8895,0,8890606976319,8890606976351
perception,8896,0,8890606976479,8890606976543
perception,8897,0,8890606976639,8890606976703
perception,8898,0,8890606976799,8890606976863
perception,8899,0,8890606976991,8890606977055
perception,8900,0,8890606977151,8890606977215
perception,8901,0,8890606977311,8890606977343
perception,8902,0,8890606977503,8890606977567
perception,8903,0,8890606977663,8890606977727
perception,8904,0,8890606977823,8890606977887
perception,8905,0,8890606977983,8890606978015
perception,8906,0,8890606978143,8890606978175
perception,8907,0,8890606978303,8890606978367
perception,8908,0,8890606978463,8890606978527
perception,8909,0,8890606978655,8890606978719
perception,8910,0,8890606978815,8890606978879
perception,8911,0,8890606978975,8890606979007
perception,8912,0,8890606979135,8890606979199
perception,8913,0,8890606979295,8890606979359
perception,8914,0,8890606979455,8890606979519
perception,8915,0,8890606979615,8890606979679
perception,8916,0,8890606979807,8890606979839
perception,8917,0,8890606979999,8890606980031
perception,8918,0,8890606980127,8890606980191
perception,8919,0,8890606980287,8890606980383
perception,8920,0,8890606980479,8890606980543
perception,8921,0,8890606980671,8890606980703
perception,8922,0,8890606980831,8890606980895
perception,8923,0,8890606981023,8890606981087
perception,8924,0,8890606981215,8890606981247
perception,8925,0,8890606981375,8890606981439
perception,8926,0,8890606981535,8890606981599
perception,8927,0,8890606981695,8890606981759
perception,8928,0,8890606981855,8890606981951
perception,8929,0,8890606982047,8890606982079
perception,8930,0,8890606982207,8890606982239
perception,8931,0,8890606982367,8890606982399
perception,8932,0,8890606982495,8890606982591
perception,8933,0,8890606982687,8890606982751
perception,8934,0,8890606982847,8890606982911
perception,8935,0,8890606983007,8890606983071
perception,8936,0,8890606983199,8890606983231
perception,8937,0,8890606983327,8890606983391
perception,8938,0,8890606983487,8890606983551
perception,8939,0,8890606983679,8890606983743
perception,8940,0,8890606983839,8890606983903
perception,8941,0,8890606983999,8890606984031
perception,8942,0,8890606984191,8890606984223
perception,8943,0,8890606984319,8890606984383
perception,8944,0,8890606984479,8890606984575
perception,8945,0,8890606984672,8890606984736
perception,8946,0,8890606984832,8890606984864
perception,8947,0,8890606985024,8890606985088
perception,8948,0,8890606985152,8890606985216
perception,8949,0,8890606985312,8890606985408
perception,8950,0,8890606985504,8890606985568
perception,8951,0,8890606985664,8890606985728
perception,8952,0,8890606985824,8890606985856
perception,8953,0,8890606985984,8890606986048
perception,8954,0,8890606986144,8890606986208
perception,8955,0,8890606986336,8890606986400
perception,8956,0,8890606986496,8890606986560
perception,8957,0,8890606986688,8890606986752
perception,8958,0,8890606986848,8890606986912
perception,8959,0,8890606987008,8890606987072
perception,8960,0,8890606989696,8890606989760
perception,8961,0,8890606989856,8890606989920
perception,8962,0,8890606990048,8890606990080
perception,8963,0,8890606990208,8890606990240
perception,8964,0,8890606990336,8890606990400
perception,8965,0,8890606990528,8890606990592
perception,8966,0,8890606990720,8890606990752
perception,8967,0,8890606990880,8890606990912
perception,8968,0,8890606991040,8890606991104
perception,8969,0,8890606991232,8890606991296
perception,8970,0,8890606991392,8890606991456
perception,8971,0,8890606991552,8890606991584
perception,8972,0,8890606991744,8890606991776
perception,8973,0,8890606991904,8890606991968
perception,8974,0,8890606992064,8890606992128
perception,8975,0,8890606992224,8890606992288
perception,8976,0,8890606992384,8890606992416
perception,8977,0,8890606992544,8890606992608
perception,8978,0,8890606992704,8890606992768
perception,8979,0,8890606992864,8890606992928
perception,8980,0,8890606993024,8890606993088
perception,8981,0,8890606993184,8890606993248
perception,8982,0,8890606993344,8890606993408
perception,8983,0,8890606993536,8890606993568
perception,8984,0,8890606993696,8890606993728
perception,8985,0,8890606993824,8890606993888
perception,8986,0,8890606994016,8890606994080
perception,8987,0,8890606994176,8890606994240
perception,8988,0,8890606994336,8890606994400
perception,8989,0,8890606994496,8890606994560
perception,8990,0,8890606994656,8890606994720
perception,8991,0,8890606994816,8890606994880
perception,8992,0,8890606994976,8890606995072
perception,8993,0,8890606995168,8890606995232
perception,8994,0,8890606995328,8890606995360
perception,8995,0,8890606995488,8890606995520
perception,8996,0,8890606995648,8890606995712
perception,8997,0,8890606995808,8890606995872
perception,8998,0,8890606995968,8890606996032
perception,8999,0,8890606996128,8890606996224
perception,9000,0,8890606996320,8890606996352
perception,9001,0,8890606996480,8890606996544
perception,9002,0,8890606996640,8890606996736
perception,9003,0,8890606996832,8890606996896
perception,9004,0,8890606996992,8890606997056
perception,9005,0,8890606997152,8890606997184
perception,9006,0,8890606997312,8890606997344
perception,9007,0,8890606997472,8890606997536
perception,9008,0,8890606997664,8890606997728
perception,9009,0,8890606997824,8890606997888
perception,9010,0,8890606997984,8890606998016
perception,9011,0,8890606998144,8890606998208
perception,9012,0,8890606998304,8890606998368
perception,9013,0,8890606998464,8890606998528
perception,9014,0,8890606998624,8890606998688
perception,9015,0,8890606998784,8890606998848
perception,9016,0,8890606998944,8890606999008
perception,9017,0,8890606999104,8890606999168
perception,9018,0,8890606999296,8890606999328
perception,9019,0,8890606999456,8890606999520
perception,9020,0,8890606999616,8890606999680
perception,9021,0,8890606999776,8890606999840
perception,9022,0,8890606999936,8890607000000
perception,9023,0,8890607000128,8890607000160
perception,9024,0,8890607000256,8890607000320
perception,9025,0,8890607000416,8890607000512
perception,9026,0,8890607000608,8890607000672
perception,9027,0,8890607000768,8890607000832
perception,9028,0,8890607000928,8890607000992
perception,9029,0,8890607001088,8890607001152
perception,9030,0,8890607001248,8890607001312
perception,9031,0,8890607001440,8890607001504
perception,9032,0,8890607001600,8890607001664
perception,9033,0,8890607001792,8890607001824
perception,9034,0,8890607001952,8890607001984
perception,9035,0,8890607002080,8890607002176
perception,9036,0,8890607002240,8890607002336
perception,9037,0,8890607002432,8890607002496
perception,9038,0,8890607002624,8890607002656
perception,9039,0,8890607002784,8890607002848
perception,9040,0,8890607002944,8890607003008
perception,9041,0,8890607003104,8890607003168
perception,9042,0,8890607003264,8890607003328
perception,9043,0,8890607003456,8890607003488
perception,9044,0,8890607003616,8890607003648
perception,9045,0,8890607003776,8890607003808
perception,9046,0,8890607003904,8890607003968
perception,9047,0,8890607004096,8890607004192
perception,9048,0,8890607004288,8890607004320
perception,9049,0,8890607004448,8890607004480
perception,9050,0,8890607004608,8890607004640
perception,9051,0,8890607004736,8890607004832
perception,9052,0,8890607004928,8890607004992
perception,9053,0,8890607005088,8890607005152
perception,9054,0,8890607005248,8890607005312
perception,9055,0,8890607005440,8890607005472
perception,9056,0,8890607005568,8890607005632
perception,9057,0,8890607005728,8890607005792
perception,9058,0,8890607005888,8890607005952
perception,9059,0,8890607006048,8890607006144
perception,9060,0,8890607006240,8890607006272
perception,9061,0,8890607006400,8890607006432
perception,9062,0,8890607006560,8890607006592
perception,9063,0,8890607006688,8890607006752
perception,9064,0,8890607006880,8890607006944
perception,9065,0,8890607007040,8890607007104
perception,9066,0,8890607007200,8890607007264
perception,9067,0,8890607007360,8890607007392
perception,9068,0,8890607007552,8890607007584
perception,9069,0,8890607007680,8890607007744
perception,9070,0,8890607007840,8890607007904
perception,9071,0,8890607008000,8890607008096
perception,9072,0,8890607008192,8890607008224
perception,9073,0,8890607008352,8890607008384
perception,9074,0,8890607008512,8890607008576
perception,9075,0,8890607008672,8890607008736
perception,9076,0,8890607008832,8890607008896
perception,9077,0,8890607008992,8890607009088
perception,9078,0,8890607009216,8890607009248
perception,9079,0,8890607009344,8890607009408
perception,9080,0,8890607009504,8890607009568
perception,9081,0,8890607009696,8890607009760
perception,9082,0,8890607009888,8890607009920
perception,9083,0,8890607010048,8890607010080
perception,9084,0,8890607010208,8890607010272
perception,9085,0,8890607010400,8890607010464
perception,9086,0,8890607010560,8890607010624
perception,9087,0,8890607010720,8890607010752
perception,9088,0,8890607012833,8890607012865
perception,9089,0,8890607012993,8890607013025
perception,9090,0,8890607013121,8890607013217
perception,9091,0,8890607013313,8890607013377
perception,9092,0,8890607013473,8890607013537
perception,9093,0,8890607013633,8890607013697
perception,9094,0,8890607013793,8890607013825
perception,9095,0,8890607013985,8890607014049
perception,9096,0,8890607014177,8890607014241
perception,9097,0,8890607014337,8890607014401
perception,9098,0,8890607014529,8890607014593
perception,9099,0,8890607014721,8890607014785
perception,9100,0,8890607014881,8890607014945
perception,9101,0,8890607015105,8890607015137
perception,9102,0,8890607015233,8890607015297
perception,9103,0,8890607015425,8890607015489
perception,9104,0,8890607015617,8890607015649
perception,9105,0,8890607015777,8890607015841
perception,9106,0,8890607015937,8890607016001
perception,9107,0,8890607016097,8890607016161
perception,9108,0,8890607016257,8890607016353
perception,9109,0,8890607016449,8890607016481
perception,9110,0,8890607016609,8890607016641
perception,9111,0,8890607016769,8890607016865
perception,9112,0,8890607016961,8890607017057
perception,9113,0,8890607017185,8890607017217
perception,9114,0,8890607017313,8890607017377
perception,9115,0,8890607017505,8890607017569
perception,9116,0,8890607017665,8890607017729
perception,9117,0,8890607017857,8890607017889
perception,9118,0,8890607018049,8890607018113
perception,9119,0,8890607018241,8890607018305
perception,9120,0,8890607018401,8890607018433
perception,9121,0,8890607018593,8890607018625
perception,9122,0,8890607018721,8890607018785
perception,9123,0,8890607018913,8890607018977
perception,9124,0,8890607019073,8890607019137
perception,9125,0,8890607019265,8890607019297
perception,9126,0,8890607019425,8890607019489
perception,9127,0,8890607019585,8890607019649
perception,9128,0,8890607019745,8890607019809
perception,9129,0,8890607019905,8890607019969
perception,9130,0,8890607020097,8890607020129
perception,9131,0,8890607020257,8890607020289
perception,9132,0,8890607020417,8890607020449
perception,9133,0,8890607020577,8890607020673
perception,9134,0,8890607020769,8890607020833
perception,9135,0,8890607020929,8890607020961
perception,9136,0,8890607021089,8890607021153
perception,9137,0,8890607021249,8890607021313
perception,9138,0,8890607021409,8890607021473
perception,9139,0,8890607021569,8890607021665
perception,9140,0,8890607021761,8890607021825
perception,9141,0,8890607021953,8890607021985
perception,9142,0,8890607022081,8890607022145
perception,9143,0,8890607022241,8890607022305
perception,9144,0,8890607022433,8890607022497
perception,9145,0,8890607022593,8890607022657
perception,9146,0,8890607022753,8890607022817
perception,9147,0,8890607022913,8890607022977
perception,9148,0,8890607023073,8890607023137
perception,9149,0,8890607023233,8890607023329
perception,9150,0,8890607023425,8890607023489
perception,9151,0,8890607023585,8890607023617
perception,9152,0,8890607023745,8890607023809
perception,9153,0,8890607023905,8890607023969
perception,9154,0,8890607024065,8890607024129
perception,9155,0,8890607024225,8890607024321
perception,9156,0,8890607024417,8890607024449
perception,9157,0,8890607024577,8890607024609
perception,9158,0,8890607024737,8890607024801
perception,9159,0,8890607024929,8890607024993
perception,9160,0,8890607025089,8890607025153
perception,9161,0,8890607025249,8890607025313
perception,9162,0,8890607025441,8890607025473
perception,9163,0,8890607025569,8890607025633
perception,9164,0,8890607025761,8890607025825
perception,9165,0,8890607025953,8890607025985
perception,9166,0,8890607026113,8890607026145
perception,9167,0,8890607026273,8890607026305
perception,9168,0,8890607026433,8890607026465
perception,9169,0,8890607026561,8890607026625
perception,9170,0,8890607026721,8890607026785
perception,9171,0,8890607026881,8890607026977
perception,9172,0,8890607027073,8890607027105
perception,9173,0,8890607027233,8890607027265
perception,9174,0,8890607027393,8890607027425
perception,9175,0,8890607027553,8890607027585
perception,9176,0,8890607027681,8890607027745
perception,9177,0,8890607027841,8890607027905
perception,9178,0,8890607028001,8890607028065
perception,9179,0,8890607028161,8890607028225
perception,9180,0,8890607028353,8890607028417
perception,9181,0,8890607028513,8890607028577
perception,9182,0,8890607028673,8890607028737
perception,9183,0,8890607028833,8890607028929
perception,9184,0,8890607029025,8890607029089
perception,9185,0,8890607029217,8890607029249
perception,9186,0,8890607029345,8890607029441
perception,9187,0,8890607029537,8890607029633
perception,9188,0,8890607029729,8890607029761
perception,9189,0,8890607029889,8890607029921
perception,9190,0,8890607030049,8890607030113
perception,9191,0,8890607030209,8890607030273
perception,9192,0,8890607030369,8890607030433
perception,9193,0,8890607030529,8890607030593
perception,9194,0,8890607030721,8890607030753
perception,9195,0,8890607030881,8890607030913
perception,9196,0,8890607031041,8890607031105
perception,9197,0,8890607031201,8890607031265
perception,9198,0,8890607031361,8890607031425
perception,9199,0,8890607031521,8890607031585
perception,9200,0,8890607031681,8890607031745
perception,9201,0,8890607031873,8890607031937
perception,9202,0,8890607032033,8890607032097
perception,9203,0,8890607032193,8890607032257
perception,9204,0,8890607032353,8890607032417
perception,9205,0,8890607032577,8890607032609
perception,9206,0,8890607032705,8890607032769
perception,9207,0,8890607032897,8890607032961
perception,9208,0,8890607033057,8890607033121
perception,9209,0,8890607033217,8890607033281
perception,9210,0,8890607033409,8890607033441
perception,9211,0,8890607033537,8890607033601
perception,9212,0,8890607033697,8890607033761
perception,9213,0,8890607033857,8890607033921
perception,9214,0,8890607034017,8890607034081
perception,9215,0,8890607034209,8890607034241
perception,9216,0,8890607036897,8890607036929
perception,9217,0,8890607037057,8890607037089
perception,9218,0,8890607037185,8890607037249
perception,9219,0,8890607037377,8890607037441
perception,9220,0,8890607037537,8890607037601
perception,9221,0,8890607037697,8890607037761
perception,9222,0,8890607037889,8890607037953
perception,9223,0,8890607038081,8890607038145
perception,9224,0,8890607038305,8890607038337
perception,9225,0,8890607038497,8890607038561
perception,9226,0,8890607038657,8890607038721
perception,9227,0,8890607038817,8890607038881
perception,9228,0,8890607039009,8890607039041
perception,9229,0,8890607039137,8890607039201
perception,9230,0,8890607039297,8890607039361
perception,9231,0,8890607039489,8890607039553
perception,9232,0,8890607039681,8890607039713
perception,9233,0,8890607039841,8890607039873
perception,9234,0,8890607040001,8890607040033
perception,9235,0,8890607040161,8890607040225
perception,9236,0,8890607040321,8890607040417
perception,9237,0,8890607040513,8890607040577
perception,9238,0,8890607040673,8890607040738
perception,9239,0,8890607040866,8890607040930
perception,9240,0,8890607041026,8890607041090
perception,9241,0,8890607041186,8890607041250
perception,9242,0,8890607041346,8890607041378
perception,9243,0,8890607041506,8890607041538
perception,9244,0,8890607041666,8890607041698
perception,9245,0,8890607041826,8890607041890
perception,9246,0,8890607041986,8890607042050
perception,9247,0,8890607042146,8890607042210
perception,9248,0,8890607042338,8890607042370
perception,9249,0,8890607042498,8890607042530
perception,9250,0,8890607042658,8890607042690
perception,9251,0,8890607042850,8890607042914
perception,9252,0,8890607043010,8890607043074
perception,9253,0,8890607043170,8890607043202
perception,9254,0,8890607043330,8890607043426
perception,9255,0,8890607043522,8890607043586
perception,9256,0,8890607043682,8890607043746
perception,9257,0,8890607043842,8890607043906
perception,9258,0,8890607044034,8890607044066
perception,9259,0,8890607044194,8890607044226
perception,9260,0,8890607044354,8890607044450
perception,9261,0,8890607044546,8890607044610
perception,9262,0,8890607044706,8890607044738
perception,9263,0,8890607044866,8890607044930
perception,9264,0,8890607045058,8890607045122
perception,9265,0,8890607045250,8890607045314
perception,9266,0,8890607045410,8890607045442
perception,9267,0,8890607045602,8890607045666
perception,9268,0,8890607045762,8890607045858
perception,9269,0,8890607045986,8890607046018
perception,9270,0,8890607046146,8890607046178
perception,9271,0,8890607046274,8890607046338
perception,9272,0,8890607046434,8890607046498
perception,9273,0,8890607046626,8890607046690
perception,9274,0,8890607046818,8890607046850
perception,9275,0,8890607046978,8890607047042
perception,9276,0,8890607047138,8890607047202
perception,9277,0,8890607047362,8890607047394
perception,9278,0,8890607047554,8890607047586
perception,9279,0,8890607047714,8890607047778
perception,9280,0,8890607047874,8890607047938
perception,9281,0,8890607048034,8890607048098
perception,9282,0,8890607048226,8890607048258
perception,9283,0,8890607048386,8890607048418
perception,9284,0,8890607048514,8890607048578
perception,9285,0,8890607048674,8890607048738
perception,9286,0,8890607048834,8890607048898
perception,9287,0,8890607048994,8890607049058
perception,9288,0,8890607049186,8890607049218
perception,9289,0,8890607049346,8890607049410
perception,9290,0,8890607049506,8890607049570
perception,9291,0,8890607049666,8890607049730
perception,9292,0,8890607049826,8890607049890
perception,9293,0,8890607049986,8890607050050
perception,9294,0,8890607050178,8890607050210
perception,9295,0,8890607050338,8890607050370
perception,9296,0,8890607050466,8890607050530
perception,9297,0,8890607050626,8890607050722
perception,9298,0,8890607050818,8890607050882
perception,9299,0,8890607050978,8890607051042
perception,9300,0,8890607051138,8890607051170
perception,9301,0,8890607051330,8890607051362
perception,9302,0,8890607051458,8890607051522
perception,9303,0,8890607051650,8890607051714
perception,9304,0,8890607051842,8890607051874
perception,9305,0,8890607052002,8890607052034
perception,9306,0,8890607052194,8890607052258
perception,9307,0,8890607052386,8890607052418
perception,9308,0,8890607052546,8890607052578
perception,9309,0,8890607052706,8890607052738
perception,9310,0,8890607052866,8890607052930
perception,9311,0,8890607053026,8890607053090
perception,9312,0,8890607053250,8890607053282
perception,9313,0,8890607053410,8890607053442
perception,9314,0,8890607053538,8890607053602
perception,9315,0,8890607053698,8890607053794
perception,9316,0,8890607053890,8890607053954
perception,9317,0,8890607054082,8890607054114
perception,9318,0,8890607054242,8890607054274
perception,9319,0,8890607054402,8890607054466
perception,9320,0,8890607054562,8890607054626
perception,9321,0,8890607054722,8890607054786
perception,9322,0,8890607054882,8890607054946
perception,9323,0,8890607055042,8890607055106
perception,9324,0,8890607055234,8890607055266
perception,9325,0,8890607055362,8890607055426
perception,9326,0,8890607055522,8890607055586
perception,9327,0,8890607055682,8890607055746
perception,9328,0,8890607055842,8890607055906
perception,9329,0,8890607056034,8890607056066
perception,9330,0,8890607056194,8890607056226
perception,9331,0,8890607056354,8890607056386
perception,9332,0,8890607056482,8890607056546
perception,9333,0,8890607056642,8890607056706
perception,9334,0,8890607056802,8890607056898
perception,9335,0,8890607057026,8890607057058
perception,9336,0,8890607057186,8890607057218
perception,9337,0,8890607057314,8890607057410
perception,9338,0,8890607057538,8890607057602
perception,9339,0,8890607057698,8890607057762
perception,9340,0,8890607057858,8890607057890
perception,9341,0,8890607058018,8890607058082
perception,9342,0,8890607058178,8890607058242
perception,9343,0,8890607058338,8890607058402
perception,9344,0,8890607061122,8890607061186
perception,9345,0,8890607061282,8890607061346
perception,9346,0,8890607061442,8890607061506
perception,9347,0,8890607061602,8890607061666
perception,9348,0,8890607061794,8890607061858
perception,9349,0,8890607061954,8890607062018
perception,9350,0,8890607062146,8890607062210
perception,9351,0,8890607062306,8890607062370
perception,9352,0,8890607062466,8890607062498
perception,9353,0,8890607062658,8890607062690
perception,9354,0,8890607062786,8890607062850
perception,9355,0,8890607062978,8890607063042
perception,9356,0,8890607063138,8890607063202
perception,9357,0,8890607063330,8890607063362
perception,9358,0,8890607063490,8890607063522
perception,9359,0,8890607063650,8890607063714
perception,9360,0,8890607063810,8890607063874
perception,9361,0,8890607063970,8890607064034
perception,9362,0,8890607064130,8890607064194
perception,9363,0,8890607064322,8890607064354
perception,9364,0,8890607064450,8890607064514
perception,9365,0,8890607064610,8890607064674
perception,9366,0,8890607064770,8890607064866
perception,9367,0,8890607064962,8890607065026
perception,9368,0,8890607065154,8890607065186
perception,9369,0,8890607065314,8890607065346
perception,9370,0,8890607065442,8890607065538
perception,9371,0,8890607065634,8890607065698
perception,9372,0,8890607065794,8890607065858
perception,9373,0,8890607065954,8890607065986
perception,9374,0,8890607066114,8890607066178
perception,9375,0,8890607066274,8890607066338
perception,9376,0,8890607066434,8890607066498
perception,9377,0,8890607066594,8890607066690
perception,9378,0,8890607066754,8890607066850
perception,9379,0,8890607066946,8890607066978
perception,9380,0,8890607067106,8890607067138
perception,9381,0,8890607067266,8890607067298
perception,9382,0,8890607067394,8890607067458
perception,9383,0,8890607067586,8890607067650
perception,9384,0,8890607067746,8890607067810
perception,9385,0,8890607067906,8890607067970
perception,9386,0,8890607068098,8890607068130
perception,9387,0,8890607068226,8890607068290
perception,9388,0,8890607068386,8890607068482
perception,9389,0,8890607068546,8890607068642
perception,9390,0,8890607068738,8890607068803
perception,9391,0,8890607068899,8890607068931
perception,9392,0,8890607069059,8890607069091
perception,9393,0,8890607069187,8890607069251
perception,9394,0,8890607069347,8890607069411
perception,9395,0,8890607069507,8890607069571
perception,9396,0,8890607069667,8890607069731
perception,9397,0,8890607069859,8890607069923
perception,9398,0,8890607070019,8890607070051
perception,9399,0,8890607070179,8890607070211
perception,9400,0,8890607070339,8890607070403
perception,9401,0,8890607070531,8890607070595
perception,9402,0,8890607070691,8890607070755
perception,9403,0,8890607070851,8890607070883
perception,9404,0,8890607071043,8890607071075
perception,9405,0,8890607071171,8890607071235
perception,9406,0,8890607071331,8890607071395
perception,9407,0,8890607071491,8890607071587
perception,9408,0,8890607071683,8890607071747
perception,9409,0,8890607071875,8890607071907
perception,9410,0,8890607072003,8890607072067
perception,9411,0,8890607072163,8890607072259
perception,9412,0,8890607072355,8890607072419
perception,9413,0,8890607072515,8890607072579
perception,9414,0,8890607072675,8890607072707
perception,9415,0,8890607072835,8890607072899
perception,9416,0,8890607072995,8890607073059
perception,9417,0,8890607073155,8890607073219
perception,9418,0,8890607073347,8890607073411
perception,9419,0,8890607073507,8890607073539
perception,9420,0,8890607073699,8890607073731
perception,9421,0,8890607073827,8890607073891
perception,9422,0,8890607073987,8890607074051
perception,9423,0,8890607074147,8890607074243
perception,9424,0,8890607074339,8890607074403
perception,9425,0,8890607074499,8890607074531
perception,9426,0,8890607074659,8890607074723
perception,9427,0,8890607074819,8890607074883
perception,9428,0,8890607075011,8890607075075
perception,9429,0,8890607075171,8890607075235
perception,9430,0,8890607075363,8890607075395
perception,9431,0,8890607075523,8890607075555
perception,9432,0,8890607075651,8890607075715
perception,9433,0,8890607075811,8890607075875
perception,9434,0,8890607075971,8890607076035
perception,9435,0,8890607076131,8890607076227
perception,9436,0,8890607076323,8890607076355
perception,9437,0,8890607076451,8890607076515
perception,9438,0,8890607076643,8890607076675
perception,9439,0,8890607076771,8890607076835
perception,9440,0,8890607076931,8890607076995
perception,9441,0,8890607077091,8890607077155
perception,9442,0,8890607077251,8890607077315
perception,9443,0,8890607077411,8890607077475
perception,9444,0,8890607077571,8890607077635
perception,9445,0,8890607077763,8890607077795
perception,9446,0,8890607077891,8890607077955
perception,9447,0,8890607078051,8890607078115
perception,9448,0,8890607078211,8890607078275
perception,9449,0,8890607078403,8890607078435
perception,9450,0,8890607078563,8890607078595
perception,9451,0,8890607078723,8890607078787
perception,9452,0,8890607078883,8890607078947
perception,9453,0,8890607079075,8890607079139
perception,9454,0,8890607079235,8890607079299
perception,9455,0,8890607079395,8890607079459
perception,9456,0,8890607079555,8890607079619
perception,9457,0,8890607079715,8890607079779
perception,9458,0,8890607079875,8890607079971
perception,9459,0,8890607080067,8890607080131
perception,9460,0,8890607080227,8890607080259
perception,9461,0,8890607080419,8890607080451
perception,9462,0,8890607080547,8890607080611
perception,9463,0,8890607080707,8890607080771
perception,9464,0,8890607080899,8890607080963
perception,9465,0,8890607081059,8890607081091
perception,9466,0,8890607081219,8890607081251
perception,9467,0,8890607081379,8890607081411
perception,9468,0,8890607081539,8890607081603
perception,9469,0,8890607081699,8890607081763
perception,9470,0,8890607081859,8890607081923
perception,9471,0,8890607082019,8890607082083
perception,9472,0,8890607084451,8890607084483
perception,9473,0,8890607084611,8890607084643
perception,9474,0,8890607084803,8890607084867
perception,9475,0,8890607085027,8890607085059
perception,9476,0,8890607085187,8890607085251
perception,9477,0,8890607085347,8890607085411
perception,9478,0,8890607085507,8890607085571
perception,9479,0,8890607085731,8890607085763
perception,9480,0,8890607085859,8890607085923
perception,9481,0,8890607086019,8890607086115
perception,9482,0,8890607086211,8890607086275
perception,9483,0,8890607086371,8890607086435
perception,9484,0,8890607086531,8890607086563
perception,9485,0,8890607086691,8890607086755
perception,9486,0,8890607086851,8890607086915
perception,9487,0,8890607087011,8890607087075
perception,9488,0,8890607087171,8890607087267
perception,9489,0,8890607087363,8890607087395
perception,9490,0,8890607087523,8890607087555
perception,9491,0,8890607087683,8890607087715
perception,9492,0,8890607087811,8890607087875
perception,9493,0,8890607088003,8890607088067
perception,9494,0,8890607088163,8890607088227
perception,9495,0,8890607088323,8890607088387
perception,9496,0,8890607088515,8890607088579
perception,9497,0,8890607088675,8890607088739
perception,9498,0,8890607088835,8890607088899
perception,9499,0,8890607089027,8890607089091
perception,9500,0,8890607089219,8890607089251
perception,9501,0,8890607089347,8890607089411
perception,9502,0,8890607089507,8890607089571
perception,9503,0,8890607089699,8890607089763
perception,9504,0,8890607089859,8890607089923
perception,9505,0,8890607090051,8890607090083
perception,9506,0,8890607090211,8890607090275
perception,9507,0,8890607090371,8890607090435
perception,9508,0,8890607090531,8890607090595
perception,9509,0,8890607090691,8890607090755
perception,9510,0,8890607090851,8890607090915
perception,9511,0,8890607091011,8890607091075
perception,9512,0,8890607091171,8890607091235
perception,9513,0,8890607091363,8890607091427
perception,9514,0,8890607091523,8890607091587
perception,9515,0,8890607091683,8890607091747
perception,9516,0,8890607091875,8890607091907
perception,9517,0,8890607092003,8890607092067
perception,9518,0,8890607092163,8890607092227
perception,9519,0,8890607092323,8890607092387
perception,9520,0,8890607092547,8890607092579
perception,9521,0,8890607092707,8890607092739
perception,9522,0,8890607092867,8890607092931
perception,9523,0,8890607093059,8890607093123
perception,9524,0,8890607093219,8890607093283
perception,9525,0,8890607093379,8890607093443
perception,9526,0,8890607093539,8890607093603
perception,9527,0,8890607093699,8890607093763
perception,9528,0,8890607093859,8890607093955
perception,9529,0,8890607094083,8890607094115
perception,9530,0,8890607094243,8890607094307
perception,9531,0,8890607094403,8890607094467
perception,9532,0,8890607094563,8890607094627
perception,9533,0,8890607094723,8890607094819
perception,9534,0,8890607094915,8890607094979
perception,9535,0,8890607095107,8890607095171
perception,9536,0,8890607095267,8890607095331
perception,9537,0,8890607095459,8890607095523
perception,9538,0,8890607095651,8890607095683
perception,9539,0,8890607095779,8890607095843
perception,9540,0,8890607095939,8890607096035
perception,9541,0,8890607096163,8890607096227
perception,9542,0,8890607096355,8890607096387
perception,9543,0,8890607096483,8890607096547
perception,9544,0,8890607096675,8890607096739
perception,9545,0,8890607096836,8890607096900
perception,9546,0,8890607096996,8890607097060
perception,9547,0,8890607097156,8890607097188
perception,9548,0,8890607097316,8890607097348
perception,9549,0,8890607097476,8890607097540
perception,9550,0,8890607097636,8890607097732
perception,9551,0,8890607097796,8890607097892
perception,9552,0,8890607097988,8890607098020
perception,9553,0,8890607098180,8890607098212
perception,9554,0,8890607098308,8890607098372
perception,9555,0,8890607098468,8890607098532
perception,9556,0,8890607098628,8890607098692
perception,9557,0,8890607098820,8890607098884
perception,9558,0,8890607099012,8890607099076
perception,9559,0,8890607099172,8890607099236
perception,9560,0,8890607099332,8890607099396
perception,9561,0,8890607099492,8890607099556
perception,9562,0,8890607099652,8890607099716
perception,9563,0,8890607099844,8890607099876
perception,9564,0,8890607100004,8890607100036
perception,9565,0,8890607100132,8890607100196
perception,9566,0,8890607100292,8890607100388
perception,9567,0,8890607100484,8890607100548
perception,9568,0,8890607100644,8890607100676
perception,9569,0,8890607100804,8890607100836
perception,9570,0,8890607100964,8890607101028
perception,9571,0,8890607101124,8890607101188
perception,9572,0,8890607101284,8890607101348
perception,9573,0,8890607101476,8890607101540
perception,9574,0,8890607101636,8890607101668
perception,9575,0,8890607101796,8890607101828
perception,9576,0,8890607101956,8890607102052
perception,9577,0,8890607102116,8890607102212
perception,9578,0,8890607102308,8890607102372
perception,9579,0,8890607102468,8890607102500
perception,9580,0,8890607102628,8890607102692
perception,9581,0,8890607102788,8890607102852
perception,9582,0,8890607102980,8890607103044
perception,9583,0,8890607103172,8890607103204
perception,9584,0,8890607103332,8890607103364
perception,9585,0,8890607103492,8890607103556
perception,9586,0,8890607103684,8890607103748
perception,9587,0,8890607103844,8890607103908
perception,9588,0,8890607104004,8890607104036
perception,9589,0,8890607104164,8890607104196
perception,9590,0,8890607104324,8890607104356
perception,9591,0,8890607104484,8890607104548
perception,9592,0,8890607104644,8890607104708
perception,9593,0,8890607104804,8890607104868
perception,9594,0,8890607104996,8890607105028
perception,9595,0,8890607105156,8890607105188
perception,9596,0,8890607105316,8890607105412
perception,9597,0,8890607105508,8890607105572
perception,9598,0,8890607105700,8890607105732
perception,9599,0,8890607105860,8890607105892
perception,9600,0,8890607108932,8890607108996
perception,9601,0,8890607109092,8890607109156
perception,9602,0,8890607109252,8890607109348
perception,9603,0,8890607109444,8890607109508
perception,9604,0,8890607109604,8890607109636
perception,9605,0,8890607109764,8890607109828
perception,9606,0,8890607109924,8890607110020
perception,9607,0,8890607110116,8890607110180
perception,9608,0,8890607110276,8890607110340
perception,9609,0,8890607110436,8890607110468
perception,9610,0,8890607110596,8890607110660
perception,9611,0,8890607110756,8890607110788
perception,9612,0,8890607110884,8890607110980
perception,9613,0,8890607111044,8890607111140
perception,9614,0,8890607111236,8890607111300
perception,9615,0,8890607111396,8890607111460
perception,9616,0,8890607111556,8890607111588
perception,9617,0,8890607111716,8890607111748
perception,9618,0,8890607111876,8890607111908
perception,9619,0,8890607112004,8890607112068
perception,9620,0,8890607112164,8890607112228
perception,9621,0,8890607112356,8890607112420
perception,9622,0,8890607112548,8890607112580
perception,9623,0,8890607112708,8890607112772
perception,9624,0,8890607112868,8890607112932
perception,9625,0,8890607113028,8890607113092
perception,9626,0,8890607113220,8890607113284
perception,9627,0,8890607113412,8890607113476
perception,9628,0,8890607113572,8890607113636
perception,9629,0,8890607113764,8890607113828
perception,9630,0,8890607113956,8890607113988
perception,9631,0,8890607114116,8890607114180
perception,9632,0,8890607114308,8890607114372
perception,9633,0,8890607114468,8890607114532
perception,9634,0,8890607114660,8890607114692
perception,9635,0,8890607114820,8890607114852
perception,9636,0,8890607114948,8890607115044
perception,9637,0,8890607115140,8890607115204
perception,9638,0,8890607115332,8890607115364
perception,9639,0,8890607115492,8890607115556
perception,9640,0,8890607115684,8890607115748
perception,9641,0,8890607115876,8890607115940
perception,9642,0,8890607116036,8890607116100
perception,9643,0,8890607116228,8890607116260
perception,9644,0,8890607116356,8890607116420
perception,9645,0,8890607116548,8890607116612
perception,9646,0,8890607116740,8890607116772
perception,9647,0,8890607116900,8890607116932
perception,9648,0,8890607117060,8890607117092
perception,9649,0,8890607117188,8890607117284
perception,9650,0,8890607117380,8890607117444
perception,9651,0,8890607117572,8890607117604
perception,9652,0,8890607117732,8890607117764
perception,9653,0,8890607117892,8890607117924
perception,9654,0,8890607118020,8890607118084
perception,9655,0,8890607118212,8890607118276
perception,9656,0,8890607118372,8890607118436
perception,9657,0,8890607118532,8890607118596
perception,9658,0,8890607118692,8890607118724
perception,9659,0,8890607118884,8890607118916
perception,9660,0,8890607119012,8890607119108
perception,9661,0,8890607119204,8890607119268
perception,9662,0,8890607119364,8890607119428
perception,9663,0,8890607119524,8890607119556
perception,9664,0,8890607119684,8890607119716
perception,9665,0,8890607119844,8890607119876
perception,9666,0,8890607120004,8890607120068
perception,9667,0,8890607120164,8890607120228
perception,9668,0,8890607120324,8890607120388
perception,9669,0,8890607120484,8890607120548
perception,9670,0,8890607120676,8890607120708
perception,9671,0,8890607120836,8890607120868
perception,9672,0,8890607120964,8890607121060
perception,9673,0,8890607121156,8890607121220
perception,9674,0,8890607121316,8890607121380
perception,9675,0,8890607121476,8890607121540
perception,9676,0,8890607121668,8890607121700
perception,9677,0,8890607121796,8890607121860
perception,9678,0,8890607121956,8890607122052
perception,9679,0,8890607122148,8890607122212
perception,9680,0,8890607122308,8890607122372
perception,9681,0,8890607122500,8890607122532
perception,9682,0,8890607122660,8890607122724
perception,9683,0,8890607122820,8890607122916
perception,9684,0,8890607123012,8890607123076
perception,9685,0,8890607123172,8890607123204
perception,9686,0,8890607123332,8890607123364
perception,9687,0,8890607123492,8890607123524
perception,9688,0,8890607123652,8890607123716
perception,9689,0,8890607123844,8890607123908
perception,9690,0,8890607124004,8890607124036
perception,9691,0,8890607124196,8890607124228
perception,9692,0,8890607124324,8890607124420
perception,9693,0,8890607124516,8890607124580
perception,9694,0,8890607124676,8890607124740
perception,9695,0,8890607124869,8890607124933
perception,9696,0,8890607125029,8890607125093
perception,9697,0,8890607125189,8890607125253
perception,9698,0,8890607125349,8890607125445
perception,9699,0,8890607125509,8890607125573
perception,9700,0,8890607125669,8890607125733
perception,9701,0,8890607125829,8890607125861
perception,9702,0,8890607125989,8890607126053
perception,9703,0,8890607126149,8890607126213
perception,9704,0,8890607126341,8890607126405
perception,9705,0,8890607126501,8890607126565
perception,9706,0,8890607126693,8890607126725
perception,9707,0,8890607126853,8890607126885
perception,9708,0,8890607127045,8890607127109
perception,9709,0,8890607127237,8890607127269
perception,9710,0,8890607127429,8890607127493
perception,9711,0,8890607127589,8890607127653
perception,9712,0,8890607127749,8890607127813
perception,9713,0,8890607127909,8890607127973
perception,9714,0,8890607128101,8890607128133
perception,9715,0,8890607128229,8890607128293
perception,9716,0,8890607128421,8890607128485
perception,9717,0,8890607128581,8890607128645
perception,9718,0,8890607128741,8890607128805
perception,9719,0,8890607128901,8890607128933
perception,9720,0,8890607129093,8890607129157
perception,9721,0,8890607129253,8890607129317
perception,9722,0,8890607129413,8890607129477
perception,9723,0,8890607129573,8890607129637
perception,9724,0,8890607129765,8890607129797
perception,9725,0,8890607129925,8890607129957
perception,9726,0,8890607130085,8890607130149
perception,9727,0,8890607130277,8890607130341
perception,9728,0,8890607132997,8890607133093
perception,9729,0,8890607133157,8890607133221
perception,9730,0,8890607133381,8890607133413
perception,9731,0,8890607133541,8890607133573
perception,9732,0,8890607133701,8890607133765
perception,9733,0,8890607133861,8890607133925
perception,9734,0,8890607134021,8890607134085
perception,9735,0,8890607134213,8890607134245
perception,9736,0,8890607134373,8890607134405
perception,9737,0,8890607134533,8890607134597
perception,9738,0,8890607134757,8890607134821
perception,9739,0,8890607134917,8890607134981
perception,9740,0,8890607135109,8890607135141
perception,9741,0,8890607135269,8890607135333
perception,9742,0,8890607135429,8890607135493
perception,9743,0,8890607135589,8890607135653
perception,9744,0,8890607135749,8890607135781
perception,9745,0,8890607135909,8890607135973
perception,9746,0,8890607136069,8890607136133
perception,9747,0,8890607136229,8890607136325
perception,9748,0,8890607136421,8890607136485
perception,9749,0,8890607136613,8890607136645
perception,9750,0,8890607136773,8890607136869
perception,9751,0,8890607136965,8890607137029
perception,9752,0,8890607137125,8890607137189
perception,9753,0,8890607137317,8890607137349
perception,9754,0,8890607137477,8890607137541
perception,9755,0,8890607137637,8890607137701
perception,9756,0,8890607137797,8890607137861
perception,9757,0,8890607137957,8890607138021
perception,9758,0,8890607138149,8890607138181
perception,9759,0,8890607138309,8890607138341
perception,9760,0,8890607138469,8890607138565
perception,9761,0,8890607138661,8890607138725
perception,9762,0,8890607138821,8890607138885
perception,9763,0,8890607138981,8890607139013
perception,9764,0,8890607139141,8890607139205
perception,9765,0,8890607139301,8890607139365
perception,9766,0,8890607139493,8890607139557
perception,9767,0,8890607139653,8890607139717
perception,9768,0,8890607139845,8890607139877
perception,9769,0,8890607140005,8890607140069
perception,9770,0,8890607140133,8890607140229
perception,9771,0,8890607140325,8890607140389
perception,9772,0,8890607140485,8890607140549
perception,9773,0,8890607140645,8890607140677
perception,9774,0,8890607140805,8890607140837
perception,9775,0,8890607140965,8890607141061
perception,9776,0,8890607141157,8890607141221
perception,9777,0,8890607141317,8890607141381
perception,9778,0,8890607141477,8890607141541
perception,9779,0,8890607141669,8890607141733
perception,9780,0,8890607141829,8890607141893
perception,9781,0,8890607141989,8890607142053
perception,9782,0,8890607142181,8890607142213
perception,9783,0,8890607142341,8890607142373
perception,9784,0,8890607142501,8890607142565
perception,9785,0,8890607142661,8890607142725
perception,9786,0,8890607142821,8890607142885
perception,9787,0,8890607142981,8890607143077
perception,9788,0,8890607143173,8890607143205
perception,9789,0,8890607143333,8890607143397
perception,9790,0,8890607143493,8890607143557
perception,9791,0,8890607143717,8890607143781
perception,9792,0,8890607143877,8890607143909
perception,9793,0,8890607144037,8890607144101
perception,9794,0,8890607144229,8890607144293
perception,9795,0,8890607144389,8890607144453
perception,9796,0,8890607144549,8890607144613
perception,9797,0,8890607144709,8890607144773
perception,9798,0,8890607144869,8890607144933
perception,9799,0,8890607145061,8890607145125
perception,9800,0,8890607145221,8890607145285
perception,9801,0,8890607145381,8890607145445
perception,9802,0,8890607145573,8890607145605
perception,9803,0,8890607145733,8890607145765
perception,9804,0,8890607145861,8890607145925
perception,9805,0,8890607146021,8890607146085
perception,9806,0,8890607146181,8890607146277
perception,9807,0,8890607146373,8890607146437
perception,9808,0,8890607146533,8890607146565
perception,9809,0,8890607146693,8890607146757
perception,9810,0,8890607146853,8890607146917
perception,9811,0,8890607147013,8890607147077
perception,9812,0,8890607147173,8890607147237
perception,9813,0,8890607147333,8890607147397
perception,9814,0,8890607147493,8890607147557
perception,9815,0,8890607147653,8890607147717
perception,9816,0,8890607147813,8890607147909
perception,9817,0,8890607148037,8890607148101
perception,9818,0,8890607148197,8890607148229
perception,9819,0,8890607148357,8890607148389
perception,9820,0,8890607148517,8890607148549
perception,9821,0,8890607148645,8890607148741
perception,9822,0,8890607148837,8890607148901
perception,9823,0,8890607149029,8890607149093
perception,9824,0,8890607149189,8890607149253
perception,9825,0,8890607149349,8890607149413
perception,9826,0,8890607149509,8890607149573
perception,9827,0,8890607149669,8890607149765
perception,9828,0,8890607149861,8890607149925
perception,9829,0,8890607150021,8890607150053
perception,9830,0,8890607150181,8890607150245
perception,9831,0,8890607150341,8890607150405
perception,9832,0,8890607150501,8890607150565
perception,9833,0,8890607150661,8890607150725
perception,9834,0,8890607150821,8890607150885
perception,9835,0,8890607151013,8890607151045
perception,9836,0,8890607151173,8890607151205
perception,9837,0,8890607151333,8890607151397
perception,9838,0,8890607151493,8890607151557
perception,9839,0,8890607151653,8890607151717
perception,9840,0,8890607151845,8890607151877
perception,9841,0,8890607152005,8890607152037
perception,9842,0,8890607152165,8890607152229
perception,9843,0,8890607152357,8890607152421
perception,9844,0,8890607152517,8890607152581
perception,9845,0,8890607152709,8890607152741
perception,9846,0,8890607152870,8890607152902
perception,9847,0,8890607153030,8890607153094
perception,9848,0,8890607153190,8890607153254
perception,9849,0,8890607153350,8890607153414
perception,9850,0,8890607153510,8890607153542
perception,9851,0,8890607153670,8890607153702
perception,9852,0,8890607153830,8890607153894
perception,9853,0,8890607153990,8890607154054
perception,9854,0,8890607154150,8890607154214
perception,9855,0,8890607154310,8890607154374
perception,9856,0,8890607158534,8890607158598
perception,9857,0,8890607158726,8890607158790
perception,9858,0,8890607158886,8890607158950
perception,9859,0,8890607159078,8890607159142
perception,9860,0,8890607159238,8890607159302
perception,9861,0,8890607159398,8890607159462
perception,9862,0,8890607159558,8890607159622
perception,9863,0,8890607159718,8890607159782
perception,9864,0,8890607159878,8890607159942
perception,9865,0,8890607160070,8890607160134
perception,9866,0,8890607160262,8890607160294
perception,9867,0,8890607160422,8890607160454
perception,9868,0,8890607160550,8890607160614
perception,9869,0,8890607160710,8890607160774
perception,9870,0,8890607160934,8890607160966
perception,9871,0,8890607161094,8890607161126
perception,9872,0,8890607161254,8890607161286
perception,9873,0,8890607161414,8890607161478
perception,9874,0,8890607161574,8890607161670
perception,9875,0,8890607161766,8890607161830
perception,9876,0,8890607161958,8890607161990
perception,9877,0,8890607162086,8890607162150
perception,9878,0,8890607162278,8890607162342
perception,9879,0,8890607162438,8890607162502
perception,9880,0,8890607162598,8890607162662
perception,9881,0,8890607162790,8890607162854
perception,9882,0,8890607162950,8890607163014
perception,9883,0,8890607163110,8890607163174
perception,9884,0,8890607163302,8890607163334
perception,9885,0,8890607163462,8890607163494
perception,9886,0,8890607163622,8890607163686
perception,9887,0,8890607163782,8890607163878
perception,9888,0,8890607163974,8890607164038
perception,9889,0,8890607164134,8890607164198
perception,9890,0,8890607164294,8890607164326
perception,9891,0,8890607164454,8890607164518
perception,9892,0,8890607164614,8890607164678
perception,9893,0,8890607164806,8890607164870
perception,9894,0,8890607164966,8890607165030
perception,9895,0,8890607165126,8890607165190
perception,9896,0,8890607165318,8890607165350
perception,9897,0,8890607165446,8890607165510
perception,9898,0,8890607165606,8890607165702
perception,9899,0,8890607165798,8890607165862
perception,9900,0,8890607165958,8890607165990
perception,9901,0,8890607166118,8890607166150
perception,9902,0,8890607166278,8890607166342
perception,9903,0,8890607166438,8890607166502
perception,9904,0,8890607166630,8890607166694
perception,9905,0,8890607166790,8890607166854
perception,9906,0,8890607166950,8890607166982
perception,9907,0,8890607167110,8890607167142
perception,9908,0,8890607167270,8890607167302
perception,9909,0,8890607167398,8890607167462
perception,9910,0,8890607167558,8890607167622
perception,9911,0,8890607167718,8890607167814
perception,9912,0,8890607167878,8890607167974
perception,9913,0,8890607168070,8890607168102
perception,9914,0,8890607168230,8890607168262
perception,9915,0,8890607168390,8890607168422
perception,9916,0,8890607168518,8890607168582
perception,9917,0,8890607168678,8890607168742
perception,9918,0,8890607168838,8890607168934
perception,9919,0,8890607169030,8890607169094
perception,9920,0,8890607169190,8890607169254
perception,9921,0,8890607169382,8890607169446
perception,9922,0,8890607169542,8890607169606
perception,9923,0,8890607169734,8890607169766
perception,9924,0,8890607169894,8890607169926
perception,9925,0,8890607170054,8890607170086
perception,9926,0,8890607170214,8890607170246
perception,9927,0,8890607170342,8890607170406
perception,9928,0,8890607170502,8890607170566
perception,9929,0,8890607170662,8890607170758
perception,9930,0,8890607170854,8890607170886
perception,9931,0,8890607171014,8890607171046
perception,9932,0,8890607171174,8890607171238
perception,9933,0,8890607171366,8890607171430
perception,9934,0,8890607171526,8890607171590
perception,9935,0,8890607171718,8890607171750
perception,9936,0,8890607171878,8890607171910
perception,9937,0,8890607172006,8890607172070
perception,9938,0,8890607172166,8890607172230
perception,9939,0,8890607172358,8890607172422
perception,9940,0,8890607172518,8890607172582
perception,9941,0,8890607172678,8890607172742
perception,9942,0,8890607172838,8890607172902
perception,9943,0,8890607172998,8890607173062
perception,9944,0,8890607173158,8890607173222
perception,9945,0,8890607173350,8890607173414
perception,9946,0,8890607173542,8890607173574
perception,9947,0,8890607173702,8890607173734
perception,9948,0,8890607173830,8890607173894
perception,9949,0,8890607173990,8890607174054
perception,9950,0,8890607174150,8890607174214
perception,9951,0,8890607174342,8890607174406
perception,9952,0,8890607174502,8890607174534
perception,9953,0,8890607174662,8890607174726
perception,9954,0,8890607174822,8890607174886
perception,9955,0,8890607174982,8890607175046
perception,9956,0,8890607175142,8890607175206
perception,9957,0,8890607175302,8890607175366
perception,9958,0,8890607175494,8890607175526
perception,9959,0,8890607175654,8890607175718
perception,9960,0,8890607175814,8890607175878
perception,9961,0,8890607175974,8890607176038
perception,9962,0,8890607176134,8890607176198
perception,9963,0,8890607176326,8890607176358
perception,9964,0,8890607176486,8890607176518
perception,9965,0,8890607176646,8890607176710
perception,9966,0,8890607176838,8890607176902
perception,9967,0,8890607176998,8890607177062
perception,9968,0,8890607177158,8890607177190
perception,9969,0,8890607177318,8890607177382
perception,9970,0,8890607177478,8890607177542
perception,9971,0,8890607177638,8890607177702
perception,9972,0,8890607177798,8890607177894
perception,9973,0,8890607177990,8890607178022
perception,9974,0,8890607178150,8890607178182
perception,9975,0,8890607178310,8890607178342
perception,9976,0,8890607178470,8890607178534
perception,9977,0,8890607178630,8890607178694
perception,9978,0,8890607178790,8890607178854
perception,9979,0,8890607178950,8890607179014
perception,9980,0,8890607179142,8890607179174
perception,9981,0,8890607179302,8890607179366
perception,9982,0,8890607179462,8890607179526
perception,9983,0,8890607179622,8890607179686
perception,9984,0,8890607182215,8890607182247
perception,9985,0,8890607182375,8890607182439
perception,9986,0,8890607182535,8890607182599
perception,9987,0,8890607182695,8890607182759
perception,9988,0,8890607182919,8890607182951
perception,9989,0,8890607183079,8890607183111
perception,9990,0,8890607183271,8890607183335
perception,9991,0,8890607183431,8890607183495
perception,9992,0,8890607183591,8890607183623
perception,9993,0,8890607183783,8890607183815
perception,9994,0,8890607183911,8890607183975
perception,9995,0,8890607184071,8890607184167
perception,9996,0,8890607184263,8890607184327
perception,9997,0,8890607184423,8890607184455
perception,9998,0,8890607184615,8890607184647
perception,9999,0,8890607184743,8890607184807
perception,10000,0,8890607184903,8890607184967
perception,10001,0,8890607185095,8890607185159
perception,10002,0,8890607185255,8890607185319
perception,10003,0,8890607185415,8890607185447
perception,10004,0,8890607185575,8890607185639
perception,10005,0,8890607185767,8890607185831
perception,10006,0,8890607185927,8890607185991
perception,10007,0,8890607186087,8890607186151
perception,10008,0,8890607186279,8890607186311
perception,10009,0,8890607186439,8890607186503
perception,10010,0,8890607186599,8890607186663
perception,10011,0,8890607186759,8890607186823
perception,10012,0,8890607186919,8890607186983
perception,10013,0,8890607187111,8890607187143
perception,10014,0,8890607187271,8890607187303
perception,10015,0,8890607187399,8890607187463
perception,10016,0,8890607187559,8890607187655
perception,10017,0,8890607187751,8890607187815
perception,10018,0,8890607187911,8890607187975
perception,10019,0,8890607188071,8890607188103
perception,10020,0,8890607188231,8890607188295
perception,10021,0,8890607188391,8890607188455
perception,10022,0,8890607188551,8890607188615
perception,10023,0,8890607188711,8890607188775
perception,10024,0,8890607188871,8890607188935
perception,10025,0,8890607189031,8890607189095
perception,10026,0,8890607189191,8890607189223
perception,10027,0,8890607189351,8890607189383
perception,10028,0,8890607189511,8890607189575
perception,10029,0,8890607189671,8890607189735
perception,10030,0,8890607189831,8890607189895
perception,10031,0,8890607189991,8890607190055
perception,10032,0,8890607190183,8890607190215
perception,10033,0,8890607190343,8890607190375
perception,10034,0,8890607190471,8890607190535
perception,10035,0,8890607190663,8890607190727
perception,10036,0,8890607190823,8890607190887
perception,10037,0,8890607190983,8890607191047
perception,10038,0,8890607191175,8890607191239
perception,10039,0,8890607191335,8890607191399
perception,10040,0,8890607191495,8890607191559
perception,10041,0,8890607191687,8890607191751
perception,10042,0,8890607191847,8890607191879
perception,10043,0,8890607192007,8890607192071
perception,10044,0,8890607192167,8890607192263
perception,10045,0,8890607192359,8890607192423
perception,10046,0,8890607192519,8890607192583
perception,10047,0,8890607192679,8890607192743
perception,10048,0,8890607192871,8890607192903
perception,10049,0,8890607192999,8890607193095
perception,10050,0,8890607193191,8890607193255
perception,10051,0,8890607193351,8890607193415
perception,10052,0,8890607193511,8890607193575
perception,10053,0,8890607193703,8890607193735
perception,10054,0,8890607193831,8890607193895
perception,10055,0,8890607193991,8890607194055
perception,10056,0,8890607194151,8890607194247
perception,10057,0,8890607194343,8890607194407
perception,10058,0,8890607194503,8890607194535
perception,10059,0,8890607194663,8890607194695
perception,10060,0,8890607194823,8890607194855
perception,10061,0,8890607194983,8890607195047
perception,10062,0,8890607195175,8890607195239
perception,10063,0,8890607195335,8890607195367
perception,10064,0,8890607195495,8890607195559
perception,10065,0,8890607195655,8890607195719
perception,10066,0,8890607195815,8890607195879
perception,10067,0,8890607195975,8890607196039
perception,10068,0,8890607196135,8890607196199
perception,10069,0,8890607196295,8890607196359
perception,10070,0,8890607196455,8890607196487
perception,10071,0,8890607196615,8890607196647
perception,10072,0,8890607196775,8890607196839
perception,10073,0,8890607196903,8890607196999
perception,10074,0,8890607197095,8890607197159
perception,10075,0,8890607197255,8890607197319
perception,10076,0,8890607197415,8890607197479
perception,10077,0,8890607197575,8890607197639
perception,10078,0,8890607197767,8890607197799
perception,10079,0,8890607197895,8890607197959
perception,10080,0,8890607198087,8890607198151
perception,10081,0,8890607198247,8890607198311
perception,10082,0,8890607198407,8890607198439
perception,10083,0,8890607198599,8890607198631
perception,10084,0,8890607198727,8890607198791
perception,10085,0,8890607198887,8890607198951
perception,10086,0,8890607199079,8890607199143
perception,10087,0,8890607199303,8890607199335
perception,10088,0,8890607199431,8890607199495
perception,10089,0,8890607199623,8890607199687
perception,10090,0,8890607199783,8890607199847
perception,10091,0,8890607199943,8890607200007
perception,10092,0,8890607200135,8890607200167
perception,10093,0,8890607200263,8890607200327
perception,10094,0,8890607200423,8890607200519
perception,10095,0,8890607200583,8890607200679
perception,10096,0,8890607200775,8890607200839
perception,10097,0,8890607200935,8890607200967
perception,10098,0,8890607201095,8890607201159
perception,10099,0,8890607201255,8890607201319
perception,10100,0,8890607201415,8890607201479
perception,10101,0,8890607201607,8890607201671
perception,10102,0,8890607201799,8890607201831
perception,10103,0,8890607201959,8890607202023
perception,10104,0,8890607202119,8890607202183
perception,10105,0,8890607202279,8890607202375
perception,10106,0,8890607202439,8890607202503
perception,10107,0,8890607202631,8890607202663
perception,10108,0,8890607202791,8890607202823
perception,10109,0,8890607202919,8890607202983
perception,10110,0,8890607203079,8890607203143
perception,10111,0,8890607203239,8890607203303
perception,10112,0,8890607206151,8890607206215
perception,10113,0,8890607206311,8890607206375
perception,10114,0,8890607206471,8890607206535
perception,10115,0,8890607206631,8890607206695
perception,10116,0,8890607206823,8890607206855
perception,10117,0,8890607206983,8890607207015
perception,10118,0,8890607207143,8890607207207
perception,10119,0,8890607207335,8890607207399
perception,10120,0,8890607207527,8890607207559
perception,10121,0,8890607207719,8890607207783
perception,10122,0,8890607207911,8890607207975
perception,10123,0,8890607208071,8890607208135
perception,10124,0,8890607208231,8890607208327
perception,10125,0,8890607208423,8890607208487
perception,10126,0,8890607208583,8890607208647
perception,10127,0,8890607208743,8890607208807
perception,10128,0,8890607208903,8890607208968
perception,10129,0,8890607209064,8890607209096
perception,10130,0,8890607209224,8890607209320
perception,10131,0,8890607209416,8890607209512
perception,10132,0,8890607209608,8890607209640
perception,10133,0,8890607209768,8890607209800
perception,10134,0,8890607209928,8890607209992
perception,10135,0,8890607210088,8890607210152
perception,10136,0,8890607210248,8890607210312
perception,10137,0,8890607210408,8890607210472
perception,10138,0,8890607210568,8890607210632
perception,10139,0,8890607210760,8890607210792
perception,10140,0,8890607210888,8890607210952
perception,10141,0,8890607211080,8890607211144
perception,10142,0,8890607211240,8890607211336
perception,10143,0,8890607211464,8890607211496
perception,10144,0,8890607211592,8890607211656
perception,10145,0,8890607211784,8890607211848
perception,10146,0,8890607211944,8890607212008
perception,10147,0,8890607212104,8890607212168
perception,10148,0,8890607212296,8890607212328
perception,10149,0,8890607212424,8890607212488
perception,10150,0,8890607212648,8890607212712
perception,10151,0,8890607212840,8890607212872
perception,10152,0,8890607213000,8890607213032
perception,10153,0,8890607213160,8890607213224
perception,10154,0,8890607213320,8890607213416
perception,10155,0,8890607213512,8890607213544
perception,10156,0,8890607213672,8890607213704
perception,10157,0,8890607213832,8890607213896
perception,10158,0,8890607213992,8890607214056
perception,10159,0,8890607214152,8890607214216
perception,10160,0,8890607214312,8890607214376
perception,10161,0,8890607214504,8890607214536
perception,10162,0,8890607214664,8890607214760
perception,10163,0,8890607214856,8890607214920
perception,10164,0,8890607215016,8890607215080
perception,10165,0,8890607215208,8890607215240
perception,10166,0,8890607215368,8890607215432
perception,10167,0,8890607215560,8890607215624
perception,10168,0,8890607215720,8890607215784
perception,10169,0,8890607215880,8890607215944
perception,10170,0,8890607216072,8890607216104
perception,10171,0,8890607216232,8890607216264
perception,10172,0,8890607216360,8890607216456
perception,10173,0,8890607216520,8890607216584
perception,10174,0,8890607216680,8890607216744
perception,10175,0,8890607216872,8890607216904
perception,10176,0,8890607217032,8890607217064
perception,10177,0,8890607217192,8890607217256
perception,10178,0,8890607217352,8890607217416
perception,10179,0,8890607217512,8890607217576
perception,10180,0,8890607217704,8890607217768
perception,10181,0,8890607217896,8890607217928
perception,10182,0,8890607218024,8890607218088
perception,10183,0,8890607218216,8890607218280
perception,10184,0,8890607218376,8890607218440
perception,10185,0,8890607218536,8890607218600
perception,10186,0,8890607218696,8890607218760
perception,10187,0,8890607218888,8890607218920
perception,10188,0,8890607219016,8890607219080
perception,10189,0,8890607219176,8890607219240
perception,10190,0,8890607219368,8890607219432
perception,10191,0,8890607219528,8890607219560
perception,10192,0,8890607219688,8890607219720
perception,10193,0,8890607219848,8890607219912
perception,10194,0,8890607220008,8890607220104
perception,10195,0,8890607220200,8890607220264
perception,10196,0,8890607220360,8890607220424
perception,10197,0,8890607220520,8890607220552
perception,10198,0,8890607220680,8890607220744
perception,10199,0,8890607220840,8890607220904
perception,10200,0,8890607221032,8890607221096
perception,10201,0,8890607221224,8890607221256
perception,10202,0,8890607221384,8890607221416
perception,10203,0,8890607221544,8890607221576
perception,10204,0,8890607221672,8890607221736
perception,10205,0,8890607221832,8890607221928
perception,10206,0,8890607222024,8890607222088
perception,10207,0,8890607222184,8890607222216
perception,10208,0,8890607222344,8890607222376
perception,10209,0,8890607222504,8890607222568
perception,10210,0,8890607222664,8890607222728
perception,10211,0,8890607222824,8890607222888
perception,10212,0,8890607222984,8890607223048
perception,10213,0,8890607223144,8890607223208
perception,10214,0,8890607223304,8890607223336
perception,10215,0,8890607223464,8890607223496
perception,10216,0,8890607223624,8890607223656
perception,10217,0,8890607223784,8890607223816
perception,10218,0,8890607223944,8890607224008
perception,10219,0,8890607224104,8890607224200
perception,10220,0,8890607224296,8890607224328
perception,10221,0,8890607224456,8890607224488
perception,10222,0,8890607224616,8890607224648
perception,10223,0,8890607224744,8890607224808
perception,10224,0,8890607224904,8890607224968
perception,10225,0,8890607225064,8890607225160
perception,10226,0,8890607225256,8890607225320
perception,10227,0,8890607225416,8890607225448
perception,10228,0,8890607225576,8890607225672
perception,10229,0,8890607225768,8890607225832
perception,10230,0,8890607225928,8890607225992
perception,10231,0,8890607226088,8890607226152
perception,10232,0,8890607226248,8890607226280
perception,10233,0,8890607226408,8890607226440
perception,10234,0,8890607226568,8890607226632
perception,10235,0,8890607226728,8890607226792
perception,10236,0,8890607226888,8890607226984
perception,10237,0,8890607227080,8890607227112
perception,10238,0,8890607227240,8890607227272
perception,10239,0,8890607227400,8890607227432
perception,10240,0,8890607229800,8890607229864
perception,10241,0,8890607229960,8890607230024
perception,10242,0,8890607230120,8890607230184
perception,10243,0,8890607230280,8890607230344
perception,10244,0,8890607230440,8890607230472
perception,10245,0,8890607230600,8890607230664
perception,10246,0,8890607230760,8890607230824
perception,10247,0,8890607230920,8890607230984
perception,10248,0,8890607231080,8890607231144
perception,10249,0,8890607231304,8890607231368
perception,10250,0,8890607231464,8890607231528
perception,10251,0,8890607231624,8890607231688
perception,10252,0,8890607231752,8890607231848
perception,10253,0,8890607231976,8890607232008
perception,10254,0,8890607232168,8890607232200
perception,10255,0,8890607232296,8890607232392
perception,10256,0,8890607232488,8890607232552
perception,10257,0,8890607232648,8890607232712
perception,10258,0,8890607232808,8890607232872
perception,10259,0,8890607232968,8890607233000
perception,10260,0,8890607233128,8890607233192
perception,10261,0,8890607233288,8890607233352
perception,10262,0,8890607233448,8890607233512
perception,10263,0,8890607233608,8890607233672
perception,10264,0,8890607233800,8890607233832
perception,10265,0,8890607233960,8890607233992
perception,10266,0,8890607234120,8890607234216
perception,10267,0,8890607234312,8890607234376
perception,10268,0,8890607234472,8890607234536
perception,10269,0,8890607234664,8890607234696
perception,10270,0,8890607234824,8890607234888
perception,10271,0,8890607235016,8890607235080
perception,10272,0,8890607235208,8890607235240
perception,10273,0,8890607235368,8890607235400
perception,10274,0,8890607235528,8890607235560
perception,10275,0,8890607235688,8890607235752
perception,10276,0,8890607235880,8890607235944
perception,10277,0,8890607236040,8890607236072
perception,10278,0,8890607236200,8890607236232
perception,10279,0,8890607236360,8890607236424
perception,10280,0,8890607236520,8890607236584
perception,10281,0,8890607236680,8890607236744
perception,10282,0,8890607236840,8890607236904
perception,10283,0,8890607237033,8890607237065
perception,10284,0,8890607237225,8890607237289
perception,10285,0,8890607237385,8890607237449
perception,10286,0,8890607237545,8890607237609
perception,10287,0,8890607237737,8890607237769
perception,10288,0,8890607237897,8890607237929
perception,10289,0,8890607238025,8890607238089
perception,10290,0,8890607238217,8890607238281
perception,10291,0,8890607238409,8890607238441
perception,10292,0,8890607238569,8890607238601
perception,10293,0,8890607238729,8890607238793
perception,10294,0,8890607238921,8890607238985
perception,10295,0,8890607239081,8890607239145
perception,10296,0,8890607239241,8890607239305
perception,10297,0,8890607239401,8890607239433
perception,10298,0,8890607239561,8890607239593
perception,10299,0,8890607239721,8890607239785
perception,10300,0,8890607239881,8890607239945
perception,10301,0,8890607240041,8890607240105
perception,10302,0,8890607240233,8890607240265
perception,10303,0,8890607240393,8890607240425
perception,10304,0,8890607240553,8890607240617
perception,10305,0,8890607240713,8890607240777
perception,10306,0,8890607240873,8890607240969
perception,10307,0,8890607241065,8890607241097
perception,10308,0,8890607241225,8890607241257
perception,10309,0,8890607241385,8890607241449
perception,10310,0,8890607241545,8890607241609
perception,10311,0,8890607241737,8890607241801
perception,10312,0,8890607241897,8890607241961
perception,10313,0,8890607242057,8890607242089
perception,10314,0,8890607242217,8890607242281
perception,10315,0,8890607242377,8890607242441
perception,10316,0,8890607242601,8890607242665
perception,10317,0,8890607242761,8890607242793
perception,10318,0,8890607242921,8890607242953
perception,10319,0,8890607243081,8890607243145
perception,10320,0,8890607243241,8890607243305
perception,10321,0,8890607243401,8890607243465
perception,10322,0,8890607243561,8890607243625
perception,10323,0,8890607243721,8890607243785
perception,10324,0,8890607243913,8890607243945
perception,10325,0,8890607244041,8890607244105
perception,10326,0,8890607244201,8890607244265
perception,10327,0,8890607244361,8890607244425
perception,10328,0,8890607244521,8890607244585
perception,10329,0,8890607244681,8890607244745
perception,10330,0,8890607244873,8890607244905
perception,10331,0,8890607245033,8890607245065
perception,10332,0,8890607245161,8890607245225
perception,10333,0,8890607245321,8890607245385
perception,10334,0,8890607245481,8890607245545
perception,10335,0,8890607245641,8890607245705
perception,10336,0,8890607245833,8890607245865
perception,10337,0,8890607245993,8890607246025
perception,10338,0,8890607246153,8890607246185
perception,10339,0,8890607246281,8890607246377
perception,10340,0,8890607246505,8890607246569
perception,10341,0,8890607246665,8890607246697
perception,10342,0,8890607246825,8890607246857
perception,10343,0,8890607246985,8890607247049
perception,10344,0,8890607247145,8890607247209
perception,10345,0,8890607247305,8890607247369
perception,10346,0,8890607247465,8890607247561
perception,10347,0,8890607247657,8890607247689
perception,10348,0,8890607247817,8890607247849
perception,10349,0,8890607247977,8890607248009
perception,10350,0,8890607248105,8890607248201
perception,10351,0,8890607248297,8890607248361
perception,10352,0,8890607248457,8890607248521
perception,10353,0,8890607248617,8890607248681
perception,10354,0,8890607248809,8890607248841
perception,10355,0,8890607248937,8890607249001
perception,10356,0,8890607249097,8890607249161
perception,10357,0,8890607249289,8890607249353
perception,10358,0,8890607249481,8890607249513
perception,10359,0,8890607249641,8890607249673
perception,10360,0,8890607249769,8890607249833
perception,10361,0,8890607249929,8890607249993
perception,10362,0,8890607250089,8890607250185
perception,10363,0,8890607250313,8890607250345
perception,10364,0,8890607250473,8890607250505
perception,10365,0,8890607250633,8890607250697
perception,10366,0,8890607250761,8890607250857
perception,10367,0,8890607250953,8890607251017
perception,10368,0,8890607253321,8890607253417
perception,10369,0,8890607253513,8890607253545
perception,10370,0,8890607253673,8890607253705
perception,10371,0,8890607253865,8890607253929
perception,10372,0,8890607254025,8890607254089
perception,10373,0,8890607254185,8890607254249
perception,10374,0,8890607254409,8890607254441
perception,10375,0,8890607254633,8890607254665
perception,10376,0,8890607254793,8890607254825
perception,10377,0,8890607254953,8890607254985
perception,10378,0,8890607255113,8890607255177
perception,10379,0,8890607255305,8890607255369
perception,10380,0,8890607255465,8890607255529
perception,10381,0,8890607255657,8890607255689
perception,10382,0,8890607255785,8890607255881
perception,10383,0,8890607255977,8890607256041
perception,10384,0,8890607256137,8890607256201
perception,10385,0,8890607256297,8890607256361
perception,10386,0,8890607256489,8890607256521
perception,10387,0,8890607256649,8890607256681
perception,10388,0,8890607256777,8890607256841
perception,10389,0,8890607256937,8890607257001
perception,10390,0,8890607257129,8890607257193
perception,10391,0,8890607257289,8890607257321
perception,10392,0,8890607257481,8890607257513
perception,10393,0,8890607257609,8890607257673
perception,10394,0,8890607257769,8890607257865
perception,10395,0,8890607257961,8890607258025
perception,10396,0,8890607258121,8890607258185
perception,10397,0,8890607258281,8890607258313
perception,10398,0,8890607258441,8890607258473
perception,10399,0,8890607258601,8890607258697
perception,10400,0,8890607258793,8890607258857
perception,10401,0,8890607258953,8890607259017
perception,10402,0,8890607259113,8890607259145
perception,10403,0,8890607259273,8890607259305
perception,10404,0,8890607259433,8890607259497
perception,10405,0,8890607259625,8890607259689
perception,10406,0,8890607259785,8890607259849
perception,10407,0,8890607259945,8890607260009
perception,10408,0,8890607260137,8890607260169
perception,10409,0,8890607260329,8890607260393
perception,10410,0,8890607260489,8890607260553
perception,10411,0,8890607260649,8890607260681
perception,10412,0,8890607260841,8890607260873
perception,10413,0,8890607260969,8890607261033
perception,10414,0,8890607261129,8890607261225
perception,10415,0,8890607261321,8890607261385
perception,10416,0,8890607261481,8890607261545
perception,10417,0,8890607261673,8890607261705
perception,10418,0,8890607261833,8890607261897
perception,10419,0,8890607261993,8890607262057
perception,10420,0,8890607262153,8890607262217
perception,10421,0,8890607262345,8890607262377
perception,10422,0,8890607262505,8890607262569
perception,10423,0,8890607262665,8890607262729
perception,10424,0,8890607262825,8890607262921
perception,10425,0,8890607263017,8890607263081
perception,10426,0,8890607263177,8890607263209
perception,10427,0,8890607263337,8890607263369
perception,10428,0,8890607263497,8890607263561
perception,10429,0,8890607263689,8890607263753
perception,10430,0,8890607263849,8890607263913
perception,10431,0,8890607264041,8890607264105
perception,10432,0,8890607264201,8890607264265
perception,10433,0,8890607264425,8890607264457
perception,10434,0,8890607264617,8890607264649
perception,10435,0,8890607264745,8890607264809
perception,10436,0,8890607264905,8890607265002
perception,10437,0,8890607265098,8890607265162
perception,10438,0,8890607265258,8890607265322
perception,10439,0,8890607265418,8890607265450
perception,10440,0,8890607265578,8890607265610
perception,10441,0,8890607265738,8890607265770
perception,10442,0,8890607265866,8890607265930
perception,10443,0,8890607266058,8890607266122
perception,10444,0,8890607266218,8890607266282
perception,10445,0,8890607266410,8890607266442
perception,10446,0,8890607266570,8890607266602
perception,10447,0,8890607266698,8890607266762
perception,10448,0,8890607266858,8890607266922
perception,10449,0,8890607267018,8890607267114
perception,10450,0,8890607267210,8890607267274
perception,10451,0,8890607267370,8890607267402
perception,10452,0,8890607267530,8890607267594
perception,10453,0,8890607267690,8890607267754
perception,10454,0,8890607267850,8890607267914
perception,10455,0,8890607268010,8890607268106
perception,10456,0,8890607268202,8890607268234
perception,10457,0,8890607268394,8890607268426
perception,10458,0,8890607268522,8890607268586
perception,10459,0,8890607268682,8890607268746
perception,10460,0,8890607268874,8890607268938
perception,10461,0,8890607269066,8890607269098
perception,10462,0,8890607269226,8890607269258
perception,10463,0,8890607269354,8890607269450
perception,10464,0,8890607269514,8890607269610
perception,10465,0,8890607269706,8890607269770
perception,10466,0,8890607269866,8890607269930
perception,10467,0,8890607270026,8890607270058
perception,10468,0,8890607270186,8890607270250
perception,10469,0,8890607270346,8890607270410
perception,10470,0,8890607270506,8890607270570
perception,10471,0,8890607270698,8890607270762
perception,10472,0,8890607270858,8890607270922
perception,10473,0,8890607271050,8890607271082
perception,10474,0,8890607271178,8890607271274
perception,10475,0,8890607271370,8890607271434
perception,10476,0,8890607271530,8890607271594
perception,10477,0,8890607271722,8890607271754
perception,10478,0,8890607271882,8890607271914
perception,10479,0,8890607272010,8890607272074
perception,10480,0,8890607272170,8890607272266
perception,10481,0,8890607272330,8890607272426
perception,10482,0,8890607272522,8890607272586
perception,10483,0,8890607272682,8890607272714
perception,10484,0,8890607272842,8890607272874
perception,10485,0,8890607273002,8890607273034
perception,10486,0,8890607273130,8890607273194
perception,10487,0,8890607273290,8890607273354
perception,10488,0,8890607273450,8890607273546
perception,10489,0,8890607273642,8890607273706
perception,10490,0,8890607273802,8890607273834
perception,10491,0,8890607273962,8890607273994
perception,10492,0,8890607274122,8890607274154
perception,10493,0,8890607274250,8890607274314
perception,10494,0,8890607274442,8890607274506
perception,10495,0,8890607274602,8890607274666
perception,10496,0,8890607277258,8890607277322
perception,10497,0,8890607277418,8890607277482
perception,10498,0,8890607277610,8890607277642
perception,10499,0,8890607277802,8890607277866
perception,10500,0,8890607277962,8890607278026
perception,10501,0,8890607278154,8890607278186
perception,10502,0,8890607278314,8890607278378
perception,10503,0,8890607278474,8890607278538
perception,10504,0,8890607278634,8890607278698
perception,10505,0,8890607278794,8890607278858
perception,10506,0,8890607278986,8890607279018
perception,10507,0,8890607279146,8890607279178
perception,10508,0,8890607279306,8890607279338
perception,10509,0,8890607279434,8890607279498
perception,10510,0,8890607279626,8890607279690
perception,10511,0,8890607279786,8890607279850
perception,10512,0,8890607279946,8890607280010
perception,10513,0,8890607280138,8890607280202
perception,10514,0,8890607280298,8890607280362
perception,10515,0,8890607280458,8890607280522
perception,10516,0,8890607280618,8890607280682
perception,10517,0,8890607280778,8890607280842
perception,10518,0,8890607280938,8890607280970
perception,10519,0,8890607281098,8890607281162
perception,10520,0,8890607281322,8890607281386
perception,10521,0,8890607281482,8890607281546
perception,10522,0,8890607281674,8890607281706
perception,10523,0,8890607281802,8890607281866
perception,10524,0,8890607281962,8890607282058
perception,10525,0,8890607282154,8890607282218
perception,10526,0,8890607282314,8890607282378
perception,10527,0,8890607282474,8890607282538
perception,10528,0,8890607282666,8890607282698
perception,10529,0,8890607282794,8890607282890
perception,10530,0,8890607282986,8890607283050
perception,10531,0,8890607283146,8890607283210
perception,10532,0,8890607283338,8890607283370
perception,10533,0,8890607283498,8890607283530
perception,10534,0,8890607283658,8890607283722
perception,10535,0,8890607283818,8890607283882
perception,10536,0,8890607283978,8890607284042
perception,10537,0,8890607284138,8890607284202
perception,10538,0,8890607284330,8890607284362
perception,10539,0,8890607284458,8890607284554
perception,10540,0,8890607284650,8890607284714
perception,10541,0,8890607284810,8890607284874
perception,10542,0,8890607284970,8890607285034
perception,10543,0,8890607285162,8890607285194
perception,10544,0,8890607285322,8890607285354
perception,10545,0,8890607285450,8890607285514
perception,10546,0,8890607285610,8890607285706
perception,10547,0,8890607285770,8890607285866
perception,10548,0,8890607285962,8890607285994
perception,10549,0,8890607286122,8890607286154
perception,10550,0,8890607286282,8890607286314
perception,10551,0,8890607286442,8890607286474
perception,10552,0,8890607286570,8890607286634
perception,10553,0,8890607286730,8890607286794
perception,10554,0,8890607286890,8890607286954
perception,10555,0,8890607287082,8890607287146
perception,10556,0,8890607287274,8890607287338
perception,10557,0,8890607287434,8890607287498
perception,10558,0,8890607287594,8890607287658
perception,10559,0,8890607287786,8890607287818
perception,10560,0,8890607287946,8890607287978
perception,10561,0,8890607288106,8890607288170
perception,10562,0,8890607288266,8890607288330
perception,10563,0,8890607288426,8890607288490
perception,10564,0,8890607288586,8890607288650
perception,10565,0,8890607288778,8890607288810
perception,10566,0,8890607288938,8890607288970
perception,10567,0,8890607289098,8890607289130
perception,10568,0,8890607289258,8890607289322
perception,10569,0,8890607289418,8890607289482
perception,10570,0,8890607289578,8890607289642
perception,10571,0,8890607289738,8890607289802
perception,10572,0,8890607289930,8890607289962
perception,10573,0,8890607290058,8890607290122
perception,10574,0,8890607290218,8890607290282
perception,10575,0,8890607290410,8890607290474
perception,10576,0,8890607290570,8890607290634
perception,10577,0,8890607290730,8890607290762
perception,10578,0,8890607290890,8890607290954
perception,10579,0,8890607291050,8890607291114
perception,10580,0,8890607291210,8890607291274
perception,10581,0,8890607291370,8890607291466
perception,10582,0,8890607291562,8890607291594
perception,10583,0,8890607291722,8890607291754
perception,10584,0,8890607291882,8890607291946
perception,10585,0,8890607292042,8890607292106
perception,10586,0,8890607292202,8890607292266
perception,10587,0,8890607292362,8890607292426
perception,10588,0,8890607292554,8890607292586
perception,10589,0,8890607292714,8890607292746
perception,10590,0,8890607292874,8890607292938
perception,10591,0,8890607293035,8890607293099
perception,10592,0,8890607293195,8890607293259
perception,10593,0,8890607293355,8890607293419
perception,10594,0,8890607293515,8890607293547
perception,10595,0,8890607293675,8890607293707
perception,10596,0,8890607293835,8890607293899
perception,10597,0,8890607293995,8890607294059
perception,10598,0,8890607294155,8890607294219
perception,10599,0,8890607294315,8890607294379
perception,10600,0,8890607294475,8890607294539
perception,10601,0,8890607294635,8890607294667
perception,10602,0,8890607294827,8890607294859
perception,10603,0,8890607294955,8890607295019
perception,10604,0,8890607295115,8890607295179
perception,10605,0,8890607295275,8890607295371
perception,10606,0,8890607295467,8890607295531
perception,10607,0,8890607295627,8890607295659
perception,10608,0,8890607295787,8890607295851
perception,10609,0,8890607295947,8890607296011
perception,10610,0,8890607296107,8890607296203
perception,10611,0,8890607296299,8890607296363
perception,10612,0,8890607296459,8890607296491
perception,10613,0,8890607296651,8890607296683
perception,10614,0,8890607296779,8890607296875
perception,10615,0,8890607296939,8890607297035
perception,10616,0,8890607297131,8890607297195
perception,10617,0,8890607297323,8890607297355
perception,10618,0,8890607297483,8890607297515
perception,10619,0,8890607297611,8890607297675
perception,10620,0,8890607297771,8890607297867
perception,10621,0,8890607297963,8890607298027
perception,10622,0,8890607298123,8890607298187
perception,10623,0,8890607298315,8890607298347
perception,10624,0,8890607300427,8890607300491
perception,10625,0,8890607300587,8890607300651
perception,10626,0,8890607300747,8890607300811
perception,10627,0,8890607300907,8890607300971
perception,10628,0,8890607301099,8890607301131
perception,10629,0,8890607301259,8890607301355
perception,10630,0,8890607301419,8890607301515
perception,10631,0,8890607301611,8890607301675
perception,10632,0,8890607301771,8890607301803
perception,10633,0,8890607301931,8890607301963
perception,10634,0,8890607302091,8890607302123
perception,10635,0,8890607302251,8890607302315
perception,10636,0,8890607302411,8890607302475
perception,10637,0,8890607302603,8890607302667
perception,10638,0,8890607302795,8890607302827
perception,10639,0,8890607302923,8890607302987
perception,10640,0,8890607303115,8890607303179
perception,10641,0,8890607303275,8890607303339
perception,10642,0,8890607303467,8890607303531
perception,10643,0,8890607303627,8890607303691
perception,10644,0,8890607303787,8890607303851
perception,10645,0,8890607303947,8890607304043
perception,10646,0,8890607304107,8890607304203
perception,10647,0,8890607304299,8890607304331
perception,10648,0,8890607304459,8890607304491
perception,10649,0,8890607304619,8890607304651
perception,10650,0,8890607304779,8890607304843
perception,10651,0,8890607304939,8890607305003
perception,10652,0,8890607305099,8890607305163
perception,10653,0,8890607305259,8890607305323
perception,10654,0,8890607305451,8890607305483
perception,10655,0,8890607305579,8890607305675
perception,10656,0,8890607305771,8890607305867
perception,10657,0,8890607305995,8890607306027
perception,10658,0,8890607306155,8890607306187
perception,10659,0,8890607306347,8890607306411
perception,10660,0,8890607306539,8890607306571
perception,10661,0,8890607306699,8890607306763
perception,10662,0,8890607306859,8890607306955
perception,10663,0,8890607307051,8890607307115
perception,10664,0,8890607307211,8890607307275
perception,10665,0,8890607307371,8890607307403
perception,10666,0,8890607307531,8890607307563
perception,10667,0,8890607307691,8890607307723
perception,10668,0,8890607307819,8890607307883
perception,10669,0,8890607307979,8890607308043
perception,10670,0,8890607308139,8890607308235
perception,10671,0,8890607308299,8890607308395
perception,10672,0,8890607308523,8890607308555
perception,10673,0,8890607308683,8890607308747
perception,10674,0,8890607308875,8890607308939
perception,10675,0,8890607309067,8890607309099
perception,10676,0,8890607309227,8890607309259
perception,10677,0,8890607309355,8890607309419
perception,10678,0,8890607309515,8890607309579
perception,10679,0,8890607309675,8890607309771
perception,10680,0,8890607309867,8890607309931
perception,10681,0,8890607310027,8890607310059
perception,10682,0,8890607310187,8890607310219
perception,10683,0,8890607310347,8890607310411
perception,10684,0,8890607310539,8890607310603
perception,10685,0,8890607310699,8890607310763
perception,10686,0,8890607310859,8890607310891
perception,10687,0,8890607311051,8890607311083
perception,10688,0,8890607311179,8890607311243
perception,10689,0,8890607311371,8890607311435
perception,10690,0,8890607311531,8890607311595
perception,10691,0,8890607311691,8890607311755
perception,10692,0,8890607311851,8890607311883
perception,10693,0,8890607312011,8890607312075
perception,10694,0,8890607312171,8890607312235
perception,10695,0,8890607312331,8890607312395
perception,10696,0,8890607312523,8890607312587
perception,10697,0,8890607312683,8890607312715
perception,10698,0,8890607312875,8890607312907
perception,10699,0,8890607313035,8890607313099
perception,10700,0,8890607313195,8890607313291
perception,10701,0,8890607313387,8890607313419
perception,10702,0,8890607313547,8890607313579
perception,10703,0,8890607313707,8890607313739
perception,10704,0,8890607313867,8890607313931
perception,10705,0,8890607314059,8890607314123
perception,10706,0,8890607314219,8890607314251
perception,10707,0,8890607314379,8890607314411
perception,10708,0,8890607314539,8890607314571
perception,10709,0,8890607314667,8890607314731
perception,10710,0,8890607314827,8890607314891
perception,10711,0,8890607315019,8890607315083
perception,10712,0,8890607315147,8890607315243
perception,10713,0,8890607315307,8890607315371
perception,10714,0,8890607315467,8890607315531
perception,10715,0,8890607315659,8890607315691
perception,10716,0,8890607315787,8890607315851
perception,10717,0,8890607315947,8890607316043
perception,10718,0,8890607316107,8890607316203
perception,10719,0,8890607316299,8890607316363
perception,10720,0,8890607316459,8890607316491
perception,10721,0,8890607316619,8890607316683
perception,10722,0,8890607316779,8890607316843
perception,10723,0,8890607316939,8890607317003
perception,10724,0,8890607317099,8890607317195
perception,10725,0,8890607317291,8890607317323
perception,10726,0,8890607317451,8890607317483
perception,10727,0,8890607317611,8890607317643
perception,10728,0,8890607317803,8890607317867
perception,10729,0,8890607317963,8890607318027
perception,10730,0,8890607318123,8890607318187
perception,10731,0,8890607318283,8890607318347
perception,10732,0,8890607318443,8890607318507
perception,10733,0,8890607318603,8890607318667
perception,10734,0,8890607318763,8890607318859
perception,10735,0,8890607318955,8890607319019
perception,10736,0,8890607319115,8890607319147
perception,10737,0,8890607319307,8890607319339
perception,10738,0,8890607319435,8890607319499
perception,10739,0,8890607319627,8890607319691
perception,10740,0,8890607319787,8890607319851
perception,10741,0,8890607319947,8890607320011
perception,10742,0,8890607320107,8890607320139
perception,10743,0,8890607320267,8890607320331
perception,10744,0,8890607320427,8890607320491
perception,10745,0,8890607320619,8890607320683
perception,10746,0,8890607320779,8890607320843
perception,10747,0,8890607320939,8890607320971
perception,10748,0,8890607321100,8890607321164
perception,10749,0,8890607321260,8890607321324
perception,10750,0,8890607321452,8890607321516
perception,10751,0,8890607321612,8890607321676
perception,10752,0,8890607324140,8890607324204
perception,10753,0,8890607324332,8890607324364
perception,10754,0,8890607324460,8890607324524
perception,10755,0,8890607324652,8890607324716
perception,10756,0,8890607324812,8890607324876
perception,10757,0,8890607325004,8890607325036
perception,10758,0,8890607325164,8890607325196
perception,10759,0,8890607325324,8890607325388
perception,10760,0,8890607325548,8890607325580
perception,10761,0,8890607325740,8890607325772
perception,10762,0,8890607325868,8890607325932
perception,10763,0,8890607326060,8890607326156
perception,10764,0,8890607326284,8890607326316
perception,10765,0,8890607326444,8890607326476
perception,10766,0,8890607326572,8890607326668
perception,10767,0,8890607326764,8890607326860
perception,10768,0,8890607326956,8890607326988
perception,10769,0,8890607327116,8890607327148
perception,10770,0,8890607327276,8890607327340
perception,10771,0,8890607327436,8890607327500
perception,10772,0,8890607327596,8890607327660
perception,10773,0,8890607327756,8890607327820
perception,10774,0,8890607327916,8890607327980
perception,10775,0,8890607328108,8890607328140
perception,10776,0,8890607328236,8890607328300
perception,10777,0,8890607328396,8890607328460
perception,10778,0,8890607328556,8890607328620
perception,10779,0,8890607328716,8890607328780
perception,10780,0,8890607328876,8890607328940
perception,10781,0,8890607329036,8890607329100
perception,10782,0,8890607329196,8890607329260
perception,10783,0,8890607329356,8890607329420
perception,10784,0,8890607329516,8890607329580
perception,10785,0,8890607329676,8890607329740
perception,10786,0,8890607329836,8890607329900
perception,10787,0,8890607329996,8890607330060
perception,10788,0,8890607330156,8890607330220
perception,10789,0,8890607330348,8890607330412
perception,10790,0,8890607330540,8890607330604
perception,10791,0,8890607330732,8890607330764
perception,10792,0,8890607330892,8890607330924
perception,10793,0,8890607331052,8890607331084
perception,10794,0,8890607331180,8890607331276
perception,10795,0,8890607331372,8890607331436
perception,10796,0,8890607331532,8890607331596
perception,10797,0,8890607331724,8890607331756
perception,10798,0,8890607331884,8890607331916
perception,10799,0,8890607332012,8890607332076
perception,10800,0,8890607332172,8890607332268
perception,10801,0,8890607332332,8890607332428
perception,10802,0,8890607332524,8890607332588
perception,10803,0,8890607332684,8890607332716
perception,10804,0,8890607332876,8890607332908
perception,10805,0,8890607333004,8890607333068
perception,10806,0,8890607333164,8890607333260
perception,10807,0,8890607333324,8890607333420
perception,10808,0,8890607333516,8890607333548
perception,10809,0,8890607333676,8890607333708
perception,10810,0,8890607333836,8890607333900
perception,10811,0,8890607333996,8890607334060
perception,10812,0,8890607334156,8890607334220
perception,10813,0,8890607334348,8890607334412
perception,10814,0,8890607334508,8890607334540
perception,10815,0,8890607334668,8890607334700
perception,10816,0,8890607334828,8890607334892
perception,10817,0,8890607334988,8890607335052
perception,10818,0,8890607335148,8890607335212
perception,10819,0,8890607335308,8890607335372
perception,10820,0,8890607335468,8890607335532
perception,10821,0,8890607335660,8890607335692
perception,10822,0,8890607335788,8890607335852
perception,10823,0,8890607335948,8890607336012
perception,10824,0,8890607336108,8890607336172
perception,10825,0,8890607336268,8890607336332
perception,10826,0,8890607336428,8890607336492
perception,10827,0,8890607336588,8890607336652
perception,10828,0,8890607336780,8890607336812
perception,10829,0,8890607336908,8890607336972
perception,10830,0,8890607337100,8890607337164
perception,10831,0,8890607337260,8890607337324
perception,10832,0,8890607337452,8890607337516
perception,10833,0,8890607337612,8890607337676
perception,10834,0,8890607337772,8890607337836
perception,10835,0,8890607337932,8890607337996
perception,10836,0,8890607338092,8890607338188
perception,10837,0,8890607338284,8890607338316
perception,10838,0,8890607338444,8890607338476
perception,10839,0,8890607338604,8890607338668
perception,10840,0,8890607338764,8890607338828
perception,10841,0,8890607338924,8890607338988
perception,10842,0,8890607339116,8890607339148
perception,10843,0,8890607339276,8890607339308
perception,10844,0,8890607339436,8890607339468
perception,10845,0,8890607339564,8890607339660
perception,10846,0,8890607339756,8890607339820
perception,10847,0,8890607339916,8890607339980
perception,10848,0,8890607340076,8890607340140
perception,10849,0,8890607340268,8890607340300
perception,10850,0,8890607340428,8890607340460
perception,10851,0,8890607340556,8890607340620
perception,10852,0,8890607340748,8890607340812
perception,10853,0,8890607340908,8890607340972
perception,10854,0,8890607341068,8890607341100
perception,10855,0,8890607341228,8890607341260
perception,10856,0,8890607341388,8890607341452
perception,10857,0,8890607341548,8890607341612
perception,10858,0,8890607341708,8890607341772
perception,10859,0,8890607341868,8890607341932
perception,10860,0,8890607342028,8890607342092
perception,10861,0,8890607342220,8890607342252
perception,10862,0,8890607342380,8890607342412
perception,10863,0,8890607342508,8890607342572
perception,10864,0,8890607342668,8890607342732
perception,10865,0,8890607342828,8890607342892
perception,10866,0,8890607342988,8890607343052
perception,10867,0,8890607343180,8890607343212
perception,10868,0,8890607343340,8890607343372
perception,10869,0,8890607343500,8890607343532
perception,10870,0,8890607343628,8890607343692
perception,10871,0,8890607343820,8890607343884
perception,10872,0,8890607343980,8890607344044
perception,10873,0,8890607344140,8890607344204
perception,10874,0,8890607344332,8890607344364
perception,10875,0,8890607344460,8890607344524
perception,10876,0,8890607344652,8890607344748
perception,10877,0,8890607344876,8890607344908
perception,10878,0,8890607345036,8890607345068
perception,10879,0,8890607345164,8890607345228
perception,10880,0,8890607347916,8890607347980
perception,10881,0,8890607348076,8890607348108
perception,10882,0,8890607348236,8890607348300
perception,10883,0,8890607348396,8890607348492
perception,10884,0,8890607348620,8890607348652
perception,10885,0,8890607348780,8890607348812
perception,10886,0,8890607348940,8890607348972
perception,10887,0,8890607349101,8890607349165
perception,10888,0,8890607349261,8890607349325
perception,10889,0,8890607349421,8890607349485
perception,10890,0,8890607349581,8890607349645
perception,10891,0,8890607349741,8890607349773
perception,10892,0,8890607349901,8890607349933
perception,10893,0,8890607350061,8890607350157
perception,10894,0,8890607350253,8890607350317
perception,10895,0,8890607350413,8890607350477
perception,10896,0,8890607350573,8890607350637
perception,10897,0,8890607350733,8890607350765
perception,10898,0,8890607350893,8890607350957
perception,10899,0,8890607351053,8890607351117
perception,10900,0,8890607351213,8890607351309
perception,10901,0,8890607351437,8890607351469
perception,10902,0,8890607351597,8890607351629
perception,10903,0,8890607351757,8890607351789
perception,10904,0,8890607351885,8890607351981
perception,10905,0,8890607352077,8890607352141
perception,10906,0,8890607352269,8890607352301
perception,10907,0,8890607352429,8890607352493
perception,10908,0,8890607352589,8890607352653
perception,10909,0,8890607352749,8890607352813
perception,10910,0,8890607352909,8890607352973
perception,10911,0,8890607353101,8890607353133
perception,10912,0,8890607353261,8890607353293
perception,10913,0,8890607353421,8890607353453
perception,10914,0,8890607353549,8890607353645
perception,10915,0,8890607353741,8890607353805
perception,10916,0,8890607353901,8890607353965
perception,10917,0,8890607354061,8890607354125
perception,10918,0,8890607354221,8890607354285
perception,10919,0,8890607354413,8890607354477
perception,10920,0,8890607354573,8890607354637
perception,10921,0,8890607354733,8890607354829
perception,10922,0,8890607354925,8890607354957
perception,10923,0,8890607355085,8890607355117
perception,10924,0,8890607355245,8890607355277
perception,10925,0,8890607355405,8890607355469
perception,10926,0,8890607355565,8890607355629
perception,10927,0,8890607355725,8890607355789
perception,10928,0,8890607355885,8890607355949
perception,10929,0,8890607356045,8890607356109
perception,10930,0,8890607356237,8890607356269
perception,10931,0,8890607356429,8890607356493
perception,10932,0,8890607356589,8890607356653
perception,10933,0,8890607356749,8890607356781
perception,10934,0,8890607356909,8890607356941
perception,10935,0,8890607357069,8890607357133
perception,10936,0,8890607357229,8890607357293
perception,10937,0,8890607357421,8890607357485
perception,10938,0,8890607357581,8890607357645
perception,10939,0,8890607357773,8890607357805
perception,10940,0,8890607357933,8890607357997
perception,10941,0,8890607358093,8890607358157
perception,10942,0,8890607358285,8890607358317
perception,10943,0,8890607358445,8890607358477
perception,10944,0,8890607358605,8890607358669
perception,10945,0,8890607358733,8890607358829
perception,10946,0,8890607358925,8890607358989
perception,10947,0,8890607359085,8890607359149
perception,10948,0,8890607359245,8890607359309
perception,10949,0,8890607359437,8890607359469
perception,10950,0,8890607359565,8890607359629
perception,10951,0,8890607359725,8890607359821
perception,10952,0,8890607359917,8890607359981
perception,10953,0,8890607360077,8890607360141
perception,10954,0,8890607360269,8890607360301
perception,10955,0,8890607360429,8890607360461
perception,10956,0,8890607360557,8890607360653
perception,10957,0,8890607360749,8890607360813
perception,10958,0,8890607360909,8890607360973
perception,10959,0,8890607361101,8890607361133
perception,10960,0,8890607361261,8890607361293
perception,10961,0,8890607361389,8890607361453
perception,10962,0,8890607361549,8890607361613
perception,10963,0,8890607361741,8890607361805
perception,10964,0,8890607361965,8890607361997
perception,10965,0,8890607362093,8890607362157
perception,10966,0,8890607362253,8890607362317
perception,10967,0,8890607362445,8890607362509
perception,10968,0,8890607362637,8890607362669
perception,10969,0,8890607362797,8890607362829
perception,10970,0,8890607362925,8890607362989
perception,10971,0,8890607363117,8890607363213
perception,10972,0,8890607363309,8890607363341
perception,10973,0,8890607363501,8890607363565
perception,10974,0,8890607363693,8890607363757
perception,10975,0,8890607363853,8890607363917
perception,10976,0,8890607364013,8890607364045
perception,10977,0,8890607364173,8890607364205
perception,10978,0,8890607364333,8890607364365
perception,10979,0,8890607364493,8890607364557
perception,10980,0,8890607364653,8890607364749
perception,10981,0,8890607364845,8890607364877
perception,10982,0,8890607365005,8890607365037
perception,10983,0,8890607365165,8890607365197
perception,10984,0,8890607365325,8890607365357
perception,10985,0,8890607365453,8890607365517
perception,10986,0,8890607365613,8890607365709
perception,10987,0,8890607365805,8890607365869
perception,10988,0,8890607365997,8890607366029
perception,10989,0,8890607366157,8890607366189
perception,10990,0,8890607366285,8890607366381
perception,10991,0,8890607366477,8890607366541
perception,10992,0,8890607366701,8890607366733
perception,10993,0,8890607366861,8890607366893
perception,10994,0,8890607366989,8890607367053
perception,10995,0,8890607367149,8890607367245
perception,10996,0,8890607367309,8890607367405
perception,10997,0,8890607367501,8890607367565
perception,10998,0,8890607367693,8890607367725
perception,10999,0,8890607367821,8890607367885
perception,11000,0,8890607368013,8890607368077
perception,11001,0,8890607368173,8890607368237
perception,11002,0,8890607368365,8890607368397
perception,11003,0,8890607368525,8890607368589
perception,11004,0,8890607368685,8890607368749
perception,11005,0,8890607368877,8890607368941
perception,11006,0,8890607369037,8890607369101
perception,11007,0,8890607369229,8890607369261
perception,11008,0,8890607371693,8890607371757
perception,11009,0,8890607371885,8890607371917
perception,11010,0,8890607372013,8890607372077
perception,11011,0,8890607372205,8890607372269
perception,11012,0,8890607372397,8890607372429
perception,11013,0,8890607372589,8890607372621
perception,11014,0,8890607372717,8890607372813
perception,11015,0,8890607372909,8890607372973
perception,11016,0,8890607373069,8890607373133
perception,11017,0,8890607373229,8890607373293
perception,11018,0,8890607373421,8890607373453
perception,11019,0,8890607373549,8890607373613
perception,11020,0,8890607373709,8890607373773
perception,11021,0,8890607373901,8890607373965
perception,11022,0,8890607374061,8890607374125
perception,11023,0,8890607374253,8890607374285
perception,11024,0,8890607374477,8890607374541
perception,11025,0,8890607374637,8890607374669
perception,11026,0,8890607374797,8890607374829
perception,11027,0,8890607374957,8890607375021
perception,11028,0,8890607375117,8890607375181
perception,11029,0,8890607375277,8890607375341
perception,11030,0,8890607375437,8890607375501
perception,11031,0,8890607375629,8890607375693
perception,11032,0,8890607375821,8890607375917
perception,11033,0,8890607376045,8890607376077
perception,11034,0,8890607376205,8890607376237
perception,11035,0,8890607376365,8890607376429
perception,11036,0,8890607376525,8890607376589
perception,11037,0,8890607376685,8890607376749
perception,11038,0,8890607376845,8890607376909
perception,11039,0,8890607377037,8890607377069
perception,11040,0,8890607377198,8890607377262
perception,11041,0,8890607377358,8890607377422
perception,11042,0,8890607377518,8890607377582
perception,11043,0,8890607377710,8890607377774
perception,11044,0,8890607377870,8890607377902
perception,11045,0,8890607378030,8890607378062
perception,11046,0,8890607378190,8890607378222
perception,11047,0,8890607378350,8890607378414
perception,11048,0,8890607378510,8890607378574
perception,11049,0,8890607378702,8890607378734
perception,11050,0,8890607378830,8890607378894
perception,11051,0,8890607379022,8890607379086
perception,11052,0,8890607379182,8890607379246
perception,11053,0,8890607379342,8890607379406
perception,11054,0,8890607379502,8890607379566
perception,11055,0,8890607379662,8890607379726
perception,11056,0,8890607379854,8890607379886
perception,11057,0,8890607380014,8890607380046
perception,11058,0,8890607380142,8890607380206
perception,11059,0,8890607380334,8890607380398
perception,11060,0,8890607380526,8890607380558
perception,11061,0,8890607380686,8890607380718
perception,11062,0,8890607380846,8890607380878
perception,11063,0,8890607381006,8890607381102
perception,11064,0,8890607381198,8890607381262
perception,11065,0,8890607381358,8890607381390
perception,11066,0,8890607381518,8890607381582
perception,11067,0,8890607381710,8890607381774
perception,11068,0,8890607381902,8890607381966
perception,11069,0,8890607382062,8890607382126
perception,11070,0,8890607382222,8890607382286
perception,11071,0,8890607382382,8890607382446
perception,11072,0,8890607382542,8890607382606
perception,11073,0,8890607382702,8890607382766
perception,11074,0,8890607382862,8890607382926
perception,11075,0,8890607383054,8890607383086
perception,11076,0,8890607383214,8890607383246
perception,11077,0,8890607383342,8890607383438
perception,11078,0,8890607383534,8890607383598
perception,11079,0,8890607383694,8890607383758
perception,11080,0,8890607383854,8890607383918
perception,11081,0,8890607384014,8890607384078
perception,11082,0,8890607384206,8890607384238
perception,11083,0,8890607384334,8890607384398
perception,11084,0,8890607384494,8890607384558
perception,11085,0,8890607384654,8890607384750
perception,11086,0,8890607384814,8890607384878
perception,11087,0,8890607384974,8890607385038
perception,11088,0,8890607385166,8890607385230
perception,11089,0,8890607385326,8890607385358
perception,11090,0,8890607385454,8890607385550
perception,11091,0,8890607385614,8890607385678
perception,11092,0,8890607385806,8890607385870
perception,11093,0,8890607385966,8890607385998
perception,11094,0,8890607386126,8890607386158
perception,11095,0,8890607386286,8890607386318
perception,11096,0,8890607386446,8890607386478
perception,11097,0,8890607386574,8890607386670
perception,11098,0,8890607386766,8890607386862
perception,11099,0,8890607386958,8890607386990
perception,11100,0,8890607387118,8890607387150
perception,11101,0,8890607387278,8890607387374
perception,11102,0,8890607387470,8890607387534
perception,11103,0,8890607387662,8890607387694
perception,11104,0,8890607387822,8890607387886
perception,11105,0,8890607387982,8890607388046
perception,11106,0,8890607388142,8890607388206
perception,11107,0,8890607388302,8890607388398
perception,11108,0,8890607388494,8890607388526
perception,11109,0,8890607388654,8890607388686
perception,11110,0,8890607388814,8890607388846
perception,11111,0,8890607388942,8890607389038
perception,11112,0,8890607389134,8890607389198
perception,11113,0,8890607389294,8890607389358
perception,11114,0,8890607389454,8890607389518
perception,11115,0,8890607389614,8890607389678
perception,11116,0,8890607389774,8890607389838
perception,11117,0,8890607389934,8890607389998
perception,11118,0,8890607390094,8890607390190
perception,11119,0,8890607390286,8890607390350
perception,11120,0,8890607390446,8890607390478
perception,11121,0,8890607390606,8890607390638
perception,11122,0,8890607390766,8890607390830
perception,11123,0,8890607390926,8890607390990
perception,11124,0,8890607391086,8890607391150
perception,11125,0,8890607391246,8890607391342
perception,11126,0,8890607391438,8890607391470
perception,11127,0,8890607391598,8890607391630
perception,11128,0,8890607391758,8890607391790
perception,11129,0,8890607391918,8890607391982
perception,11130,0,8890607392078,8890607392142
perception,11131,0,8890607392270,8890607392302
perception,11132,0,8890607392430,8890607392462
perception,11133,0,8890607392590,8890607392654
perception,11134,0,8890607392718,8890607392782
perception,11135,0,8890607392878,8890607392942
perception,11136,0,8890607395246,8890607395278
perception,11137,0,8890607395374,8890607395470
perception,11138,0,8890607395566,8890607395630
perception,11139,0,8890607395726,8890607395790
perception,11140,0,8890607395886,8890607395950
perception,11141,0,8890607396078,8890607396110
perception,11142,0,8890607396238,8890607396270
perception,11143,0,8890607396366,8890607396430
perception,11144,0,8890607396558,8890607396654
perception,11145,0,8890607396750,8890607396782
perception,11146,0,8890607396910,8890607396974
perception,11147,0,8890607397070,8890607397134
perception,11148,0,8890607397262,8890607397326
perception,11149,0,8890607397454,8890607397518
perception,11150,0,8890607397614,8890607397678
perception,11151,0,8890607397774,8890607397838
perception,11152,0,8890607397934,8890607397998
perception,11153,0,8890607398094,8890607398190
perception,11154,0,8890607398286,8890607398318
perception,11155,0,8890607398446,8890607398478
perception,11156,0,8890607398606,8890607398638
perception,11157,0,8890607398766,8890607398830
perception,11158,0,8890607398926,8890607398990
perception,11159,0,8890607399086,8890607399150
perception,11160,0,8890607399246,8890607399310
perception,11161,0,8890607399406,8890607399438
perception,11162,0,8890607399566,8890607399598
perception,11163,0,8890607399726,8890607399758
perception,11164,0,8890607399854,8890607399918
perception,11165,0,8890607400014,8890607400078
perception,11166,0,8890607400174,8890607400270
perception,11167,0,8890607400366,8890607400430
perception,11168,0,8890607400526,8890607400558
perception,11169,0,8890607400686,8890607400718
perception,11170,0,8890607400846,8890607400878
perception,11171,0,8890607400974,8890607401038
perception,11172,0,8890607401166,8890607401230
perception,11173,0,8890607401326,8890607401390
perception,11174,0,8890607401486,8890607401550
perception,11175,0,8890607401678,8890607401710
perception,11176,0,8890607401838,8890607401902
perception,11177,0,8890607401998,8890607402062
perception,11178,0,8890607402158,8890607402222
perception,11179,0,8890607402318,8890607402382
perception,11180,0,8890607402510,8890607402542
perception,11181,0,8890607402670,8890607402734
perception,11182,0,8890607402862,8890607402926
perception,11183,0,8890607403054,8890607403086
perception,11184,0,8890607403214,8890607403246
perception,11185,0,8890607403342,8890607403406
perception,11186,0,8890607403502,8890607403598
perception,11187,0,8890607403694,8890607403758
perception,11188,0,8890607403886,8890607403918
perception,11189,0,8890607404046,8890607404078
perception,11190,0,8890607404206,8890607404270
perception,11191,0,8890607404366,8890607404430
perception,11192,0,8890607404526,8890607404590
perception,11193,0,8890607404686,8890607404750
perception,11194,0,8890607404846,8890607404878
perception,11195,0,8890607405038,8890607405070
perception,11196,0,8890607405199,8890607405263
perception,11197,0,8890607405359,8890607405455
perception,11198,0,8890607405551,8890607405583
perception,11199,0,8890607405711,8890607405743
perception,11200,0,8890607405871,8890607405903
perception,11201,0,8890607405999,8890607406063
perception,11202,0,8890607406159,8890607406223
perception,11203,0,8890607406319,8890607406383
perception,11204,0,8890607406479,8890607406543
perception,11205,0,8890607406639,8890607406703
perception,11206,0,8890607406831,8890607406863
perception,11207,0,8890607406991,8890607407023
perception,11208,0,8890607407119,8890607407215
perception,11209,0,8890607407311,8890607407375
perception,11210,0,8890607407471,8890607407535
perception,11211,0,8890607407663,8890607407695
perception,11212,0,8890607407823,8890607407855
perception,11213,0,8890607407983,8890607408047
perception,11214,0,8890607408143,8890607408207
perception,11215,0,8890607408303,8890607408367
perception,11216,0,8890607408495,8890607408527
perception,11217,0,8890607408655,8890607408719
perception,11218,0,8890607408815,8890607408879
perception,11219,0,8890607408975,8890607409071
perception,11220,0,8890607409167,8890607409231
perception,11221,0,8890607409359,8890607409391
perception,11222,0,8890607409519,8890607409551
perception,11223,0,8890607409647,8890607409711
perception,11224,0,8890607409839,8890607409903
perception,11225,0,8890607409999,8890607410063
perception,11226,0,8890607410159,8890607410223
perception,11227,0,8890607410351,8890607410383
perception,11228,0,8890607410479,8890607410543
perception,11229,0,8890607410639,8890607410735
perception,11230,0,8890607410831,8890607410895
perception,11231,0,8890607410991,8890607411055
perception,11232,0,8890607411151,8890607411183
perception,11233,0,8890607411311,8890607411375
perception,11234,0,8890607411471,8890607411535
perception,11235,0,8890607411631,8890607411695
perception,11236,0,8890607411791,8890607411855
perception,11237,0,8890607411951,8890607412015
perception,11238,0,8890607412143,8890607412175
perception,11239,0,8890607412303,8890607412335
perception,11240,0,8890607412431,8890607412495
perception,11241,0,8890607412623,8890607412719
perception,11242,0,8890607412815,8890607412879
perception,11243,0,8890607412975,8890607413007
perception,11244,0,8890607413135,8890607413167
perception,11245,0,8890607413295,8890607413359
perception,11246,0,8890607413455,8890607413519
perception,11247,0,8890607413615,8890607413679
perception,11248,0,8890607413775,8890607413839
perception,11249,0,8890607413935,8890607413999
perception,11250,0,8890607414095,8890607414159
perception,11251,0,8890607414255,8890607414319
perception,11252,0,8890607414415,8890607414479
perception,11253,0,8890607414575,8890607414639
perception,11254,0,8890607414735,8890607414799
perception,11255,0,8890607414895,8890607414959
perception,11256,0,8890607415087,8890607415119
perception,11257,0,8890607415247,8890607415279
perception,11258,0,8890607415375,8890607415471
perception,11259,0,8890607415599,8890607415663
perception,11260,0,8890607415759,8890607415823
perception,11261,0,8890607415951,8890607415983
perception,11262,0,8890607416079,8890607416175
perception,11263,0,8890607416271,8890607416335
perception,11264,0,8890607418447,8890607418511
perception,11265,0,8890607418639,8890607418703
perception,11266,0,8890607418831,8890607418895
perception,11267,0,8890607419023,8890607419087
perception,11268,0,8890607419183,8890607419247
perception,11269,0,8890607419343,8890607419407
perception,11270,0,8890607419503,8890607419567
perception,11271,0,8890607419663,8890607419727
perception,11272,0,8890607419855,8890607419919
perception,11273,0,8890607420015,8890607420079
perception,11274,0,8890607420207,8890607420271
perception,11275,0,8890607420367,8890607420431
perception,11276,0,8890607420559,8890607420591
perception,11277,0,8890607420687,8890607420751
perception,11278,0,8890607420847,8890607420943
perception,11279,0,8890607421007,8890607421103
perception,11280,0,8890607421199,8890607421263
perception,11281,0,8890607421359,8890607421391
perception,11282,0,8890607421519,8890607421551
perception,11283,0,8890607421679,8890607421743
perception,11284,0,8890607421839,8890607421903
perception,11285,0,8890607421999,8890607422063
perception,11286,0,8890607422159,8890607422223
perception,11287,0,8890607422351,8890607422383
perception,11288,0,8890607422511,8890607422575
perception,11289,0,8890607422703,8890607422799
perception,11290,0,8890607422895,8890607422927
perception,11291,0,8890607423055,8890607423087
perception,11292,0,8890607423215,8890607423247
perception,11293,0,8890607423375,8890607423439
perception,11294,0,8890607423535,8890607423599
perception,11295,0,8890607423695,8890607423791
perception,11296,0,8890607423887,8890607423919
perception,11297,0,8890607424047,8890607424079
perception,11298,0,8890607424207,8890607424271
perception,11299,0,8890607424367,8890607424463
perception,11300,0,8890607424559,8890607424623
perception,11301,0,8890607424719,8890607424751
perception,11302,0,8890607424879,8890607424911
perception,11303,0,8890607425039,8890607425071
perception,11304,0,8890607425231,8890607425327
perception,11305,0,8890607425423,8890607425455
perception,11306,0,8890607425583,8890607425615
perception,11307,0,8890607425743,8890607425807
perception,11308,0,8890607425903,8890607425967
perception,11309,0,8890607426095,8890607426159
perception,11310,0,8890607426287,8890607426319
perception,11311,0,8890607426447,8890607426511
perception,11312,0,8890607426607,8890607426671
perception,11313,0,8890607426767,8890607426831
perception,11314,0,8890607426927,8890607426991
perception,11315,0,8890607427087,8890607427151
perception,11316,0,8890607427279,8890607427311
perception,11317,0,8890607427407,8890607427471
perception,11318,0,8890607427567,8890607427631
perception,11319,0,8890607427727,8890607427791
perception,11320,0,8890607427887,8890607427951
perception,11321,0,8890607428047,8890607428111
perception,11322,0,8890607428207,8890607428271
perception,11323,0,8890607428399,8890607428431
perception,11324,0,8890607428591,8890607428655
perception,11325,0,8890607428751,8890607428815
perception,11326,0,8890607428943,8890607428975
perception,11327,0,8890607429103,8890607429135
perception,11328,0,8890607429231,8890607429295
perception,11329,0,8890607429423,8890607429519
perception,11330,0,8890607429615,8890607429647
perception,11331,0,8890607429775,8890607429839
perception,11332,0,8890607429935,8890607430031
perception,11333,0,8890607430127,8890607430191
perception,11334,0,8890607430287,8890607430351
perception,11335,0,8890607430447,8890607430511
perception,11336,0,8890607430639,8890607430671
perception,11337,0,8890607430799,8890607430863
perception,11338,0,8890607430959,8890607431023
perception,11339,0,8890607431151,8890607431183
perception,11340,0,8890607431343,8890607431375
perception,11341,0,8890607431471,8890607431535
perception,11342,0,8890607431695,8890607431759
perception,11343,0,8890607431887,8890607431919
perception,11344,0,8890607432015,8890607432079
perception,11345,0,8890607432175,8890607432271
perception,11346,0,8890607432367,8890607432431
perception,11347,0,8890607432527,8890607432591
perception,11348,0,8890607432687,8890607432751
perception,11349,0,8890607432879,8890607432943
perception,11350,0,8890607433039,8890607433103
perception,11351,0,8890607433200,8890607433264
perception,11352,0,8890607433360,8890607433424
perception,11353,0,8890607433520,8890607433584
perception,11354,0,8890607433712,8890607433744
perception,11355,0,8890607433840,8890607433904
perception,11356,0,8890607434000,8890607434064
perception,11357,0,8890607434160,8890607434224
perception,11358,0,8890607434320,8890607434384
perception,11359,0,8890607434544,8890607434576
perception,11360,0,8890607434672,8890607434736
perception,11361,0,8890607434864,8890607434928
perception,11362,0,8890607435024,8890607435088
perception,11363,0,8890607435184,8890607435248
perception,11364,0,8890607435376,8890607435408
perception,11365,0,8890607435536,8890607435568
perception,11366,0,8890607435664,8890607435728
perception,11367,0,8890607435856,8890607435920
perception,11368,0,8890607436016,8890607436080
perception,11369,0,8890607436176,8890607436240
perception,11370,0,8890607436336,8890607436368
perception,11371,0,8890607436496,8890607436560
perception,11372,0,8890607436656,8890607436720
perception,11373,0,8890607436816,8890607436912
perception,11374,0,8890607437008,8890607437072
perception,11375,0,8890607437168,8890607437200
perception,11376,0,8890607437360,8890607437424
perception,11377,0,8890607437520,8890607437584
perception,11378,0,8890607437712,8890607437776
perception,11379,0,8890607437872,8890607437904
perception,11380,0,8890607438032,8890607438096
perception,11381,0,8890607438192,8890607438256
perception,11382,0,8890607438352,8890607438448
perception,11383,0,8890607438544,8890607438608
perception,11384,0,8890607438704,8890607438736
perception,11385,0,8890607438864,8890607438928
perception,11386,0,8890607439024,8890607439088
perception,11387,0,8890607439184,8890607439248
perception,11388,0,8890607439344,8890607439408
perception,11389,0,8890607439504,8890607439568
perception,11390,0,8890607439696,8890607439728
perception,11391,0,8890607439856,8890607439888
perception,11392,0,8890607442768,8890607442800
perception,11393,0,8890607442928,8890607442960
perception,11394,0,8890607443088,8890607443152
perception,11395,0,8890607443280,8890607443344
perception,11396,0,8890607443440,8890607443504
perception,11397,0,8890607443632,8890607443664
perception,11398,0,8890607443792,8890607443824
perception,11399,0,8890607443920,8890607443984
perception,11400,0,8890607444112,8890607444176
perception,11401,0,8890607444272,8890607444336
perception,11402,0,8890607444432,8890607444464
perception,11403,0,8890607444624,8890607444656
perception,11404,0,8890607444752,8890607444816
perception,11405,0,8890607444912,8890607444976
perception,11406,0,8890607445104,8890607445168
perception,11407,0,8890607445296,8890607445328
perception,11408,0,8890607445456,8890607445488
perception,11409,0,8890607445584,8890607445648
perception,11410,0,8890607445776,8890607445840
perception,11411,0,8890607445968,8890607446000
perception,11412,0,8890607446128,8890607446160
perception,11413,0,8890607446288,8890607446384
perception,11414,0,8890607446512,8890607446576
perception,11415,0,8890607446672,8890607446704
perception,11416,0,8890607446864,8890607446896
perception,11417,0,8890607446992,8890607447088
perception,11418,0,8890607447184,8890607447248
perception,11419,0,8890607447376,8890607447408
perception,11420,0,8890607447536,8890607447568
perception,11421,0,8890607447696,8890607447760
perception,11422,0,8890607447856,8890607447920
perception,11423,0,8890607448016,8890607448080
perception,11424,0,8890607448176,8890607448240
perception,11425,0,8890607448368,8890607448400
perception,11426,0,8890607448528,8890607448560
perception,11427,0,8890607448688,8890607448752
perception,11428,0,8890607448880,8890607448944
perception,11429,0,8890607449040,8890607449104
perception,11430,0,8890607449200,8890607449232
perception,11431,0,8890607449392,8890607449488
perception,11432,0,8890607449584,8890607449648
perception,11433,0,8890607449744,8890607449776
perception,11434,0,8890607449904,8890607449936
perception,11435,0,8890607450064,8890607450096
perception,11436,0,8890607450224,8890607450320
perception,11437,0,8890607450416,8890607450480
perception,11438,0,8890607450608,8890607450640
perception,11439,0,8890607450768,8890607450800
perception,11440,0,8890607450896,8890607450960
perception,11441,0,8890607451088,8890607451152
perception,11442,0,8890607451280,8890607451344
perception,11443,0,8890607451440,8890607451472
perception,11444,0,8890607451600,8890607451632
perception,11445,0,8890607451760,8890607451824
perception,11446,0,8890607451920,8890607452016
perception,11447,0,8890607452112,8890607452176
perception,11448,0,8890607452272,8890607452304
perception,11449,0,8890607452432,8890607452496
perception,11450,0,8890607452624,8890607452688
perception,11451,0,8890607452784,8890607452848
perception,11452,0,8890607452976,8890607453040
perception,11453,0,8890607453136,8890607453200
perception,11454,0,8890607453296,8890607453360
perception,11455,0,8890607453456,8890607453552
perception,11456,0,8890607453648,8890607453712
perception,11457,0,8890607453808,8890607453840
perception,11458,0,8890607453968,8890607454032
perception,11459,0,8890607454128,8890607454224
perception,11460,0,8890607454320,8890607454384
perception,11461,0,8890607454480,8890607454544
perception,11462,0,8890607454672,8890607454704
perception,11463,0,8890607454832,8890607454864
perception,11464,0,8890607454960,8890607455024
perception,11465,0,8890607455120,8890607455184
perception,11466,0,8890607455280,8890607455344
perception,11467,0,8890607455440,8890607455504
perception,11468,0,8890607455600,8890607455664
perception,11469,0,8890607455760,8890607455792
perception,11470,0,8890607455920,8890607455952
perception,11471,0,8890607456080,8890607456112
perception,11472,0,8890607456240,8890607456304
perception,11473,0,8890607456400,8890607456464
perception,11474,0,8890607456560,8890607456624
perception,11475,0,8890607456720,8890607456784
perception,11476,0,8890607456880,8890607456944
perception,11477,0,8890607457072,8890607457104
perception,11478,0,8890607457200,8890607457296
perception,11479,0,8890607457392,8890607457456
perception,11480,0,8890607457552,8890607457616
perception,11481,0,8890607457712,8890607457776
perception,11482,0,8890607457904,8890607457936
perception,11483,0,8890607458032,8890607458096
perception,11484,0,8890607458192,8890607458288
perception,11485,0,8890607458384,8890607458448
perception,11486,0,8890607458544,8890607458608
perception,11487,0,8890607458736,8890607458800
perception,11488,0,8890607458928,8890607459024
perception,11489,0,8890607459120,8890607459152
perception,11490,0,8890607459280,8890607459312
perception,11491,0,8890607459440,8890607459504
perception,11492,0,8890607459600,8890607459664
perception,11493,0,8890607459760,8890607459824
perception,11494,0,8890607459952,8890607460016
perception,11495,0,8890607460112,8890607460144
perception,11496,0,8890607460272,8890607460336
perception,11497,0,8890607460432,8890607460496
perception,11498,0,8890607460624,8890607460688
perception,11499,0,8890607460784,8890607460848
perception,11500,0,8890607460944,8890607461008
perception,11501,0,8890607461104,8890607461168
perception,11502,0,8890607461265,8890607461329
perception,11503,0,8890607461425,8890607461521
perception,11504,0,8890607461617,8890607461681
perception,11505,0,8890607461809,8890607461841
perception,11506,0,8890607461969,8890607462001
perception,11507,0,8890607462097,8890607462161
perception,11508,0,8890607462257,8890607462321
perception,11509,0,8890607462417,8890607462481
perception,11510,0,8890607462609,8890607462673
perception,11511,0,8890607462769,8890607462801
perception,11512,0,8890607462929,8890607462961
perception,11513,0,8890607463089,8890607463153
perception,11514,0,8890607463249,8890607463313
perception,11515,0,8890607463409,8890607463473
perception,11516,0,8890607463569,8890607463633
perception,11517,0,8890607463793,8890607463825
perception,11518,0,8890607463921,8890607464017
perception,11519,0,8890607464113,8890607464177
perception,11520,0,8890607466641,8890607466705
perception,11521,0,8890607466833,8890607466865
perception,11522,0,8890607466993,8890607467089
perception,11523,0,8890607467217,8890607467281
perception,11524,0,8890607467409,8890607467441
perception,11525,0,8890607467569,8890607467633
perception,11526,0,8890607467729,8890607467793
perception,11527,0,8890607467889,8890607467953
perception,11528,0,8890607468081,8890607468113
perception,11529,0,8890607468241,8890607468305
perception,11530,0,8890607468433,8890607468497
perception,11531,0,8890607468625,8890607468657
perception,11532,0,8890607468785,8890607468817
perception,11533,0,8890607468945,8890607468977
perception,11534,0,8890607469105,8890607469169
perception,11535,0,8890607469265,8890607469329
perception,11536,0,8890607469425,8890607469489
perception,11537,0,8890607469617,8890607469649
perception,11538,0,8890607469777,8890607469809
perception,11539,0,8890607469937,8890607470001
perception,11540,0,8890607470097,8890607470161
perception,11541,0,8890607470257,8890607470321
perception,11542,0,8890607470417,8890607470481
perception,11543,0,8890607470609,8890607470641
perception,11544,0,8890607470769,8890607470833
perception,11545,0,8890607470929,8890607470993
perception,11546,0,8890607471089,8890607471153
perception,11547,0,8890607471249,8890607471313
perception,11548,0,8890607471441,8890607471473
perception,11549,0,8890607471601,8890607471665
perception,11550,0,8890607471761,8890607471825
perception,11551,0,8890607471921,8890607472017
perception,11552,0,8890607472113,8890607472177
perception,11553,0,8890607472273,8890607472305
perception,11554,0,8890607472433,8890607472465
perception,11555,0,8890607472593,8890607472657
perception,11556,0,8890607472753,8890607472817
perception,11557,0,8890607472913,8890607472977
perception,11558,0,8890607473073,8890607473137
perception,11559,0,8890607473233,8890607473297
perception,11560,0,8890607473425,8890607473489
perception,11561,0,8890607473585,8890607473649
perception,11562,0,8890607473745,8890607473841
perception,11563,0,8890607473969,8890607474001
perception,11564,0,8890607474129,8890607474161
perception,11565,0,8890607474289,8890607474353
perception,11566,0,8890607474449,8890607474545
perception,11567,0,8890607474641,8890607474705
perception,11568,0,8890607474833,8890607474865
perception,11569,0,8890607474961,8890607475025
perception,11570,0,8890607475121,8890607475217
perception,11571,0,8890607475313,8890607475377
perception,11572,0,8890607475473,8890607475537
perception,11573,0,8890607475665,8890607475697
perception,11574,0,8890607475793,8890607475857
perception,11575,0,8890607475953,8890607476049
perception,11576,0,8890607476145,8890607476209
perception,11577,0,8890607476273,8890607476369
perception,11578,0,8890607476433,8890607476497
perception,11579,0,8890607476593,8890607476657
perception,11580,0,8890607476753,8890607476817
perception,11581,0,8890607476913,8890607476977
perception,11582,0,8890607477073,8890607477137
perception,11583,0,8890607477233,8890607477297
perception,11584,0,8890607477393,8890607477457
perception,11585,0,8890607477553,8890607477617
perception,11586,0,8890607477713,8890607477777
perception,11587,0,8890607477905,8890607477937
perception,11588,0,8890607478033,8890607478097
perception,11589,0,8890607478193,8890607478289
perception,11590,0,8890607478385,8890607478449
perception,11591,0,8890607478545,8890607478609
perception,11592,0,8890607478737,8890607478769
perception,11593,0,8890607478929,8890607479025
perception,11594,0,8890607479121,8890607479153
perception,11595,0,8890607479281,8890607479313
perception,11596,0,8890607479441,8890607479473
perception,11597,0,8890607479569,8890607479665
perception,11598,0,8890607479761,8890607479825
perception,11599,0,8890607479921,8890607479985
perception,11600,0,8890607480081,8890607480145
perception,11601,0,8890607480241,8890607480305
perception,11602,0,8890607480433,8890607480465
perception,11603,0,8890607480561,8890607480625
perception,11604,0,8890607480753,8890607480849
perception,11605,0,8890607480945,8890607480977
perception,11606,0,8890607481105,8890607481137
perception,11607,0,8890607481265,8890607481329
perception,11608,0,8890607481425,8890607481489
perception,11609,0,8890607481617,8890607481681
perception,11610,0,8890607481777,8890607481841
perception,11611,0,8890607481969,8890607482001
perception,11612,0,8890607482097,8890607482161
perception,11613,0,8890607482257,8890607482321
perception,11614,0,8890607482417,8890607482513
perception,11615,0,8890607482609,8890607482673
perception,11616,0,8890607482769,8890607482801
perception,11617,0,8890607482929,8890607482961
perception,11618,0,8890607483089,8890607483121
perception,11619,0,8890607483217,8890607483281
perception,11620,0,8890607483377,8890607483441
perception,11621,0,8890607483569,8890607483633
perception,11622,0,8890607483729,8890607483793
perception,11623,0,8890607483889,8890607483953
perception,11624,0,8890607484049,8890607484145
perception,11625,0,8890607484209,8890607484305
perception,11626,0,8890607484369,8890607484465
perception,11627,0,8890607484561,8890607484625
perception,11628,0,8890607484721,8890607484753
perception,11629,0,8890607484881,8890607484945
perception,11630,0,8890607485073,8890607485137
perception,11631,0,8890607485233,8890607485297
perception,11632,0,8890607485393,8890607485457
perception,11633,0,8890607485585,8890607485617
perception,11634,0,8890607485745,8890607485777
perception,11635,0,8890607485873,8890607485937
perception,11636,0,8890607486033,8890607486097
perception,11637,0,8890607486193,8890607486289
perception,11638,0,8890607486385,8890607486449
perception,11639,0,8890607486545,8890607486577
perception,11640,0,8890607486705,8890607486737
perception,11641,0,8890607486865,8890607486929
perception,11642,0,8890607487025,8890607487121
perception,11643,0,8890607487217,8890607487281
perception,11644,0,8890607487377,8890607487409
perception,11645,0,8890607487537,8890607487569
perception,11646,0,8890607487697,8890607487761
perception,11647,0,8890607487857,8890607487921
perception,11648,0,8890607490354,8890607490386
perception,11649,0,8890607490482,8890607490546
perception,11650,0,8890607490674,8890607490738
perception,11651,0,8890607490866,8890607490898
perception,11652,0,8890607491026,8890607491058
perception,11653,0,8890607491186,8890607491218
perception,11654,0,8890607491346,8890607491410
perception,11655,0,8890607491506,8890607491570
perception,11656,0,8890607491730,8890607491762
perception,11657,0,8890607491890,8890607491922
perception,11658,0,8890607492018,8890607492082
perception,11659,0,8890607492178,8890607492242
perception,11660,0,8890607492338,8890607492434
perception,11661,0,8890607492530,8890607492594
perception,11662,0,8890607492690,8890607492722
perception,11663,0,8890607492882,8890607492914
perception,11664,0,8890607493010,8890607493074
perception,11665,0,8890607493170,8890607493234
perception,11666,0,8890607493394,8890607493458
perception,11667,0,8890607493554,8890607493618
perception,11668,0,8890607493714,8890607493778
perception,11669,0,8890607493874,8890607493938
perception,11670,0,8890607494034,8890607494130
perception,11671,0,8890607494258,8890607494290
perception,11672,0,8890607494418,8890607494450
perception,11673,0,8890607494546,8890607494642
perception,11674,0,8890607494738,8890607494802
perception,11675,0,8890607494898,8890607494962
perception,11676,0,8890607495090,8890607495122
perception,11677,0,8890607495250,8890607495282
perception,11678,0,8890607495378,8890607495442
perception,11679,0,8890607495538,8890607495634
perception,11680,0,8890607495730,8890607495794
perception,11681,0,8890607495922,8890607495954
perception,11682,0,8890607496082,8890607496114
perception,11683,0,8890607496242,8890607496306
perception,11684,0,8890607496402,8890607496466
perception,11685,0,8890607496562,8890607496626
perception,11686,0,8890607496722,8890607496786
perception,11687,0,8890607496914,8890607496946
perception,11688,0,8890607497074,8890607497138
perception,11689,0,8890607497234,8890607497298
perception,11690,0,8890607497394,8890607497458
perception,11691,0,8890607497554,8890607497618
perception,11692,0,8890607497746,8890607497778
perception,11693,0,8890607497906,8890607497938
perception,11694,0,8890607498034,8890607498098
perception,11695,0,8890607498194,8890607498258
perception,11696,0,8890607498354,8890607498418
perception,11697,0,8890607498514,8890607498578
perception,11698,0,8890607498674,8890607498738
perception,11699,0,8890607498866,8890607498898
perception,11700,0,8890607499026,8890607499058
perception,11701,0,8890607499154,8890607499250
perception,11702,0,8890607499346,8890607499410
perception,11703,0,8890607499506,8890607499570
perception,11704,0,8890607499698,8890607499730
perception,11705,0,8890607499858,8890607499954
perception,11706,0,8890607500050,8890607500114
perception,11707,0,8890607500210,8890607500274
perception,11708,0,8890607500402,8890607500434
perception,11709,0,8890607500562,8890607500626
perception,11710,0,8890607500722,8890607500786
perception,11711,0,8890607500882,8890607500946
perception,11712,0,8890607501042,8890607501106
perception,11713,0,8890607501202,8890607501266
perception,11714,0,8890607501394,8890607501426
perception,11715,0,8890607501554,8890607501586
perception,11716,0,8890607501682,8890607501746
perception,11717,0,8890607501874,8890607501938
perception,11718,0,8890607502034,8890607502098
perception,11719,0,8890607502194,8890607502226
perception,11720,0,8890607502354,8890607502386
perception,11721,0,8890607502514,8890607502578
perception,11722,0,8890607502674,8890607502738
perception,11723,0,8890607502834,8890607502898
perception,11724,0,8890607502994,8890607503058
perception,11725,0,8890607503154,8890607503218
perception,11726,0,8890607503314,8890607503378
perception,11727,0,8890607503506,8890607503538
perception,11728,0,8890607503634,8890607503698
perception,11729,0,8890607503794,8890607503858
perception,11730,0,8890607503954,8890607504018
perception,11731,0,8890607504114,8890607504178
perception,11732,0,8890607504274,8890607504338
perception,11733,0,8890607504434,8890607504466
perception,11734,0,8890607504626,8890607504658
perception,11735,0,8890607504754,8890607504818
perception,11736,0,8890607504914,8890607504978
perception,11737,0,8890607505074,8890607505170
perception,11738,0,8890607505266,8890607505330
perception,11739,0,8890607505458,8890607505490
perception,11740,0,8890607505586,8890607505650
perception,11741,0,8890607505746,8890607505810
perception,11742,0,8890607505906,8890607505970
perception,11743,0,8890607506066,8890607506130
perception,11744,0,8890607506258,8890607506322
perception,11745,0,8890607506450,8890607506482
perception,11746,0,8890607506610,8890607506674
perception,11747,0,8890607506770,8890607506834
perception,11748,0,8890607506962,8890607507026
perception,11749,0,8890607507154,8890607507218
perception,11750,0,8890607507314,8890607507378
perception,11751,0,8890607507474,8890607507538
perception,11752,0,8890607507634,8890607507698
perception,11753,0,8890607507826,8890607507858
perception,11754,0,8890607507986,8890607508018
perception,11755,0,8890607508114,8890607508178
perception,11756,0,8890607508306,8890607508370
perception,11757,0,8890607508466,8890607508530
perception,11758,0,8890607508626,8890607508658
perception,11759,0,8890607508818,8890607508850
perception,11760,0,8890607508946,8890607509010
perception,11761,0,8890607509138,8890607509234
perception,11762,0,8890607509330,8890607509362
perception,11763,0,8890607509522,8890607509554
perception,11764,0,8890607509650,8890607509746
perception,11765,0,8890607509874,8890607509938
perception,11766,0,8890607510034,8890607510066
perception,11767,0,8890607510226,8890607510258
perception,11768,0,8890607510354,8890607510450
perception,11769,0,8890607510578,8890607510642
perception,11770,0,8890607510738,8890607510770
perception,11771,0,8890607510898,8890607510962
perception,11772,0,8890607511058,8890607511122
perception,11773,0,8890607511218,8890607511282
perception,11774,0,8890607511410,8890607511474
perception,11775,0,8890607511602,8890607511634
perception,11776,0,8890607515602,8890607515666
perception,11777,0,8890607515762,8890607515794
perception,11778,0,8890607515922,8890607515986
perception,11779,0,8890607516114,8890607516178
perception,11780,0,8890607516306,8890607516370
perception,11781,0,8890607516466,8890607516498
perception,11782,0,8890607516658,8890607516690
perception,11783,0,8890607516850,8890607516914
perception,11784,0,8890607517010,8890607517074
perception,11785,0,8890607517202,8890607517234
perception,11786,0,8890607517331,8890607517395
perception,11787,0,8890607517491,8890607517555
perception,11788,0,8890607517683,8890607517747
perception,11789,0,8890607517843,8890607517907
perception,11790,0,8890607518003,8890607518035
perception,11791,0,8890607518195,8890607518227
perception,11792,0,8890607518323,8890607518387
perception,11793,0,8890607518483,8890607518547
perception,11794,0,8890607518643,8890607518739
perception,11795,0,8890607518835,8890607518899
perception,11796,0,8890607518995,8890607519027
perception,11797,0,8890607519155,8890607519219
perception,11798,0,8890607519315,8890607519411
perception,11799,0,8890607519539,8890607519603
perception,11800,0,8890607519731,8890607519763
perception,11801,0,8890607519859,8890607519923
perception,11802,0,8890607520019,8890607520115
perception,11803,0,8890607520211,8890607520275
perception,11804,0,8890607520371,8890607520435
perception,11805,0,8890607520563,8890607520595
perception,11806,0,8890607520691,8890607520755
perception,11807,0,8890607520851,8890607520947
perception,11808,0,8890607521043,8890607521107
perception,11809,0,8890607521235,8890607521267
perception,11810,0,8890607521395,8890607521459
perception,11811,0,8890607521555,8890607521619
perception,11812,0,8890607521715,8890607521779
perception,11813,0,8890607521875,8890607521939
perception,11814,0,8890607522067,8890607522099
perception,11815,0,8890607522227,8890607522259
perception,11816,0,8890607522387,8890607522419
perception,11817,0,8890607522547,8890607522611
perception,11818,0,8890607522707,8890607522771
perception,11819,0,8890607522867,8890607522931
perception,11820,0,8890607523059,8890607523091
perception,11821,0,8890607523219,8890607523251
perception,11822,0,8890607523347,8890607523443
perception,11823,0,8890607523539,8890607523603
perception,11824,0,8890607523699,8890607523763
perception,11825,0,8890607523859,8890607523923
perception,11826,0,8890607524051,8890607524083
perception,11827,0,8890607524211,8890607524243
perception,11828,0,8890607524339,8890607524435
perception,11829,0,8890607524531,8890607524595
perception,11830,0,8890607524691,8890607524755
perception,11831,0,8890607524851,8890607524883
perception,11832,0,8890607525011,8890607525043
perception,11833,0,8890607525171,8890607525203
perception,11834,0,8890607525331,8890607525363
perception,11835,0,8890607525459,8890607525555
perception,11836,0,8890607525651,8890607525715
perception,11837,0,8890607525811,8890607525875
perception,11838,0,8890607525971,8890607526003
perception,11839,0,8890607526131,8890607526195
perception,11840,0,8890607526291,8890607526355
perception,11841,0,8890607526451,8890607526515
perception,11842,0,8890607526611,8890607526707
perception,11843,0,8890607526803,8890607526867
perception,11844,0,8890607526963,8890607526995
perception,11845,0,8890607527123,8890607527155
perception,11846,0,8890607527283,8890607527379
perception,11847,0,8890607527443,8890607527539
perception,11848,0,8890607527635,8890607527699
perception,11849,0,8890607527827,8890607527859
perception,11850,0,8890607527987,8890607528083
perception,11851,0,8890607528179,8890607528243
perception,11852,0,8890607528339,8890607528403
perception,11853,0,8890607528531,8890607528563
perception,11854,0,8890607528659,8890607528755
perception,11855,0,8890607528851,8890607528947
perception,11856,0,8890607529075,8890607529107
perception,11857,0,8890607529235,8890607529267
perception,11858,0,8890607529395,8890607529491
perception,11859,0,8890607529587,8890607529651
perception,11860,0,8890607529747,8890607529779
perception,11861,0,8890607529907,8890607529939
perception,11862,0,8890607530067,8890607530131
perception,11863,0,8890607530227,8890607530291
perception,11864,0,8890607530387,8890607530451
perception,11865,0,8890607530547,8890607530611
perception,11866,0,8890607530739,8890607530803
perception,11867,0,8890607530899,8890607530963
perception,11868,0,8890607531091,8890607531187
perception,11869,0,8890607531315,8890607531347
perception,11870,0,8890607531475,8890607531507
perception,11871,0,8890607531603,8890607531667
perception,11872,0,8890607531763,8890607531827
perception,11873,0,8890607531923,8890607531987
perception,11874,0,8890607532083,8890607532179
perception,11875,0,8890607532243,8890607532307
perception,11876,0,8890607532435,8890607532467
perception,11877,0,8890607532595,8890607532627
perception,11878,0,8890607532723,8890607532787
perception,11879,0,8890607532883,8890607532947
perception,11880,0,8890607533043,8890607533139
perception,11881,0,8890607533235,8890607533299
perception,11882,0,8890607533395,8890607533427
perception,11883,0,8890607533555,8890607533587
perception,11884,0,8890607533715,8890607533747
perception,11885,0,8890607533843,8890607533939
perception,11886,0,8890607534035,8890607534099
perception,11887,0,8890607534195,8890607534259
perception,11888,0,8890607534355,8890607534419
perception,11889,0,8890607534547,8890607534579
perception,11890,0,8890607534675,8890607534739
perception,11891,0,8890607534835,8890607534931
perception,11892,0,8890607535027,8890607535091
perception,11893,0,8890607535187,8890607535251
perception,11894,0,8890607535379,8890607535411
perception,11895,0,8890607535539,8890607535571
perception,11896,0,8890607535667,8890607535731
perception,11897,0,8890607535827,8890607535923
perception,11898,0,8890607536019,8890607536083
perception,11899,0,8890607536179,8890607536243
perception,11900,0,8890607536339,8890607536403
perception,11901,0,8890607536499,8890607536563
perception,11902,0,8890607536659,8890607536723
perception,11903,0,8890607536851,8890607536915
perception,11904,0,8890607539251,8890607539315
perception,11905,0,8890607539443,8890607539475
perception,11906,0,8890607539571,8890607539667
perception,11907,0,8890607539731,8890607539827
perception,11908,0,8890607539923,8890607539987
perception,11909,0,8890607540083,8890607540147
perception,11910,0,8890607540243,8890607540307
perception,11911,0,8890607540435,8890607540467
perception,11912,0,8890607540563,8890607540627
perception,11913,0,8890607540723,8890607540787
perception,11914,0,8890607540883,8890607540979
perception,11915,0,8890607541075,8890607541107
perception,11916,0,8890607541235,8890607541267
perception,11917,0,8890607541395,8890607541459
perception,11918,0,8890607541555,8890607541651
perception,11919,0,8890607541747,8890607541811
perception,11920,0,8890607541907,8890607541971
perception,11921,0,8890607542099,8890607542163
perception,11922,0,8890607542291,8890607542355
perception,11923,0,8890607542451,8890607542515
perception,11924,0,8890607542611,8890607542675
perception,11925,0,8890607542803,8890607542835
perception,11926,0,8890607542931,8890607543027
perception,11927,0,8890607543123,8890607543187
perception,11928,0,8890607543283,8890607543347
perception,11929,0,8890607543475,8890607543507
perception,11930,0,8890607543635,8890607543667
perception,11931,0,8890607543795,8890607543859
perception,11932,0,8890607543955,8890607544051
perception,11933,0,8890607544147,8890607544211
perception,11934,0,8890607544307,8890607544339
perception,11935,0,8890607544467,8890607544531
perception,11936,0,8890607544627,8890607544691
perception,11937,0,8890607544819,8890607544883
perception,11938,0,8890607544979,8890607545043
perception,11939,0,8890607545171,8890607545235
perception,11940,0,8890607545332,8890607545396
perception,11941,0,8890607545492,8890607545556
perception,11942,0,8890607545684,8890607545748
perception,11943,0,8890607545844,8890607545876
perception,11944,0,8890607546004,8890607546036
perception,11945,0,8890607546164,8890607546196
perception,11946,0,8890607546292,8890607546356
perception,11947,0,8890607546452,8890607546516
perception,11948,0,8890607546612,8890607546676
perception,11949,0,8890607546772,8890607546836
perception,11950,0,8890607546932,8890607546996
perception,11951,0,8890607547092,8890607547156
perception,11952,0,8890607547284,8890607547316
perception,11953,0,8890607547412,8890607547476
perception,11954,0,8890607547572,8890607547668
perception,11955,0,8890607547764,8890607547828
perception,11956,0,8890607547924,8890607547988
perception,11957,0,8890607548084,8890607548116
perception,11958,0,8890607548244,8890607548308
perception,11959,0,8890607548404,8890607548468
perception,11960,0,8890607548596,8890607548660
perception,11961,0,8890607548756,8890607548820
perception,11962,0,8890607548948,8890607548980
perception,11963,0,8890607549108,8890607549172
perception,11964,0,8890607549268,8890607549332
perception,11965,0,8890607549428,8890607549524
perception,11966,0,8890607549620,8890607549652
perception,11967,0,8890607549780,8890607549812
perception,11968,0,8890607549940,8890607550004
perception,11969,0,8890607550100,8890607550164
perception,11970,0,8890607550260,8890607550324
perception,11971,0,8890607550420,8890607550484
perception,11972,0,8890607550580,8890607550644
perception,11973,0,8890607550772,8890607550804
perception,11974,0,8890607550900,8890607550964
perception,11975,0,8890607551060,8890607551124
perception,11976,0,8890607551220,8890607551316
perception,11977,0,8890607551412,8890607551476
perception,11978,0,8890607551572,8890607551604
perception,11979,0,8890607551764,8890607551796
perception,11980,0,8890607551892,8890607551956
perception,11981,0,8890607552052,8890607552116
perception,11982,0,8890607552212,8890607552308
perception,11983,0,8890607552404,8890607552436
perception,11984,0,8890607552564,8890607552596
perception,11985,0,8890607552724,8890607552756
perception,11986,0,8890607552884,8890607552916
perception,11987,0,8890607553044,8890607553108
perception,11988,0,8890607553204,8890607553268
perception,11989,0,8890607553364,8890607553428
perception,11990,0,8890607553524,8890607553556
perception,11991,0,8890607553684,8890607553716
perception,11992,0,8890607553844,8890607553876
perception,11993,0,8890607554004,8890607554068
perception,11994,0,8890607554132,8890607554228
perception,11995,0,8890607554324,8890607554388
perception,11996,0,8890607554484,8890607554548
perception,11997,0,8890607554644,8890607554708
perception,11998,0,8890607554836,8890607554868
perception,11999,0,8890607554964,8890607555028
perception,12000,0,8890607555156,8890607555220
perception,12001,0,8890607555348,8890607555380
perception,12002,0,8890607555508,8890607555540
perception,12003,0,8890607555668,8890607555732
perception,12004,0,8890607555828,8890607555892
perception,12005,0,8890607556020,8890607556084
perception,12006,0,8890607556180,8890607556244
perception,12007,0,8890607556340,8890607556404
perception,12008,0,8890607556500,8890607556564
perception,12009,0,8890607556692,8890607556756
perception,12010,0,8890607556852,8890607556916
perception,12011,0,8890607557044,8890607557076
perception,12012,0,8890607557204,8890607557236
perception,12013,0,8890607557332,8890607557396
perception,12014,0,8890607557524,8890607557588
perception,12015,0,8890607557684,8890607557748
perception,12016,0,8890607557876,8890607557908
perception,12017,0,8890607558036,8890607558100
perception,12018,0,8890607558196,8890607558260
perception,12019,0,8890607558356,8890607558420
perception,12020,0,8890607558516,8890607558580
perception,12021,0,8890607558676,8890607558740
perception,12022,0,8890607558868,8890607558900
perception,12023,0,8890607559028,8890607559060
perception,12024,0,8890607559156,8890607559220
perception,12025,0,8890607559316,8890607559380
perception,12026,0,8890607559508,8890607559572
perception,12027,0,8890607559668,8890607559732
perception,12028,0,8890607559828,8890607559860
perception,12029,0,8890607559988,8890607560020
perception,12030,0,8890607560148,8890607560180
perception,12031,0,8890607560308,8890607560372
perception,12032,0,8890607562580,8890607562644
perception,12033,0,8890607562740,8890607562804
perception,12034,0,8890607562932,8890607562964
perception,12035,0,8890607563092,8890607563124
perception,12036,0,8890607563220,8890607563316
perception,12037,0,8890607563444,8890607563508
perception,12038,0,8890607563604,8890607563636
perception,12039,0,8890607563764,8890607563796
perception,12040,0,8890607563924,8890607563988
perception,12041,0,8890607564116,8890607564180
perception,12042,0,8890607564308,8890607564340
perception,12043,0,8890607564468,8890607564532
perception,12044,0,8890607564628,8890607564724
perception,12045,0,8890607564820,8890607564884
perception,12046,0,8890607565012,8890607565044
perception,12047,0,8890607565172,8890607565204
perception,12048,0,8890607565332,8890607565396
perception,12049,0,8890607565492,8890607565556
perception,12050,0,8890607565684,8890607565748
perception,12051,0,8890607565844,8890607565908
perception,12052,0,8890607566004,8890607566068
perception,12053,0,8890607566196,8890607566260
perception,12054,0,8890607566356,8890607566420
perception,12055,0,8890607566516,8890607566580
perception,12056,0,8890607566676,8890607566708
perception,12057,0,8890607566836,8890607566868
perception,12058,0,8890607566996,8890607567060
perception,12059,0,8890607567156,8890607567252
perception,12060,0,8890607567316,8890607567380
perception,12061,0,8890607567508,8890607567572
perception,12062,0,8890607567700,8890607567732
perception,12063,0,8890607567860,8890607567956
perception,12064,0,8890607568052,8890607568116
perception,12065,0,8890607568212,8890607568244
perception,12066,0,8890607568372,8890607568404
perception,12067,0,8890607568532,8890607568564
perception,12068,0,8890607568660,8890607568756
perception,12069,0,8890607568884,8890607568948
perception,12070,0,8890607569044,8890607569108
perception,12071,0,8890607569236,8890607569268
perception,12072,0,8890607569428,8890607569492
perception,12073,0,8890607569620,8890607569652
perception,12074,0,8890607569780,8890607569844
perception,12075,0,8890607569940,8890607570036
perception,12076,0,8890607570132,8890607570196
perception,12077,0,8890607570324,8890607570388
perception,12078,0,8890607570484,8890607570548
perception,12079,0,8890607570644,8890607570708
perception,12080,0,8890607570804,8890607570868
perception,12081,0,8890607570964,8890607571028
perception,12082,0,8890607571156,8890607571188
perception,12083,0,8890607571316,8890607571348
perception,12084,0,8890607571476,8890607571540
perception,12085,0,8890607571636,8890607571732
perception,12086,0,8890607571828,8890607571892
perception,12087,0,8890607571988,8890607572020
perception,12088,0,8890607572148,8890607572212
perception,12089,0,8890607572340,8890607572436
perception,12090,0,8890607572532,8890607572596
perception,12091,0,8890607572692,8890607572724
perception,12092,0,8890607572884,8890607572916
perception,12093,0,8890607573044,8890607573140
perception,12094,0,8890607573301,8890607573333
perception,12095,0,8890607573461,8890607573525
perception,12096,0,8890607573621,8890607573685
perception,12097,0,8890607573781,8890607573845
perception,12098,0,8890607573941,8890607574005
perception,12099,0,8890607574101,8890607574133
perception,12100,0,8890607574261,8890607574293
perception,12101,0,8890607574421,8890607574485
perception,12102,0,8890607574549,8890607574645
perception,12103,0,8890607574741,8890607574805
perception,12104,0,8890607574901,8890607574965
perception,12105,0,8890607575061,8890607575125
perception,12106,0,8890607575221,8890607575253
perception,12107,0,8890607575381,8890607575445
perception,12108,0,8890607575541,8890607575605
perception,12109,0,8890607575701,8890607575765
perception,12110,0,8890607575925,8890607575957
perception,12111,0,8890607576085,8890607576117
perception,12112,0,8890607576245,8890607576309
perception,12113,0,8890607576405,8890607576469
perception,12114,0,8890607576565,8890607576661
perception,12115,0,8890607576757,8890607576789
perception,12116,0,8890607576917,8890607576949
perception,12117,0,8890607577077,8890607577109
perception,12118,0,8890607577237,8890607577301
perception,12119,0,8890607577429,8890607577493
perception,12120,0,8890607577589,8890607577653
perception,12121,0,8890607577781,8890607577813
perception,12122,0,8890607577909,8890607577973
perception,12123,0,8890607578069,8890607578133
perception,12124,0,8890607578229,8890607578325
perception,12125,0,8890607578421,8890607578453
perception,12126,0,8890607578613,8890607578645
perception,12127,0,8890607578741,8890607578805
perception,12128,0,8890607578933,8890607578997
perception,12129,0,8890607579125,8890607579157
perception,12130,0,8890607579285,8890607579349
perception,12131,0,8890607579445,8890607579509
perception,12132,0,8890607579605,8890607579669
perception,12133,0,8890607579765,8890607579829
perception,12134,0,8890607579957,8890607580021
perception,12135,0,8890607580149,8890607580181
perception,12136,0,8890607580277,8890607580341
perception,12137,0,8890607580437,8890607580501
perception,12138,0,8890607580597,8890607580661
perception,12139,0,8890607580757,8890607580821
perception,12140,0,8890607580917,8890607580981
perception,12141,0,8890607581077,8890607581141
perception,12142,0,8890607581269,8890607581301
perception,12143,0,8890607581397,8890607581461
perception,12144,0,8890607581621,8890607581685
perception,12145,0,8890607581781,8890607581813
perception,12146,0,8890607581941,8890607581973
perception,12147,0,8890607582101,8890607582165
perception,12148,0,8890607582293,8890607582389
perception,12149,0,8890607582485,8890607582517
perception,12150,0,8890607582645,8890607582677
perception,12151,0,8890607582805,8890607582869
perception,12152,0,8890607582965,8890607583029
perception,12153,0,8890607583125,8890607583189
perception,12154,0,8890607583285,8890607583349
perception,12155,0,8890607583477,8890607583509
perception,12156,0,8890607583637,8890607583669
perception,12157,0,8890607583797,8890607583829
perception,12158,0,8890607583957,8890607584021
perception,12159,0,8890607584117,8890607584181
perception,12160,0,8890607586709,8890607586741
perception,12161,0,8890607586869,8890607586901
perception,12162,0,8890607587029,8890607587093
perception,12163,0,8890607587221,8890607587285
perception,12164,0,8890607587381,8890607587413
perception,12165,0,8890607587573,8890607587605
perception,12166,0,8890607587701,8890607587765
perception,12167,0,8890607587861,8890607587957
perception,12168,0,8890607588021,8890607588117
perception,12169,0,8890607588213,8890607588245
perception,12170,0,8890607588373,8890607588405
perception,12171,0,8890607588533,8890607588565
perception,12172,0,8890607588661,8890607588725
perception,12173,0,8890607588821,8890607588885
perception,12174,0,8890607589013,8890607589077
perception,12175,0,8890607589205,8890607589237
perception,12176,0,8890607589365,8890607589397
perception,12177,0,8890607589525,8890607589589
perception,12178,0,8890607589717,8890607589781
perception,12179,0,8890607589877,8890607589941
perception,12180,0,8890607590037,8890607590101
perception,12181,0,8890607590229,8890607590261
perception,12182,0,8890607590357,8890607590421
perception,12183,0,8890607590549,8890607590613
perception,12184,0,8890607590709,8890607590773
perception,12185,0,8890607590869,8890607590933
perception,12186,0,8890607591061,8890607591093
perception,12187,0,8890607591189,8890607591285
perception,12188,0,8890607591381,8890607591445
perception,12189,0,8890607591541,8890607591605
perception,12190,0,8890607591701,8890607591765
perception,12191,0,8890607591893,8890607591925
perception,12192,0,8890607592021,8890607592085
perception,12193,0,8890607592181,8890607592277
perception,12194,0,8890607592341,8890607592437
perception,12195,0,8890607592533,8890607592597
perception,12196,0,8890607592693,8890607592725
perception,12197,0,8890607592885,8890607592917
perception,12198,0,8890607593013,8890607593109
perception,12199,0,8890607593237,8890607593301
perception,12200,0,8890607593397,8890607593429
perception,12201,0,8890607593557,8890607593589
perception,12202,0,8890607593717,8890607593781
perception,12203,0,8890607593877,8890607593941
perception,12204,0,8890607594037,8890607594101
perception,12205,0,8890607594197,8890607594261
perception,12206,0,8890607594389,8890607594421
perception,12207,0,8890607594549,8890607594613
perception,12208,0,8890607594677,8890607594773
perception,12209,0,8890607594837,8890607594933
perception,12210,0,8890607595029,8890607595093
perception,12211,0,8890607595189,8890607595253
perception,12212,0,8890607595381,8890607595413
perception,12213,0,8890607595541,8890607595605
perception,12214,0,8890607595701,8890607595765
perception,12215,0,8890607595893,8890607595957
perception,12216,0,8890607596053,8890607596085
perception,12217,0,8890607596245,8890607596277
perception,12218,0,8890607596373,8890607596437
perception,12219,0,8890607596533,8890607596629
perception,12220,0,8890607596725,8890607596789
perception,12221,0,8890607596885,8890607596917
perception,12222,0,8890607597045,8890607597077
perception,12223,0,8890607597205,8890607597269
perception,12224,0,8890607597365,8890607597429
perception,12225,0,8890607597557,8890607597621
perception,12226,0,8890607597749,8890607597781
perception,12227,0,8890607597909,8890607597941
perception,12228,0,8890607598037,8890607598101
perception,12229,0,8890607598229,8890607598293
perception,12230,0,8890607598389,8890607598453
perception,12231,0,8890607598581,8890607598613
perception,12232,0,8890607598741,8890607598773
perception,12233,0,8890607598901,8890607598933
perception,12234,0,8890607599061,8890607599125
perception,12235,0,8890607599253,8890607599317
perception,12236,0,8890607599445,8890607599477
perception,12237,0,8890607599573,8890607599637
perception,12238,0,8890607599733,8890607599829
perception,12239,0,8890607599925,8890607599989
perception,12240,0,8890607600117,8890607600149
perception,12241,0,8890607600277,8890607600309
perception,12242,0,8890607600437,8890607600501
perception,12243,0,8890607600597,8890607600661
perception,12244,0,8890607600757,8890607600821
perception,12245,0,8890607600917,8890607600981
perception,12246,0,8890607601077,8890607601109
perception,12247,0,8890607601269,8890607601301
perception,12248,0,8890607601398,8890607601462
perception,12249,0,8890607601558,8890607601622
perception,12250,0,8890607601750,8890607601814
perception,12251,0,8890607601910,8890607601974
perception,12252,0,8890607602070,8890607602134
perception,12253,0,8890607602230,8890607602294
perception,12254,0,8890607602390,8890607602454
perception,12255,0,8890607602550,8890607602614
perception,12256,0,8890607602710,8890607602774
perception,12257,0,8890607602870,8890607602934
perception,12258,0,8890607603030,8890607603094
perception,12259,0,8890607603222,8890607603254
perception,12260,0,8890607603414,8890607603478
perception,12261,0,8890607603606,8890607603638
perception,12262,0,8890607603766,8890607603798
perception,12263,0,8890607603926,8890607603958
perception,12264,0,8890607604054,8890607604118
perception,12265,0,8890607604246,8890607604310
perception,12266,0,8890607604406,8890607604470
perception,12267,0,8890607604566,8890607604630
perception,12268,0,8890607604758,8890607604790
perception,12269,0,8890607604886,8890607604950
perception,12270,0,8890607605078,8890607605142
perception,12271,0,8890607605238,8890607605302
perception,12272,0,8890607605430,8890607605462
perception,12273,0,8890607605590,8890607605622
perception,12274,0,8890607605750,8890607605814
perception,12275,0,8890607605910,8890607605974
perception,12276,0,8890607606070,8890607606134
perception,12277,0,8890607606262,8890607606294
perception,12278,0,8890607606454,8890607606486
perception,12279,0,8890607606582,8890607606646
perception,12280,0,8890607606742,8890607606806
perception,12281,0,8890607606934,8890607606998
perception,12282,0,8890607607126,8890607607158
perception,12283,0,8890607607286,8890607607318
perception,12284,0,8890607607414,8890607607478
perception,12285,0,8890607607574,8890607607638
perception,12286,0,8890607607734,8890607607830
perception,12287,0,8890607607894,8890607607990
perception,12288,0,8890607610454,8890607610486
perception,12289,0,8890607610614,8890607610646
perception,12290,0,8890607610774,8890607610806
perception,12291,0,8890607610902,8890607610998
perception,12292,0,8890607611094,8890607611158
perception,12293,0,8890607611254,8890607611318
perception,12294,0,8890607611414,8890607611478
perception,12295,0,8890607611606,8890607611670
perception,12296,0,8890607611766,8890607611830
perception,12297,0,8890607611926,8890607611990
perception,12298,0,8890607612118,8890607612182
perception,12299,0,8890607612278,8890607612310
perception,12300,0,8890607612470,8890607612534
perception,12301,0,8890607612662,8890607612726
perception,12302,0,8890607612822,8890607612886
perception,12303,0,8890607612982,8890607613046
perception,12304,0,8890607613142,8890607613206
perception,12305,0,8890607613302,8890607613366
perception,12306,0,8890607613462,8890607613558
perception,12307,0,8890607613654,8890607613718
perception,12308,0,8890607613846,8890607613878
perception,12309,0,8890607614006,8890607614070
perception,12310,0,8890607614134,8890607614230
perception,12311,0,8890607614326,8890607614390
perception,12312,0,8890607614486,8890607614550
perception,12313,0,8890607614646,8890607614710
perception,12314,0,8890607614838,8890607614902
perception,12315,0,8890607614998,8890607615062
perception,12316,0,8890607615190,8890607615254
perception,12317,0,8890607615350,8890607615414
perception,12318,0,8890607615542,8890607615574
perception,12319,0,8890607615670,8890607615734
perception,12320,0,8890607615862,8890607615926
perception,12321,0,8890607616022,8890607616086
perception,12322,0,8890607616214,8890607616246
perception,12323,0,8890607616374,8890607616406
perception,12324,0,8890607616502,8890607616566
perception,12325,0,8890607616662,8890607616726
perception,12326,0,8890607616822,8890607616886
perception,12327,0,8890607616982,8890607617046
perception,12328,0,8890607617174,8890607617206
perception,12329,0,8890607617334,8890607617366
perception,12330,0,8890607617494,8890607617558
perception,12331,0,8890607617654,8890607617718
perception,12332,0,8890607617814,8890607617910
perception,12333,0,8890607618006,8890607618038
perception,12334,0,8890607618198,8890607618230
perception,12335,0,8890607618326,8890607618390
perception,12336,0,8890607618486,8890607618582
perception,12337,0,8890607618678,8890607618742
perception,12338,0,8890607618838,8890607618902
perception,12339,0,8890607618998,8890607619030
perception,12340,0,8890607619158,8890607619222
perception,12341,0,8890607619318,8890607619382
perception,12342,0,8890607619510,8890607619574
perception,12343,0,8890607619670,8890607619734
perception,12344,0,8890607619862,8890607619894
perception,12345,0,8890607620022,8890607620054
perception,12346,0,8890607620182,8890607620246
perception,12347,0,8890607620342,8890607620406
perception,12348,0,8890607620502,8890607620566
perception,12349,0,8890607620694,8890607620726
perception,12350,0,8890607620854,8890607620886
perception,12351,0,8890607621014,8890607621078
perception,12352,0,8890607621174,8890607621238
perception,12353,0,8890607621366,8890607621398
perception,12354,0,8890607621526,8890607621558
perception,12355,0,8890607621686,8890607621750
perception,12356,0,8890607621846,8890607621910
perception,12357,0,8890607622038,8890607622102
perception,12358,0,8890607622198,8890607622230
perception,12359,0,8890607622358,8890607622422
perception,12360,0,8890607622518,8890607622582
perception,12361,0,8890607622678,8890607622742
perception,12362,0,8890607622838,8890607622902
perception,12363,0,8890607622998,8890607623062
perception,12364,0,8890607623158,8890607623222
perception,12365,0,8890607623350,8890607623382
perception,12366,0,8890607623510,8890607623542
perception,12367,0,8890607623670,8890607623734
perception,12368,0,8890607623830,8890607623894
perception,12369,0,8890607623990,8890607624054
perception,12370,0,8890607624150,8890607624214
perception,12371,0,8890607624342,8890607624374
perception,12372,0,8890607624470,8890607624534
perception,12373,0,8890607624630,8890607624694
perception,12374,0,8890607624822,8890607624886
perception,12375,0,8890607624982,8890607625046
perception,12376,0,8890607625142,8890607625174
perception,12377,0,8890607625334,8890607625366
perception,12378,0,8890607625462,8890607625558
perception,12379,0,8890607625654,8890607625718
perception,12380,0,8890607625846,8890607625878
perception,12381,0,8890607626006,8890607626070
perception,12382,0,8890607626166,8890607626230
perception,12383,0,8890607626326,8890607626390
perception,12384,0,8890607626486,8890607626550
perception,12385,0,8890607626646,8890607626710
perception,12386,0,8890607626838,8890607626870
perception,12387,0,8890607626998,8890607627030
perception,12388,0,8890607627126,8890607627190
perception,12389,0,8890607627318,8890607627414
perception,12390,0,8890607627510,8890607627574
perception,12391,0,8890607627670,8890607627702
perception,12392,0,8890607627830,8890607627894
perception,12393,0,8890607628022,8890607628086
perception,12394,0,8890607628182,8890607628246
perception,12395,0,8890607628374,8890607628438
perception,12396,0,8890607628534,8890607628598
perception,12397,0,8890607628694,8890607628758
perception,12398,0,8890607628854,8890607628918
perception,12399,0,8890607629014,8890607629110
perception,12400,0,8890607629206,8890607629238
perception,12401,0,8890607629367,8890607629431
perception,12402,0,8890607629527,8890607629591
perception,12403,0,8890607629687,8890607629751
perception,12404,0,8890607629847,8890607629911
perception,12405,0,8890607630007,8890607630071
perception,12406,0,8890607630167,8890607630231
perception,12407,0,8890607630327,8890607630359
perception,12408,0,8890607630487,8890607630519
perception,12409,0,8890607630647,8890607630711
perception,12410,0,8890607630807,8890607630903
perception,12411,0,8890607630999,8890607631063
perception,12412,0,8890607631159,8890607631191
perception,12413,0,8890607631351,8890607631383
perception,12414,0,8890607631479,8890607631543
perception,12415,0,8890607631639,8890607631735
perception,12416,0,8890607634519,8890607634551
perception,12417,0,8890607634679,8890607634711
perception,12418,0,8890607634839,8890607634903
perception,12419,0,8890607634999,8890607635063
perception,12420,0,8890607635159,8890607635223
perception,12421,0,8890607635351,8890607635415
perception,12422,0,8890607635543,8890607635575
perception,12423,0,8890607635671,8890607635735
perception,12424,0,8890607635863,8890607635927
perception,12425,0,8890607636023,8890607636087
perception,12426,0,8890607636215,8890607636247
perception,12427,0,8890607636375,8890607636471
perception,12428,0,8890607636567,8890607636631
perception,12429,0,8890607636759,8890607636791
perception,12430,0,8890607636919,8890607636951
perception,12431,0,8890607637079,8890607637143
perception,12432,0,8890607637239,8890607637303
perception,12433,0,8890607637399,8890607637495
perception,12434,0,8890607637559,8890607637623
perception,12435,0,8890607637719,8890607637783
perception,12436,0,8890607637911,8890607637943
perception,12437,0,8890607638039,8890607638103
perception,12438,0,8890607638231,8890607638295
perception,12439,0,8890607638391,8890607638455
perception,12440,0,8890607638551,8890607638615
perception,12441,0,8890607638711,8890607638743
perception,12442,0,8890607638871,8890607638903
perception,12443,0,8890607639031,8890607639095
perception,12444,0,8890607639191,8890607639255
perception,12445,0,8890607639383,8890607639447
perception,12446,0,8890607639543,8890607639575
perception,12447,0,8890607639703,8890607639735
perception,12448,0,8890607639863,8890607639927
perception,12449,0,8890607640023,8890607640087
perception,12450,0,8890607640183,8890607640247
perception,12451,0,8890607640343,8890607640439
perception,12452,0,8890607640535,8890607640567
perception,12453,0,8890607640695,8890607640727
perception,12454,0,8890607640855,8890607640887
perception,12455,0,8890607640983,8890607641079
perception,12456,0,8890607641175,8890607641239
perception,12457,0,8890607641335,8890607641399
perception,12458,0,8890607641527,8890607641559
perception,12459,0,8890607641687,8890607641719
perception,12460,0,8890607641815,8890607641911
perception,12461,0,8890607642039,8890607642103
perception,12462,0,8890607642199,8890607642231
perception,12463,0,8890607642359,8890607642391
perception,12464,0,8890607642519,8890607642551
perception,12465,0,8890607642679,8890607642743
perception,12466,0,8890607642839,8890607642903
perception,12467,0,8890607642999,8890607643063
perception,12468,0,8890607643159,8890607643223
perception,12469,0,8890607643351,8890607643383
perception,12470,0,8890607643511,8890607643543
perception,12471,0,8890607643639,8890607643703
perception,12472,0,8890607643799,8890607643863
perception,12473,0,8890607643991,8890607644055
perception,12474,0,8890607644151,8890607644215
perception,12475,0,8890607644311,8890607644343
perception,12476,0,8890607644471,8890607644503
perception,12477,0,8890607644631,8890607644663
perception,12478,0,8890607644759,8890607644823
perception,12479,0,8890607644919,8890607644983
perception,12480,0,8890607645079,8890607645143
perception,12481,0,8890607645239,8890607645303
perception,12482,0,8890607645399,8890607645463
perception,12483,0,8890607645591,8890607645623
perception,12484,0,8890607645751,8890607645815
perception,12485,0,8890607645911,8890607645975
perception,12486,0,8890607646103,8890607646167
perception,12487,0,8890607646263,8890607646295
perception,12488,0,8890607646455,8890607646487
perception,12489,0,8890607646583,8890607646647
perception,12490,0,8890607646743,8890607646807
perception,12491,0,8890607646935,8890607646999
perception,12492,0,8890607647095,8890607647127
perception,12493,0,8890607647255,8890607647319
perception,12494,0,8890607647415,8890607647479
perception,12495,0,8890607647575,8890607647639
perception,12496,0,8890607647735,8890607647799
perception,12497,0,8890607647895,8890607647991
perception,12498,0,8890607648087,8890607648119
perception,12499,0,8890607648247,8890607648279
perception,12500,0,8890607648407,8890607648471
perception,12501,0,8890607648567,8890607648631
perception,12502,0,8890607648727,8890607648823
perception,12503,0,8890607648951,8890607648983
perception,12504,0,8890607649111,8890607649143
perception,12505,0,8890607649239,8890607649335
perception,12506,0,8890607649431,8890607649495
perception,12507,0,8890607649591,8890607649655
perception,12508,0,8890607649751,8890607649815
perception,12509,0,8890607649943,8890607650039
perception,12510,0,8890607650135,8890607650199
perception,12511,0,8890607650295,8890607650359
perception,12512,0,8890607650455,8890607650519
perception,12513,0,8890607650647,8890607650679
perception,12514,0,8890607650775,8890607650839
perception,12515,0,8890607650935,8890607650999
perception,12516,0,8890607651095,8890607651159
perception,12517,0,8890607651255,8890607651319
perception,12518,0,8890607651415,8890607651479
perception,12519,0,8890607651607,8890607651639
perception,12520,0,8890607651767,8890607651799
perception,12521,0,8890607651895,8890607651959
perception,12522,0,8890607652055,8890607652119
perception,12523,0,8890607652215,8890607652279
perception,12524,0,8890607652375,8890607652439
perception,12525,0,8890607652535,8890607652599
perception,12526,0,8890607652695,8890607652759
perception,12527,0,8890607652887,8890607652919
perception,12528,0,8890607653047,8890607653111
perception,12529,0,8890607653207,8890607653271
perception,12530,0,8890607653367,8890607653431
perception,12531,0,8890607653559,8890607653591
perception,12532,0,8890607653719,8890607653751
perception,12533,0,8890607653847,8890607653943
perception,12534,0,8890607654039,8890607654103
perception,12535,0,8890607654199,8890607654263
perception,12536,0,8890607654359,8890607654423
perception,12537,0,8890607654519,8890607654583
perception,12538,0,8890607654679,8890607654743
perception,12539,0,8890607654839,8890607654903
perception,12540,0,8890607655031,8890607655095
perception,12541,0,8890607655191,8890607655255
perception,12542,0,8890607655383,8890607655415
perception,12543,0,8890607655543,8890607655575
perception,12544,0,8890607658680,8890607658744
perception,12545,0,8890607658840,8890607658904
perception,12546,0,8890607659032,8890607659096
perception,12547,0,8890607659224,8890607659288
perception,12548,0,8890607659416,8890607659448
perception,12549,0,8890607659576,8890607659640
perception,12550,0,8890607659736,8890607659832
perception,12551,0,8890607659992,8890607660056
perception,12552,0,8890607660184,8890607660248
perception,12553,0,8890607660344,8890607660408
perception,12554,0,8890607660504,8890607660568
perception,12555,0,8890607660696,8890607660728
perception,12556,0,8890607660856,8890607660920
perception,12557,0,8890607661016,8890607661080
perception,12558,0,8890607661176,8890607661272
perception,12559,0,8890607661368,8890607661400
perception,12560,0,8890607661528,8890607661560
perception,12561,0,8890607661688,8890607661752
perception,12562,0,8890607661848,8890607661912
perception,12563,0,8890607662008,8890607662072
perception,12564,0,8890607662168,8890607662232
perception,12565,0,8890607662392,8890607662424
perception,12566,0,8890607662584,8890607662648
perception,12567,0,8890607662744,8890607662808
perception,12568,0,8890607662936,8890607663000
perception,12569,0,8890607663096,8890607663160
perception,12570,0,8890607663256,8890607663352
perception,12571,0,8890607663448,8890607663512
perception,12572,0,8890607663608,8890607663640
perception,12573,0,8890607663800,8890607663832
perception,12574,0,8890607663928,8890607664024
perception,12575,0,8890607664120,8890607664184
perception,12576,0,8890607664312,8890607664344
perception,12577,0,8890607664472,8890607664536
perception,12578,0,8890607664664,8890607664728
perception,12579,0,8890607664824,8890607664888
perception,12580,0,8890607664984,8890607665048
perception,12581,0,8890607665144,8890607665176
perception,12582,0,8890607665304,8890607665336
perception,12583,0,8890607665464,8890607665496
perception,12584,0,8890607665592,8890607665656
perception,12585,0,8890607665752,8890607665816
perception,12586,0,8890607665912,8890607665976
perception,12587,0,8890607666072,8890607666136
perception,12588,0,8890607666264,8890607666328
perception,12589,0,8890607666424,8890607666488
perception,12590,0,8890607666616,8890607666680
perception,12591,0,8890607666776,8890607666840
perception,12592,0,8890607666936,8890607667000
perception,12593,0,8890607667096,8890607667160
perception,12594,0,8890607667288,8890607667320
perception,12595,0,8890607667416,8890607667480
perception,12596,0,8890607667576,8890607667672
perception,12597,0,8890607667768,8890607667832
perception,12598,0,8890607667928,8890607667992
perception,12599,0,8890607668120,8890607668152
perception,12600,0,8890607668248,8890607668312
perception,12601,0,8890607668472,8890607668536
perception,12602,0,8890607668632,8890607668664
perception,12603,0,8890607668792,8890607668824
perception,12604,0,8890607668952,8890607669016
perception,12605,0,8890607669112,8890607669176
perception,12606,0,8890607669272,8890607669336
perception,12607,0,8890607669432,8890607669528
perception,12608,0,8890607669624,8890607669656
perception,12609,0,8890607669784,8890607669848
perception,12610,0,8890607669976,8890607670072
perception,12611,0,8890607670168,8890607670232
perception,12612,0,8890607670328,8890607670360
perception,12613,0,8890607670488,8890607670520
perception,12614,0,8890607670648,8890607670712
perception,12615,0,8890607670840,8890607670904
perception,12616,0,8890607671000,8890607671064
perception,12617,0,8890607671192,8890607671224
perception,12618,0,8890607671352,8890607671448
perception,12619,0,8890607671512,8890607671608
perception,12620,0,8890607671704,8890607671768
perception,12621,0,8890607671864,8890607671896
perception,12622,0,8890607672024,8890607672056
perception,12623,0,8890607672184,8890607672216
perception,12624,0,8890607672344,8890607672408
perception,12625,0,8890607672536,8890607672600
perception,12626,0,8890607672696,8890607672728
perception,12627,0,8890607672888,8890607672920
perception,12628,0,8890607673016,8890607673080
perception,12629,0,8890607673176,8890607673240
perception,12630,0,8890607673336,8890607673432
perception,12631,0,8890607673528,8890607673560
perception,12632,0,8890607673688,8890607673720
perception,12633,0,8890607673848,8890607673880
perception,12634,0,8890607674008,8890607674040
perception,12635,0,8890607674168,8890607674232
perception,12636,0,8890607674360,8890607674424
perception,12637,0,8890607674520,8890607674552
perception,12638,0,8890607674712,8890607674776
perception,12639,0,8890607674872,8890607674936
perception,12640,0,8890607675032,8890607675128
perception,12641,0,8890607675224,8890607675256
perception,12642,0,8890607675384,8890607675416
perception,12643,0,8890607675544,8890607675608
perception,12644,0,8890607675704,8890607675768
perception,12645,0,8890607675864,8890607675928
perception,12646,0,8890607676024,8890607676088
perception,12647,0,8890607676184,8890607676248
perception,12648,0,8890607676376,8890607676408
perception,12649,0,8890607676504,8890607676568
perception,12650,0,8890607676664,8890607676760
perception,12651,0,8890607676856,8890607676920
perception,12652,0,8890607677016,8890607677080
perception,12653,0,8890607677208,8890607677240
perception,12654,0,8890607677336,8890607677400
perception,12655,0,8890607677496,8890607677560
perception,12656,0,8890607677688,8890607677752
perception,12657,0,8890607677848,8890607677912
perception,12658,0,8890607678008,8890607678040
perception,12659,0,8890607678200,8890607678232
perception,12660,0,8890607678392,8890607678456
perception,12661,0,8890607678584,8890607678616
perception,12662,0,8890607678744,8890607678776
perception,12663,0,8890607678936,8890607679000
perception,12664,0,8890607679096,8890607679160
perception,12665,0,8890607679256,8890607679320
perception,12666,0,8890607679416,8890607679480
perception,12667,0,8890607679576,8890607679640
perception,12668,0,8890607679736,8890607679800
perception,12669,0,8890607679896,8890607679960
perception,12670,0,8890607680056,8890607680120
perception,12671,0,8890607680216,8890607680280
perception,12672,0,8890607682744,8890607682808
perception,12673,0,8890607682936,8890607682968
perception,12674,0,8890607683096,8890607683160
perception,12675,0,8890607683256,8890607683320
perception,12676,0,8890607683416,8890607683480
perception,12677,0,8890607683608,8890607683640
perception,12678,0,8890607683768,8890607683832
perception,12679,0,8890607683928,8890607683992
perception,12680,0,8890607684152,8890607684216
perception,12681,0,8890607684344,8890607684408
perception,12682,0,8890607684504,8890607684568
perception,12683,0,8890607684696,8890607684760
perception,12684,0,8890607684856,8890607684920
perception,12685,0,8890607685048,8890607685080
perception,12686,0,8890607685176,8890607685240
perception,12687,0,8890607685336,8890607685400
perception,12688,0,8890607685529,8890607685593
perception,12689,0,8890607685721,8890607685753
perception,12690,0,8890607685849,8890607685913
perception,12691,0,8890607686009,8890607686073
perception,12692,0,8890607686169,8890607686233
perception,12693,0,8890607686329,8890607686393
perception,12694,0,8890607686489,8890607686585
perception,12695,0,8890607686649,8890607686713
perception,12696,0,8890607686809,8890607686873
perception,12697,0,8890607686969,8890607687033
perception,12698,0,8890607687129,8890607687193
perception,12699,0,8890607687289,8890607687353
perception,12700,0,8890607687449,8890607687513
perception,12701,0,8890607687609,8890607687705
perception,12702,0,8890607687833,8890607687865
perception,12703,0,8890607687993,8890607688025
perception,12704,0,8890607688121,8890607688217
perception,12705,0,8890607688313,8890607688377
perception,12706,0,8890607688473,8890607688537
perception,12707,0,8890607688633,8890607688697
perception,12708,0,8890607688793,8890607688857
perception,12709,0,8890607688985,8890607689049
perception,12710,0,8890607689145,8890607689209
perception,12711,0,8890607689337,8890607689369
perception,12712,0,8890607689497,8890607689561
perception,12713,0,8890607689657,8890607689721
perception,12714,0,8890607689817,8890607689881
perception,12715,0,8890607690009,8890607690073
perception,12716,0,8890607690169,8890607690233
perception,12717,0,8890607690329,8890607690361
perception,12718,0,8890607690489,8890607690553
perception,12719,0,8890607690649,8890607690713
perception,12720,0,8890607690809,8890607690873
perception,12721,0,8890607690969,8890607691033
perception,12722,0,8890607691161,8890607691193
perception,12723,0,8890607691321,8890607691353
perception,12724,0,8890607691481,8890607691545
perception,12725,0,8890607691641,8890607691737
perception,12726,0,8890607691865,8890607691897
perception,12727,0,8890607692025,8890607692057
perception,12728,0,8890607692249,8890607692313
perception,12729,0,8890607692409,8890607692441
perception,12730,0,8890607692569,8890607692633
perception,12731,0,8890607692729,8890607692793
perception,12732,0,8890607692889,8890607692953
perception,12733,0,8890607693049,8890607693113
perception,12734,0,8890607693241,8890607693305
perception,12735,0,8890607693401,8890607693433
perception,12736,0,8890607693529,8890607693593
perception,12737,0,8890607693721,8890607693785
perception,12738,0,8890607693881,8890607693977
perception,12739,0,8890607694073,8890607694137
perception,12740,0,8890607694233,8890607694265
perception,12741,0,8890607694393,8890607694425
perception,12742,0,8890607694553,8890607694617
perception,12743,0,8890607694713,8890607694809
perception,12744,0,8890607694905,8890607694969
perception,12745,0,8890607695065,8890607695129
perception,12746,0,8890607695225,8890607695289
perception,12747,0,8890607695417,8890607695481
perception,12748,0,8890607695577,8890607695641
perception,12749,0,8890607695769,8890607695801
perception,12750,0,8890607695929,8890607695961
perception,12751,0,8890607696089,8890607696153
perception,12752,0,8890607696249,8890607696313
perception,12753,0,8890607696409,8890607696473
perception,12754,0,8890607696569,8890607696633
perception,12755,0,8890607696729,8890607696793
perception,12756,0,8890607696921,8890607696953
perception,12757,0,8890607697081,8890607697113
perception,12758,0,8890607697209,8890607697273
perception,12759,0,8890607697369,8890607697465
perception,12760,0,8890607697593,8890607697625
perception,12761,0,8890607697753,8890607697785
perception,12762,0,8890607697913,8890607697945
perception,12763,0,8890607698073,8890607698169
perception,12764,0,8890607698265,8890607698329
perception,12765,0,8890607698425,8890607698457
perception,12766,0,8890607698585,8890607698649
perception,12767,0,8890607698777,8890607698841
perception,12768,0,8890607698937,8890607699001
perception,12769,0,8890607699129,8890607699161
perception,12770,0,8890607699289,8890607699353
perception,12771,0,8890607699449,8890607699513
perception,12772,0,8890607699609,8890607699673
perception,12773,0,8890607699769,8890607699833
perception,12774,0,8890607699929,8890607699993
perception,12775,0,8890607700089,8890607700153
perception,12776,0,8890607700249,8890607700281
perception,12777,0,8890607700409,8890607700441
perception,12778,0,8890607700569,8890607700601
perception,12779,0,8890607700729,8890607700793
perception,12780,0,8890607700889,8890607700953
perception,12781,0,8890607701049,8890607701113
perception,12782,0,8890607701209,8890607701273
perception,12783,0,8890607701401,8890607701433
perception,12784,0,8890607701561,8890607701593
perception,12785,0,8890607701689,8890607701753
perception,12786,0,8890607701913,8890607701977
perception,12787,0,8890607702073,8890607702137
perception,12788,0,8890607702233,8890607702297
perception,12789,0,8890607702393,8890607702457
perception,12790,0,8890607702553,8890607702617
perception,12791,0,8890607702745,8890607702809
perception,12792,0,8890607702905,8890607702937
perception,12793,0,8890607703065,8890607703097
perception,12794,0,8890607703225,8890607703289
perception,12795,0,8890607703385,8890607703449
perception,12796,0,8890607703577,8890607703641
perception,12797,0,8890607703769,8890607703801
perception,12798,0,8890607703929,8890607703961
perception,12799,0,8890607704057,8890607704121
perception,12800,0,8890607706585,8890607706649
perception,12801,0,8890607706777,8890607706841
perception,12802,0,8890607706937,8890607707001
perception,12803,0,8890607707097,8890607707129
perception,12804,0,8890607707257,8890607707289
perception,12805,0,8890607707417,8890607707449
perception,12806,0,8890607707577,8890607707641
perception,12807,0,8890607707737,8890607707801
perception,12808,0,8890607707897,8890607707961
perception,12809,0,8890607708089,8890607708121
perception,12810,0,8890607708249,8890607708281
perception,12811,0,8890607708409,8890607708441
perception,12812,0,8890607708537,8890607708601
perception,12813,0,8890607708697,8890607708761
perception,12814,0,8890607708857,8890607708921
perception,12815,0,8890607709049,8890607709113
perception,12816,0,8890607709241,8890607709273
perception,12817,0,8890607709369,8890607709433
perception,12818,0,8890607709529,8890607709625
perception,12819,0,8890607709721,8890607709785
perception,12820,0,8890607709881,8890607709945
perception,12821,0,8890607710073,8890607710137
perception,12822,0,8890607710233,8890607710297
perception,12823,0,8890607710393,8890607710457
perception,12824,0,8890607710553,8890607710617
perception,12825,0,8890607710745,8890607710777
perception,12826,0,8890607710905,8890607710969
perception,12827,0,8890607711129,8890607711193
perception,12828,0,8890607711289,8890607711353
perception,12829,0,8890607711449,8890607711513
perception,12830,0,8890607711609,8890607711673
perception,12831,0,8890607711769,8890607711833
perception,12832,0,8890607711929,8890607712025
perception,12833,0,8890607712121,8890607712185
perception,12834,0,8890607712281,8890607712313
perception,12835,0,8890607712441,8890607712505
perception,12836,0,8890607712601,8890607712665
perception,12837,0,8890607712761,8890607712825
perception,12838,0,8890607712921,8890607713017
perception,12839,0,8890607713113,8890607713145
perception,12840,0,8890607713273,8890607713305
perception,12841,0,8890607713433,8890607713498
perception,12842,0,8890607713594,8890607713690
perception,12843,0,8890607713786,8890607713850
perception,12844,0,8890607713946,8890607714010
perception,12845,0,8890607714106,8890607714138
perception,12846,0,8890607714266,8890607714298
perception,12847,0,8890607714426,8890607714458
perception,12848,0,8890607714554,8890607714650
perception,12849,0,8890607714746,8890607714810
perception,12850,0,8890607714906,8890607714970
perception,12851,0,8890607715130,8890607715162
perception,12852,0,8890607715258,8890607715322
perception,12853,0,8890607715418,8890607715482
perception,12854,0,8890607715578,8890607715674
perception,12855,0,8890607715770,8890607715802
perception,12856,0,8890607715930,8890607715962
perception,12857,0,8890607716090,8890607716122
perception,12858,0,8890607716250,8890607716314
perception,12859,0,8890607716410,8890607716474
perception,12860,0,8890607716570,8890607716634
perception,12861,0,8890607716762,8890607716794
perception,12862,0,8890607716922,8890607716954
perception,12863,0,8890607717082,8890607717114
perception,12864,0,8890607717210,8890607717306
perception,12865,0,8890607717402,8890607717466
perception,12866,0,8890607717562,8890607717626
perception,12867,0,8890607717754,8890607717786
perception,12868,0,8890607717914,8890607717946
perception,12869,0,8890607718074,8890607718170
perception,12870,0,8890607718266,8890607718330
perception,12871,0,8890607718426,8890607718458
perception,12872,0,8890607718586,8890607718618
perception,12873,0,8890607718746,8890607718810
perception,12874,0,8890607718938,8890607719002
perception,12875,0,8890607719098,8890607719162
perception,12876,0,8890607719258,8890607719322
perception,12877,0,8890607719450,8890607719482
perception,12878,0,8890607719578,8890607719642
perception,12879,0,8890607719770,8890607719834
perception,12880,0,8890607719930,8890607720026
perception,12881,0,8890607720122,8890607720154
perception,12882,0,8890607720314,8890607720378
perception,12883,0,8890607720474,8890607720538
perception,12884,0,8890607720634,8890607720698
perception,12885,0,8890607720826,8890607720858
perception,12886,0,8890607720986,8890607721018
perception,12887,0,8890607721114,8890607721178
perception,12888,0,8890607721274,8890607721338
perception,12889,0,8890607721434,8890607721498
perception,12890,0,8890607721594,8890607721658
perception,12891,0,8890607721754,8890607721818
perception,12892,0,8890607721914,8890607721978
perception,12893,0,8890607722106,8890607722138
perception,12894,0,8890607722234,8890607722298
perception,12895,0,8890607722394,8890607722458
perception,12896,0,8890607722554,8890607722618
perception,12897,0,8890607722714,8890607722778
perception,12898,0,8890607722906,8890607722938
perception,12899,0,8890607723066,8890607723098
perception,12900,0,8890607723226,8890607723290
perception,12901,0,8890607723386,8890607723450
perception,12902,0,8890607723546,8890607723610
perception,12903,0,8890607723706,8890607723802
perception,12904,0,8890607723898,8890607723930
perception,12905,0,8890607724058,8890607724090
perception,12906,0,8890607724218,8890607724282
perception,12907,0,8890607724378,8890607724442
perception,12908,0,8890607724538,8890607724602
perception,12909,0,8890607724698,8890607724762
perception,12910,0,8890607724890,8890607724954
perception,12911,0,8890607725050,8890607725114
perception,12912,0,8890607725210,8890607725274
perception,12913,0,8890607725370,8890607725466
perception,12914,0,8890607725594,8890607725626
perception,12915,0,8890607725754,8890607725786
perception,12916,0,8890607725882,8890607725946
perception,12917,0,8890607726042,8890607726138
perception,12918,0,8890607726234,8890607726298
perception,12919,0,8890607726394,8890607726458
perception,12920,0,8890607726586,8890607726618
perception,12921,0,8890607726714,8890607726778
perception,12922,0,8890607726906,8890607726970
perception,12923,0,8890607727066,8890607727130
perception,12924,0,8890607727258,8890607727290
perception,12925,0,8890607727418,8890607727450
perception,12926,0,8890607727578,8890607727642
perception,12927,0,8890607727738,8890607727802
perception,12928,0,8890607730202,8890607730234
perception,12929,0,8890607730362,8890607730394
perception,12930,0,8890607730522,8890607730586
perception,12931,0,8890607730682,8890607730746
perception,12932,0,8890607730874,8890607730906
perception,12933,0,8890607731066,8890607731130
perception,12934,0,8890607731226,8890607731322
perception,12935,0,8890607731482,8890607731514
perception,12936,0,8890607731610,8890607731674
perception,12937,0,8890607731802,8890607731866
perception,12938,0,8890607731962,8890607732026
perception,12939,0,8890607732186,8890607732218
perception,12940,0,8890607732346,8890607732410
perception,12941,0,8890607732506,8890607732570
perception,12942,0,8890607732698,8890607732730
perception,12943,0,8890607732890,8890607732954
perception,12944,0,8890607733050,8890607733114
perception,12945,0,8890607733210,8890607733274
perception,12946,0,8890607733370,8890607733434
perception,12947,0,8890607733562,8890607733594
perception,12948,0,8890607733722,8890607733754
perception,12949,0,8890607733850,8890607733914
perception,12950,0,8890607734010,8890607734106
perception,12951,0,8890607734202,8890607734266
perception,12952,0,8890607734362,8890607734426
perception,12953,0,8890607734554,8890607734586
perception,12954,0,8890607734682,8890607734746
perception,12955,0,8890607734842,8890607734938
perception,12956,0,8890607735002,8890607735066
perception,12957,0,8890607735194,8890607735258
perception,12958,0,8890607735386,8890607735418
perception,12959,0,8890607735546,8890607735578
perception,12960,0,8890607735674,8890607735738
perception,12961,0,8890607735834,8890607735898
perception,12962,0,8890607735994,8890607736058
perception,12963,0,8890607736154,8890607736250
perception,12964,0,8890607736314,8890607736378
perception,12965,0,8890607736506,8890607736538
perception,12966,0,8890607736666,8890607736730
perception,12967,0,8890607736826,8890607736890
perception,12968,0,8890607736986,8890607737050
perception,12969,0,8890607737178,8890607737242
perception,12970,0,8890607737338,8890607737402
perception,12971,0,8890607737498,8890607737562
perception,12972,0,8890607737658,8890607737722
perception,12973,0,8890607737850,8890607737914
perception,12974,0,8890607738010,8890607738042
perception,12975,0,8890607738202,8890607738234
perception,12976,0,8890607738330,8890607738394
perception,12977,0,8890607738490,8890607738586
perception,12978,0,8890607738714,8890607738746
perception,12979,0,8890607738906,8890607738938
perception,12980,0,8890607739034,8890607739098
perception,12981,0,8890607739194,8890607739290
perception,12982,0,8890607739386,8890607739450
perception,12983,0,8890607739546,8890607739578
perception,12984,0,8890607739706,8890607739738
perception,12985,0,8890607739866,8890607739930
perception,12986,0,8890607740026,8890607740090
perception,12987,0,8890607740186,8890607740250
perception,12988,0,8890607740378,8890607740442
perception,12989,0,8890607740538,8890607740602
perception,12990,0,8890607740698,8890607740762
perception,12991,0,8890607740858,8890607740922
perception,12992,0,8890607741018,8890607741114
perception,12993,0,8890607741210,8890607741274
perception,12994,0,8890607741370,8890607741402
perception,12995,0,8890607741531,8890607741563
perception,12996,0,8890607741691,8890607741755
perception,12997,0,8890607741851,8890607741915
perception,12998,0,8890607742011,8890607742075
perception,12999,0,8890607742171,8890607742235
perception,13000,0,8890607742331,8890607742395
perception,13001,0,8890607742523,8890607742555
perception,13002,0,8890607742683,8890607742715
perception,13003,0,8890607742811,8890607742875
perception,13004,0,8890607742971,8890607743067
perception,13005,0,8890607743131,8890607743227
perception,13006,0,8890607743323,8890607743355
perception,13007,0,8890607743483,8890607743515
perception,13008,0,8890607743643,8890607743675
perception,13009,0,8890607743803,8890607743867
perception,13010,0,8890607743963,8890607744027
perception,13011,0,8890607744155,8890607744219
perception,13012,0,8890607744315,8890607744379
perception,13013,0,8890607744507,8890607744571
perception,13014,0,8890607744667,8890607744731
perception,13015,0,8890607744827,8890607744891
perception,13016,0,8890607745019,8890607745051
perception,13017,0,8890607745179,8890607745243
perception,13018,0,8890607745339,8890607745403
perception,13019,0,8890607745531,8890607745595
perception,13020,0,8890607745723,8890607745755
perception,13021,0,8890607745883,8890607745947
perception,13022,0,8890607746043,8890607746139
perception,13023,0,8890607746235,8890607746299
perception,13024,0,8890607746395,8890607746459
perception,13025,0,8890607746587,8890607746619
perception,13026,0,8890607746715,8890607746779
perception,13027,0,8890607746907,8890607746971
perception,13028,0,8890607747067,8890607747131
perception,13029,0,8890607747227,8890607747291
perception,13030,0,8890607747387,8890607747419
perception,13031,0,8890607747579,8890607747611
perception,13032,0,8890607747707,8890607747771
perception,13033,0,8890607747867,8890607747963
perception,13034,0,8890607748059,8890607748123
perception,13035,0,8890607748251,8890607748283
perception,13036,0,8890607748411,8890607748443
perception,13037,0,8890607748571,8890607748635
perception,13038,0,8890607748731,8890607748795
perception,13039,0,8890607748891,8890607748955
perception,13040,0,8890607749051,8890607749115
perception,13041,0,8890607749211,8890607749243
perception,13042,0,8890607749371,8890607749403
perception,13043,0,8890607749531,8890607749595
perception,13044,0,8890607749723,8890607749787
perception,13045,0,8890607749883,8890607749947
perception,13046,0,8890607750075,8890607750107
perception,13047,0,8890607750235,8890607750299
perception,13048,0,8890607750427,8890607750491
perception,13049,0,8890607750587,8890607750651
perception,13050,0,8890607750779,8890607750811
perception,13051,0,8890607750939,8890607751003
perception,13052,0,8890607751099,8890607751163
perception,13053,0,8890607751291,8890607751355
perception,13054,0,8890607751483,8890607751515
perception,13055,0,8890607751611,8890607751707
perception,13056,0,8890607754363,8890607754427
perception,13057,0,8890607754555,8890607754619
perception,13058,0,8890607754715,8890607754779
perception,13059,0,8890607754907,8890607754971
perception,13060,0,8890607755067,8890607755131
perception,13061,0,8890607755259,8890607755323
perception,13062,0,8890607755419,8890607755483
perception,13063,0,8890607755579,8890607755643
perception,13064,0,8890607755739,8890607755803
perception,13065,0,8890607755899,8890607755963
perception,13066,0,8890607756091,8890607756123
perception,13067,0,8890607756251,8890607756315
perception,13068,0,8890607756379,8890607756475
perception,13069,0,8890607756571,8890607756635
perception,13070,0,8890607756731,8890607756795
perception,13071,0,8890607756923,8890607756955
perception,13072,0,8890607757083,8890607757115
perception,13073,0,8890607757211,8890607757275
perception,13074,0,8890607757403,8890607757467
perception,13075,0,8890607757595,8890607757659
perception,13076,0,8890607757787,8890607757819
perception,13077,0,8890607757915,8890607757979
perception,13078,0,8890607758107,8890607758203
perception,13079,0,8890607758299,8890607758331
perception,13080,0,8890607758459,8890607758523
perception,13081,0,8890607758651,8890607758747
perception,13082,0,8890607758843,8890607758907
perception,13083,0,8890607759003,8890607759035
perception,13084,0,8890607759163,8890607759227
perception,13085,0,8890607759323,8890607759387
perception,13086,0,8890607759483,8890607759547
perception,13087,0,8890607759675,8890607759739
perception,13088,0,8890607759835,8890607759899
perception,13089,0,8890607760027,8890607760059
perception,13090,0,8890607760187,8890607760251
perception,13091,0,8890607760347,8890607760443
perception,13092,0,8890607760539,8890607760571
perception,13093,0,8890607760699,8890607760731
perception,13094,0,8890607760859,8890607760891
perception,13095,0,8890607761019,8890607761083
perception,13096,0,8890607761179,8890607761243
perception,13097,0,8890607761371,8890607761403
perception,13098,0,8890607761531,8890607761563
perception,13099,0,8890607761691,8890607761755
perception,13100,0,8890607761851,8890607761915
perception,13101,0,8890607762011,8890607762075
perception,13102,0,8890607762171,8890607762235
perception,13103,0,8890607762331,8890607762395
perception,13104,0,8890607762523,8890607762555
perception,13105,0,8890607762683,8890607762715
perception,13106,0,8890607762811,8890607762907
perception,13107,0,8890607763003,8890607763067
perception,13108,0,8890607763163,8890607763227
perception,13109,0,8890607763355,8890607763387
perception,13110,0,8890607763515,8890607763547
perception,13111,0,8890607763643,8890607763707
perception,13112,0,8890607763803,8890607763867
perception,13113,0,8890607763963,8890607764027
perception,13114,0,8890607764123,8890607764187
perception,13115,0,8890607764315,8890607764347
perception,13116,0,8890607764475,8890607764507
perception,13117,0,8890607764635,8890607764667
perception,13118,0,8890607764763,8890607764827
perception,13119,0,8890607764923,8890607764987
perception,13120,0,8890607765115,8890607765179
perception,13121,0,8890607765275,8890607765339
perception,13122,0,8890607765435,8890607765499
perception,13123,0,8890607765627,8890607765691
perception,13124,0,8890607765787,8890607765851
perception,13125,0,8890607765979,8890607766011
perception,13126,0,8890607766139,8890607766171
perception,13127,0,8890607766299,8890607766363
perception,13128,0,8890607766459,8890607766523
perception,13129,0,8890607766619,8890607766715
perception,13130,0,8890607766811,8890607766875
perception,13131,0,8890607766971,8890607767003
perception,13132,0,8890607767131,8890607767195
perception,13133,0,8890607767291,8890607767355
perception,13134,0,8890607767451,8890607767515
perception,13135,0,8890607767643,8890607767707
perception,13136,0,8890607767803,8890607767835
perception,13137,0,8890607767963,8890607768027
perception,13138,0,8890607768123,8890607768187
perception,13139,0,8890607768315,8890607768379
perception,13140,0,8890607768475,8890607768539
perception,13141,0,8890607768635,8890607768699
perception,13142,0,8890607768827,8890607768859
perception,13143,0,8890607768987,8890607769051
perception,13144,0,8890607769147,8890607769211
perception,13145,0,8890607769339,8890607769371
perception,13146,0,8890607769499,8890607769564
perception,13147,0,8890607769660,8890607769724
perception,13148,0,8890607769820,8890607769884
perception,13149,0,8890607769980,8890607770044
perception,13150,0,8890607770140,8890607770204
perception,13151,0,8890607770300,8890607770364
perception,13152,0,8890607770460,8890607770524
perception,13153,0,8890607770620,8890607770684
perception,13154,0,8890607770780,8890607770844
perception,13155,0,8890607770940,8890607771004
perception,13156,0,8890607771100,8890607771164
perception,13157,0,8890607771260,8890607771324
perception,13158,0,8890607771452,8890607771484
perception,13159,0,8890607771612,8890607771644
perception,13160,0,8890607771772,8890607771804
perception,13161,0,8890607771932,8890607771996
perception,13162,0,8890607772092,8890607772156
perception,13163,0,8890607772252,8890607772316
perception,13164,0,8890607772444,8890607772476
perception,13165,0,8890607772604,8890607772668
perception,13166,0,8890607772764,8890607772828
perception,13167,0,8890607772924,8890607773020
perception,13168,0,8890607773116,8890607773148
perception,13169,0,8890607773308,8890607773340
perception,13170,0,8890607773436,8890607773500
perception,13171,0,8890607773596,8890607773692
perception,13172,0,8890607773788,8890607773852
perception,13173,0,8890607773948,8890607774012
perception,13174,0,8890607774108,8890607774140
perception,13175,0,8890607774268,8890607774332
perception,13176,0,8890607774460,8890607774524
perception,13177,0,8890607774620,8890607774684
perception,13178,0,8890607774780,8890607774844
perception,13179,0,8890607774940,8890607775004
perception,13180,0,8890607775132,8890607775164
perception,13181,0,8890607775260,8890607775324
perception,13182,0,8890607775420,8890607775484
perception,13183,0,8890607775580,8890607775676
perception,13184,0,8890607777916,8890607777980
perception,13185,0,8890607778140,8890607778204
perception,13186,0,8890607778268,8890607778332
perception,13187,0,8890607778460,8890607778524
perception,13188,0,8890607778620,8890607778684
perception,13189,0,8890607778812,8890607778876
perception,13190,0,8890607779004,8890607779036
perception,13191,0,8890607779164,8890607779228
perception,13192,0,8890607779324,8890607779388
perception,13193,0,8890607779484,8890607779548
perception,13194,0,8890607779644,8890607779708
perception,13195,0,8890607779836,8890607779868
perception,13196,0,8890607779996,8890607780028
perception,13197,0,8890607780156,8890607780220
perception,13198,0,8890607780316,8890607780380
perception,13199,0,8890607780508,8890607780572
perception,13200,0,8890607780700,8890607780732
perception,13201,0,8890607780860,8890607780892
perception,13202,0,8890607780988,8890607781052
perception,13203,0,8890607781148,8890607781244
perception,13204,0,8890607781372,8890607781404
perception,13205,0,8890607781532,8890607781564
perception,13206,0,8890607781692,8890607781724
perception,13207,0,8890607781820,8890607781884
perception,13208,0,8890607782012,8890607782076
perception,13209,0,8890607782172,8890607782236
perception,13210,0,8890607782332,8890607782396
perception,13211,0,8890607782492,8890607782524
perception,13212,0,8890607782684,8890607782716
perception,13213,0,8890607782812,8890607782876
perception,13214,0,8890607783004,8890607783068
perception,13215,0,8890607783164,8890607783228
perception,13216,0,8890607783324,8890607783388
perception,13217,0,8890607783516,8890607783548
perception,13218,0,8890607783644,8890607783708
perception,13219,0,8890607783804,8890607783868
perception,13220,0,8890607783964,8890607784028
perception,13221,0,8890607784124,8890607784188
perception,13222,0,8890607784284,8890607784348
perception,13223,0,8890607784444,8890607784476
perception,13224,0,8890607784604,8890607784636
perception,13225,0,8890607784828,8890607784892
perception,13226,0,8890607784988,8890607785052
perception,13227,0,8890607785148,8890607785212
perception,13228,0,8890607785340,8890607785372
perception,13229,0,8890607785468,8890607785532
perception,13230,0,8890607785628,8890607785692
perception,13231,0,8890607785788,8890607785884
perception,13232,0,8890607785980,8890607786012
perception,13233,0,8890607786172,8890607786204
perception,13234,0,8890607786300,8890607786364
perception,13235,0,8890607786460,8890607786524
perception,13236,0,8890607786620,8890607786716
perception,13237,0,8890607786812,8890607786876
perception,13238,0,8890607786972,8890607787004
perception,13239,0,8890607787132,8890607787196
perception,13240,0,8890607787292,8890607787356
perception,13241,0,8890607787452,8890607787516
perception,13242,0,8890607787612,8890607787676
perception,13243,0,8890607787804,8890607787836
perception,13244,0,8890607787964,8890607787996
perception,13245,0,8890607788124,8890607788188
perception,13246,0,8890607788284,8890607788380
perception,13247,0,8890607788476,8890607788540
perception,13248,0,8890607788636,8890607788668
perception,13249,0,8890607788796,8890607788828
perception,13250,0,8890607788956,8890607789020
perception,13251,0,8890607789116,8890607789180
perception,13252,0,8890607789276,8890607789340
perception,13253,0,8890607789436,8890607789500
perception,13254,0,8890607789596,8890607789660
perception,13255,0,8890607789756,8890607789820
perception,13256,0,8890607789948,8890607790012
perception,13257,0,8890607790108,8890607790172
perception,13258,0,8890607790268,8890607790332
perception,13259,0,8890607790428,8890607790492
perception,13260,0,8890607790588,8890607790652
perception,13261,0,8890607790780,8890607790812
perception,13262,0,8890607790940,8890607791004
perception,13263,0,8890607791132,8890607791196
perception,13264,0,8890607791292,8890607791356
perception,13265,0,8890607791452,8890607791516
perception,13266,0,8890607791612,8890607791676
perception,13267,0,8890607791772,8890607791836
perception,13268,0,8890607791900,8890607791996
perception,13269,0,8890607792092,8890607792156
perception,13270,0,8890607792252,8890607792316
perception,13271,0,8890607792444,8890607792476
perception,13272,0,8890607792604,8890607792636
perception,13273,0,8890607792732,8890607792796
perception,13274,0,8890607792892,8890607792988
perception,13275,0,8890607793084,8890607793148
perception,13276,0,8890607793244,8890607793308
perception,13277,0,8890607793436,8890607793468
perception,13278,0,8890607793564,8890607793660
perception,13279,0,8890607793788,8890607793852
perception,13280,0,8890607793948,8890607794012
perception,13281,0,8890607794140,8890607794172
perception,13282,0,8890607794300,8890607794364
perception,13283,0,8890607794460,8890607794524
perception,13284,0,8890607794620,8890607794684
perception,13285,0,8890607794780,8890607794844
perception,13286,0,8890607794940,8890607795004
perception,13287,0,8890607795132,8890607795164
perception,13288,0,8890607795260,8890607795324
perception,13289,0,8890607795420,8890607795484
perception,13290,0,8890607795612,8890607795676
perception,13291,0,8890607795772,8890607795804
perception,13292,0,8890607795932,8890607795964
perception,13293,0,8890607796092,8890607796156
perception,13294,0,8890607796252,8890607796316
perception,13295,0,8890607796412,8890607796476
perception,13296,0,8890607796572,8890607796636
perception,13297,0,8890607796732,8890607796796
perception,13298,0,8890607796924,8890607796956
perception,13299,0,8890607797084,8890607797116
perception,13300,0,8890607797276,8890607797340
perception,13301,0,8890607797436,8890607797500
perception,13302,0,8890607797597,8890607797661
perception,13303,0,8890607797789,8890607797821
perception,13304,0,8890607797917,8890607797981
perception,13305,0,8890607798077,8890607798141
perception,13306,0,8890607798269,8890607798333
perception,13307,0,8890607798429,8890607798461
perception,13308,0,8890607798589,8890607798621
perception,13309,0,8890607798749,8890607798781
perception,13310,0,8890607798909,8890607798941
perception,13311,0,8890607799069,8890607799133
perception,13312,0,8890608102695,8890608102759
perception,13313,0,8890608103207,8890608103239
perception,13314,0,8890608103367,8890608103399
perception,13315,0,8890608103527,8890608103591
perception,13316,0,8890608103719,8890608103783
perception,13317,0,8890608103911,8890608103943
perception,13318,0,8890608104071,8890608104103
perception,13319,0,8890608104231,8890608104295
perception,13320,0,8890608104423,8890608104487
perception,13321,0,8890608104615,8890608104647
perception,13322,0,8890608104775,8890608104839
perception,13323,0,8890608104935,8890608104999
perception,13324,0,8890608105159,8890608105223
perception,13325,0,8890608105351,8890608105383
perception,13326,0,8890608105479,8890608105543
perception,13327,0,8890608105607,8890608105703
perception,13328,0,8890608105799,8890608105863
perception,13329,0,8890608105960,8890608106024
perception,13330,0,8890608106120,8890608106184
perception,13331,0,8890608106312,8890608106376
perception,13332,0,8890608106472,8890608106568
perception,13333,0,8890608106664,8890608106728
perception,13334,0,8890608106824,8890608106888
perception,13335,0,8890608106984,8890608107016
perception,13336,0,8890608107144,8890608107208
perception,13337,0,8890608107304,8890608107368
perception,13338,0,8890608107464,8890608107528
perception,13339,0,8890608107656,8890608107720
perception,13340,0,8890608107816,8890608107848
perception,13341,0,8890608107976,8890608108040
perception,13342,0,8890608108136,8890608108200
perception,13343,0,8890608108296,8890608108360
perception,13344,0,8890608108456,8890608108520
perception,13345,0,8890608108648,8890608108680
perception,13346,0,8890608108808,8890608108840
perception,13347,0,8890608108968,8890608109032
perception,13348,0,8890608109128,8890608109224
perception,13349,0,8890608109320,8890608109384
perception,13350,0,8890608109512,8890608109544
perception,13351,0,8890608109672,8890608109736
perception,13352,0,8890608109832,8890608109896
perception,13353,0,8890608109992,8890608110056
perception,13354,0,8890608110152,8890608110248
perception,13355,0,8890608110312,8890608110376
perception,13356,0,8890608110504,8890608110536
perception,13357,0,8890608110664,8890608110696
perception,13358,0,8890608110792,8890608110888
perception,13359,0,8890608110984,8890608111048
perception,13360,0,8890608111144,8890608111208
perception,13361,0,8890608111304,8890608111368
perception,13362,0,8890608111464,8890608111496
perception,13363,0,8890608111624,8890608111688
perception,13364,0,8890608111784,8890608111848
perception,13365,0,8890608111944,8890608112008
perception,13366,0,8890608112104,8890608112200
perception,13367,0,8890608112264,8890608112328
perception,13368,0,8890608112456,8890608112488
perception,13369,0,8890608112616,8890608112680
perception,13370,0,8890608112776,8890608112840
perception,13371,0,8890608112936,8890608113000
perception,13372,0,8890608113128,8890608113160
perception,13373,0,8890608113288,8890608113320
perception,13374,0,8890608113448,8890608113512
perception,13375,0,8890608113576,8890608113672
perception,13376,0,8890608113768,8890608113832
perception,13377,0,8890608113928,8890608113992
perception,13378,0,8890608114088,8890608114152
perception,13379,0,8890608114280,8890608114344
perception,13380,0,8890608114472,8890608114536
perception,13381,0,8890608114664,8890608114696
perception,13382,0,8890608114824,8890608114856
perception,13383,0,8890608114984,8890608115048
perception,13384,0,8890608115144,8890608115208
perception,13385,0,8890608115304,8890608115368
perception,13386,0,8890608115496,8890608115560
perception,13387,0,8890608115656,8890608115688
perception,13388,0,8890608115816,8890608115848
perception,13389,0,8890608115976,8890608116040
perception,13390,0,8890608116136,8890608116200
perception,13391,0,8890608116328,8890608116392
perception,13392,0,8890608116488,8890608116520
perception,13393,0,8890608116648,8890608116712
perception,13394,0,8890608116808,8890608116872
perception,13395,0,8890608116968,8890608117032
perception,13396,0,8890608117128,8890608117224
perception,13397,0,8890608117352,8890608117384
perception,13398,0,8890608117512,8890608117544
perception,13399,0,8890608117640,8890608117704
perception,13400,0,8890608117800,8890608117864
perception,13401,0,8890608117960,8890608118024
perception,13402,0,8890608118152,8890608118216
perception,13403,0,8890608118312,8890608118344
perception,13404,0,8890608118472,8890608118504
perception,13405,0,8890608118632,8890608118664
perception,13406,0,8890608118760,8890608118824
perception,13407,0,8890608118920,8890608118984
perception,13408,0,8890608119080,8890608119144
perception,13409,0,8890608119240,8890608119336
perception,13410,0,8890608119400,8890608119464
perception,13411,0,8890608119560,8890608119592
perception,13412,0,8890608119720,8890608119784
perception,13413,0,8890608119880,8890608119944
perception,13414,0,8890608120040,8890608120104
perception,13415,0,8890608120200,8890608120264
perception,13416,0,8890608120360,8890608120424
perception,13417,0,8890608120520,8890608120584
perception,13418,0,8890608120712,8890608120744
perception,13419,0,8890608120872,8890608120936
perception,13420,0,8890608121032,8890608121096
perception,13421,0,8890608121192,8890608121256
perception,13422,0,8890608121352,8890608121416
perception,13423,0,8890608121544,8890608121576
perception,13424,0,8890608121704,8890608121736
perception,13425,0,8890608121832,8890608121896
perception,13426,0,8890608122024,8890608122088
perception,13427,0,8890608122184,8890608122248
perception,13428,0,8890608122344,8890608122408
perception,13429,0,8890608122536,8890608122600
perception,13430,0,8890608122696,8890608122760
perception,13431,0,8890608122856,8890608122920
perception,13432,0,8890608123016,8890608123112
perception,13433,0,8890608123208,8890608123240
perception,13434,0,8890608123368,8890608123432
perception,13435,0,8890608123528,8890608123592
perception,13436,0,8890608123720,8890608123784
perception,13437,0,8890608123880,8890608123944
perception,13438,0,8890608124072,8890608124104
perception,13439,0,8890608124232,8890608124264
perception,13440,0,8890608124392,8890608124488
perception,13441,0,8890608124584,8890608124648
perception,13442,0,8890608124744,8890608124776
perception,13443,0,8890608124904,8890608124968
perception,13444,0,8890608125064,8890608125160
perception,13445,0,8890608125256,8890608125320
perception,13446,0,8890608125416,8890608125480
perception,13447,0,8890608125576,8890608125608
perception,13448,0,8890608125768,8890608125800
perception,13449,0,8890608125896,8890608125960
perception,13450,0,8890608126056,8890608126120
perception,13451,0,8890608126216,8890608126280
perception,13452,0,8890608126376,8890608126440
perception,13453,0,8890608126536,8890608126600
perception,13454,0,8890608126728,8890608126792
perception,13455,0,8890608126888,8890608126952
perception,13456,0,8890608127048,8890608127144
perception,13457,0,8890608127240,8890608127304
perception,13458,0,8890608127400,8890608127432
perception,13459,0,8890608127560,8890608127592
perception,13460,0,8890608127720,8890608127784
perception,13461,0,8890608127880,8890608127944
perception,13462,0,8890608128040,8890608128104
perception,13463,0,8890608128200,8890608128264
perception,13464,0,8890608128392,8890608128424
perception,13465,0,8890608128552,8890608128584
perception,13466,0,8890608128680,8890608128776
perception,13467,0,8890608128904,8890608128968
perception,13468,0,8890608129096,8890608129128
perception,13469,0,8890608129256,8890608129288
perception,13470,0,8890608129416,8890608129480
perception,13471,0,8890608129608,8890608129672
perception,13472,0,8890608129768,8890608129800
perception,13473,0,8890608129928,8890608129960
perception,13474,0,8890608130088,8890608130120
perception,13475,0,8890608130248,8890608130312
perception,13476,0,8890608130408,8890608130472
perception,13477,0,8890608130568,8890608130664
perception,13478,0,8890608130760,8890608130792
perception,13479,0,8890608130920,8890608130952
perception,13480,0,8890608131080,8890608131144
perception,13481,0,8890608131240,8890608131304
perception,13482,0,8890608131432,8890608131496
perception,13483,0,8890608131592,8890608131624
perception,13484,0,8890608131752,8890608131784
perception,13485,0,8890608131912,8890608131976
perception,13486,0,8890608132104,8890608132168
perception,13487,0,8890608132264,8890608132328
perception,13488,0,8890608132424,8890608132456
perception,13489,0,8890608132584,8890608132648
perception,13490,0,8890608132744,8890608132808
perception,13491,0,8890608132904,8890608132968
perception,13492,0,8890608133064,8890608133128
perception,13493,0,8890608133224,8890608133288
perception,13494,0,8890608133384,8890608133448
perception,13495,0,8890608133544,8890608133576
perception,13496,0,8890608133704,8890608133736
perception,13497,0,8890608133864,8890608133896
perception,13498,0,8890608134025,8890608134057
perception,13499,0,8890608134185,8890608134281
perception,13500,0,8890608134377,8890608134441
perception,13501,0,8890608134569,8890608134633
perception,13502,0,8890608134729,8890608134793
perception,13503,0,8890608134889,8890608134953
perception,13504,0,8890608135049,8890608135145
perception,13505,0,8890608135241,8890608135273
perception,13506,0,8890608135401,8890608135433
perception,13507,0,8890608135593,8890608135657
perception,13508,0,8890608135753,8890608135817
perception,13509,0,8890608135977,8890608136009
perception,13510,0,8890608136105,8890608136169
perception,13511,0,8890608136265,8890608136329
perception,13512,0,8890608136425,8890608136521
perception,13513,0,8890608136617,8890608136681
perception,13514,0,8890608136777,8890608136809
perception,13515,0,8890608136937,8890608137001
perception,13516,0,8890608137129,8890608137193
perception,13517,0,8890608137289,8890608137353
perception,13518,0,8890608137481,8890608137513
perception,13519,0,8890608137641,8890608137673
perception,13520,0,8890608137801,8890608137833
perception,13521,0,8890608137929,8890608138025
perception,13522,0,8890608138121,8890608138185
perception,13523,0,8890608138313,8890608138345
perception,13524,0,8890608138473,8890608138505
perception,13525,0,8890608138633,8890608138665
perception,13526,0,8890608138761,8890608138857
perception,13527,0,8890608138953,8890608139017
perception,13528,0,8890608139145,8890608139177
perception,13529,0,8890608139305,8890608139369
perception,13530,0,8890608139465,8890608139529
perception,13531,0,8890608139625,8890608139689
perception,13532,0,8890608139785,8890608139849
perception,13533,0,8890608139945,8890608140009
perception,13534,0,8890608140105,8890608140169
perception,13535,0,8890608140265,8890608140297
perception,13536,0,8890608140425,8890608140457
perception,13537,0,8890608140585,8890608140617
perception,13538,0,8890608140713,8890608140777
perception,13539,0,8890608140873,8890608140969
perception,13540,0,8890608141033,8890608141129
perception,13541,0,8890608141225,8890608141289
perception,13542,0,8890608141385,8890608141417
perception,13543,0,8890608141545,8890608141577
perception,13544,0,8890608141705,8890608141769
perception,13545,0,8890608141833,8890608141929
perception,13546,0,8890608142025,8890608142089
perception,13547,0,8890608142185,8890608142249
perception,13548,0,8890608142345,8890608142409
perception,13549,0,8890608142505,8890608142569
perception,13550,0,8890608142697,8890608142729
perception,13551,0,8890608142857,8890608142921
perception,13552,0,8890608143017,8890608143081
perception,13553,0,8890608143177,8890608143241
perception,13554,0,8890608143337,8890608143369
perception,13555,0,8890608143497,8890608143561
perception,13556,0,8890608143657,8890608143721
perception,13557,0,8890608143817,8890608143881
perception,13558,0,8890608143977,8890608144073
perception,13559,0,8890608144169,8890608144233
perception,13560,0,8890608144329,8890608144361
perception,13561,0,8890608144489,8890608144553
perception,13562,0,8890608144649,8890608144713
perception,13563,0,8890608144809,8890608144873
perception,13564,0,8890608144969,8890608145065
perception,13565,0,8890608145129,8890608145193
perception,13566,0,8890608145321,8890608145353
perception,13567,0,8890608145481,8890608145513
perception,13568,0,8890608145641,8890608145737
perception,13569,0,8890608145833,8890608145897
perception,13570,0,8890608145993,8890608146025
perception,13571,0,8890608146153,8890608146185
perception,13572,0,8890608146313,8890608146377
perception,13573,0,8890608146473,8890608146537
perception,13574,0,8890608146633,8890608146697
perception,13575,0,8890608146793,8890608146857
perception,13576,0,8890608146953,8890608147017
perception,13577,0,8890608147113,8890608147145
perception,13578,0,8890608147273,8890608147305
perception,13579,0,8890608147433,8890608147465
perception,13580,0,8890608147593,8890608147625
perception,13581,0,8890608147753,8890608147817
perception,13582,0,8890608147913,8890608147977
perception,13583,0,8890608148073,8890608148137
perception,13584,0,8890608148265,8890608148297
perception,13585,0,8890608148425,8890608148457
perception,13586,0,8890608148553,8890608148617
perception,13587,0,8890608148745,8890608148809
perception,13588,0,8890608148905,8890608148969
perception,13589,0,8890608149097,8890608149129
perception,13590,0,8890608149257,8890608149353
perception,13591,0,8890608149449,8890608149513
perception,13592,0,8890608149609,8890608149673
perception,13593,0,8890608149769,8890608149801
perception,13594,0,8890608149929,8890608149993
perception,13595,0,8890608150089,8890608150153
perception,13596,0,8890608150249,8890608150313
perception,13597,0,8890608150409,8890608150473
perception,13598,0,8890608150601,8890608150665
perception,13599,0,8890608150761,8890608150793
perception,13600,0,8890608150921,8890608150953
perception,13601,0,8890608151081,8890608151145
perception,13602,0,8890608151241,8890608151305
perception,13603,0,8890608151401,8890608151465
perception,13604,0,8890608151593,8890608151625
perception,13605,0,8890608151753,8890608151785
perception,13606,0,8890608151913,8890608151945
perception,13607,0,8890608152041,8890608152137
perception,13608,0,8890608152233,8890608152297
perception,13609,0,8890608152393,8890608152457
perception,13610,0,8890608152553,8890608152617
perception,13611,0,8890608152713,8890608152745
perception,13612,0,8890608152873,8890608152937
perception,13613,0,8890608153033,8890608153097
perception,13614,0,8890608153193,8890608153289
perception,13615,0,8890608153385,8890608153449
perception,13616,0,8890608153545,8890608153577
perception,13617,0,8890608153705,8890608153737
perception,13618,0,8890608153865,8890608153929
perception,13619,0,8890608154025,8890608154089
perception,13620,0,8890608154185,8890608154249
perception,13621,0,8890608154345,8890608154409
perception,13622,0,8890608154505,8890608154569
perception,13623,0,8890608154665,8890608154697
perception,13624,0,8890608154825,8890608154857
perception,13625,0,8890608154985,8890608155017
perception,13626,0,8890608155145,8890608155177
perception,13627,0,8890608155273,8890608155337
perception,13628,0,8890608155433,8890608155497
perception,13629,0,8890608155593,8890608155689
perception,13630,0,8890608155753,8890608155817
perception,13631,0,8890608155945,8890608155977
perception,13632,0,8890608156105,8890608156137
perception,13633,0,8890608156265,8890608156297
perception,13634,0,8890608156393,8890608156489
perception,13635,0,8890608156585,8890608156649
perception,13636,0,8890608156745,8890608156809
perception,13637,0,8890608156905,8890608156937
perception,13638,0,8890608157097,8890608157129
perception,13639,0,8890608157225,8890608157289
perception,13640,0,8890608157385,8890608157449
perception,13641,0,8890608157577,8890608157641
perception,13642,0,8890608157737,8890608157801
perception,13643,0,8890608157929,8890608157961
perception,13644,0,8890608158057,8890608158121
perception,13645,0,8890608158217,8890608158313
perception,13646,0,8890608158409,8890608158473
perception,13647,0,8890608158569,8890608158633
perception,13648,0,8890608158729,8890608158793
perception,13649,0,8890608158921,8890608158953
perception,13650,0,8890608159049,8890608159113
perception,13651,0,8890608159209,8890608159273
perception,13652,0,8890608159401,8890608159465
perception,13653,0,8890608159561,8890608159593
perception,13654,0,8890608159721,8890608159753
perception,13655,0,8890608159881,8890608159945
perception,13656,0,8890608160041,8890608160105
perception,13657,0,8890608160201,8890608160265
perception,13658,0,8890608160393,8890608160457
perception,13659,0,8890608160553,8890608160585
perception,13660,0,8890608160713,8890608160745
perception,13661,0,8890608160873,8890608160937
perception,13662,0,8890608161033,8890608161097
perception,13663,0,8890608161193,8890608161257
perception,13664,0,8890608161353,8890608161417
perception,13665,0,8890608161513,8890608161577
perception,13666,0,8890608161673,8890608161705
perception,13667,0,8890608161833,8890608161865
perception,13668,0,8890608161994,8890608162058
perception,13669,0,8890608162186,8890608162250
perception,13670,0,8890608162346,8890608162410
perception,13671,0,8890608162506,8890608162538
perception,13672,0,8890608162666,8890608162698
perception,13673,0,8890608162826,8890608162858
perception,13674,0,8890608162954,8890608163050
perception,13675,0,8890608163146,8890608163210
perception,13676,0,8890608163306,8890608163370
perception,13677,0,8890608163466,8890608163530
perception,13678,0,8890608163658,8890608163690
perception,13679,0,8890608163818,8890608163850
perception,13680,0,8890608163946,8890608164010
perception,13681,0,8890608164138,8890608164202
perception,13682,0,8890608164330,8890608164362
perception,13683,0,8890608164490,8890608164522
perception,13684,0,8890608164650,8890608164714
perception,13685,0,8890608164810,8890608164874
perception,13686,0,8890608165002,8890608165066
perception,13687,0,8890608165162,8890608165226
perception,13688,0,8890608165354,8890608165386
perception,13689,0,8890608165482,8890608165546
perception,13690,0,8890608165642,8890608165738
perception,13691,0,8890608165834,8890608165898
perception,13692,0,8890608165994,8890608166026
perception,13693,0,8890608166154,8890608166186
perception,13694,0,8890608166314,8890608166378
perception,13695,0,8890608166474,8890608166538
perception,13696,0,8890608166634,8890608166730
perception,13697,0,8890608166826,8890608166890
perception,13698,0,8890608167018,8890608167050
perception,13699,0,8890608167146,8890608167210
perception,13700,0,8890608167338,8890608167402
perception,13701,0,8890608167530,8890608167594
perception,13702,0,8890608167690,8890608167722
perception,13703,0,8890608167850,8890608167914
perception,13704,0,8890608168010,8890608168074
perception,13705,0,8890608168170,8890608168234
perception,13706,0,8890608168330,8890608168394
perception,13707,0,8890608168490,8890608168554
perception,13708,0,8890608168682,8890608168714
perception,13709,0,8890608168842,8890608168874
perception,13710,0,8890608168970,8890608169034
perception,13711,0,8890608169130,8890608169194
perception,13712,0,8890608169290,8890608169354
perception,13713,0,8890608169450,8890608169514
perception,13714,0,8890608169610,8890608169674
perception,13715,0,8890608169770,8890608169834
perception,13716,0,8890608169930,8890608169962
perception,13717,0,8890608170090,8890608170154
perception,13718,0,8890608170250,8890608170314
perception,13719,0,8890608170410,8890608170474
perception,13720,0,8890608170570,8890608170634
perception,13721,0,8890608170730,8890608170794
perception,13722,0,8890608170922,8890608170954
perception,13723,0,8890608171114,8890608171178
perception,13724,0,8890608171274,8890608171338
perception,13725,0,8890608171434,8890608171498
perception,13726,0,8890608171626,8890608171658
perception,13727,0,8890608171786,8890608171850
perception,13728,0,8890608171946,8890608172010
perception,13729,0,8890608172106,8890608172170
perception,13730,0,8890608172298,8890608172330
perception,13731,0,8890608172458,8890608172490
perception,13732,0,8890608172618,8890608172650
perception,13733,0,8890608172778,8890608172842
perception,13734,0,8890608172938,8890608173002
perception,13735,0,8890608173098,8890608173162
perception,13736,0,8890608173290,8890608173322
perception,13737,0,8890608173450,8890608173482
perception,13738,0,8890608173578,8890608173642
perception,13739,0,8890608173738,8890608173834
perception,13740,0,8890608173930,8890608173994
perception,13741,0,8890608174090,8890608174154
perception,13742,0,8890608174250,8890608174282
perception,13743,0,8890608174410,8890608174474
perception,13744,0,8890608174570,8890608174634
perception,13745,0,8890608174730,8890608174794
perception,13746,0,8890608174890,8890608174954
perception,13747,0,8890608175050,8890608175146
perception,13748,0,8890608175242,8890608175306
perception,13749,0,8890608175402,8890608175466
perception,13750,0,8890608175562,8890608175626
perception,13751,0,8890608175722,8890608175786
perception,13752,0,8890608175882,8890608175946
perception,13753,0,8890608176042,8890608176106
perception,13754,0,8890608176202,8890608176266
perception,13755,0,8890608176362,8890608176394
perception,13756,0,8890608176522,8890608176554
perception,13757,0,8890608176714,8890608176778
perception,13758,0,8890608176874,8890608176938
perception,13759,0,8890608177034,8890608177098
perception,13760,0,8890608177194,8890608177258
perception,13761,0,8890608177354,8890608177418
perception,13762,0,8890608177514,8890608177578
perception,13763,0,8890608177674,8890608177770
perception,13764,0,8890608177866,8890608177930
perception,13765,0,8890608178026,8890608178058
perception,13766,0,8890608178186,8890608178250
perception,13767,0,8890608178346,8890608178410
perception,13768,0,8890608178506,8890608178570
perception,13769,0,8890608178666,8890608178762
perception,13770,0,8890608178858,8890608178922
perception,13771,0,8890608179018,8890608179050
perception,13772,0,8890608179178,8890608179210
perception,13773,0,8890608179338,8890608179402
perception,13774,0,8890608179530,8890608179594
perception,13775,0,8890608179690,8890608179754
perception,13776,0,8890608179850,8890608179914
perception,13777,0,8890608180042,8890608180074
perception,13778,0,8890608180170,8890608180234
perception,13779,0,8890608180330,8890608180426
perception,13780,0,8890608180554,8890608180586
perception,13781,0,8890608180714,8890608180746
perception,13782,0,8890608180874,8890608180938
perception,13783,0,8890608181034,8890608181098
perception,13784,0,8890608181258,8890608181290
perception,13785,0,8890608181418,8890608181450
perception,13786,0,8890608181578,8890608181610
perception,13787,0,8890608181706,8890608181770
perception,13788,0,8890608181898,8890608181962
perception,13789,0,8890608182058,8890608182122
perception,13790,0,8890608182218,8890608182250
perception,13791,0,8890608182410,8890608182474
perception,13792,0,8890608182602,8890608182666
perception,13793,0,8890608182794,8890608182826
perception,13794,0,8890608182954,8890608182986
perception,13795,0,8890608183114,8890608183178
perception,13796,0,8890608183274,8890608183338
perception,13797,0,8890608183434,8890608183498
perception,13798,0,8890608183594,8890608183658
perception,13799,0,8890608183754,8890608183818
perception,13800,0,8890608183914,8890608183946
perception,13801,0,8890608184074,8890608184138
perception,13802,0,8890608184234,8890608184298
perception,13803,0,8890608184394,8890608184458
perception,13804,0,8890608184586,8890608184650
perception,13805,0,8890608184746,8890608184810
perception,13806,0,8890608184906,8890608184970
perception,13807,0,8890608185066,8890608185130
perception,13808,0,8890608185226,8890608185322
perception,13809,0,8890608185450,8890608185482
perception,13810,0,8890608185610,8890608185642
perception,13811,0,8890608185770,8890608185866
perception,13812,0,8890608185962,8890608186026
perception,13813,0,8890608186122,8890608186186
perception,13814,0,8890608186282,8890608186346
perception,13815,0,8890608186474,8890608186506
perception,13816,0,8890608186634,8890608186698
perception,13817,0,8890608186794,8890608186858
perception,13818,0,8890608186986,8890608187050
perception,13819,0,8890608187146,8890608187210
perception,13820,0,8890608187306,8890608187370
perception,13821,0,8890608187498,8890608187594
perception,13822,0,8890608187690,8890608187722
perception,13823,0,8890608187850,8890608187882
perception,13824,0,8890608188010,8890608188074
perception,13825,0,8890608188170,8890608188234
perception,13826,0,8890608188330,8890608188426
perception,13827,0,8890608188490,8890608188554
perception,13828,0,8890608188682,8890608188714
perception,13829,0,8890608188842,8890608188874
perception,13830,0,8890608189002,8890608189066
perception,13831,0,8890608189194,8890608189258
perception,13832,0,8890608189386,8890608189418
perception,13833,0,8890608189546,8890608189578
perception,13834,0,8890608189674,8890608189738
perception,13835,0,8890608189834,8890608189898
perception,13836,0,8890608189995,8890608190059
perception,13837,0,8890608190155,8890608190219
perception,13838,0,8890608190347,8890608190379
perception,13839,0,8890608190507,8890608190571
perception,13840,0,8890608190667,8890608190731
perception,13841,0,8890608190827,8890608190891
perception,13842,0,8890608191019,8890608191083
perception,13843,0,8890608191179,8890608191211
perception,13844,0,8890608191371,8890608191403
perception,13845,0,8890608191531,8890608191595
perception,13846,0,8890608191691,8890608191755
perception,13847,0,8890608191883,8890608191915
perception,13848,0,8890608192043,8890608192075
perception,13849,0,8890608192203,8890608192267
perception,13850,0,8890608192363,8890608192459
perception,13851,0,8890608192555,8890608192619
perception,13852,0,8890608192715,8890608192747
perception,13853,0,8890608192875,8890608192939
perception,13854,0,8890608193035,8890608193099
perception,13855,0,8890608193227,8890608193291
perception,13856,0,8890608193387,8890608193451
perception,13857,0,8890608193547,8890608193611
perception,13858,0,8890608193739,8890608193803
perception,13859,0,8890608193899,8890608193963
perception,13860,0,8890608194059,8890608194155
perception,13861,0,8890608194251,8890608194283
perception,13862,0,8890608194443,8890608194475
perception,13863,0,8890608194603,8890608194667
perception,13864,0,8890608194763,8890608194859
perception,13865,0,8890608194955,8890608194987
perception,13866,0,8890608195115,8890608195147
perception,13867,0,8890608195275,8890608195339
perception,13868,0,8890608195435,8890608195531
perception,13869,0,8890608195659,8890608195723
perception,13870,0,8890608195819,8890608195883
perception,13871,0,8890608195979,8890608196043
perception,13872,0,8890608196139,8890608196203
perception,13873,0,8890608196299,8890608196363
perception,13874,0,8890608196459,8890608196523
perception,13875,0,8890608196619,8890608196683
perception,13876,0,8890608196811,8890608196843
perception,13877,0,8890608196939,8890608197003
perception,13878,0,8890608197099,8890608197163
perception,13879,0,8890608197259,8890608197323
perception,13880,0,8890608197419,8890608197483
perception,13881,0,8890608197579,8890608197643
perception,13882,0,8890608197739,8890608197803
perception,13883,0,8890608197931,8890608197963
perception,13884,0,8890608198059,8890608198123
perception,13885,0,8890608198251,8890608198315
perception,13886,0,8890608198443,8890608198475
perception,13887,0,8890608198635,8890608198667
perception,13888,0,8890608198827,8890608198891
perception,13889,0,8890608198987,8890608199051
perception,13890,0,8890608199147,8890608199211
perception,13891,0,8890608199339,8890608199371
perception,13892,0,8890608199467,8890608199531
perception,13893,0,8890608199627,8890608199691
perception,13894,0,8890608199787,8890608199851
perception,13895,0,8890608199979,8890608200043
perception,13896,0,8890608200171,8890608200203
perception,13897,0,8890608200299,8890608200363
perception,13898,0,8890608200459,8890608200523
perception,13899,0,8890608200619,8890608200715
perception,13900,0,8890608200811,8890608200875
perception,13901,0,8890608200971,8890608201003
perception,13902,0,8890608201131,8890608201195
perception,13903,0,8890608201323,8890608201387
perception,13904,0,8890608201483,8890608201547
perception,13905,0,8890608201643,8890608201707
perception,13906,0,8890608201835,8890608201867
perception,13907,0,8890608201995,8890608202027
perception,13908,0,8890608202123,8890608202219
perception,13909,0,8890608202315,8890608202379
perception,13910,0,8890608202475,8890608202539
perception,13911,0,8890608202667,8890608202699
perception,13912,0,8890608202859,8890608202923
perception,13913,0,8890608203019,8890608203115
perception,13914,0,8890608203243,8890608203275
perception,13915,0,8890608203371,8890608203435
perception,13916,0,8890608203531,8890608203595
perception,13917,0,8890608203691,8890608203755
perception,13918,0,8890608203851,8890608203947
perception,13919,0,8890608204011,8890608204075
perception,13920,0,8890608204171,8890608204235
perception,13921,0,8890608204331,8890608204395
perception,13922,0,8890608204491,8890608204555
perception,13923,0,8890608204651,8890608204715
perception,13924,0,8890608204811,8890608204875
perception,13925,0,8890608204971,8890608205035
perception,13926,0,8890608205131,8890608205195
perception,13927,0,8890608205323,8890608205355
perception,13928,0,8890608205483,8890608205515
perception,13929,0,8890608205611,8890608205675
perception,13930,0,8890608205771,8890608205835
perception,13931,0,8890608205931,8890608206027
perception,13932,0,8890608206155,8890608206187
perception,13933,0,8890608206315,8890608206347
perception,13934,0,8890608206475,8890608206507
perception,13935,0,8890608206603,8890608206667
perception,13936,0,8890608206795,8890608206859
perception,13937,0,8890608206955,8890608207019
perception,13938,0,8890608207147,8890608207179
perception,13939,0,8890608207307,8890608207339
perception,13940,0,8890608207435,8890608207531
perception,13941,0,8890608207627,8890608207691
perception,13942,0,8890608207787,8890608207851
perception,13943,0,8890608207947,8890608208011
perception,13944,0,8890608208139,8890608208171
perception,13945,0,8890608208267,8890608208331
perception,13946,0,8890608208427,8890608208523
perception,13947,0,8890608208619,8890608208683
perception,13948,0,8890608208779,8890608208843
perception,13949,0,8890608208939,8890608208971
perception,13950,0,8890608209131,8890608209163
perception,13951,0,8890608209259,8890608209323
perception,13952,0,8890608209419,8890608209483
perception,13953,0,8890608209579,8890608209643
perception,13954,0,8890608209771,8890608209835
perception,13955,0,8890608209963,8890608209995
perception,13956,0,8890608210091,8890608210155
perception,13957,0,8890608210251,8890608210347
perception,13958,0,8890608210443,8890608210507
perception,13959,0,8890608210603,8890608210667
perception,13960,0,8890608210763,8890608210795
perception,13961,0,8890608210923,8890608210955
perception,13962,0,8890608211083,8890608211115
perception,13963,0,8890608211211,8890608211307
perception,13964,0,8890608211371,8890608211467
perception,13965,0,8890608211563,8890608211627
perception,13966,0,8890608211723,8890608211787
perception,13967,0,8890608211883,8890608211915
perception,13968,0,8890608212043,8890608212075
perception,13969,0,8890608212203,8890608212267
perception,13970,0,8890608212395,8890608212459
perception,13971,0,8890608212555,8890608212619
perception,13972,0,8890608212715,8890608212747
perception,13973,0,8890608212907,8890608212939
perception,13974,0,8890608213035,8890608213131
perception,13975,0,8890608213227,8890608213291
perception,13976,0,8890608213387,8890608213451
perception,13977,0,8890608213547,8890608213579
perception,13978,0,8890608213739,8890608213771
perception,13979,0,8890608213867,8890608213931
perception,13980,0,8890608214027,8890608214123
perception,13981,0,8890608214187,8890608214283
perception,13982,0,8890608214379,8890608214443
perception,13983,0,8890608214539,8890608214571
perception,13984,0,8890608214699,8890608214731
perception,13985,0,8890608214859,8890608214923
perception,13986,0,8890608215019,8890608215083
perception,13987,0,8890608215179,8890608215243
perception,13988,0,8890608215371,8890608215403
perception,13989,0,8890608215563,8890608215595
perception,13990,0,8890608215691,8890608215755
perception,13991,0,8890608215851,8890608215947
perception,13992,0,8890608216107,8890608216139
perception,13993,0,8890608216267,8890608216299
perception,13994,0,8890608216395,8890608216491
perception,13995,0,8890608216587,8890608216651
perception,13996,0,8890608216811,8890608216843
perception,13997,0,8890608216939,8890608217003
perception,13998,0,8890608217099,8890608217163
perception,13999,0,8890608217323,8890608217355
perception,14000,0,8890608217483,8890608217515
perception,14001,0,8890608217643,8890608217707
perception,14002,0,8890608217803,8890608217867
perception,14003,0,8890608217963,8890608218028
perception,14004,0,8890608218124,8890608218188
perception,14005,0,8890608218284,8890608218348
perception,14006,0,8890608218476,8890608218508
perception,14007,0,8890608218636,8890608218668
perception,14008,0,8890608218764,8890608218828
perception,14009,0,8890608218924,8890608218988
perception,14010,0,8890608219084,8890608219148
perception,14011,0,8890608219244,8890608219308
perception,14012,0,8890608219404,8890608219468
perception,14013,0,8890608219564,8890608219628
perception,14014,0,8890608219724,8890608219788
perception,14015,0,8890608219884,8890608219980
perception,14016,0,8890608220076,8890608220140
perception,14017,0,8890608220236,8890608220300
perception,14018,0,8890608220396,8890608220460
perception,14019,0,8890608220588,8890608220620
perception,14020,0,8890608220716,8890608220780
perception,14021,0,8890608220876,8890608220972
perception,14022,0,8890608221068,8890608221132
perception,14023,0,8890608221228,8890608221292
perception,14024,0,8890608221388,8890608221452
perception,14025,0,8890608221580,8890608221612
perception,14026,0,8890608221740,8890608221804
perception,14027,0,8890608221900,8890608221964
perception,14028,0,8890608222060,8890608222124
perception,14029,0,8890608222252,8890608222284
perception,14030,0,8890608222412,8890608222444
perception,14031,0,8890608222540,8890608222604
perception,14032,0,8890608222700,8890608222764
perception,14033,0,8890608222892,8890608222956
perception,14034,0,8890608223052,8890608223116
perception,14035,0,8890608223244,8890608223276
perception,14036,0,8890608223372,8890608223436
perception,14037,0,8890608223532,8890608223596
perception,14038,0,8890608223692,8890608223788
perception,14039,0,8890608223884,8890608223948
perception,14040,0,8890608224044,8890608224076
perception,14041,0,8890608224204,8890608224236
perception,14042,0,8890608224364,8890608224428
perception,14043,0,8890608224524,8890608224588
perception,14044,0,8890608224684,8890608224748
perception,14045,0,8890608224844,8890608224908
perception,14046,0,8890608225004,8890608225068
perception,14047,0,8890608225164,8890608225196
perception,14048,0,8890608225324,8890608225356
perception,14049,0,8890608225484,8890608225516
perception,14050,0,8890608225612,8890608225676
perception,14051,0,8890608225804,8890608225868
perception,14052,0,8890608225964,8890608226028
perception,14053,0,8890608226124,8890608226188
perception,14054,0,8890608226284,8890608226316
perception,14055,0,8890608226444,8890608226476
perception,14056,0,8890608226604,8890608226636
perception,14057,0,8890608226732,8890608226828
perception,14058,0,8890608226924,8890608226988
perception,14059,0,8890608227084,8890608227148
perception,14060,0,8890608227244,8890608227308
perception,14061,0,8890608227436,8890608227468
perception,14062,0,8890608227596,8890608227628
perception,14063,0,8890608227724,8890608227820
perception,14064,0,8890608227948,8890608228012
perception,14065,0,8890608228140,8890608228204
perception,14066,0,8890608228300,8890608228364
perception,14067,0,8890608228460,8890608228524
perception,14068,0,8890608228620,8890608228684
perception,14069,0,8890608228812,8890608228844
perception,14070,0,8890608228972,8890608229004
perception,14071,0,8890608229132,8890608229196
perception,14072,0,8890608229292,8890608229356
perception,14073,0,8890608229452,8890608229516
perception,14074,0,8890608229612,8890608229676
perception,14075,0,8890608229804,8890608229836
perception,14076,0,8890608229964,8890608229996
perception,14077,0,8890608230092,8890608230188
perception,14078,0,8890608230284,8890608230348
perception,14079,0,8890608230476,8890608230508
perception,14080,0,8890608230636,8890608230668
perception,14081,0,8890608230796,8890608230828
perception,14082,0,8890608230924,8890608231020
perception,14083,0,8890608231116,8890608231180
perception,14084,0,8890608231308,8890608231372
perception,14085,0,8890608231468,8890608231500
perception,14086,0,8890608231628,8890608231692
perception,14087,0,8890608231820,8890608231884
perception,14088,0,8890608231980,8890608232044
perception,14089,0,8890608232140,8890608232204
perception,14090,0,8890608232300,8890608232332
perception,14091,0,8890608232460,8890608232524
perception,14092,0,8890608232620,8890608232684
perception,14093,0,8890608232780,8890608232844
perception,14094,0,8890608232940,8890608233004
perception,14095,0,8890608233100,8890608233164
perception,14096,0,8890608233260,8890608233324
perception,14097,0,8890608233452,8890608233484
perception,14098,0,8890608233644,8890608233708
perception,14099,0,8890608233804,8890608233868
perception,14100,0,8890608233996,8890608234028
perception,14101,0,8890608234156,8890608234188
perception,14102,0,8890608234284,8890608234348
perception,14103,0,8890608234476,8890608234540
perception,14104,0,8890608234668,8890608234700
perception,14105,0,8890608234828,8890608234860
perception,14106,0,8890608235020,8890608235084
perception,14107,0,8890608235212,8890608235276
perception,14108,0,8890608235372,8890608235404
perception,14109,0,8890608235532,8890608235564
perception,14110,0,8890608235692,8890608235724
perception,14111,0,8890608235820,8890608235916
perception,14112,0,8890608236012,8890608236076
perception,14113,0,8890608236172,8890608236236
perception,14114,0,8890608236364,8890608236396
perception,14115,0,8890608236524,8890608236556
perception,14116,0,8890608236684,8890608236716
perception,14117,0,8890608236812,8890608236908
perception,14118,0,8890608237004,8890608237068
perception,14119,0,8890608237164,8890608237228
perception,14120,0,8890608237324,8890608237356
perception,14121,0,8890608237484,8890608237548
perception,14122,0,8890608237644,8890608237708
perception,14123,0,8890608237804,8890608237868
perception,14124,0,8890608237996,8890608238060
perception,14125,0,8890608238156,8890608238220
perception,14126,0,8890608238316,8890608238348
perception,14127,0,8890608238476,8890608238540
perception,14128,0,8890608238636,8890608238700
perception,14129,0,8890608238796,8890608238860
perception,14130,0,8890608238956,8890608239020
perception,14131,0,8890608239116,8890608239180
perception,14132,0,8890608239276,8890608239340
perception,14133,0,8890608239468,8890608239500
perception,14134,0,8890608239596,8890608239660
perception,14135,0,8890608239756,8890608239820
perception,14136,0,8890608239916,8890608239980
perception,14137,0,8890608240076,8890608240140
perception,14138,0,8890608240236,8890608240300
perception,14139,0,8890608240396,8890608240460
perception,14140,0,8890608240588,8890608240620
perception,14141,0,8890608240748,8890608240812
perception,14142,0,8890608240908,8890608240972
perception,14143,0,8890608241068,8890608241132
perception,14144,0,8890608241260,8890608241324
perception,14145,0,8890608241420,8890608241516
perception,14146,0,8890608241612,8890608241676
perception,14147,0,8890608241772,8890608241836
perception,14148,0,8890608241932,8890608241996
perception,14149,0,8890608242092,8890608242156
perception,14150,0,8890608242284,8890608242348
perception,14151,0,8890608242444,8890608242508
perception,14152,0,8890608242636,8890608242700
perception,14153,0,8890608242828,8890608242860
perception,14154,0,8890608242956,8890608243020
perception,14155,0,8890608243116,8890608243180
perception,14156,0,8890608243276,8890608243372
perception,14157,0,8890608243468,8890608243532
perception,14158,0,8890608243628,8890608243660
perception,14159,0,8890608243788,8890608243820
perception,14160,0,8890608243948,8890608244012
perception,14161,0,8890608244140,8890608244204
perception,14162,0,8890608244300,8890608244364
perception,14163,0,8890608244492,8890608244524
perception,14164,0,8890608244652,8890608244684
perception,14165,0,8890608244780,8890608244876
perception,14166,0,8890608244972,8890608245036
perception,14167,0,8890608245132,8890608245196
perception,14168,0,8890608245324,8890608245356
perception,14169,0,8890608245484,8890608245516
perception,14170,0,8890608245612,8890608245676
perception,14171,0,8890608245772,8890608245836
perception,14172,0,8890608245932,8890608246029
perception,14173,0,8890608246125,8890608246189
perception,14174,0,8890608246285,8890608246317
perception,14175,0,8890608246477,8890608246509
perception,14176,0,8890608246605,8890608246669
perception,14177,0,8890608246765,8890608246829
perception,14178,0,8890608246925,8890608246989
perception,14179,0,8890608247085,8890608247149
perception,14180,0,8890608247277,8890608247309
perception,14181,0,8890608247405,8890608247469
perception,14182,0,8890608247597,8890608247629
perception,14183,0,8890608247725,8890608247789
perception,14184,0,8890608247885,8890608247949
perception,14185,0,8890608248045,8890608248109
perception,14186,0,8890608248205,8890608248269
perception,14187,0,8890608248397,8890608248429
perception,14188,0,8890608248557,8890608248589
perception,14189,0,8890608248685,8890608248749
perception,14190,0,8890608248845,8890608248909
perception,14191,0,8890608249037,8890608249101
perception,14192,0,8890608249197,8890608249261
perception,14193,0,8890608249389,8890608249421
perception,14194,0,8890608249549,8890608249581
perception,14195,0,8890608249677,8890608249741
perception,14196,0,8890608249869,8890608249965
perception,14197,0,8890608250061,8890608250093
perception,14198,0,8890608250221,8890608250253
perception,14199,0,8890608250381,8890608250413
perception,14200,0,8890608250509,8890608250605
perception,14201,0,8890608250701,8890608250765
perception,14202,0,8890608250861,8890608250925
perception,14203,0,8890608251021,8890608251085
perception,14204,0,8890608251213,8890608251277
perception,14205,0,8890608251373,8890608251437
perception,14206,0,8890608251565,8890608251629
perception,14207,0,8890608251725,8890608251789
perception,14208,0,8890608251885,8890608251949
perception,14209,0,8890608252045,8890608252109
perception,14210,0,8890608252205,8890608252269
perception,14211,0,8890608252397,8890608252461
perception,14212,0,8890608252589,8890608252621
perception,14213,0,8890608252749,8890608252781
perception,14214,0,8890608252909,8890608252941
perception,14215,0,8890608253037,8890608253133
perception,14216,0,8890608253229,8890608253293
perception,14217,0,8890608253389,8890608253453
perception,14218,0,8890608253549,8890608253613
perception,14219,0,8890608253741,8890608253805
perception,14220,0,8890608253901,8890608253997
perception,14221,0,8890608254093,8890608254157
perception,14222,0,8890608254253,8890608254285
perception,14223,0,8890608254413,8890608254445
perception,14224,0,8890608254573,8890608254605
perception,14225,0,8890608254701,8890608254765
perception,14226,0,8890608254893,8890608254957
perception,14227,0,8890608255053,8890608255117
perception,14228,0,8890608255245,8890608255277
perception,14229,0,8890608255405,8890608255437
perception,14230,0,8890608255565,8890608255597
perception,14231,0,8890608255693,8890608255789
perception,14232,0,8890608255885,8890608255949
perception,14233,0,8890608256045,8890608256109
perception,14234,0,8890608256205,8890608256269
perception,14235,0,8890608256365,8890608256429
perception,14236,0,8890608256525,8890608256589
perception,14237,0,8890608256685,8890608256749
perception,14238,0,8890608256845,8890608256941
perception,14239,0,8890608257037,8890608257101
perception,14240,0,8890608257197,8890608257229
perception,14241,0,8890608257357,8890608257421
perception,14242,0,8890608257517,8890608257581
perception,14243,0,8890608257677,8890608257773
perception,14244,0,8890608257869,8890608257933
perception,14245,0,8890608258029,8890608258061
perception,14246,0,8890608258189,8890608258253
perception,14247,0,8890608258349,8890608258413
perception,14248,0,8890608258509,8890608258573
perception,14249,0,8890608258669,8890608258733
perception,14250,0,8890608258829,8890608258925
perception,14251,0,8890608259021,8890608259053
perception,14252,0,8890608259181,8890608259213
perception,14253,0,8890608259341,8890608259373
perception,14254,0,8890608259469,8890608259565
perception,14255,0,8890608259661,8890608259725
perception,14256,0,8890608259821,8890608259885
perception,14257,0,8890608259981,8890608260045
perception,14258,0,8890608260173,8890608260205
perception,14259,0,8890608260301,8890608260365
perception,14260,0,8890608260461,8890608260525
perception,14261,0,8890608260621,8890608260685
perception,14262,0,8890608260781,8890608260845
perception,14263,0,8890608260941,8890608261005
perception,14264,0,8890608261133,8890608261165
perception,14265,0,8890608261293,8890608261389
perception,14266,0,8890608261453,8890608261549
perception,14267,0,8890608261645,8890608261709
perception,14268,0,8890608261805,8890608261837
perception,14269,0,8890608261965,8890608261997
perception,14270,0,8890608262125,8890608262157
perception,14271,0,8890608262253,8890608262349
perception,14272,0,8890608262445,8890608262509
perception,14273,0,8890608262605,8890608262669
perception,14274,0,8890608262765,8890608262829
perception,14275,0,8890608262957,8890608262989
perception,14276,0,8890608263117,8890608263149
perception,14277,0,8890608263245,8890608263309
perception,14278,0,8890608263437,8890608263501
perception,14279,0,8890608263597,8890608263661
perception,14280,0,8890608263757,8890608263821
perception,14281,0,8890608263949,8890608263981
perception,14282,0,8890608264077,8890608264141
perception,14283,0,8890608264237,8890608264333
perception,14284,0,8890608264429,8890608264493
perception,14285,0,8890608264589,8890608264653
perception,14286,0,8890608264749,8890608264813
perception,14287,0,8890608264909,8890608264973
perception,14288,0,8890608265069,8890608265133
perception,14289,0,8890608265229,8890608265325
perception,14290,0,8890608265421,8890608265485
perception,14291,0,8890608265581,8890608265613
perception,14292,0,8890608265741,8890608265805
perception,14293,0,8890608265901,8890608265965
perception,14294,0,8890608266061,8890608266125
perception,14295,0,8890608266253,8890608266317
perception,14296,0,8890608266445,8890608266477
perception,14297,0,8890608266605,8890608266669
perception,14298,0,8890608266765,8890608266829
perception,14299,0,8890608266925,8890608267021
perception,14300,0,8890608267117,8890608267181
perception,14301,0,8890608267309,8890608267341
perception,14302,0,8890608267469,8890608267533
perception,14303,0,8890608267629,8890608267693
perception,14304,0,8890608267789,8890608267853
perception,14305,0,8890608267981,8890608268013
perception,14306,0,8890608268141,8890608268173
perception,14307,0,8890608268269,8890608268333
perception,14308,0,8890608268429,8890608268493
perception,14309,0,8890608268589,8890608268653
perception,14310,0,8890608268749,8890608268813
perception,14311,0,8890608268941,8890608268973
perception,14312,0,8890608269101,8890608269133
perception,14313,0,8890608269261,8890608269293
perception,14314,0,8890608269389,8890608269453
perception,14315,0,8890608269549,8890608269613
perception,14316,0,8890608269709,8890608269773
perception,14317,0,8890608269901,8890608269965
perception,14318,0,8890608270061,8890608270093
perception,14319,0,8890608270221,8890608270253
perception,14320,0,8890608270381,8890608270445
perception,14321,0,8890608270541,8890608270605
perception,14322,0,8890608270733,8890608270797
perception,14323,0,8890608270893,8890608270957
perception,14324,0,8890608271085,8890608271117
perception,14325,0,8890608271245,8890608271309
perception,14326,0,8890608271437,8890608271501
perception,14327,0,8890608271597,8890608271629
perception,14328,0,8890608271757,8890608271789
perception,14329,0,8890608271917,8890608271981
perception,14330,0,8890608272077,8890608272141
perception,14331,0,8890608272237,8890608272333
perception,14332,0,8890608272461,8890608272493
perception,14333,0,8890608272621,8890608272653
perception,14334,0,8890608272813,8890608272909
perception,14335,0,8890608273005,8890608273037
perception,14336,0,8890608273165,8890608273197
perception,14337,0,8890608273325,8890608273389
perception,14338,0,8890608273485,8890608273549
perception,14339,0,8890608273645,8890608273709
perception,14340,0,8890608273805,8890608273869
perception,14341,0,8890608273997,8890608274029
perception,14342,0,8890608274158,8890608274222
perception,14343,0,8890608274318,8890608274382
perception,14344,0,8890608274478,8890608274574
perception,14345,0,8890608274638,8890608274702
perception,14346,0,8890608274798,8890608274862
perception,14347,0,8890608274990,8890608275022
perception,14348,0,8890608275150,8890608275182
perception,14349,0,8890608275278,8890608275342
perception,14350,0,8890608275438,8890608275502
perception,14351,0,8890608275630,8890608275694
perception,14352,0,8890608275790,8890608275822
perception,14353,0,8890608275950,8890608275982
perception,14354,0,8890608276110,8890608276174
perception,14355,0,8890608276270,8890608276334
perception,14356,0,8890608276430,8890608276494
perception,14357,0,8890608276622,8890608276686
perception,14358,0,8890608276782,8890608276846
perception,14359,0,8890608276942,8890608277006
perception,14360,0,8890608277134,8890608277230
perception,14361,0,8890608277326,8890608277358
perception,14362,0,8890608277518,8890608277550
perception,14363,0,8890608277678,8890608277742
perception,14364,0,8890608277870,8890608277934
perception,14365,0,8890608278030,8890608278062
perception,14366,0,8890608278222,8890608278254
perception,14367,0,8890608278350,8890608278446
perception,14368,0,8890608278542,8890608278606
perception,14369,0,8890608278702,8890608278766
perception,14370,0,8890608278862,8890608278926
perception,14371,0,8890608279054,8890608279086
perception,14372,0,8890608279182,8890608279246
perception,14373,0,8890608279342,8890608279406
perception,14374,0,8890608279534,8890608279598
perception,14375,0,8890608279694,8890608279758
perception,14376,0,8890608279854,8890608279918
perception,14377,0,8890608280046,8890608280078
perception,14378,0,8890608280174,8890608280238
perception,14379,0,8890608280334,8890608280398
perception,14380,0,8890608280494,8890608280590
perception,14381,0,8890608280654,8890608280718
perception,14382,0,8890608280814,8890608280878
perception,14383,0,8890608281006,8890608281038
perception,14384,0,8890608281134,8890608281198
perception,14385,0,8890608281294,8890608281390
perception,14386,0,8890608281486,8890608281550
perception,14387,0,8890608281646,8890608281710
perception,14388,0,8890608281806,8890608281838
perception,14389,0,8890608281966,8890608281998
perception,14390,0,8890608282126,8890608282158
perception,14391,0,8890608282254,8890608282318
perception,14392,0,8890608282414,8890608282510
perception,14393,0,8890608282606,8890608282670
perception,14394,0,8890608282766,8890608282830
perception,14395,0,8890608282958,8890608282990
perception,14396,0,8890608283118,8890608283150
perception,14397,0,8890608283246,8890608283310
perception,14398,0,8890608283406,8890608283470
perception,14399,0,8890608283566,8890608283630
perception,14400,0,8890608283726,8890608283822
perception,14401,0,8890608283918,8890608283950
perception,14402,0,8890608284078,8890608284110
perception,14403,0,8890608284238,8890608284302
perception,14404,0,8890608284366,8890608284462
perception,14405,0,8890608284558,8890608284622
perception,14406,0,8890608284718,8890608284782
perception,14407,0,8890608284878,8890608284942
perception,14408,0,8890608285070,8890608285102
perception,14409,0,8890608285198,8890608285262
perception,14410,0,8890608285358,8890608285422
perception,14411,0,8890608285518,8890608285582
perception,14412,0,8890608285678,8890608285774
perception,14413,0,8890608285870,8890608285902
perception,14414,0,8890608286030,8890608286062
perception,14415,0,8890608286190,8890608286222
perception,14416,0,8890608286318,8890608286382
perception,14417,0,8890608286510,8890608286574
perception,14418,0,8890608286702,8890608286734
perception,14419,0,8890608286862,8890608286894
perception,14420,0,8890608287022,8890608287086
perception,14421,0,8890608287182,8890608287246
perception,14422,0,8890608287374,8890608287438
perception,14423,0,8890608287534,8890608287598
perception,14424,0,8890608287694,8890608287758
perception,14425,0,8890608287854,8890608287918
perception,14426,0,8890608288014,8890608288078
perception,14427,0,8890608288174,8890608288238
perception,14428,0,8890608288366,8890608288430
perception,14429,0,8890608288526,8890608288558
perception,14430,0,8890608288686,8890608288718
perception,14431,0,8890608288846,8890608288878
perception,14432,0,8890608288974,8890608289038
perception,14433,0,8890608289134,8890608289198
perception,14434,0,8890608289294,8890608289358
perception,14435,0,8890608289454,8890608289518
perception,14436,0,8890608289614,8890608289678
perception,14437,0,8890608289806,8890608289838
perception,14438,0,8890608289966,8890608290030
perception,14439,0,8890608290126,8890608290190
perception,14440,0,8890608290286,8890608290350
perception,14441,0,8890608290446,8890608290510
perception,14442,0,8890608290638,8890608290670
perception,14443,0,8890608290798,8890608290830
perception,14444,0,8890608290926,8890608290990
perception,14445,0,8890608291086,8890608291182
perception,14446,0,8890608291278,8890608291374
perception,14447,0,8890608291470,8890608291502
perception,14448,0,8890608291630,8890608291662
perception,14449,0,8890608291790,8890608291822
perception,14450,0,8890608291950,8890608292014
perception,14451,0,8890608292110,8890608292174
perception,14452,0,8890608292270,8890608292334
perception,14453,0,8890608292430,8890608292462
perception,14454,0,8890608292590,8890608292654
perception,14455,0,8890608292750,8890608292814
perception,14456,0,8890608292910,8890608292974
perception,14457,0,8890608293102,8890608293166
perception,14458,0,8890608293326,8890608293358
perception,14459,0,8890608293486,8890608293550
perception,14460,0,8890608293678,8890608293742
perception,14461,0,8890608293838,8890608293870
perception,14462,0,8890608293998,8890608294062
perception,14463,0,8890608294158,8890608294222
perception,14464,0,8890608294318,8890608294382
perception,14465,0,8890608294510,8890608294574
perception,14466,0,8890608294670,8890608294702
perception,14467,0,8890608294830,8890608294862
perception,14468,0,8890608294990,8890608295022
perception,14469,0,8890608295150,8890608295214
perception,14470,0,8890608295310,8890608295374
perception,14471,0,8890608295470,8890608295534
perception,14472,0,8890608295630,8890608295694
perception,14473,0,8890608295790,8890608295854
perception,14474,0,8890608295950,8890608296014
perception,14475,0,8890608296110,8890608296174
perception,14476,0,8890608296270,8890608296302
perception,14477,0,8890608296430,8890608296494
perception,14478,0,8890608296590,8890608296654
perception,14479,0,8890608296750,8890608296814
perception,14480,0,8890608296910,8890608296942
perception,14481,0,8890608297070,8890608297102
perception,14482,0,8890608297230,8890608297262
perception,14483,0,8890608297390,8890608297454
perception,14484,0,8890608297550,8890608297614
perception,14485,0,8890608297710,8890608297774
perception,14486,0,8890608297902,8890608297934
perception,14487,0,8890608298062,8890608298094
perception,14488,0,8890608298222,8890608298286
perception,14489,0,8890608298382,8890608298446
perception,14490,0,8890608298542,8890608298606
perception,14491,0,8890608298702,8890608298766
perception,14492,0,8890608298894,8890608298926
perception,14493,0,8890608299054,8890608299086
perception,14494,0,8890608299214,8890608299310
perception,14495,0,8890608299406,8890608299470
perception,14496,0,8890608299566,8890608299598
perception,14497,0,8890608299726,8890608299758
perception,14498,0,8890608299886,8890608299950
perception,14499,0,8890608300046,8890608300110
perception,14500,0,8890608300206,8890608300270
perception,14501,0,8890608300398,8890608300462
perception,14502,0,8890608300558,8890608300590
perception,14503,0,8890608300718,8890608300750
perception,14504,0,8890608300878,8890608300942
perception,14505,0,8890608301070,8890608301134
perception,14506,0,8890608301230,8890608301294
perception,14507,0,8890608301422,8890608301454
perception,14508,0,8890608301582,8890608301614
perception,14509,0,8890608301710,8890608301774
perception,14510,0,8890608301902,8890608301998
perception,14511,0,8890608302095,8890608302127
perception,14512,0,8890608302255,8890608302287
perception,14513,0,8890608302415,8890608302479
perception,14514,0,8890608302575,8890608302639
perception,14515,0,8890608302767,8890608302831
perception,14516,0,8890608302927,8890608302959
perception,14517,0,8890608303087,8890608303119
perception,14518,0,8890608303247,8890608303279
perception,14519,0,8890608303375,8890608303439
perception,14520,0,8890608303535,8890608303599
perception,14521,0,8890608303695,8890608303759
perception,14522,0,8890608303855,8890608303919
perception,14523,0,8890608304015,8890608304079
perception,14524,0,8890608304175,8890608304239
perception,14525,0,8890608304367,8890608304431
perception,14526,0,8890608304527,8890608304591
perception,14527,0,8890608304687,8890608304751
perception,14528,0,8890608304847,8890608304911
perception,14529,0,8890608305039,8890608305071
perception,14530,0,8890608305199,8890608305231
perception,14531,0,8890608305359,8890608305423
perception,14532,0,8890608305519,8890608305583
perception,14533,0,8890608305679,8890608305775
perception,14534,0,8890608305903,8890608305935
perception,14535,0,8890608306031,8890608306095
perception,14536,0,8890608306191,8890608306255
perception,14537,0,8890608306383,8890608306479
perception,14538,0,8890608306575,8890608306607
perception,14539,0,8890608306735,8890608306799
perception,14540,0,8890608306895,8890608306959
perception,14541,0,8890608307055,8890608307119
perception,14542,0,8890608307247,8890608307311
perception,14543,0,8890608307407,8890608307439
perception,14544,0,8890608307567,8890608307599
perception,14545,0,8890608307727,8890608307791
perception,14546,0,8890608307887,8890608307951
perception,14547,0,8890608308047,8890608308111
perception,14548,0,8890608308207,8890608308271
perception,14549,0,8890608308399,8890608308431
perception,14550,0,8890608308559,8890608308591
perception,14551,0,8890608308687,8890608308751
perception,14552,0,8890608308847,8890608308911
perception,14553,0,8890608309039,8890608309103
perception,14554,0,8890608309199,8890608309263
perception,14555,0,8890608309391,8890608309423
perception,14556,0,8890608309551,8890608309583
perception,14557,0,8890608309679,8890608309743
perception,14558,0,8890608309871,8890608309935
perception,14559,0,8890608310063,8890608310095
perception,14560,0,8890608310223,8890608310255
perception,14561,0,8890608310383,8890608310415
perception,14562,0,8890608310511,8890608310575
perception,14563,0,8890608310671,8890608310735
perception,14564,0,8890608310831,8890608310895
perception,14565,0,8890608310991,8890608311055
perception,14566,0,8890608311151,8890608311215
perception,14567,0,8890608311343,8890608311375
perception,14568,0,8890608311503,8890608311535
perception,14569,0,8890608311631,8890608311695
perception,14570,0,8890608311791,8890608311887
perception,14571,0,8890608311983,8890608312047
perception,14572,0,8890608312143,8890608312207
perception,14573,0,8890608312303,8890608312335
perception,14574,0,8890608312463,8890608312527
perception,14575,0,8890608312623,8890608312687
perception,14576,0,8890608312783,8890608312847
perception,14577,0,8890608312943,8890608313039
perception,14578,0,8890608313167,8890608313199
perception,14579,0,8890608313327,8890608313359
perception,14580,0,8890608313455,8890608313551
perception,14581,0,8890608313679,8890608313743
perception,14582,0,8890608313871,8890608313935
perception,14583,0,8890608314031,8890608314095
perception,14584,0,8890608314191,8890608314255
perception,14585,0,8890608314351,8890608314447
perception,14586,0,8890608314543,8890608314575
perception,14587,0,8890608314703,8890608314735
perception,14588,0,8890608314863,8890608314927
perception,14589,0,8890608315023,8890608315087
perception,14590,0,8890608315183,8890608315247
perception,14591,0,8890608315375,8890608315407
perception,14592,0,8890608315535,8890608315567
perception,14593,0,8890608315695,8890608315727
perception,14594,0,8890608315823,8890608315919
perception,14595,0,8890608315983,8890608316079
perception,14596,0,8890608316175,8890608316239
perception,14597,0,8890608316335,8890608316399
perception,14598,0,8890608316527,8890608316559
perception,14599,0,8890608316687,8890608316719
perception,14600,0,8890608316847,8890608316943
perception,14601,0,8890608317039,8890608317103
perception,14602,0,8890608317199,8890608317231
perception,14603,0,8890608317359,8890608317391
perception,14604,0,8890608317519,8890608317551
perception,14605,0,8890608317647,8890608317711
perception,14606,0,8890608317807,8890608317871
perception,14607,0,8890608317967,8890608318031
perception,14608,0,8890608318127,8890608318191
perception,14609,0,8890608318319,8890608318351
perception,14610,0,8890608318479,8890608318511
perception,14611,0,8890608318639,8890608318671
perception,14612,0,8890608318767,8890608318863
perception,14613,0,8890608318959,8890608319023
perception,14614,0,8890608319119,8890608319183
perception,14615,0,8890608319279,8890608319343
perception,14616,0,8890608319439,8890608319503
perception,14617,0,8890608319599,8890608319663
perception,14618,0,8890608319759,8890608319823
perception,14619,0,8890608319919,8890608320015
perception,14620,0,8890608320111,8890608320175
perception,14621,0,8890608320271,8890608320303
perception,14622,0,8890608320431,8890608320495
perception,14623,0,8890608320591,8890608320655
perception,14624,0,8890608320751,8890608320815
perception,14625,0,8890608320911,8890608321007
perception,14626,0,8890608321103,8890608321135
perception,14627,0,8890608321263,8890608321295
perception,14628,0,8890608321423,8890608321487
perception,14629,0,8890608321583,8890608321647
perception,14630,0,8890608321743,8890608321807
perception,14631,0,8890608321903,8890608321999
perception,14632,0,8890608322095,8890608322127
perception,14633,0,8890608322255,8890608322287
perception,14634,0,8890608322415,8890608322479
perception,14635,0,8890608322575,8890608322639
perception,14636,0,8890608322735,8890608322799
perception,14637,0,8890608322895,8890608322959
perception,14638,0,8890608323055,8890608323119
perception,14639,0,8890608323247,8890608323279
perception,14640,0,8890608323375,8890608323439
perception,14641,0,8890608323535,8890608323599
perception,14642,0,8890608323695,8890608323791
perception,14643,0,8890608323887,8890608323951
perception,14644,0,8890608324047,8890608324079
perception,14645,0,8890608324207,8890608324239
perception,14646,0,8890608324367,8890608324399
perception,14647,0,8890608324495,8890608324559
perception,14648,0,8890608324655,8890608324719
perception,14649,0,8890608324815,8890608324879
perception,14650,0,8890608324975,8890608325039
perception,14651,0,8890608325135,8890608325199
perception,14652,0,8890608325327,8890608325359
perception,14653,0,8890608325519,8890608325583
perception,14654,0,8890608325679,8890608325743
perception,14655,0,8890608325839,8890608325903
perception,14656,0,8890608325999,8890608326031
perception,14657,0,8890608326191,8890608326255
perception,14658,0,8890608326351,8890608326447
perception,14659,0,8890608326543,8890608326607
perception,14660,0,8890608326703,8890608326735
perception,14661,0,8890608326863,8890608326927
perception,14662,0,8890608327023,8890608327087
perception,14663,0,8890608327183,8890608327247
perception,14664,0,8890608327343,8890608327439
perception,14665,0,8890608327535,8890608327599
perception,14666,0,8890608327695,8890608327727
perception,14667,0,8890608327855,8890608327919
perception,14668,0,8890608328015,8890608328079
perception,14669,0,8890608328207,8890608328271
perception,14670,0,8890608328367,8890608328431
perception,14671,0,8890608328559,8890608328591
perception,14672,0,8890608328687,8890608328751
perception,14673,0,8890608328847,8890608328943
perception,14674,0,8890608329039,8890608329103
perception,14675,0,8890608329199,8890608329263
perception,14676,0,8890608329359,8890608329391
perception,14677,0,8890608329519,8890608329583
perception,14678,0,8890608329679,8890608329743
perception,14679,0,8890608329871,8890608329935
perception,14680,0,8890608330031,8890608330095
perception,14681,0,8890608330224,8890608330256
perception,14682,0,8890608330384,8890608330448
perception,14683,0,8890608330544,8890608330608
perception,14684,0,8890608330704,8890608330768
perception,14685,0,8890608330864,8890608330928
perception,14686,0,8890608331056,8890608331088
perception,14687,0,8890608331216,8890608331248
perception,14688,0,8890608331376,8890608331440
perception,14689,0,8890608331536,8890608331600
perception,14690,0,8890608331696,8890608331760
perception,14691,0,8890608331856,8890608331920
perception,14692,0,8890608332016,8890608332080
perception,14693,0,8890608332176,8890608332208
perception,14694,0,8890608332336,8890608332400
perception,14695,0,8890608332496,8890608332560
perception,14696,0,8890608332656,8890608332720
perception,14697,0,8890608332816,8890608332880
perception,14698,0,8890608332976,8890608333040
perception,14699,0,8890608333136,8890608333168
perception,14700,0,8890608333296,8890608333360
perception,14701,0,8890608333456,8890608333520
perception,14702,0,8890608333616,8890608333680
perception,14703,0,8890608333776,8890608333840
perception,14704,0,8890608333936,8890608334032
perception,14705,0,8890608334128,8890608334160
perception,14706,0,8890608334288,8890608334320
perception,14707,0,8890608334448,8890608334512
perception,14708,0,8890608334608,8890608334672
perception,14709,0,8890608334768,8890608334832
perception,14710,0,8890608334960,8890608334992
perception,14711,0,8890608335120,8890608335152
perception,14712,0,8890608335280,8890608335312
perception,14713,0,8890608335408,8890608335504
perception,14714,0,8890608335600,8890608335664
perception,14715,0,8890608335760,8890608335824
perception,14716,0,8890608335920,8890608335984
perception,14717,0,8890608336080,8890608336112
perception,14718,0,8890608336272,8890608336304
perception,14719,0,8890608336400,8890608336464
perception,14720,0,8890608336560,8890608336656
perception,14721,0,8890608336752,8890608336816
perception,14722,0,8890608336944,8890608336976
perception,14723,0,8890608337104,8890608337136
perception,14724,0,8890608337264,8890608337328
perception,14725,0,8890608337424,8890608337520
perception,14726,0,8890608337616,8890608337648
perception,14727,0,8890608337776,8890608337808
perception,14728,0,8890608337936,8890608337968
perception,14729,0,8890608338064,8890608338160
perception,14730,0,8890608338224,8890608338320
perception,14731,0,8890608338416,8890608338480
perception,14732,0,8890608338544,8890608338640
perception,14733,0,8890608338736,8890608338768
perception,14734,0,8890608338896,8890608338928
perception,14735,0,8890608339056,8890608339088
perception,14736,0,8890608339184,8890608339248
perception,14737,0,8890608339344,8890608339440
perception,14738,0,8890608339536,8890608339600
perception,14739,0,8890608339696,8890608339760
perception,14740,0,8890608339888,8890608339920
perception,14741,0,8890608340048,8890608340080
perception,14742,0,8890608340208,8890608340272
perception,14743,0,8890608340368,8890608340432
perception,14744,0,8890608340528,8890608340592
perception,14745,0,8890608340720,8890608340784
perception,14746,0,8890608340880,8890608340976
perception,14747,0,8890608341104,8890608341168
perception,14748,0,8890608341296,8890608341328
perception,14749,0,8890608341424,8890608341488
perception,14750,0,8890608341584,8890608341680
perception,14751,0,8890608341776,8890608341840
perception,14752,0,8890608341936,8890608342000
perception,14753,0,8890608342096,8890608342160
perception,14754,0,8890608342288,8890608342352
perception,14755,0,8890608342448,8890608342512
perception,14756,0,8890608342608,8890608342672
perception,14757,0,8890608342768,8890608342832
perception,14758,0,8890608342960,8890608342992
perception,14759,0,8890608343120,8890608343184
perception,14760,0,8890608343280,8890608343344
perception,14761,0,8890608343440,8890608343504
perception,14762,0,8890608343632,8890608343696
perception,14763,0,8890608343824,8890608343856
perception,14764,0,8890608343952,8890608344016
perception,14765,0,8890608344112,8890608344208
perception,14766,0,8890608344304,8890608344368
perception,14767,0,8890608344464,8890608344496
perception,14768,0,8890608344624,8890608344688
perception,14769,0,8890608344816,8890608344880
perception,14770,0,8890608344976,8890608345040
perception,14771,0,8890608345136,8890608345200
perception,14772,0,8890608345296,8890608345360
perception,14773,0,8890608345456,8890608345520
perception,14774,0,8890608345616,8890608345648
perception,14775,0,8890608345776,8890608345840
perception,14776,0,8890608345904,8890608346000
perception,14777,0,8890608346064,8890608346160
perception,14778,0,8890608346224,8890608346320
perception,14779,0,8890608346416,8890608346480
perception,14780,0,8890608346576,8890608346608
perception,14781,0,8890608346736,8890608346768
perception,14782,0,8890608346928,8890608346992
perception,14783,0,8890608347088,8890608347152
perception,14784,0,8890608347248,8890608347312
perception,14785,0,8890608347408,8890608347472
perception,14786,0,8890608347600,8890608347664
perception,14787,0,8890608347760,8890608347824
perception,14788,0,8890608347920,8890608347984
perception,14789,0,8890608348080,8890608348144
perception,14790,0,8890608348272,8890608348304
perception,14791,0,8890608348464,8890608348528
perception,14792,0,8890608348624,8890608348688
perception,14793,0,8890608348784,8890608348848
perception,14794,0,8890608348944,8890608349008
perception,14795,0,8890608349136,8890608349168
perception,14796,0,8890608349264,8890608349328
perception,14797,0,8890608349424,8890608349520
perception,14798,0,8890608349616,8890608349680
perception,14799,0,8890608349776,8890608349808
perception,14800,0,8890608349968,8890608350000
perception,14801,0,8890608350096,8890608350160
perception,14802,0,8890608350256,8890608350320
perception,14803,0,8890608350416,8890608350512
perception,14804,0,8890608350640,8890608350672
perception,14805,0,8890608350800,8890608350832
perception,14806,0,8890608350960,8890608351024
perception,14807,0,8890608351120,8890608351184
perception,14808,0,8890608351280,8890608351344
perception,14809,0,8890608351440,8890608351504
perception,14810,0,8890608351600,8890608351664
perception,14811,0,8890608351792,8890608351824
perception,14812,0,8890608351920,8890608351984
perception,14813,0,8890608352112,8890608352176
perception,14814,0,8890608352304,8890608352336
perception,14815,0,8890608352464,8890608352496
perception,14816,0,8890608352624,8890608352656
perception,14817,0,8890608352752,8890608352816
perception,14818,0,8890608352944,8890608353008
perception,14819,0,8890608353104,8890608353168
perception,14820,0,8890608353264,8890608353328
perception,14821,0,8890608353424,8890608353488
perception,14822,0,8890608353584,8890608353648
perception,14823,0,8890608353744,8890608353808
perception,14824,0,8890608353904,8890608353968
perception,14825,0,8890608354064,8890608354128
perception,14826,0,8890608354288,8890608354320
perception,14827,0,8890608354448,8890608354512
perception,14828,0,8890608354608,8890608354672
perception,14829,0,8890608354768,8890608354832
perception,14830,0,8890608354960,8890608354992
perception,14831,0,8890608355120,8890608355184
perception,14832,0,8890608355280,8890608355344
perception,14833,0,8890608355440,8890608355536
perception,14834,0,8890608355632,8890608355696
perception,14835,0,8890608355792,8890608355824
perception,14836,0,8890608355952,8890608356016
perception,14837,0,8890608356112,8890608356176
perception,14838,0,8890608356272,8890608356368
perception,14839,0,8890608356464,8890608356528
perception,14840,0,8890608356624,8890608356688
perception,14841,0,8890608356784,8890608356816
perception,14842,0,8890608356944,8890608357040
perception,14843,0,8890608357168,8890608357232
perception,14844,0,8890608357328,8890608357360
perception,14845,0,8890608357488,8890608357520
perception,14846,0,8890608357648,8890608357712
perception,14847,0,8890608357808,8890608357872
perception,14848,0,8890608357968,8890608358032
perception,14849,0,8890608358161,8890608358225
perception,14850,0,8890608358321,8890608358353
perception,14851,0,8890608358481,8890608358513
perception,14852,0,8890608358641,8890608358705
perception,14853,0,8890608358833,8890608358897
perception,14854,0,8890608358993,8890608359057
perception,14855,0,8890608359153,8890608359185
perception,14856,0,8890608359345,8890608359377
perception,14857,0,8890608359473,8890608359569
perception,14858,0,8890608359665,8890608359729
perception,14859,0,8890608359825,8890608359889
perception,14860,0,8890608360017,8890608360049
perception,14861,0,8890608360177,8890608360241
perception,14862,0,8890608360337,8890608360401
perception,14863,0,8890608360497,8890608360561
perception,14864,0,8890608360657,8890608360721
perception,14865,0,8890608360817,8890608360881
perception,14866,0,8890608360977,8890608361041
perception,14867,0,8890608361137,8890608361201
perception,14868,0,8890608361297,8890608361361
perception,14869,0,8890608361457,8890608361521
perception,14870,0,8890608361617,8890608361713
perception,14871,0,8890608361777,8890608361841
perception,14872,0,8890608361969,8890608362001
perception,14873,0,8890608362129,8890608362193
perception,14874,0,8890608362289,8890608362353
perception,14875,0,8890608362481,8890608362545
perception,14876,0,8890608362641,8890608362705
perception,14877,0,8890608362801,8890608362865
perception,14878,0,8890608362961,8890608363025
perception,14879,0,8890608363121,8890608363185
perception,14880,0,8890608363281,8890608363345
perception,14881,0,8890608363473,8890608363537
perception,14882,0,8890608363633,8890608363665
perception,14883,0,8890608363793,8890608363825
perception,14884,0,8890608363953,8890608364017
perception,14885,0,8890608364113,8890608364177
perception,14886,0,8890608364273,8890608364337
perception,14887,0,8890608364465,8890608364497
perception,14888,0,8890608364625,8890608364657
perception,14889,0,8890608364785,8890608364817
perception,14890,0,8890608364913,8890608365009
perception,14891,0,8890608365105,8890608365169
perception,14892,0,8890608365265,8890608365329
perception,14893,0,8890608365425,8890608365489
perception,14894,0,8890608365585,8890608365649
perception,14895,0,8890608365745,8890608365809
perception,14896,0,8890608365905,8890608365969
perception,14897,0,8890608366065,8890608366129
perception,14898,0,8890608366225,8890608366289
perception,14899,0,8890608366417,8890608366481
perception,14900,0,8890608366577,8890608366609
perception,14901,0,8890608366737,8890608366769
perception,14902,0,8890608366897,8890608366929
perception,14903,0,8890608367025,8890608367089
perception,14904,0,8890608367185,8890608367249
perception,14905,0,8890608367345,8890608367409
perception,14906,0,8890608367505,8890608367569
perception,14907,0,8890608367665,8890608367729
perception,14908,0,8890608367857,8890608367889
perception,14909,0,8890608368017,8890608368049
perception,14910,0,8890608368145,8890608368209
perception,14911,0,8890608368337,8890608368401
perception,14912,0,8890608368497,8890608368561
perception,14913,0,8890608368689,8890608368721
perception,14914,0,8890608368849,8890608368913
perception,14915,0,8890608369009,8890608369073
perception,14916,0,8890608369169,8890608369233
perception,14917,0,8890608369361,8890608369393
perception,14918,0,8890608369521,8890608369553
perception,14919,0,8890608369681,8890608369713
perception,14920,0,8890608369841,8890608369905
perception,14921,0,8890608370001,8890608370065
perception,14922,0,8890608370193,8890608370257
perception,14923,0,8890608370353,8890608370385
perception,14924,0,8890608370513,8890608370545
perception,14925,0,8890608370673,8890608370737
perception,14926,0,8890608370833,8890608370897
perception,14927,0,8890608370993,8890608371057
perception,14928,0,8890608371153,8890608371217
perception,14929,0,8890608371345,8890608371377
perception,14930,0,8890608371505,8890608371569
perception,14931,0,8890608371665,8890608371729
perception,14932,0,8890608371825,8890608371921
perception,14933,0,8890608372017,8890608372049
perception,14934,0,8890608372177,8890608372209
perception,14935,0,8890608372337,8890608372369
perception,14936,0,8890608372465,8890608372561
perception,14937,0,8890608372657,8890608372721
perception,14938,0,8890608372817,8890608372913
perception,14939,0,8890608373009,8890608373041
perception,14940,0,8890608373169,8890608373201
perception,14941,0,8890608373329,8890608373361
perception,14942,0,8890608373489,8890608373553
perception,14943,0,8890608373681,8890608373745
perception,14944,0,8890608373841,8890608373873
perception,14945,0,8890608374001,8890608374033
perception,14946,0,8890608374161,8890608374225
perception,14947,0,8890608374321,8890608374385
perception,14948,0,8890608374481,8890608374545
perception,14949,0,8890608374641,8890608374705
perception,14950,0,8890608374801,8890608374865
perception,14951,0,8890608374993,8890608375025
perception,14952,0,8890608375153,8890608375185
perception,14953,0,8890608375281,8890608375345
perception,14954,0,8890608375441,8890608375505
perception,14955,0,8890608375601,8890608375697
perception,14956,0,8890608375793,8890608375825
perception,14957,0,8890608375953,8890608375985
perception,14958,0,8890608376113,8890608376145
perception,14959,0,8890608376273,8890608376305
perception,14960,0,8890608376433,8890608376497
perception,14961,0,8890608376593,8890608376657
perception,14962,0,8890608376753,8890608376817
perception,14963,0,8890608376945,8890608376977
perception,14964,0,8890608377105,8890608377137
perception,14965,0,8890608377233,8890608377329
perception,14966,0,8890608377425,8890608377489
perception,14967,0,8890608377585,8890608377649
perception,14968,0,8890608377777,8890608377809
perception,14969,0,8890608377937,8890608377969
perception,14970,0,8890608378065,8890608378161
perception,14971,0,8890608378257,8890608378321
perception,14972,0,8890608378417,8890608378481
perception,14973,0,8890608378577,8890608378641
perception,14974,0,8890608378769,8890608378801
perception,14975,0,8890608378929,8890608378961
perception,14976,0,8890608379121,8890608379185
perception,14977,0,8890608379313,8890608379345
perception,14978,0,8890608379473,8890608379505
perception,14979,0,8890608379601,8890608379697
perception,14980,0,8890608379793,8890608379857
perception,14981,0,8890608379953,8890608380017
perception,14982,0,8890608380113,8890608380177
perception,14983,0,8890608380305,8890608380337
perception,14984,0,8890608380465,8890608380497
perception,14985,0,8890608380593,8890608380657
perception,14986,0,8890608380753,8890608380849
perception,14987,0,8890608380913,8890608381009
perception,14988,0,8890608381105,8890608381137
perception,14989,0,8890608381265,8890608381297
perception,14990,0,8890608381425,8890608381457
perception,14991,0,8890608381585,8890608381617
perception,14992,0,8890608381713,8890608381777
perception,14993,0,8890608381873,8890608381937
perception,14994,0,8890608382033,8890608382097
perception,14995,0,8890608382193,8890608382257
perception,14996,0,8890608382385,8890608382417
perception,14997,0,8890608382545,8890608382577
perception,14998,0,8890608382705,8890608382737
perception,14999,0,8890608382833,8890608382929
perception,15000,0,8890608383025,8890608383089
perception,15001,0,8890608383185,8890608383249
perception,15002,0,8890608383345,8890608383377
perception,15003,0,8890608383505,8890608383537
perception,15004,0,8890608383665,8890608383729
perception,15005,0,8890608383857,8890608383953
perception,15006,0,8890608384049,8890608384081
perception,15007,0,8890608384209,8890608384241
perception,15008,0,8890608384369,8890608384433
perception,15009,0,8890608384529,8890608384593
perception,15010,0,8890608384689,8890608384753
perception,15011,0,8890608384849,8890608384913
perception,15012,0,8890608385041,8890608385073
perception,15013,0,8890608385201,8890608385233
perception,15014,0,8890608385361,8890608385425
perception,15015,0,8890608385521,8890608385585
perception,15016,0,8890608385681,8890608385745
perception,15017,0,8890608385841,8890608385905
perception,15018,0,8890608386033,8890608386065
perception,15019,0,8890608386194,8890608386258
perception,15020,0,8890608386354,8890608386418
perception,15021,0,8890608386514,8890608386578
perception,15022,0,8890608386674,8890608386738
perception,15023,0,8890608386866,8890608386898
perception,15024,0,8890608387026,8890608387058
perception,15025,0,8890608387154,8890608387250
perception,15026,0,8890608387346,8890608387410
perception,15027,0,8890608387506,8890608387570
perception,15028,0,8890608387666,8890608387730
perception,15029,0,8890608387826,8890608387890
perception,15030,0,8890608388018,8890608388050
perception,15031,0,8890608388146,8890608388210
perception,15032,0,8890608388306,8890608388370
perception,15033,0,8890608388466,8890608388530
perception,15034,0,8890608388626,8890608388690
perception,15035,0,8890608388786,8890608388850
perception,15036,0,8890608388946,8890608388978
perception,15037,0,8890608389106,8890608389170
perception,15038,0,8890608389266,8890608389330
perception,15039,0,8890608389426,8890608389490
perception,15040,0,8890608389586,8890608389650
perception,15041,0,8890608389746,8890608389810
perception,15042,0,8890608389906,8890608389970
perception,15043,0,8890608390066,8890608390130
perception,15044,0,8890608390258,8890608390322
perception,15045,0,8890608390418,8890608390482
perception,15046,0,8890608390578,8890608390642
perception,15047,0,8890608390770,8890608390802
perception,15048,0,8890608390930,8890608390962
perception,15049,0,8890608391090,8890608391122
perception,15050,0,8890608391218,8890608391314
perception,15051,0,8890608391410,8890608391474
perception,15052,0,8890608391570,8890608391634
perception,15053,0,8890608391730,8890608391794
perception,15054,0,8890608391922,8890608391954
perception,15055,0,8890608392050,8890608392114
perception,15056,0,8890608392242,8890608392306
perception,15057,0,8890608392402,8890608392466
perception,15058,0,8890608392626,8890608392658
perception,15059,0,8890608392754,8890608392818
perception,15060,0,8890608392914,8890608393010
perception,15061,0,8890608393106,8890608393170
perception,15062,0,8890608393266,8890608393330
perception,15063,0,8890608393426,8890608393490
perception,15064,0,8890608393586,8890608393650
perception,15065,0,8890608393746,8890608393810
perception,15066,0,8890608393906,8890608393970
perception,15067,0,8890608394066,8890608394162
perception,15068,0,8890608394226,8890608394290
perception,15069,0,8890608394418,8890608394450
perception,15070,0,8890608394578,8890608394610
perception,15071,0,8890608394706,8890608394770
perception,15072,0,8890608394866,8890608394930
perception,15073,0,8890608395058,8890608395154
perception,15074,0,8890608395218,8890608395282
perception,15075,0,8890608395378,8890608395442
perception,15076,0,8890608395570,8890608395602
perception,15077,0,8890608395698,8890608395762
perception,15078,0,8890608395858,8890608395922
perception,15079,0,8890608396018,8890608396082
perception,15080,0,8890608396178,8890608396242
perception,15081,0,8890608396370,8890608396402
perception,15082,0,8890608396530,8890608396562
perception,15083,0,8890608396690,8890608396722
perception,15084,0,8890608396818,8890608396882
perception,15085,0,8890608396978,8890608397074
perception,15086,0,8890608397170,8890608397234
perception,15087,0,8890608397330,8890608397362
perception,15088,0,8890608397490,8890608397522
perception,15089,0,8890608397650,8890608397682
perception,15090,0,8890608397810,8890608397874
perception,15091,0,8890608397970,8890608398034
perception,15092,0,8890608398130,8890608398194
perception,15093,0,8890608398290,8890608398354
perception,15094,0,8890608398482,8890608398514
perception,15095,0,8890608398642,8890608398674
perception,15096,0,8890608398770,8890608398834
perception,15097,0,8890608398962,8890608399026
perception,15098,0,8890608399122,8890608399186
perception,15099,0,8890608399282,8890608399346
perception,15100,0,8890608399474,8890608399506
perception,15101,0,8890608399602,8890608399666
perception,15102,0,8890608399762,8890608399826
perception,15103,0,8890608399954,8890608400018
perception,15104,0,8890608400114,8890608400178
perception,15105,0,8890608400274,8890608400306
perception,15106,0,8890608400466,8890608400498
perception,15107,0,8890608400594,8890608400658
perception,15108,0,8890608400754,8890608400818
perception,15109,0,8890608400914,8890608401010
perception,15110,0,8890608401074,8890608401138
perception,15111,0,8890608401266,8890608401298
perception,15112,0,8890608401426,8890608401458
perception,15113,0,8890608401586,8890608401650
perception,15114,0,8890608401746,8890608401810
perception,15115,0,8890608401906,8890608401970
perception,15116,0,8890608402066,8890608402130
perception,15117,0,8890608402226,8890608402258
perception,15118,0,8890608402386,8890608402418
perception,15119,0,8890608402546,8890608402610
perception,15120,0,8890608402706,8890608402770
perception,15121,0,8890608402866,8890608402930
perception,15122,0,8890608403026,8890608403090
perception,15123,0,8890608403186,8890608403250
perception,15124,0,8890608403346,8890608403378
perception,15125,0,8890608403506,8890608403538
perception,15126,0,8890608403666,8890608403698
perception,15127,0,8890608403826,8890608403890
perception,15128,0,8890608403986,8890608404050
perception,15129,0,8890608404178,8890608404242
perception,15130,0,8890608404338,8890608404370
perception,15131,0,8890608404498,8890608404562
perception,15132,0,8890608404658,8890608404722
perception,15133,0,8890608404818,8890608404882
perception,15134,0,8890608404978,8890608405042
perception,15135,0,8890608405170,8890608405202
perception,15136,0,8890608405330,8890608405362
perception,15137,0,8890608405490,8890608405554
perception,15138,0,8890608405650,8890608405714
perception,15139,0,8890608405810,8890608405874
perception,15140,0,8890608405970,8890608406034
perception,15141,0,8890608406162,8890608406194
perception,15142,0,8890608406322,8890608406354
perception,15143,0,8890608406482,8890608406514
perception,15144,0,8890608406610,8890608406706
perception,15145,0,8890608406802,8890608406866
perception,15146,0,8890608406962,8890608407026
perception,15147,0,8890608407122,8890608407154
perception,15148,0,8890608407282,8890608407346
perception,15149,0,8890608407442,8890608407506
perception,15150,0,8890608407602,8890608407666
perception,15151,0,8890608407762,8890608407858
perception,15152,0,8890608407922,8890608408018
perception,15153,0,8890608408114,8890608408146
perception,15154,0,8890608408274,8890608408306
perception,15155,0,8890608408434,8890608408466
perception,15156,0,8890608408562,8890608408658
perception,15157,0,8890608408754,8890608408818
perception,15158,0,8890608408914,8890608408978
perception,15159,0,8890608409106,8890608409138
perception,15160,0,8890608409266,8890608409330
perception,15161,0,8890608409426,8890608409490
perception,15162,0,8890608409586,8890608409650
perception,15163,0,8890608409746,8890608409810
perception,15164,0,8890608409906,8890608409970
perception,15165,0,8890608410066,8890608410098
perception,15166,0,8890608410226,8890608410258
perception,15167,0,8890608410386,8890608410418
perception,15168,0,8890608410514,8890608410578
perception,15169,0,8890608410706,8890608410770
perception,15170,0,8890608410866,8890608410930
perception,15171,0,8890608411058,8890608411090
perception,15172,0,8890608411218,8890608411250
perception,15173,0,8890608411378,8890608411410
perception,15174,0,8890608411506,8890608411570
perception,15175,0,8890608411666,8890608411730
perception,15176,0,8890608411858,8890608411922
perception,15177,0,8890608412018,8890608412050
perception,15178,0,8890608412178,8890608412210
perception,15179,0,8890608412338,8890608412402
perception,15180,0,8890608412498,8890608412562
perception,15181,0,8890608412658,8890608412722
perception,15182,0,8890608412818,8890608412914
perception,15183,0,8890608413010,8890608413042
perception,15184,0,8890608413170,8890608413202
perception,15185,0,8890608413330,8890608413362
perception,15186,0,8890608413490,8890608413554
perception,15187,0,8890608413650,8890608413714
perception,15188,0,8890608413810,8890608413874
perception,15189,0,8890608414002,8890608414034
perception,15190,0,8890608414162,8890608414194
perception,15191,0,8890608414323,8890608414387
perception,15192,0,8890608414483,8890608414547
perception,15193,0,8890608414643,8890608414707
perception,15194,0,8890608414835,8890608414867
perception,15195,0,8890608414995,8890608415027
perception,15196,0,8890608415155,8890608415187
perception,15197,0,8890608415315,8890608415379
perception,15198,0,8890608415475,8890608415571
perception,15199,0,8890608415667,8890608415699
perception,15200,0,8890608415827,8890608415859
perception,15201,0,8890608415987,8890608416051
perception,15202,0,8890608416147,8890608416211
perception,15203,0,8890608416307,8890608416371
perception,15204,0,8890608416467,8890608416531
perception,15205,0,8890608416627,8890608416691
perception,15206,0,8890608416787,8890608416819
perception,15207,0,8890608416947,8890608416979
perception,15208,0,8890608417107,8890608417139
perception,15209,0,8890608417235,8890608417299
perception,15210,0,8890608417459,8890608417523
perception,15211,0,8890608417651,8890608417683
perception,15212,0,8890608417811,8890608417843
perception,15213,0,8890608417939,8890608418003
perception,15214,0,8890608418099,8890608418163
perception,15215,0,8890608418291,8890608418355
perception,15216,0,8890608418451,8890608418483
perception,15217,0,8890608418611,8890608418675
perception,15218,0,8890608418771,8890608418835
perception,15219,0,8890608418931,8890608418995
perception,15220,0,8890608419091,8890608419187
perception,15221,0,8890608419251,8890608419347
perception,15222,0,8890608419443,8890608419475
perception,15223,0,8890608419603,8890608419635
perception,15224,0,8890608419763,8890608419859
perception,15225,0,8890608419955,8890608420019
perception,15226,0,8890608420115,8890608420179
perception,15227,0,8890608420275,8890608420339
perception,15228,0,8890608420467,8890608420499
perception,15229,0,8890608420595,8890608420659
perception,15230,0,8890608420787,8890608420851
perception,15231,0,8890608420947,8890608421011
perception,15232,0,8890608421139,8890608421171
perception,15233,0,8890608421299,8890608421331
perception,15234,0,8890608421427,8890608421523
perception,15235,0,8890608421619,8890608421683
perception,15236,0,8890608421779,8890608421843
perception,15237,0,8890608421939,8890608422003
perception,15238,0,8890608422131,8890608422163
perception,15239,0,8890608422259,8890608422323
perception,15240,0,8890608422451,8890608422515
perception,15241,0,8890608422611,8890608422707
perception,15242,0,8890608422803,8890608422835
perception,15243,0,8890608422995,8890608423059
perception,15244,0,8890608423155,8890608423219
perception,15245,0,8890608423315,8890608423379
perception,15246,0,8890608423475,8890608423539
perception,15247,0,8890608423667,8890608423699
perception,15248,0,8890608423827,8890608423859
perception,15249,0,8890608423955,8890608424019
perception,15250,0,8890608424115,8890608424179
perception,15251,0,8890608424275,8890608424339
perception,15252,0,8890608424467,8890608424499
perception,15253,0,8890608424627,8890608424659
perception,15254,0,8890608424787,8890608424819
perception,15255,0,8890608424915,8890608424979
perception,15256,0,8890608425075,8890608425139
perception,15257,0,8890608425267,8890608425331
perception,15258,0,8890608425459,8890608425491
perception,15259,0,8890608425619,8890608425651
perception,15260,0,8890608425779,8890608425811
perception,15261,0,8890608425907,8890608426003
perception,15262,0,8890608426099,8890608426163
perception,15263,0,8890608426259,8890608426323
perception,15264,0,8890608426451,8890608426483
perception,15265,0,8890608426611,8890608426675
perception,15266,0,8890608426771,8890608426835
perception,15267,0,8890608426931,8890608426995
perception,15268,0,8890608427091,8890608427155
perception,15269,0,8890608427283,8890608427315
perception,15270,0,8890608427443,8890608427475
perception,15271,0,8890608427603,8890608427635
perception,15272,0,8890608427731,8890608427827
perception,15273,0,8890608427923,8890608427987
perception,15274,0,8890608428083,8890608428147
perception,15275,0,8890608428275,8890608428307
perception,15276,0,8890608428435,8890608428467
perception,15277,0,8890608428563,8890608428627
perception,15278,0,8890608428723,8890608428819
perception,15279,0,8890608428915,8890608428979
perception,15280,0,8890608429075,8890608429139
perception,15281,0,8890608429235,8890608429299
perception,15282,0,8890608429395,8890608429459
perception,15283,0,8890608429555,8890608429619
perception,15284,0,8890608429715,8890608429811
perception,15285,0,8890608429907,8890608429971
perception,15286,0,8890608430067,8890608430099
perception,15287,0,8890608430227,8890608430259
perception,15288,0,8890608430387,8890608430419
perception,15289,0,8890608430515,8890608430579
perception,15290,0,8890608430675,8890608430739
perception,15291,0,8890608430835,8890608430899
perception,15292,0,8890608430995,8890608431059
perception,15293,0,8890608431155,8890608431219
perception,15294,0,8890608431347,8890608431411
perception,15295,0,8890608431507,8890608431571
perception,15296,0,8890608431667,8890608431731
perception,15297,0,8890608431827,8890608431891
perception,15298,0,8890608431987,8890608432051
perception,15299,0,8890608432147,8890608432211
perception,15300,0,8890608432339,8890608432371
perception,15301,0,8890608432499,8890608432563
perception,15302,0,8890608432659,8890608432723
perception,15303,0,8890608432819,8890608432883
perception,15304,0,8890608432979,8890608433043
perception,15305,0,8890608433139,8890608433203
perception,15306,0,8890608433331,8890608433363
perception,15307,0,8890608433459,8890608433523
perception,15308,0,8890608433619,8890608433683
perception,15309,0,8890608433811,8890608433875
perception,15310,0,8890608433971,8890608434035
perception,15311,0,8890608434131,8890608434163
perception,15312,0,8890608434291,8890608434323
perception,15313,0,8890608434451,8890608434515
perception,15314,0,8890608434611,8890608434675
perception,15315,0,8890608434771,8890608434835
perception,15316,0,8890608434931,8890608434995
perception,15317,0,8890608435123,8890608435155
perception,15318,0,8890608435283,8890608435315
perception,15319,0,8890608435411,8890608435475
perception,15320,0,8890608435571,8890608435667
perception,15321,0,8890608435763,8890608435827
perception,15322,0,8890608435923,8890608435987
perception,15323,0,8890608436083,8890608436115
perception,15324,0,8890608436243,8890608436307
perception,15325,0,8890608436403,8890608436467
perception,15326,0,8890608436563,8890608436627
perception,15327,0,8890608436723,8890608436787
perception,15328,0,8890608436883,8890608436947
perception,15329,0,8890608437075,8890608437107
perception,15330,0,8890608437235,8890608437267
perception,15331,0,8890608437363,8890608437427
perception,15332,0,8890608437523,8890608437587
perception,15333,0,8890608437683,8890608437747
perception,15334,0,8890608437843,8890608437907
perception,15335,0,8890608438003,8890608438067
perception,15336,0,8890608438195,8890608438227
perception,15337,0,8890608438355,8890608438387
perception,15338,0,8890608438483,8890608438547
perception,15339,0,8890608438643,8890608438707
perception,15340,0,8890608438803,8890608438867
perception,15341,0,8890608438963,8890608439027
perception,15342,0,8890608439123,8890608439187
perception,15343,0,8890608439315,8890608439347
perception,15344,0,8890608439475,8890608439507
perception,15345,0,8890608439603,8890608439667
perception,15346,0,8890608439763,8890608439859
perception,15347,0,8890608439987,8890608440051
perception,15348,0,8890608440147,8890608440179
perception,15349,0,8890608440307,8890608440371
perception,15350,0,8890608440467,8890608440531
perception,15351,0,8890608440627,8890608440691
perception,15352,0,8890608440787,8890608440883
perception,15353,0,8890608440979,8890608441011
perception,15354,0,8890608441139,8890608441171
perception,15355,0,8890608441299,8890608441331
perception,15356,0,8890608441459,8890608441523
perception,15357,0,8890608441619,8890608441683
perception,15358,0,8890608441779,8890608441843
perception,15359,0,8890608441971,8890608442003
perception,15360,0,8890608442131,8890608442163
perception,15361,0,8890608442260,8890608442356
perception,15362,0,8890608442452,8890608442516
perception,15363,0,8890608442612,8890608442676
perception,15364,0,8890608442772,8890608442836
perception,15365,0,8890608442932,8890608442964
perception,15366,0,8890608443124,8890608443156
perception,15367,0,8890608443252,8890608443316
perception,15368,0,8890608443412,8890608443476
perception,15369,0,8890608443572,8890608443636
perception,15370,0,8890608443732,8890608443828
perception,15371,0,8890608443924,8890608443956
perception,15372,0,8890608444084,8890608444116
perception,15373,0,8890608444244,8890608444276
perception,15374,0,8890608444372,8890608444436
perception,15375,0,8890608444532,8890608444628
perception,15376,0,8890608444724,8890608444788
perception,15377,0,8890608444884,8890608444916
perception,15378,0,8890608445044,8890608445076
perception,15379,0,8890608445204,8890608445236
perception,15380,0,8890608445364,8890608445396
perception,15381,0,8890608445524,8890608445588
perception,15382,0,8890608445684,8890608445748
perception,15383,0,8890608445876,8890608445908
perception,15384,0,8890608446036,8890608446068
perception,15385,0,8890608446196,8890608446228
perception,15386,0,8890608446356,8890608446420
perception,15387,0,8890608446548,8890608446612
perception,15388,0,8890608446708,8890608446740
perception,15389,0,8890608446868,8890608446900
perception,15390,0,8890608447028,8890608447092
perception,15391,0,8890608447188,8890608447252
perception,15392,0,8890608447348,8890608447412
perception,15393,0,8890608447508,8890608447604
perception,15394,0,8890608447700,8890608447732
perception,15395,0,8890608447860,8890608447892
perception,15396,0,8890608448020,8890608448084
perception,15397,0,8890608448180,8890608448244
perception,15398,0,8890608448340,8890608448404
perception,15399,0,8890608448532,8890608448564
perception,15400,0,8890608448692,8890608448724
perception,15401,0,8890608448852,8890608448916
perception,15402,0,8890608449012,8890608449076
perception,15403,0,8890608449172,8890608449236
perception,15404,0,8890608449332,8890608449396
perception,15405,0,8890608449492,8890608449556
perception,15406,0,8890608449684,8890608449716
perception,15407,0,8890608449812,8890608449876
perception,15408,0,8890608449972,8890608450036
perception,15409,0,8890608450164,8890608450228
perception,15410,0,8890608450324,8890608450388
perception,15411,0,8890608450516,8890608450548
perception,15412,0,8890608450676,8890608450708
perception,15413,0,8890608450804,8890608450900
perception,15414,0,8890608450996,8890608451060
perception,15415,0,8890608451156,8890608451220
perception,15416,0,8890608451316,8890608451380
perception,15417,0,8890608451508,8890608451540
perception,15418,0,8890608451636,8890608451700
perception,15419,0,8890608451796,8890608451860
perception,15420,0,8890608451956,8890608452020
perception,15421,0,8890608452116,8890608452180
perception,15422,0,8890608452276,8890608452340
perception,15423,0,8890608452436,8890608452468
perception,15424,0,8890608452628,8890608452660
perception,15425,0,8890608452788,8890608452852
perception,15426,0,8890608452948,8890608453012
perception,15427,0,8890608453108,8890608453172
perception,15428,0,8890608453268,8890608453332
perception,15429,0,8890608453428,8890608453460
perception,15430,0,8890608453588,8890608453652
perception,15431,0,8890608453748,8890608453812
perception,15432,0,8890608453908,8890608453972
perception,15433,0,8890608454100,8890608454164
perception,15434,0,8890608454292,8890608454324
perception,15435,0,8890608454452,8890608454484
perception,15436,0,8890608454580,8890608454676
perception,15437,0,8890608454772,8890608454836
perception,15438,0,8890608454932,8890608454996
perception,15439,0,8890608455124,8890608455156
perception,15440,0,8890608455284,8890608455316
perception,15441,0,8890608455412,8890608455476
perception,15442,0,8890608455604,8890608455668
perception,15443,0,8890608455764,8890608455828
perception,15444,0,8890608455924,8890608455988
perception,15445,0,8890608456116,8890608456180
perception,15446,0,8890608456276,8890608456340
perception,15447,0,8890608456436,8890608456500
perception,15448,0,8890608456596,8890608456660
perception,15449,0,8890608456756,8890608456820
perception,15450,0,8890608456948,8890608456980
perception,15451,0,8890608457108,8890608457140
perception,15452,0,8890608457236,8890608457332
perception,15453,0,8890608457428,8890608457492
perception,15454,0,8890608457588,8890608457652
perception,15455,0,8890608457748,8890608457812
perception,15456,0,8890608457940,8890608457972
perception,15457,0,8890608458068,8890608458132
perception,15458,0,8890608458228,8890608458292
perception,15459,0,8890608458388,8890608458452
perception,15460,0,8890608458548,8890608458644
perception,15461,0,8890608458708,8890608458772
perception,15462,0,8890608458932,8890608458964
perception,15463,0,8890608459060,8890608459124
perception,15464,0,8890608459220,8890608459284
perception,15465,0,8890608459412,8890608459476
perception,15466,0,8890608459572,8890608459604
perception,15467,0,8890608459732,8890608459764
perception,15468,0,8890608459892,8890608459924
perception,15469,0,8890608460052,8890608460116
perception,15470,0,8890608460212,8890608460276
perception,15471,0,8890608460372,8890608460436
perception,15472,0,8890608460532,8890608460596
perception,15473,0,8890608460692,8890608460724
perception,15474,0,8890608460884,8890608460916
perception,15475,0,8890608461012,8890608461076
perception,15476,0,8890608461204,8890608461268
perception,15477,0,8890608461396,8890608461428
perception,15478,0,8890608461556,8890608461588
perception,15479,0,8890608461716,8890608461748
perception,15480,0,8890608461844,8890608461908
perception,15481,0,8890608462004,8890608462100
perception,15482,0,8890608462228,8890608462260
perception,15483,0,8890608462388,8890608462420
perception,15484,0,8890608462548,8890608462612
perception,15485,0,8890608462708,8890608462772
perception,15486,0,8890608462868,8890608462932
perception,15487,0,8890608463028,8890608463092
perception,15488,0,8890608463220,8890608463284
perception,15489,0,8890608463380,8890608463444
perception,15490,0,8890608463540,8890608463604
perception,15491,0,8890608463700,8890608463796
perception,15492,0,8890608463860,8890608463956
perception,15493,0,8890608464052,8890608464084
perception,15494,0,8890608464244,8890608464276
perception,15495,0,8890608464372,8890608464436
perception,15496,0,8890608464532,8890608464628
perception,15497,0,8890608464724,8890608464788
perception,15498,0,8890608464884,8890608464916
perception,15499,0,8890608465044,8890608465108
perception,15500,0,8890608465204,8890608465268
perception,15501,0,8890608465364,8890608465428
perception,15502,0,8890608465524,8890608465588
perception,15503,0,8890608465684,8890608465748
perception,15504,0,8890608465844,8890608465908
perception,15505,0,8890608466004,8890608466036
perception,15506,0,8890608466164,8890608466196
perception,15507,0,8890608466324,8890608466388
perception,15508,0,8890608466484,8890608466548
perception,15509,0,8890608466644,8890608466708
perception,15510,0,8890608466804,8890608466900
perception,15511,0,8890608466996,8890608467028
perception,15512,0,8890608467156,8890608467188
perception,15513,0,8890608467316,8890608467380
perception,15514,0,8890608467476,8890608467540
perception,15515,0,8890608467668,8890608467732
perception,15516,0,8890608467828,8890608467892
perception,15517,0,8890608468020,8890608468084
perception,15518,0,8890608468180,8890608468244
perception,15519,0,8890608468340,8890608468404
perception,15520,0,8890608468500,8890608468564
perception,15521,0,8890608468692,8890608468756
perception,15522,0,8890608468852,8890608468916
perception,15523,0,8890608469012,8890608469076
perception,15524,0,8890608469172,8890608469236
perception,15525,0,8890608469364,8890608469396
perception,15526,0,8890608469524,8890608469556
perception,15527,0,8890608469684,8890608469716
perception,15528,0,8890608469812,8890608469876
perception,15529,0,8890608470004,8890608470068
perception,15530,0,8890608470164,8890608470228
perception,15531,0,8890608470325,8890608470389
perception,15532,0,8890608470517,8890608470549
perception,15533,0,8890608470677,8890608470741
perception,15534,0,8890608470869,8890608470933
perception,15535,0,8890608471029,8890608471093
perception,15536,0,8890608471189,8890608471221
perception,15537,0,8890608471349,8890608471413
perception,15538,0,8890608471509,8890608471573
perception,15539,0,8890608471701,8890608471765
perception,15540,0,8890608471893,8890608471957
perception,15541,0,8890608472053,8890608472117
perception,15542,0,8890608472213,8890608472277
perception,15543,0,8890608472373,8890608472437
perception,15544,0,8890608472565,8890608472629
perception,15545,0,8890608472725,8890608472757
perception,15546,0,8890608472885,8890608472917
perception,15547,0,8890608473045,8890608473077
perception,15548,0,8890608473173,8890608473237
perception,15549,0,8890608473333,8890608473397
perception,15550,0,8890608473493,8890608473589
perception,15551,0,8890608473685,8890608473749
perception,15552,0,8890608473845,8890608473877
perception,15553,0,8890608474005,8890608474037
perception,15554,0,8890608474165,8890608474197
perception,15555,0,8890608474293,8890608474357
perception,15556,0,8890608474485,8890608474549
perception,15557,0,8890608474645,8890608474709
perception,15558,0,8890608474805,8890608474869
perception,15559,0,8890608474965,8890608475029
perception,15560,0,8890608475157,8890608475189
perception,15561,0,8890608475285,8890608475349
perception,15562,0,8890608475445,8890608475509
perception,15563,0,8890608475637,8890608475701
perception,15564,0,8890608475829,8890608475861
perception,15565,0,8890608475989,8890608476021
perception,15566,0,8890608476117,8890608476213
perception,15567,0,8890608476309,8890608476373
perception,15568,0,8890608476501,8890608476533
perception,15569,0,8890608476661,8890608476693
perception,15570,0,8890608476821,8890608476853
perception,15571,0,8890608476949,8890608477045
perception,15572,0,8890608477141,8890608477205
perception,15573,0,8890608477301,8890608477365
perception,15574,0,8890608477461,8890608477525
perception,15575,0,8890608477653,8890608477685
perception,15576,0,8890608477813,8890608477845
perception,15577,0,8890608477973,8890608478037
perception,15578,0,8890608478133,8890608478229
perception,15579,0,8890608478325,8890608478357
perception,15580,0,8890608478485,8890608478517
perception,15581,0,8890608478645,8890608478709
perception,15582,0,8890608478805,8890608478901
perception,15583,0,8890608478997,8890608479061
perception,15584,0,8890608479157,8890608479189
perception,15585,0,8890608479317,8890608479349
perception,15586,0,8890608479477,8890608479541
perception,15587,0,8890608479637,8890608479733
perception,15588,0,8890608479797,8890608479893
perception,15589,0,8890608479957,8890608480053
perception,15590,0,8890608480149,8890608480181
perception,15591,0,8890608480309,8890608480341
perception,15592,0,8890608480469,8890608480501
perception,15593,0,8890608480597,8890608480661
perception,15594,0,8890608480757,8890608480821
perception,15595,0,8890608480917,8890608480981
perception,15596,0,8890608481077,8890608481141
perception,15597,0,8890608481237,8890608481301
perception,15598,0,8890608481429,8890608481461
perception,15599,0,8890608481589,8890608481621
perception,15600,0,8890608481717,8890608481781
perception,15601,0,8890608481909,8890608481973
perception,15602,0,8890608482069,8890608482133
perception,15603,0,8890608482261,8890608482293
perception,15604,0,8890608482421,8890608482485
perception,15605,0,8890608482581,8890608482677
perception,15606,0,8890608482773,8890608482837
perception,15607,0,8890608482933,8890608482965
perception,15608,0,8890608483093,8890608483125
perception,15609,0,8890608483253,8890608483317
perception,15610,0,8890608483413,8890608483477
perception,15611,0,8890608483573,8890608483637
perception,15612,0,8890608483733,8890608483829
perception,15613,0,8890608483925,8890608483957
perception,15614,0,8890608484085,8890608484117
perception,15615,0,8890608484245,8890608484309
perception,15616,0,8890608484405,8890608484469
perception,15617,0,8890608484565,8890608484661
perception,15618,0,8890608484757,8890608484789
perception,15619,0,8890608484917,8890608484949
perception,15620,0,8890608485077,8890608485109
perception,15621,0,8890608485237,8890608485301
perception,15622,0,8890608485429,8890608485493
perception,15623,0,8890608485589,8890608485621
perception,15624,0,8890608485749,8890608485813
perception,15625,0,8890608485909,8890608485973
perception,15626,0,8890608486069,8890608486133
perception,15627,0,8890608486229,8890608486325
perception,15628,0,8890608486421,8890608486485
perception,15629,0,8890608486581,8890608486613
perception,15630,0,8890608486741,8890608486773
perception,15631,0,8890608486901,8890608486933
perception,15632,0,8890608487029,8890608487093
perception,15633,0,8890608487189,8890608487253
perception,15634,0,8890608487349,8890608487445
perception,15635,0,8890608487509,8890608487605
perception,15636,0,8890608487701,8890608487733
perception,15637,0,8890608487861,8890608487925
perception,15638,0,8890608488021,8890608488085
perception,15639,0,8890608488181,8890608488245
perception,15640,0,8890608488341,8890608488437
perception,15641,0,8890608488533,8890608488565
perception,15642,0,8890608488693,8890608488725
perception,15643,0,8890608488853,8890608488917
perception,15644,0,8890608489013,8890608489077
perception,15645,0,8890608489173,8890608489237
perception,15646,0,8890608489333,8890608489397
perception,15647,0,8890608489493,8890608489557
perception,15648,0,8890608489685,8890608489717
perception,15649,0,8890608489813,8890608489877
perception,15650,0,8890608489973,8890608490037
perception,15651,0,8890608490165,8890608490261
perception,15652,0,8890608490357,8890608490389
perception,15653,0,8890608490517,8890608490549
perception,15654,0,8890608490677,8890608490741
perception,15655,0,8890608490837,8890608490901
perception,15656,0,8890608490997,8890608491061
perception,15657,0,8890608491157,8890608491221
perception,15658,0,8890608491317,8890608491381
perception,15659,0,8890608491509,8890608491541
perception,15660,0,8890608491669,8890608491733
perception,15661,0,8890608491829,8890608491925
perception,15662,0,8890608492021,8890608492053
perception,15663,0,8890608492181,8890608492213
perception,15664,0,8890608492341,8890608492405
perception,15665,0,8890608492533,8890608492597
perception,15666,0,8890608492693,8890608492757
perception,15667,0,8890608492917,8890608492949
perception,15668,0,8890608493077,8890608493141
perception,15669,0,8890608493237,8890608493301
perception,15670,0,8890608493429,8890608493461
perception,15671,0,8890608493589,8890608493653
perception,15672,0,8890608493781,8890608493845
perception,15673,0,8890608493941,8890608494005
perception,15674,0,8890608494101,8890608494165
perception,15675,0,8890608494293,8890608494325
perception,15676,0,8890608494453,8890608494485
perception,15677,0,8890608494581,8890608494645
perception,15678,0,8890608494741,8890608494805
perception,15679,0,8890608494901,8890608494965
perception,15680,0,8890608495061,8890608495125
perception,15681,0,8890608495221,8890608495285
perception,15682,0,8890608495381,8890608495445
perception,15683,0,8890608495573,8890608495605
perception,15684,0,8890608495701,8890608495765
perception,15685,0,8890608495893,8890608495957
perception,15686,0,8890608496053,8890608496117
perception,15687,0,8890608496213,8890608496277
perception,15688,0,8890608496405,8890608496437
perception,15689,0,8890608496565,8890608496629
perception,15690,0,8890608496725,8890608496789
perception,15691,0,8890608496917,8890608496949
perception,15692,0,8890608497077,8890608497109
perception,15693,0,8890608497237,8890608497269
perception,15694,0,8890608497397,8890608497461
perception,15695,0,8890608497557,8890608497621
perception,15696,0,8890608497717,8890608497781
perception,15697,0,8890608497909,8890608497941
perception,15698,0,8890608498069,8890608498101
perception,15699,0,8890608498229,8890608498261
perception,15700,0,8890608498358,8890608498422
perception,15701,0,8890608498550,8890608498614
perception,15702,0,8890608498710,8890608498774
perception,15703,0,8890608498902,8890608498934
perception,15704,0,8890608499062,8890608499094
perception,15705,0,8890608499190,8890608499254
perception,15706,0,8890608499350,8890608499446
perception,15707,0,8890608499542,8890608499606
perception,15708,0,8890608499702,8890608499766
perception,15709,0,8890608499862,8890608499926
perception,15710,0,8890608500054,8890608500118
perception,15711,0,8890608500214,8890608500278
perception,15712,0,8890608500374,8890608500438
perception,15713,0,8890608500534,8890608500598
perception,15714,0,8890608500726,8890608500758
perception,15715,0,8890608500886,8890608500918
perception,15716,0,8890608501014,8890608501110
perception,15717,0,8890608501174,8890608501270
perception,15718,0,8890608501366,8890608501430
perception,15719,0,8890608501494,8890608501590
perception,15720,0,8890608501686,8890608501718
perception,15721,0,8890608501846,8890608501878
perception,15722,0,8890608502006,8890608502038
perception,15723,0,8890608502134,8890608502198
perception,15724,0,8890608502326,8890608502390
perception,15725,0,8890608502486,8890608502550
perception,15726,0,8890608502646,8890608502710
perception,15727,0,8890608502838,8890608502870
perception,15728,0,8890608502966,8890608503030
perception,15729,0,8890608503126,8890608503190
perception,15730,0,8890608503286,8890608503382
perception,15731,0,8890608503478,8890608503542
perception,15732,0,8890608503638,8890608503670
perception,15733,0,8890608503798,8890608503830
perception,15734,0,8890608503958,8890608504022
perception,15735,0,8890608504118,8890608504182
perception,15736,0,8890608504278,8890608504374
perception,15737,0,8890608504470,8890608504502
perception,15738,0,8890608504662,8890608504694
perception,15739,0,8890608504790,8890608504854
perception,15740,0,8890608504950,8890608505046
perception,15741,0,8890608505174,8890608505206
perception,15742,0,8890608505334,8890608505366
perception,15743,0,8890608505494,8890608505558
perception,15744,0,8890608505654,8890608505718
perception,15745,0,8890608505814,8890608505910
perception,15746,0,8890608506006,8890608506038
perception,15747,0,8890608506166,8890608506198
perception,15748,0,8890608506326,8890608506390
perception,15749,0,8890608506486,8890608506550
perception,15750,0,8890608506646,8890608506710
perception,15751,0,8890608506806,8890608506870
perception,15752,0,8890608506998,8890608507030
perception,15753,0,8890608507158,8890608507190
perception,15754,0,8890608507318,8890608507350
perception,15755,0,8890608507478,8890608507542
perception,15756,0,8890608507638,8890608507702
perception,15757,0,8890608507798,8890608507862
perception,15758,0,8890608507990,8890608508022
perception,15759,0,8890608508150,8890608508182
perception,15760,0,8890608508278,8890608508342
perception,15761,0,8890608508438,8890608508502
perception,15762,0,8890608508630,8890608508694
perception,15763,0,8890608508790,8890608508854
perception,15764,0,8890608508950,8890608508982
perception,15765,0,8890608509110,8890608509174
perception,15766,0,8890608509270,8890608509334
perception,15767,0,8890608509430,8890608509494
perception,15768,0,8890608509654,8890608509686
perception,15769,0,8890608509814,8890608509878
perception,15770,0,8890608509974,8890608510038
perception,15771,0,8890608510134,8890608510198
perception,15772,0,8890608510294,8890608510358
perception,15773,0,8890608510486,8890608510518
perception,15774,0,8890608510646,8890608510678
perception,15775,0,8890608510806,8890608510838
perception,15776,0,8890608510934,8890608511030
perception,15777,0,8890608511126,8890608511190
perception,15778,0,8890608511286,8890608511350
perception,15779,0,8890608511446,8890608511510
perception,15780,0,8890608511638,8890608511670
perception,15781,0,8890608511830,8890608511894
perception,15782,0,8890608511990,8890608512054
perception,15783,0,8890608512150,8890608512214
perception,15784,0,8890608512342,8890608512374
perception,15785,0,8890608512470,8890608512534
perception,15786,0,8890608512630,8890608512726
perception,15787,0,8890608512822,8890608512886
perception,15788,0,8890608512982,8890608513046
perception,15789,0,8890608513142,8890608513174
perception,15790,0,8890608513302,8890608513366
perception,15791,0,8890608513462,8890608513526
perception,15792,0,8890608513622,8890608513686
perception,15793,0,8890608513782,8890608513846
perception,15794,0,8890608513942,8890608514006
perception,15795,0,8890608514102,8890608514166
perception,15796,0,8890608514294,8890608514326
perception,15797,0,8890608514454,8890608514518
perception,15798,0,8890608514614,8890608514678
perception,15799,0,8890608514774,8890608514838
perception,15800,0,8890608514966,8890608514998
perception,15801,0,8890608515126,8890608515158
perception,15802,0,8890608515286,8890608515318
perception,15803,0,8890608515478,8890608515542
perception,15804,0,8890608515638,8890608515702
perception,15805,0,8890608515798,8890608515830
perception,15806,0,8890608515990,8890608516022
perception,15807,0,8890608516118,8890608516182
perception,15808,0,8890608516310,8890608516374
perception,15809,0,8890608516502,8890608516534
perception,15810,0,8890608516662,8890608516694
perception,15811,0,8890608516822,8890608516918
perception,15812,0,8890608516982,8890608517078
perception,15813,0,8890608517174,8890608517238
perception,15814,0,8890608517334,8890608517366
perception,15815,0,8890608517526,8890608517590
perception,15816,0,8890608517686,8890608517750
perception,15817,0,8890608517846,8890608517910
perception,15818,0,8890608518006,8890608518070
perception,15819,0,8890608518198,8890608518230
perception,15820,0,8890608518358,8890608518390
perception,15821,0,8890608518518,8890608518582
perception,15822,0,8890608518678,8890608518742
perception,15823,0,8890608518838,8890608518902
perception,15824,0,8890608519030,8890608519062
perception,15825,0,8890608519190,8890608519222
perception,15826,0,8890608519350,8890608519382
perception,15827,0,8890608519478,8890608519542
perception,15828,0,8890608519670,8890608519734
perception,15829,0,8890608519830,8890608519894
perception,15830,0,8890608519990,8890608520054
perception,15831,0,8890608520182,8890608520214
perception,15832,0,8890608520310,8890608520406
perception,15833,0,8890608520502,8890608520566
perception,15834,0,8890608520662,8890608520726
perception,15835,0,8890608520822,8890608520886
perception,15836,0,8890608520982,8890608521014
perception,15837,0,8890608521142,8890608521206
perception,15838,0,8890608521302,8890608521366
perception,15839,0,8890608521462,8890608521526
perception,15840,0,8890608521654,8890608521718
perception,15841,0,8890608521814,8890608521846
perception,15842,0,8890608522006,8890608522038
perception,15843,0,8890608522134,8890608522198
perception,15844,0,8890608522294,8890608522358
perception,15845,0,8890608522454,8890608522518
perception,15846,0,8890608522614,8890608522678
perception,15847,0,8890608522774,8890608522838
perception,15848,0,8890608522966,8890608522998
perception,15849,0,8890608523126,8890608523158
perception,15850,0,8890608523254,8890608523318
perception,15851,0,8890608523414,8890608523510
perception,15852,0,8890608523606,8890608523670
perception,15853,0,8890608523766,8890608523830
perception,15854,0,8890608523958,8890608523990
perception,15855,0,8890608524086,8890608524182
perception,15856,0,8890608524278,8890608524342
perception,15857,0,8890608524438,8890608524502
perception,15858,0,8890608524630,8890608524662
perception,15859,0,8890608524790,8890608524854
perception,15860,0,8890608524918,8890608525014
perception,15861,0,8890608525110,8890608525174
perception,15862,0,8890608525270,8890608525334
perception,15863,0,8890608525430,8890608525494
perception,15864,0,8890608525622,8890608525654
perception,15865,0,8890608525782,8890608525814
perception,15866,0,8890608525910,8890608526006
perception,15867,0,8890608526102,8890608526166
perception,15868,0,8890608526262,8890608526327
perception,15869,0,8890608526423,8890608526487
perception,15870,0,8890608526615,8890608526647
perception,15871,0,8890608526775,8890608526839
perception,15872,0,8890608526935,8890608527031
perception,15873,0,8890608527127,8890608527159
perception,15874,0,8890608527287,8890608527319
perception,15875,0,8890608527447,8890608527479
perception,15876,0,8890608527607,8890608527671
perception,15877,0,8890608527767,8890608527831
perception,15878,0,8890608527927,8890608527991
perception,15879,0,8890608528151,8890608528183
perception,15880,0,8890608528279,8890608528375
perception,15881,0,8890608528471,8890608528535
perception,15882,0,8890608528631,8890608528695
perception,15883,0,8890608528791,8890608528855
perception,15884,0,8890608528951,8890608529015
perception,15885,0,8890608529111,8890608529175
perception,15886,0,8890608529271,8890608529335
perception,15887,0,8890608529399,8890608529495
perception,15888,0,8890608529591,8890608529655
perception,15889,0,8890608529719,8890608529815
perception,15890,0,8890608529911,8890608529975
perception,15891,0,8890608530103,8890608530135
perception,15892,0,8890608530263,8890608530295
perception,15893,0,8890608530391,8890608530455
perception,15894,0,8890608530551,8890608530615
perception,15895,0,8890608530743,8890608530807
perception,15896,0,8890608530903,8890608530935
perception,15897,0,8890608531063,8890608531127
perception,15898,0,8890608531255,8890608531319
perception,15899,0,8890608531415,8890608531479
perception,15900,0,8890608531575,8890608531639
perception,15901,0,8890608531735,8890608531799
perception,15902,0,8890608531927,8890608531959
perception,15903,0,8890608532055,8890608532119
perception,15904,0,8890608532215,8890608532311
perception,15905,0,8890608532407,8890608532471
perception,15906,0,8890608532599,8890608532631
perception,15907,0,8890608532759,8890608532791
perception,15908,0,8890608532919,8890608532983
perception,15909,0,8890608533079,8890608533143
perception,15910,0,8890608533239,8890608533303
perception,15911,0,8890608533399,8890608533463
perception,15912,0,8890608533591,8890608533623
perception,15913,0,8890608533751,8890608533815
perception,15914,0,8890608533911,8890608533975
perception,15915,0,8890608534071,8890608534135
perception,15916,0,8890608534231,8890608534295
perception,15917,0,8890608534423,8890608534455
perception,15918,0,8890608534583,8890608534615
perception,15919,0,8890608534711,8890608534775
perception,15920,0,8890608534903,8890608534967
perception,15921,0,8890608535063,8890608535127
perception,15922,0,8890608535223,8890608535287
perception,15923,0,8890608535415,8890608535447
perception,15924,0,8890608535575,8890608535639
perception,15925,0,8890608535735,8890608535799
perception,15926,0,8890608535895,8890608535959
perception,15927,0,8890608536055,8890608536119
perception,15928,0,8890608536215,8890608536279
perception,15929,0,8890608536375,8890608536407
perception,15930,0,8890608536535,8890608536567
perception,15931,0,8890608536695,8890608536727
perception,15932,0,8890608536855,8890608536919
perception,15933,0,8890608537015,8890608537079
perception,15934,0,8890608537175,8890608537239
perception,15935,0,8890608537367,8890608537399
perception,15936,0,8890608537527,8890608537559
perception,15937,0,8890608537655,8890608537751
perception,15938,0,8890608537847,8890608537911
perception,15939,0,8890608538007,8890608538071
perception,15940,0,8890608538167,8890608538231
perception,15941,0,8890608538327,8890608538391
perception,15942,0,8890608538487,8890608538551
perception,15943,0,8890608538647,8890608538711
perception,15944,0,8890608538807,8890608538903
perception,15945,0,8890608538999,8890608539063
perception,15946,0,8890608539159,8890608539191
perception,15947,0,8890608539319,8890608539351
perception,15948,0,8890608539479,8890608539543
perception,15949,0,8890608539639,8890608539703
perception,15950,0,8890608539799,8890608539863
perception,15951,0,8890608539959,8890608540023
perception,15952,0,8890608540183,8890608540215
perception,15953,0,8890608540311,8890608540375
perception,15954,0,8890608540503,8890608540599
perception,15955,0,8890608540695,8890608540727
perception,15956,0,8890608540855,8890608540887
perception,15957,0,8890608541015,8890608541047
perception,15958,0,8890608541175,8890608541239
perception,15959,0,8890608541335,8890608541399
perception,15960,0,8890608541495,8890608541559
perception,15961,0,8890608541655,8890608541719
perception,15962,0,8890608541847,8890608541879
perception,15963,0,8890608542007,8890608542039
perception,15964,0,8890608542135,8890608542199
perception,15965,0,8890608542327,8890608542391
perception,15966,0,8890608542487,8890608542551
perception,15967,0,8890608542647,8890608542711
perception,15968,0,8890608542807,8890608542839
perception,15969,0,8890608542967,8890608542999
perception,15970,0,8890608543127,8890608543191
perception,15971,0,8890608543287,8890608543351
perception,15972,0,8890608543447,8890608543511
perception,15973,0,8890608543607,8890608543671
perception,15974,0,8890608543767,8890608543831
perception,15975,0,8890608543927,8890608543959
perception,15976,0,8890608544087,8890608544119
perception,15977,0,8890608544247,8890608544311
perception,15978,0,8890608544407,8890608544471
perception,15979,0,8890608544567,8890608544631
perception,15980,0,8890608544727,8890608544791
perception,15981,0,8890608544919,8890608544951
perception,15982,0,8890608545079,8890608545111
perception,15983,0,8890608545239,8890608545303
perception,15984,0,8890608545399,8890608545495
perception,15985,0,8890608545591,8890608545623
perception,15986,0,8890608545751,8890608545783
perception,15987,0,8890608545911,8890608545943
perception,15988,0,8890608546039,8890608546135
perception,15989,0,8890608546231,8890608546295
perception,15990,0,8890608546391,8890608546455
perception,15991,0,8890608546551,8890608546615
perception,15992,0,8890608546743,8890608546775
perception,15993,0,8890608546903,8890608546935
perception,15994,0,8890608547031,8890608547095
perception,15995,0,8890608547223,8890608547287
perception,15996,0,8890608547383,8890608547447
perception,15997,0,8890608547543,8890608547607
perception,15998,0,8890608547703,8890608547767
perception,15999,0,8890608547863,8890608547927
perception,16000,0,8890608548087,8890608548151
perception,16001,0,8890608548247,8890608548279
perception,16002,0,8890608548439,8890608548471
perception,16003,0,8890608548599,8890608548663
perception,16004,0,8890608548759,8890608548823
perception,16005,0,8890608548919,8890608548983
perception,16006,0,8890608549079,8890608549143
perception,16007,0,8890608549271,8890608549335
perception,16008,0,8890608549431,8890608549495
perception,16009,0,8890608549623,8890608549687
perception,16010,0,8890608549783,8890608549815
perception,16011,0,8890608549943,8890608549975
perception,16012,0,8890608550103,8890608550135
perception,16013,0,8890608550263,8890608550295
perception,16014,0,8890608550391,8890608550455
perception,16015,0,8890608550551,8890608550615
perception,16016,0,8890608550711,8890608550775
perception,16017,0,8890608550871,8890608550935
perception,16018,0,8890608551031,8890608551095
perception,16019,0,8890608551191,8890608551255
perception,16020,0,8890608551383,8890608551415
perception,16021,0,8890608551543,8890608551607
perception,16022,0,8890608551735,8890608551799
perception,16023,0,8890608551895,8890608551927
perception,16024,0,8890608552055,8890608552087
perception,16025,0,8890608552215,8890608552279
perception,16026,0,8890608552375,8890608552439
perception,16027,0,8890608552535,8890608552599
perception,16028,0,8890608552695,8890608552759
perception,16029,0,8890608552919,8890608552951
perception,16030,0,8890608553047,8890608553111
perception,16031,0,8890608553207,8890608553271
perception,16032,0,8890608553399,8890608553463
perception,16033,0,8890608553559,8890608553591
perception,16034,0,8890608553751,8890608553783
perception,16035,0,8890608553879,8890608553975
perception,16036,0,8890608554071,8890608554167
perception,16037,0,8890608554263,8890608554295
perception,16038,0,8890608554424,8890608554456
perception,16039,0,8890608554584,8890608554616
perception,16040,0,8890608554744,8890608554808
perception,16041,0,8890608554904,8890608554968
perception,16042,0,8890608555064,8890608555160
perception,16043,0,8890608555256,8890608555288
perception,16044,0,8890608555416,8890608555480
perception,16045,0,8890608555576,8890608555640
perception,16046,0,8890608555736,8890608555832
perception,16047,0,8890608555928,8890608555992
perception,16048,0,8890608556120,8890608556152
perception,16049,0,8890608556280,8890608556344
perception,16050,0,8890608556408,8890608556504
perception,16051,0,8890608556600,8890608556664
perception,16052,0,8890608556792,8890608556824
perception,16053,0,8890608556952,8890608556984
perception,16054,0,8890608557112,8890608557144
perception,16055,0,8890608557240,8890608557304
perception,16056,0,8890608557400,8890608557464
perception,16057,0,8890608557560,8890608557624
perception,16058,0,8890608557720,8890608557816
perception,16059,0,8890608557944,8890608557976
perception,16060,0,8890608558072,8890608558136
perception,16061,0,8890608558232,8890608558296
perception,16062,0,8890608558392,8890608558456
perception,16063,0,8890608558552,8890608558616
perception,16064,0,8890608558744,8890608558776
perception,16065,0,8890608558936,8890608559000
perception,16066,0,8890608559096,8890608559160
perception,16067,0,8890608559256,8890608559320
perception,16068,0,8890608559448,8890608559480
perception,16069,0,8890608559608,8890608559640
perception,16070,0,8890608559768,8890608559832
perception,16071,0,8890608559928,8890608559992
perception,16072,0,8890608560120,8890608560184
perception,16073,0,8890608560312,8890608560344
perception,16074,0,8890608560472,8890608560504
perception,16075,0,8890608560632,8890608560696
perception,16076,0,8890608560824,8890608560888
perception,16077,0,8890608560984,8890608561016
perception,16078,0,8890608561144,8890608561176
perception,16079,0,8890608561304,8890608561368
perception,16080,0,8890608561496,8890608561560
perception,16081,0,8890608561656,8890608561720
perception,16082,0,8890608561848,8890608561880
perception,16083,0,8890608562008,8890608562072
perception,16084,0,8890608562168,8890608562264
perception,16085,0,8890608562360,8890608562424
perception,16086,0,8890608562552,8890608562584
perception,16087,0,8890608562712,8890608562744
perception,16088,0,8890608562872,8890608562936
perception,16089,0,8890608563064,8890608563128
perception,16090,0,8890608563224,8890608563256
perception,16091,0,8890608563384,8890608563416
perception,16092,0,8890608563544,8890608563608
perception,16093,0,8890608563704,8890608563768
perception,16094,0,8890608563896,8890608563960
perception,16095,0,8890608564056,8890608564088
perception,16096,0,8890608564216,8890608564248
perception,16097,0,8890608564376,8890608564408
perception,16098,0,8890608564536,8890608564600
perception,16099,0,8890608564664,8890608564760
perception,16100,0,8890608564856,8890608564920
perception,16101,0,8890608565016,8890608565080
perception,16102,0,8890608565176,8890608565208
perception,16103,0,8890608565336,8890608565368
perception,16104,0,8890608565496,8890608565560
perception,16105,0,8890608565656,8890608565720
perception,16106,0,8890608565816,8890608565880
perception,16107,0,8890608565976,8890608566040
perception,16108,0,8890608566136,8890608566200
perception,16109,0,8890608566328,8890608566392
perception,16110,0,8890608566488,8890608566552
perception,16111,0,8890608566648,8890608566712
perception,16112,0,8890608566840,8890608566904
perception,16113,0,8890608567032,8890608567064
perception,16114,0,8890608567160,8890608567224
perception,16115,0,8890608567384,8890608567448
perception,16116,0,8890608567544,8890608567608
perception,16117,0,8890608567704,8890608567736
perception,16118,0,8890608567864,8890608567928
perception,16119,0,8890608568024,8890608568088
perception,16120,0,8890608568216,8890608568280
perception,16121,0,8890608568376,8890608568440
perception,16122,0,8890608568536,8890608568568
perception,16123,0,8890608568696,8890608568760
perception,16124,0,8890608568856,8890608568920
perception,16125,0,8890608569016,8890608569080
perception,16126,0,8890608569208,8890608569272
perception,16127,0,8890608569368,8890608569400
perception,16128,0,8890608569528,8890608569560
perception,16129,0,8890608569720,8890608569784
perception,16130,0,8890608569880,8890608569944
perception,16131,0,8890608570040,8890608570104
perception,16132,0,8890608570232,8890608570264
perception,16133,0,8890608570392,8890608570424
perception,16134,0,8890608570520,8890608570584
perception,16135,0,8890608570712,8890608570776
perception,16136,0,8890608570904,8890608570936
perception,16137,0,8890608571096,8890608571128
perception,16138,0,8890608571224,8890608571320
perception,16139,0,8890608571416,8890608571480
perception,16140,0,8890608571576,8890608571640
perception,16141,0,8890608571768,8890608571800
perception,16142,0,8890608571928,8890608571960
perception,16143,0,8890608572056,8890608572120
perception,16144,0,8890608572216,8890608572280
perception,16145,0,8890608572408,8890608572472
perception,16146,0,8890608572568,8890608572632
perception,16147,0,8890608572728,8890608572760
perception,16148,0,8890608572888,8890608572920
perception,16149,0,8890608573048,8890608573112
perception,16150,0,8890608573208,8890608573272
perception,16151,0,8890608573368,8890608573432
perception,16152,0,8890608573528,8890608573592
perception,16153,0,8890608573720,8890608573752
perception,16154,0,8890608573880,8890608573912
perception,16155,0,8890608574040,8890608574072
perception,16156,0,8890608574200,8890608574264
perception,16157,0,8890608574360,8890608574424
perception,16158,0,8890608574552,8890608574584
perception,16159,0,8890608574712,8890608574776
perception,16160,0,8890608574872,8890608574936
perception,16161,0,8890608575064,8890608575128
perception,16162,0,8890608575256,8890608575288
perception,16163,0,8890608575416,8890608575448
perception,16164,0,8890608575576,8890608575608
perception,16165,0,8890608575704,8890608575800
perception,16166,0,8890608575896,8890608575960
perception,16167,0,8890608576088,8890608576152
perception,16168,0,8890608576248,8890608576312
perception,16169,0,8890608576408,8890608576472
perception,16170,0,8890608576568,8890608576632
perception,16171,0,8890608576728,8890608576792
perception,16172,0,8890608576888,8890608576952
perception,16173,0,8890608577080,8890608577112
perception,16174,0,8890608577240,8890608577304
perception,16175,0,8890608577400,8890608577464
perception,16176,0,8890608577592,8890608577656
perception,16177,0,8890608577752,8890608577816
perception,16178,0,8890608577944,8890608577976
perception,16179,0,8890608578072,8890608578136
perception,16180,0,8890608578232,8890608578296
perception,16181,0,8890608578424,8890608578488
perception,16182,0,8890608578584,8890608578648
perception,16183,0,8890608578744,8890608578776
perception,16184,0,8890608578936,8890608578968
perception,16185,0,8890608579064,8890608579128
perception,16186,0,8890608579224,8890608579288
perception,16187,0,8890608579384,8890608579480
perception,16188,0,8890608579576,8890608579608
perception,16189,0,8890608579736,8890608579768
perception,16190,0,8890608579896,8890608579960
perception,16191,0,8890608580056,8890608580152
perception,16192,0,8890608580248,8890608580312
perception,16193,0,8890608580408,8890608580472
perception,16194,0,8890608580600,8890608580632
perception,16195,0,8890608580760,8890608580824
perception,16196,0,8890608580920,8890608581016
perception,16197,0,8890608581112,8890608581144
perception,16198,0,8890608581272,8890608581304
perception,16199,0,8890608581432,8890608581496
perception,16200,0,8890608581592,8890608581688
perception,16201,0,8890608581784,8890608581848
perception,16202,0,8890608581944,8890608582008
perception,16203,0,8890608582104,8890608582136
perception,16204,0,8890608582264,8890608582296
perception,16205,0,8890608582425,8890608582489
perception,16206,0,8890608582585,8890608582649
perception,16207,0,8890608582745,8890608582809
perception,16208,0,8890608582905,8890608582969
perception,16209,0,8890608583065,8890608583129
perception,16210,0,8890608583257,8890608583289
perception,16211,0,8890608583385,8890608583481
perception,16212,0,8890608583577,8890608583641
perception,16213,0,8890608583737,8890608583801
perception,16214,0,8890608583929,8890608583961
perception,16215,0,8890608584089,8890608584121
perception,16216,0,8890608584249,8890608584281
perception,16217,0,8890608584377,8890608584441
perception,16218,0,8890608584569,8890608584633
perception,16219,0,8890608584729,8890608584793
perception,16220,0,8890608584889,8890608584921
perception,16221,0,8890608585049,8890608585081
perception,16222,0,8890608585209,8890608585273
perception,16223,0,8890608585369,8890608585433
perception,16224,0,8890608585529,8890608585593
perception,16225,0,8890608585689,8890608585753
perception,16226,0,8890608585849,8890608585913
perception,16227,0,8890608585977,8890608586041
perception,16228,0,8890608586169,8890608586201
perception,16229,0,8890608586329,8890608586361
perception,16230,0,8890608586489,8890608586521
perception,16231,0,8890608586617,8890608586681
perception,16232,0,8890608586777,8890608586841
perception,16233,0,8890608586937,8890608587033
perception,16234,0,8890608587129,8890608587161
perception,16235,0,8890608587289,8890608587321
perception,16236,0,8890608587449,8890608587513
perception,16237,0,8890608587609,8890608587705
perception,16238,0,8890608587801,8890608587865
perception,16239,0,8890608587961,8890608588025
perception,16240,0,8890608588121,8890608588153
perception,16241,0,8890608588281,8890608588345
perception,16242,0,8890608588441,8890608588505
perception,16243,0,8890608588601,8890608588665
perception,16244,0,8890608588761,8890608588857
perception,16245,0,8890608588953,8890608588985
perception,16246,0,8890608589145,8890608589177
perception,16247,0,8890608589273,8890608589369
perception,16248,0,8890608589465,8890608589561
perception,16249,0,8890608589657,8890608589689
perception,16250,0,8890608589817,8890608589849
perception,16251,0,8890608589977,8890608590041
perception,16252,0,8890608590169,8890608590233
perception,16253,0,8890608590329,8890608590393
perception,16254,0,8890608590489,8890608590553
perception,16255,0,8890608590681,8890608590713
perception,16256,0,8890608590809,8890608590905
perception,16257,0,8890608591001,8890608591065
perception,16258,0,8890608591225,8890608591289
perception,16259,0,8890608591385,8890608591449
perception,16260,0,8890608591545,8890608591609
perception,16261,0,8890608591705,8890608591769
perception,16262,0,8890608591865,8890608591929
perception,16263,0,8890608592057,8890608592089
perception,16264,0,8890608592217,8890608592281
perception,16265,0,8890608592377,8890608592441
perception,16266,0,8890608592537,8890608592601
perception,16267,0,8890608592697,8890608592761
perception,16268,0,8890608592889,8890608592921
perception,16269,0,8890608593049,8890608593081
perception,16270,0,8890608593177,8890608593241
perception,16271,0,8890608593369,8890608593433
perception,16272,0,8890608593529,8890608593593
perception,16273,0,8890608593689,8890608593753
perception,16274,0,8890608593849,8890608593913
perception,16275,0,8890608594041,8890608594073
perception,16276,0,8890608594169,8890608594233
perception,16277,0,8890608594329,8890608594393
perception,16278,0,8890608594489,8890608594553
perception,16279,0,8890608594681,8890608594713
perception,16280,0,8890608594841,8890608594873
perception,16281,0,8890608595001,8890608595033
perception,16282,0,8890608595161,8890608595225
perception,16283,0,8890608595321,8890608595385
perception,16284,0,8890608595481,8890608595545
perception,16285,0,8890608595641,8890608595705
perception,16286,0,8890608595801,8890608595865
perception,16287,0,8890608595993,8890608596025
perception,16288,0,8890608596121,8890608596185
perception,16289,0,8890608596281,8890608596345
perception,16290,0,8890608596441,8890608596505
perception,16291,0,8890608596665,8890608596697
perception,16292,0,8890608596825,8890608596857
perception,16293,0,8890608596953,8890608597017
perception,16294,0,8890608597145,8890608597209
perception,16295,0,8890608597305,8890608597369
perception,16296,0,8890608597497,8890608597529
perception,16297,0,8890608597657,8890608597689
perception,16298,0,8890608597817,8890608597881
perception,16299,0,8890608597977,8890608598041
perception,16300,0,8890608598137,8890608598201
perception,16301,0,8890608598297,8890608598361
perception,16302,0,8890608598457,8890608598521
perception,16303,0,8890608598649,8890608598681
perception,16304,0,8890608598809,8890608598873
perception,16305,0,8890608598969,8890608599033
perception,16306,0,8890608599161,8890608599193
perception,16307,0,8890608599321,8890608599353
perception,16308,0,8890608599481,8890608599513
perception,16309,0,8890608599609,8890608599673
perception,16310,0,8890608599769,8890608599833
perception,16311,0,8890608599929,8890608599993
perception,16312,0,8890608600089,8890608600153
perception,16313,0,8890608600249,8890608600313
perception,16314,0,8890608600409,8890608600473
perception,16315,0,8890608600569,8890608600601
perception,16316,0,8890608600729,8890608600761
perception,16317,0,8890608600889,8890608600953
perception,16318,0,8890608601081,8890608601145
perception,16319,0,8890608601273,8890608601305
perception,16320,0,8890608601433,8890608601465
perception,16321,0,8890608601593,8890608601657
perception,16322,0,8890608601753,8890608601849
perception,16323,0,8890608601977,8890608602009
perception,16324,0,8890608602137,8890608602169
perception,16325,0,8890608602265,8890608602329
perception,16326,0,8890608602457,8890608602521
perception,16327,0,8890608602617,8890608602681
perception,16328,0,8890608602777,8890608602841
perception,16329,0,8890608602969,8890608603001
perception,16330,0,8890608603129,8890608603161
perception,16331,0,8890608603257,8890608603353
perception,16332,0,8890608603449,8890608603513
perception,16333,0,8890608603641,8890608603673
perception,16334,0,8890608603801,8890608603833
perception,16335,0,8890608603961,8890608604025
perception,16336,0,8890608604121,8890608604185
perception,16337,0,8890608604281,8890608604377
perception,16338,0,8890608604473,8890608604505
perception,16339,0,8890608604633,8890608604665
perception,16340,0,8890608604793,8890608604825
perception,16341,0,8890608604953,8890608605017
perception,16342,0,8890608605145,8890608605209
perception,16343,0,8890608605305,8890608605369
perception,16344,0,8890608605497,8890608605529
perception,16345,0,8890608605625,8890608605689
perception,16346,0,8890608605785,8890608605881
perception,16347,0,8890608605977,8890608606041
perception,16348,0,8890608606137,8890608606201
perception,16349,0,8890608606297,8890608606329
perception,16350,0,8890608606457,8890608606489
perception,16351,0,8890608606617,8890608606681
perception,16352,0,8890608606777,8890608606841
perception,16353,0,8890608606937,8890608607001
perception,16354,0,8890608607097,8890608607161
perception,16355,0,8890608607257,8890608607321
perception,16356,0,8890608607449,8890608607513
perception,16357,0,8890608607609,8890608607673
perception,16358,0,8890608607769,8890608607833
perception,16359,0,8890608607929,8890608607993
perception,16360,0,8890608608089,8890608608153
perception,16361,0,8890608608281,8890608608313
perception,16362,0,8890608608441,8890608608473
perception,16363,0,8890608608569,8890608608633
perception,16364,0,8890608608729,8890608608825
perception,16365,0,8890608608921,8890608608985
perception,16366,0,8890608609081,8890608609145
perception,16367,0,8890608609241,8890608609273
perception,16368,0,8890608609401,8890608609465
perception,16369,0,8890608609561,8890608609625
perception,16370,0,8890608609721,8890608609785
perception,16371,0,8890608609881,8890608609945
perception,16372,0,8890608610041,8890608610105
perception,16373,0,8890608610233,8890608610265
perception,16374,0,8890608610393,8890608610458
perception,16375,0,8890608610586,8890608610650
perception,16376,0,8890608610746,8890608610810
perception,16377,0,8890608610906,8890608610970
perception,16378,0,8890608611098,8890608611130
perception,16379,0,8890608611226,8890608611290
perception,16380,0,8890608611386,8890608611450
perception,16381,0,8890608611546,8890608611642
perception,16382,0,8890608611738,8890608611802
perception,16383,0,8890608611898,8890608611930
perception,16384,0,8890608612058,8890608612122
perception,16385,0,8890608612218,8890608612282
perception,16386,0,8890608612378,8890608612442
perception,16387,0,8890608612538,8890608612634
perception,16388,0,8890608612730,8890608612762
perception,16389,0,8890608612890,8890608612922
perception,16390,0,8890608613050,8890608613114
perception,16391,0,8890608613210,8890608613274
perception,16392,0,8890608613370,8890608613434
perception,16393,0,8890608613562,8890608613594
perception,16394,0,8890608613722,8890608613754
perception,16395,0,8890608613882,8890608613946
perception,16396,0,8890608614042,8890608614106
perception,16397,0,8890608614234,8890608614298
perception,16398,0,8890608614394,8890608614458
perception,16399,0,8890608614554,8890608614586
perception,16400,0,8890608614714,8890608614746
perception,16401,0,8890608614874,8890608614938
perception,16402,0,8890608615034,8890608615098
perception,16403,0,8890608615194,8890608615258
perception,16404,0,8890608615386,8890608615418
perception,16405,0,8890608615546,8890608615578
perception,16406,0,8890608615706,8890608615770
perception,16407,0,8890608615866,8890608615930
perception,16408,0,8890608616026,8890608616090
perception,16409,0,8890608616186,8890608616250
perception,16410,0,8890608616410,8890608616474
perception,16411,0,8890608616602,8890608616666
perception,16412,0,8890608616762,8890608616826
perception,16413,0,8890608616922,8890608616986
perception,16414,0,8890608617114,8890608617146
perception,16415,0,8890608617242,8890608617306
perception,16416,0,8890608617402,8890608617466
perception,16417,0,8890608617562,8890608617658
perception,16418,0,8890608617786,8890608617818
perception,16419,0,8890608617946,8890608617978
perception,16420,0,8890608618138,8890608618202
perception,16421,0,8890608618298,8890608618362
perception,16422,0,8890608618490,8890608618522
perception,16423,0,8890608618650,8890608618682
perception,16424,0,8890608618778,8890608618842
perception,16425,0,8890608618938,8890608619002
perception,16426,0,8890608619130,8890608619194
perception,16427,0,8890608619290,8890608619354
perception,16428,0,8890608619450,8890608619482
perception,16429,0,8890608619610,8890608619642
perception,16430,0,8890608619770,8890608619834
perception,16431,0,8890608619962,8890608620058
perception,16432,0,8890608620154,8890608620186
perception,16433,0,8890608620314,8890608620346
perception,16434,0,8890608620474,8890608620506
perception,16435,0,8890608620602,8890608620666
perception,16436,0,8890608620762,8890608620826
perception,16437,0,8890608620922,8890608620986
perception,16438,0,8890608621082,8890608621146
perception,16439,0,8890608621242,8890608621306
perception,16440,0,8890608621402,8890608621434
perception,16441,0,8890608621594,8890608621626
perception,16442,0,8890608621722,8890608621786
perception,16443,0,8890608621882,8890608621946
perception,16444,0,8890608622074,8890608622138
perception,16445,0,8890608622234,8890608622266
perception,16446,0,8890608622394,8890608622458
perception,16447,0,8890608622554,8890608622618
perception,16448,0,8890608622714,8890608622778
perception,16449,0,8890608622874,8890608622970
perception,16450,0,8890608623066,8890608623130
perception,16451,0,8890608623258,8890608623322
perception,16452,0,8890608623418,8890608623482
perception,16453,0,8890608623578,8890608623674
perception,16454,0,8890608623770,8890608623834
perception,16455,0,8890608623930,8890608623962
perception,16456,0,8890608624090,8890608624154
perception,16457,0,8890608624250,8890608624314
perception,16458,0,8890608624410,8890608624474
perception,16459,0,8890608624602,8890608624666
perception,16460,0,8890608624762,8890608624794
perception,16461,0,8890608624922,8890608624986
perception,16462,0,8890608625082,8890608625146
perception,16463,0,8890608625242,8890608625306
perception,16464,0,8890608625434,8890608625498
perception,16465,0,8890608625594,8890608625658
perception,16466,0,8890608625786,8890608625818
perception,16467,0,8890608625914,8890608625978
perception,16468,0,8890608626074,8890608626138
perception,16469,0,8890608626266,8890608626330
perception,16470,0,8890608626426,8890608626490
perception,16471,0,8890608626618,8890608626650
perception,16472,0,8890608626746,8890608626810
perception,16473,0,8890608626906,8890608626970
perception,16474,0,8890608627098,8890608627162
perception,16475,0,8890608627258,8890608627322
perception,16476,0,8890608627450,8890608627482
perception,16477,0,8890608627610,8890608627642
perception,16478,0,8890608627770,8890608627834
perception,16479,0,8890608627930,8890608627994
perception,16480,0,8890608628090,8890608628154
perception,16481,0,8890608628282,8890608628346
perception,16482,0,8890608628442,8890608628506
perception,16483,0,8890608628602,8890608628666
perception,16484,0,8890608628762,8890608628826
perception,16485,0,8890608628922,8890608628986
perception,16486,0,8890608629114,8890608629146
perception,16487,0,8890608629274,8890608629306
perception,16488,0,8890608629402,8890608629466
perception,16489,0,8890608629562,8890608629658
perception,16490,0,8890608629754,8890608629818
perception,16491,0,8890608629914,8890608629978
perception,16492,0,8890608630106,8890608630138
perception,16493,0,8890608630266,8890608630298
perception,16494,0,8890608630394,8890608630458
perception,16495,0,8890608630586,8890608630650
perception,16496,0,8890608630746,8890608630810
perception,16497,0,8890608630906,8890608630970
perception,16498,0,8890608631098,8890608631130
perception,16499,0,8890608631226,8890608631290
perception,16500,0,8890608631386,8890608631450
perception,16501,0,8890608631578,8890608631642
perception,16502,0,8890608631738,8890608631802
perception,16503,0,8890608631898,8890608631930
perception,16504,0,8890608632058,8890608632122
perception,16505,0,8890608632218,8890608632282
perception,16506,0,8890608632378,8890608632474
perception,16507,0,8890608632570,8890608632634
perception,16508,0,8890608632730,8890608632762
perception,16509,0,8890608632922,8890608632954
perception,16510,0,8890608633050,8890608633114
perception,16511,0,8890608633242,8890608633306
perception,16512,0,8890608633402,8890608633466
perception,16513,0,8890608633562,8890608633594
perception,16514,0,8890608633754,8890608633786
perception,16515,0,8890608633882,8890608633946
perception,16516,0,8890608634042,8890608634106
perception,16517,0,8890608634202,8890608634266
perception,16518,0,8890608634362,8890608634426
perception,16519,0,8890608634554,8890608634586
perception,16520,0,8890608634682,8890608634746
perception,16521,0,8890608634842,8890608634874
perception,16522,0,8890608635002,8890608635066
perception,16523,0,8890608635162,8890608635194
perception,16524,0,8890608635290,8890608635386
perception,16525,0,8890608635450,8890608635514
perception,16526,0,8890608635610,8890608635706
perception,16527,0,8890608635802,8890608635834
perception,16528,0,8890608635962,8890608635994
perception,16529,0,8890608636122,8890608636186
perception,16530,0,8890608636346,8890608636410
perception,16531,0,8890608636506,8890608636538
perception,16532,0,8890608636666,8890608636698
perception,16533,0,8890608636826,8890608636890
perception,16534,0,8890608637018,8890608637082
perception,16535,0,8890608637178,8890608637242
perception,16536,0,8890608637370,8890608637402
perception,16537,0,8890608637530,8890608637562
perception,16538,0,8890608637658,8890608637722
perception,16539,0,8890608637818,8890608637882
perception,16540,0,8890608638010,8890608638074
perception,16541,0,8890608638170,8890608638234
perception,16542,0,8890608638330,8890608638394
perception,16543,0,8890608638491,8890608638555
perception,16544,0,8890608638651,8890608638715
perception,16545,0,8890608638811,8890608638907
perception,16546,0,8890608638971,8890608639067
perception,16547,0,8890608639163,8890608639195
perception,16548,0,8890608639323,8890608639355
perception,16549,0,8890608639515,8890608639579
perception,16550,0,8890608639675,8890608639739
perception,16551,0,8890608639867,8890608639899
perception,16552,0,8890608640059,8890608640123
perception,16553,0,8890608640219,8890608640283
perception,16554,0,8890608640411,8890608640475
perception,16555,0,8890608640571,8890608640603
perception,16556,0,8890608640731,8890608640795
perception,16557,0,8890608640891,8890608640955
perception,16558,0,8890608641051,8890608641115
perception,16559,0,8890608641211,8890608641275
perception,16560,0,8890608641371,8890608641435
perception,16561,0,8890608641531,8890608641595
perception,16562,0,8890608641691,8890608641723
perception,16563,0,8890608641851,8890608641883
perception,16564,0,8890608642011,8890608642043
perception,16565,0,8890608642139,8890608642235
perception,16566,0,8890608642331,8890608642395
perception,16567,0,8890608642491,8890608642555
perception,16568,0,8890608642651,8890608642715
perception,16569,0,8890608642811,8890608642843
perception,16570,0,8890608642971,8890608643035
perception,16571,0,8890608643131,8890608643195
perception,16572,0,8890608643291,8890608643387
perception,16573,0,8890608643483,8890608643547
perception,16574,0,8890608643643,8890608643675
perception,16575,0,8890608643803,8890608643835
perception,16576,0,8890608643963,8890608643995
perception,16577,0,8890608644123,8890608644187
perception,16578,0,8890608644315,8890608644379
perception,16579,0,8890608644475,8890608644539
perception,16580,0,8890608644667,8890608644699
perception,16581,0,8890608644795,8890608644859
perception,16582,0,8890608644955,8890608645051
perception,16583,0,8890608645147,8890608645211
perception,16584,0,8890608645307,8890608645371
perception,16585,0,8890608645499,8890608645531
perception,16586,0,8890608645659,8890608645723
perception,16587,0,8890608645819,8890608645883
perception,16588,0,8890608645979,8890608646043
perception,16589,0,8890608646171,8890608646203
perception,16590,0,8890608646331,8890608646363
perception,16591,0,8890608646491,8890608646555
perception,16592,0,8890608646651,8890608646715
perception,16593,0,8890608646811,8890608646875
perception,16594,0,8890608647003,8890608647035
perception,16595,0,8890608647163,8890608647195
perception,16596,0,8890608647323,8890608647355
perception,16597,0,8890608647451,8890608647515
perception,16598,0,8890608647643,8890608647707
perception,16599,0,8890608647803,8890608647867
perception,16600,0,8890608647963,8890608648027
perception,16601,0,8890608648155,8890608648187
perception,16602,0,8890608648283,8890608648347
perception,16603,0,8890608648443,8890608648507
perception,16604,0,8890608648667,8890608648699
perception,16605,0,8890608648827,8890608648859
perception,16606,0,8890608648987,8890608649019
perception,16607,0,8890608649147,8890608649211
perception,16608,0,8890608649307,8890608649371
perception,16609,0,8890608649467,8890608649531
perception,16610,0,8890608649627,8890608649691
perception,16611,0,8890608649787,8890608649819
perception,16612,0,8890608649979,8890608650043
perception,16613,0,8890608650139,8890608650203
perception,16614,0,8890608650299,8890608650363
perception,16615,0,8890608650459,8890608650523
perception,16616,0,8890608650619,8890608650683
perception,16617,0,8890608650811,8890608650843
perception,16618,0,8890608650939,8890608651003
perception,16619,0,8890608651099,8890608651163
perception,16620,0,8890608651259,8890608651323
perception,16621,0,8890608651451,8890608651515
perception,16622,0,8890608651611,8890608651643
perception,16623,0,8890608651803,8890608651835
perception,16624,0,8890608651931,8890608651995
perception,16625,0,8890608652091,8890608652155
perception,16626,0,8890608652251,8890608652315
perception,16627,0,8890608652411,8890608652475
perception,16628,0,8890608652603,8890608652635
perception,16629,0,8890608652763,8890608652827
perception,16630,0,8890608652923,8890608652987
perception,16631,0,8890608653115,8890608653179
perception,16632,0,8890608653275,8890608653339
perception,16633,0,8890608653435,8890608653467
perception,16634,0,8890608653595,8890608653627
perception,16635,0,8890608653755,8890608653819
perception,16636,0,8890608653915,8890608653979
perception,16637,0,8890608654075,8890608654171
perception,16638,0,8890608654267,8890608654299
perception,16639,0,8890608654427,8890608654459
perception,16640,0,8890608654587,8890608654651
perception,16641,0,8890608654747,8890608654811
perception,16642,0,8890608654907,8890608654971
perception,16643,0,8890608655067,8890608655131
perception,16644,0,8890608655259,8890608655291
perception,16645,0,8890608655419,8890608655483
perception,16646,0,8890608655579,8890608655643
perception,16647,0,8890608655739,8890608655803
perception,16648,0,8890608655899,8890608655963
perception,16649,0,8890608656059,8890608656123
perception,16650,0,8890608656219,8890608656283
perception,16651,0,8890608656379,8890608656411
perception,16652,0,8890608656539,8890608656571
perception,16653,0,8890608656699,8890608656763
perception,16654,0,8890608656827,8890608656923
perception,16655,0,8890608656987,8890608657083
perception,16656,0,8890608657179,8890608657243
perception,16657,0,8890608657339,8890608657371
perception,16658,0,8890608657531,8890608657563
perception,16659,0,8890608657691,8890608657755
perception,16660,0,8890608657851,8890608657915
perception,16661,0,8890608658043,8890608658075
perception,16662,0,8890608658203,8890608658235
perception,16663,0,8890608658363,8890608658395
perception,16664,0,8890608658523,8890608658587
perception,16665,0,8890608658683,8890608658779
perception,16666,0,8890608658875,8890608658939
perception,16667,0,8890608659035,8890608659067
perception,16668,0,8890608659195,8890608659259
perception,16669,0,8890608659355,8890608659451
perception,16670,0,8890608659547,8890608659611
perception,16671,0,8890608659707,8890608659771
perception,16672,0,8890608659867,8890608659931
perception,16673,0,8890608660027,8890608660091
perception,16674,0,8890608660187,8890608660251
perception,16675,0,8890608660347,8890608660411
perception,16676,0,8890608660507,8890608660603
perception,16677,0,8890608660699,8890608660731
perception,16678,0,8890608660859,8890608660891
perception,16679,0,8890608661019,8890608661051
perception,16680,0,8890608661179,8890608661243
perception,16681,0,8890608661339,8890608661403
perception,16682,0,8890608661531,8890608661595
perception,16683,0,8890608661691,8890608661723
perception,16684,0,8890608661851,8890608661915
perception,16685,0,8890608662043,8890608662107
perception,16686,0,8890608662203,8890608662267
perception,16687,0,8890608662363,8890608662427
perception,16688,0,8890608662523,8890608662587
perception,16689,0,8890608662715,8890608662747
perception,16690,0,8890608662843,8890608662907
perception,16691,0,8890608663003,8890608663099
perception,16692,0,8890608663163,8890608663227
perception,16693,0,8890608663323,8890608663387
perception,16694,0,8890608663515,8890608663547
perception,16695,0,8890608663675,8890608663707
perception,16696,0,8890608663835,8890608663867
perception,16697,0,8890608663963,8890608664027
perception,16698,0,8890608664123,8890608664187
perception,16699,0,8890608664283,8890608664347
perception,16700,0,8890608664443,8890608664507
perception,16701,0,8890608664635,8890608664667
perception,16702,0,8890608664795,8890608664827
perception,16703,0,8890608664923,8890608664987
perception,16704,0,8890608665083,8890608665179
perception,16705,0,8890608665275,8890608665339
perception,16706,0,8890608665435,8890608665499
perception,16707,0,8890608665627,8890608665659
perception,16708,0,8890608665787,8890608665851
perception,16709,0,8890608665947,8890608666043
perception,16710,0,8890608666139,8890608666203
perception,16711,0,8890608666299,8890608666331
perception,16712,0,8890608666459,8890608666524
perception,16713,0,8890608666620,8890608666684
perception,16714,0,8890608666780,8890608666844
perception,16715,0,8890608666940,8890608667004
perception,16716,0,8890608667132,8890608667164
perception,16717,0,8890608667292,8890608667324
perception,16718,0,8890608667452,8890608667484
perception,16719,0,8890608667612,8890608667676
perception,16720,0,8890608667772,8890608667836
perception,16721,0,8890608667996,8890608668028
perception,16722,0,8890608668156,8890608668188
perception,16723,0,8890608668284,8890608668348
perception,16724,0,8890608668444,8890608668540
perception,16725,0,8890608668604,8890608668700
perception,16726,0,8890608668796,8890608668860
perception,16727,0,8890608668988,8890608669020
perception,16728,0,8890608669148,8890608669212
perception,16729,0,8890608669308,8890608669372
perception,16730,0,8890608669500,8890608669564
perception,16731,0,8890608669692,8890608669724
perception,16732,0,8890608669820,8890608669884
perception,16733,0,8890608670012,8890608670076
perception,16734,0,8890608670204,8890608670268
perception,16735,0,8890608670364,8890608670396
perception,16736,0,8890608670524,8890608670556
perception,16737,0,8890608670684,8890608670748
perception,16738,0,8890608670844,8890608670940
perception,16739,0,8890608671036,8890608671100
perception,16740,0,8890608671228,8890608671260
perception,16741,0,8890608671388,8890608671420
perception,16742,0,8890608671516,8890608671612
perception,16743,0,8890608671708,8890608671772
perception,16744,0,8890608671868,8890608671932
perception,16745,0,8890608672028,8890608672060
perception,16746,0,8890608672220,8890608672252
perception,16747,0,8890608672348,8890608672412
perception,16748,0,8890608672508,8890608672572
perception,16749,0,8890608672668,8890608672764
perception,16750,0,8890608672860,8890608672924
perception,16751,0,8890608673020,8890608673052
perception,16752,0,8890608673212,8890608673276
perception,16753,0,8890608673404,8890608673468
perception,16754,0,8890608673596,8890608673628
perception,16755,0,8890608673756,8890608673788
perception,16756,0,8890608673916,8890608673980
perception,16757,0,8890608674076,8890608674140
perception,16758,0,8890608674236,8890608674300
perception,16759,0,8890608674396,8890608674460
perception,16760,0,8890608674588,8890608674620
perception,16761,0,8890608674716,8890608674780
perception,16762,0,8890608674876,8890608674972
perception,16763,0,8890608675068,8890608675132
perception,16764,0,8890608675228,8890608675292
perception,16765,0,8890608675388,8890608675452
perception,16766,0,8890608675580,8890608675612
perception,16767,0,8890608675708,8890608675772
perception,16768,0,8890608675900,8890608675964
perception,16769,0,8890608676060,8890608676124
perception,16770,0,8890608676252,8890608676284
perception,16771,0,8890608676412,8890608676444
perception,16772,0,8890608676540,8890608676604
perception,16773,0,8890608676700,8890608676764
perception,16774,0,8890608676860,8890608676924
perception,16775,0,8890608677020,8890608677084
perception,16776,0,8890608677180,8890608677244
perception,16777,0,8890608677340,8890608677372
perception,16778,0,8890608677500,8890608677532
perception,16779,0,8890608677660,8890608677724
perception,16780,0,8890608677852,8890608677916
perception,16781,0,8890608678012,8890608678076
perception,16782,0,8890608678172,8890608678236
perception,16783,0,8890608678332,8890608678364
perception,16784,0,8890608678492,8890608678556
perception,16785,0,8890608678652,8890608678716
perception,16786,0,8890608678812,8890608678876
perception,16787,0,8890608679004,8890608679068
perception,16788,0,8890608679164,8890608679228
perception,16789,0,8890608679356,8890608679388
perception,16790,0,8890608679484,8890608679548
perception,16791,0,8890608679676,8890608679740
perception,16792,0,8890608679868,8890608679900
perception,16793,0,8890608680028,8890608680060
perception,16794,0,8890608680188,8890608680220
perception,16795,0,8890608680348,8890608680412
perception,16796,0,8890608680508,8890608680572
perception,16797,0,8890608680668,8890608680732
perception,16798,0,8890608680828,8890608680892
perception,16799,0,8890608681020,8890608681052
perception,16800,0,8890608681148,8890608681212
perception,16801,0,8890608681340,8890608681404
perception,16802,0,8890608681500,8890608681564
perception,16803,0,8890608681660,8890608681724
perception,16804,0,8890608681820,8890608681852
perception,16805,0,8890608681980,8890608682044
perception,16806,0,8890608682140,8890608682204
perception,16807,0,8890608682332,8890608682396
perception,16808,0,8890608682492,8890608682556
perception,16809,0,8890608682684,8890608682716
perception,16810,0,8890608682844,8890608682908
perception,16811,0,8890608683004,8890608683068
perception,16812,0,8890608683164,8890608683228
perception,16813,0,8890608683324,8890608683388
perception,16814,0,8890608683484,8890608683548
perception,16815,0,8890608683644,8890608683676
perception,16816,0,8890608683804,8890608683836
perception,16817,0,8890608683964,8890608683996
perception,16818,0,8890608684092,8890608684188
perception,16819,0,8890608684284,8890608684348
perception,16820,0,8890608684476,8890608684508
perception,16821,0,8890608684636,8890608684668
perception,16822,0,8890608684796,8890608684828
perception,16823,0,8890608684924,8890608684988
perception,16824,0,8890608685084,8890608685180
perception,16825,0,8890608685276,8890608685340
perception,16826,0,8890608685436,8890608685500
perception,16827,0,8890608685596,8890608685628
perception,16828,0,8890608685756,8890608685788
perception,16829,0,8890608685916,8890608685980
perception,16830,0,8890608686076,8890608686140
perception,16831,0,8890608686236,8890608686300
perception,16832,0,8890608686428,8890608686492
perception,16833,0,8890608686588,8890608686620
perception,16834,0,8890608686748,8890608686812
perception,16835,0,8890608686908,8890608686972
perception,16836,0,8890608687100,8890608687164
perception,16837,0,8890608687260,8890608687324
perception,16838,0,8890608687452,8890608687484
perception,16839,0,8890608687612,8890608687644
perception,16840,0,8890608687740,8890608687804
perception,16841,0,8890608687900,8890608687996
perception,16842,0,8890608688092,8890608688156
perception,16843,0,8890608688252,8890608688284
perception,16844,0,8890608688444,8890608688476
perception,16845,0,8890608688572,8890608688636
perception,16846,0,8890608688732,8890608688828
perception,16847,0,8890608688892,8890608688988
perception,16848,0,8890608689084,8890608689148
perception,16849,0,8890608689244,8890608689276
perception,16850,0,8890608689404,8890608689436
perception,16851,0,8890608689564,8890608689628
perception,16852,0,8890608689724,8890608689820
perception,16853,0,8890608689916,8890608689980
perception,16854,0,8890608690076,8890608690108
perception,16855,0,8890608690268,8890608690332
perception,16856,0,8890608690428,8890608690492
perception,16857,0,8890608690588,8890608690652
perception,16858,0,8890608690748,8890608690812
perception,16859,0,8890608690908,8890608690940
perception,16860,0,8890608691068,8890608691100
perception,16861,0,8890608691228,8890608691260
perception,16862,0,8890608691388,8890608691420
perception,16863,0,8890608691516,8890608691580
perception,16864,0,8890608691676,8890608691740
perception,16865,0,8890608691836,8890608691932
perception,16866,0,8890608692028,8890608692060
perception,16867,0,8890608692188,8890608692220
perception,16868,0,8890608692348,8890608692380
perception,16869,0,8890608692476,8890608692540
perception,16870,0,8890608692636,8890608692732
perception,16871,0,8890608692828,8890608692892
perception,16872,0,8890608692988,8890608693052
perception,16873,0,8890608693148,8890608693180
perception,16874,0,8890608693308,8890608693372
perception,16875,0,8890608693468,8890608693532
perception,16876,0,8890608693628,8890608693692
perception,16877,0,8890608693820,8890608693884
perception,16878,0,8890608693980,8890608694044
perception,16879,0,8890608694140,8890608694172
perception,16880,0,8890608694300,8890608694364
perception,16881,0,8890608694460,8890608694525
perception,16882,0,8890608694621,8890608694717
perception,16883,0,8890608694813,8890608694877
perception,16884,0,8890608695005,8890608695037
perception,16885,0,8890608695165,8890608695197
perception,16886,0,8890608695325,8890608695389
perception,16887,0,8890608695485,8890608695549
perception,16888,0,8890608695677,8890608695709
perception,16889,0,8890608695837,8890608695869
perception,16890,0,8890608695997,8890608696061
perception,16891,0,8890608696157,8890608696221
perception,16892,0,8890608696317,8890608696381
perception,16893,0,8890608696509,8890608696541
perception,16894,0,8890608696669,8890608696701
perception,16895,0,8890608696829,8890608696861
perception,16896,0,8890608696957,8890608697053
perception,16897,0,8890608697149,8890608697213
perception,16898,0,8890608697309,8890608697373
perception,16899,0,8890608697469,8890608697533
perception,16900,0,8890608697629,8890608697693
perception,16901,0,8890608697789,8890608697853
perception,16902,0,8890608697949,8890608698013
perception,16903,0,8890608698141,8890608698205
perception,16904,0,8890608698301,8890608698365
perception,16905,0,8890608698461,8890608698493
perception,16906,0,8890608698621,8890608698685
perception,16907,0,8890608698781,8890608698845
perception,16908,0,8890608698941,8890608699005
perception,16909,0,8890608699101,8890608699165
perception,16910,0,8890608699261,8890608699325
perception,16911,0,8890608699421,8890608699485
perception,16912,0,8890608699581,8890608699645
perception,16913,0,8890608699773,8890608699805
perception,16914,0,8890608699901,8890608699965
perception,16915,0,8890608700061,8890608700157
perception,16916,0,8890608700253,8890608700317
perception,16917,0,8890608700413,8890608700477
perception,16918,0,8890608700573,8890608700605
perception,16919,0,8890608700733,8890608700765
perception,16920,0,8890608700893,8890608700957
perception,16921,0,8890608701053,8890608701117
perception,16922,0,8890608701213,8890608701309
perception,16923,0,8890608701405,8890608701437
perception,16924,0,8890608701565,8890608701597
perception,16925,0,8890608701725,8890608701789
perception,16926,0,8890608701885,8890608701949
perception,16927,0,8890608702045,8890608702109
perception,16928,0,8890608702205,8890608702269
perception,16929,0,8890608702365,8890608702429
perception,16930,0,8890608702557,8890608702589
perception,16931,0,8890608702717,8890608702749
perception,16932,0,8890608702877,8890608702941
perception,16933,0,8890608703037,8890608703101
perception,16934,0,8890608703197,8890608703261
perception,16935,0,8890608703357,8890608703421
perception,16936,0,8890608703549,8890608703581
perception,16937,0,8890608703677,8890608703741
perception,16938,0,8890608703837,8890608703933
perception,16939,0,8890608704029,8890608704093
perception,16940,0,8890608704221,8890608704253
perception,16941,0,8890608704381,8890608704445
perception,16942,0,8890608704541,8890608704605
perception,16943,0,8890608704701,8890608704765
perception,16944,0,8890608704861,8890608704925
perception,16945,0,8890608705021,8890608705085
perception,16946,0,8890608705181,8890608705245
perception,16947,0,8890608705341,8890608705405
perception,16948,0,8890608705501,8890608705565
perception,16949,0,8890608705661,8890608705725
perception,16950,0,8890608705821,8890608705885
perception,16951,0,8890608705981,8890608706045
perception,16952,0,8890608706141,8890608706205
perception,16953,0,8890608706301,8890608706365
perception,16954,0,8890608706493,8890608706525
perception,16955,0,8890608706621,8890608706685
perception,16956,0,8890608706781,8890608706877
perception,16957,0,8890608706973,8890608707037
perception,16958,0,8890608707133,8890608707165
perception,16959,0,8890608707293,8890608707357
perception,16960,0,8890608707453,8890608707517
perception,16961,0,8890608707613,8890608707677
perception,16962,0,8890608707773,8890608707869
perception,16963,0,8890608707965,8890608708029
perception,16964,0,8890608708125,8890608708157
perception,16965,0,8890608708285,8890608708349
perception,16966,0,8890608708445,8890608708509
perception,16967,0,8890608708605,8890608708669
perception,16968,0,8890608708765,8890608708829
perception,16969,0,8890608708925,8890608708989
perception,16970,0,8890608709117,8890608709149
perception,16971,0,8890608709277,8890608709309
perception,16972,0,8890608709405,8890608709501
perception,16973,0,8890608709597,8890608709661
perception,16974,0,8890608709757,8890608709821
perception,16975,0,8890608709917,8890608709981
perception,16976,0,8890608710109,8890608710141
perception,16977,0,8890608710269,8890608710301
perception,16978,0,8890608710397,8890608710493
perception,16979,0,8890608710589,8890608710653
perception,16980,0,8890608710749,8890608710813
perception,16981,0,8890608710909,8890608710973
perception,16982,0,8890608711101,8890608711165
perception,16983,0,8890608711261,8890608711325
perception,16984,0,8890608711421,8890608711485
perception,16985,0,8890608711581,8890608711645
perception,16986,0,8890608711805,8890608711837
perception,16987,0,8890608711933,8890608711997
perception,16988,0,8890608712093,8890608712157
perception,16989,0,8890608712253,8890608712317
perception,16990,0,8890608712413,8890608712477
perception,16991,0,8890608712573,8890608712637
perception,16992,0,8890608712733,8890608712797
perception,16993,0,8890608712925,8890608712957
perception,16994,0,8890608713053,8890608713117
perception,16995,0,8890608713245,8890608713341
perception,16996,0,8890608713437,8890608713469
perception,16997,0,8890608713597,8890608713661
perception,16998,0,8890608713757,8890608713821
perception,16999,0,8890608713949,8890608714013
perception,17000,0,8890608714109,8890608714173
perception,17001,0,8890608714269,8890608714301
perception,17002,0,8890608714429,8890608714493
perception,17003,0,8890608714589,8890608714653
perception,17004,0,8890608714749,8890608714813
perception,17005,0,8890608714941,8890608715005
perception,17006,0,8890608715101,8890608715165
perception,17007,0,8890608715261,8890608715325
perception,17008,0,8890608715421,8890608715485
perception,17009,0,8890608715613,8890608715677
perception,17010,0,8890608715773,8890608715837
perception,17011,0,8890608715965,8890608715997
perception,17012,0,8890608716125,8890608716189
perception,17013,0,8890608716285,8890608716349
perception,17014,0,8890608716477,8890608716541
perception,17015,0,8890608716637,8890608716701
perception,17016,0,8890608716829,8890608716861
perception,17017,0,8890608716957,8890608717021
perception,17018,0,8890608717117,8890608717181
perception,17019,0,8890608717309,8890608717373
perception,17020,0,8890608717469,8890608717533
perception,17021,0,8890608717661,8890608717693
perception,17022,0,8890608717821,8890608717853
perception,17023,0,8890608717949,8890608718013
perception,17024,0,8890608718109,8890608718205
perception,17025,0,8890608718301,8890608718365
perception,17026,0,8890608718461,8890608718493
perception,17027,0,8890608718621,8890608718653
perception,17028,0,8890608718781,8890608718813
perception,17029,0,8890608718941,8890608718973
perception,17030,0,8890608719069,8890608719133
perception,17031,0,8890608719229,8890608719293
perception,17032,0,8890608719389,8890608719485
perception,17033,0,8890608719549,8890608719613
perception,17034,0,8890608719709,8890608719773
perception,17035,0,8890608719901,8890608719933
perception,17036,0,8890608720061,8890608720125
perception,17037,0,8890608720221,8890608720285
perception,17038,0,8890608720381,8890608720445
perception,17039,0,8890608720541,8890608720605
perception,17040,0,8890608720733,8890608720765
perception,17041,0,8890608720893,8890608720925
perception,17042,0,8890608721021,8890608721085
perception,17043,0,8890608721213,8890608721277
perception,17044,0,8890608721373,8890608721437
perception,17045,0,8890608721533,8890608721597
perception,17046,0,8890608721693,8890608721725
perception,17047,0,8890608721853,8890608721917
perception,17048,0,8890608722013,8890608722077
perception,17049,0,8890608722173,8890608722237
perception,17050,0,8890608722365,8890608722429
perception,17051,0,8890608722558,8890608722590
perception,17052,0,8890608722718,8890608722750
perception,17053,0,8890608722846,8890608722910
perception,17054,0,8890608723006,8890608723070
perception,17055,0,8890608723166,8890608723262
perception,17056,0,8890608723326,8890608723390
perception,17057,0,8890608723518,8890608723550
perception,17058,0,8890608723678,8890608723742
perception,17059,0,8890608723838,8890608723934
perception,17060,0,8890608724030,8890608724094
perception,17061,0,8890608724190,8890608724254
perception,17062,0,8890608724382,8890608724414
perception,17063,0,8890608724510,8890608724574
perception,17064,0,8890608724670,8890608724734
perception,17065,0,8890608724830,8890608724894
perception,17066,0,8890608724990,8890608725054
perception,17067,0,8890608725150,8890608725214
perception,17068,0,8890608725374,8890608725406
perception,17069,0,8890608725502,8890608725566
perception,17070,0,8890608725662,8890608725726
perception,17071,0,8890608725822,8890608725886
perception,17072,0,8890608725982,8890608726046
perception,17073,0,8890608726142,8890608726206
perception,17074,0,8890608726334,8890608726366
perception,17075,0,8890608726494,8890608726526
perception,17076,0,8890608726622,8890608726686
perception,17077,0,8890608726782,8890608726846
perception,17078,0,8890608726974,8890608727038
perception,17079,0,8890608727134,8890608727166
perception,17080,0,8890608727294,8890608727326
perception,17081,0,8890608727454,8890608727518
perception,17082,0,8890608727614,8890608727678
perception,17083,0,8890608727774,8890608727838
perception,17084,0,8890608727934,8890608728030
perception,17085,0,8890608728126,8890608728158
perception,17086,0,8890608728286,8890608728318
perception,17087,0,8890608728446,8890608728478
perception,17088,0,8890608728574,8890608728670
perception,17089,0,8890608728766,8890608728830
perception,17090,0,8890608728926,8890608728990
perception,17091,0,8890608729150,8890608729182
perception,17092,0,8890608729278,8890608729342
perception,17093,0,8890608729438,8890608729502
perception,17094,0,8890608729630,8890608729694
perception,17095,0,8890608729790,8890608729822
perception,17096,0,8890608729950,8890608729982
perception,17097,0,8890608730110,8890608730142
perception,17098,0,8890608730270,8890608730334
perception,17099,0,8890608730430,8890608730494
perception,17100,0,8890608730590,8890608730686
perception,17101,0,8890608730782,8890608730814
perception,17102,0,8890608730942,8890608730974
perception,17103,0,8890608731102,8890608731198
perception,17104,0,8890608731294,8890608731358
perception,17105,0,8890608731454,8890608731518
perception,17106,0,8890608731614,8890608731678
perception,17107,0,8890608731806,8890608731838
perception,17108,0,8890608731934,8890608731998
perception,17109,0,8890608732094,8890608732190
perception,17110,0,8890608732286,8890608732350
perception,17111,0,8890608732446,8890608732478
perception,17112,0,8890608732606,8890608732638
perception,17113,0,8890608732766,8890608732798
perception,17114,0,8890608732926,8890608732958
perception,17115,0,8890608733054,8890608733118
perception,17116,0,8890608733214,8890608733278
perception,17117,0,8890608733374,8890608733438
perception,17118,0,8890608733534,8890608733598
perception,17119,0,8890608733726,8890608733758
perception,17120,0,8890608733886,8890608733918
perception,17121,0,8890608734046,8890608734110
perception,17122,0,8890608734206,8890608734270
perception,17123,0,8890608734366,8890608734430
perception,17124,0,8890608734526,8890608734590
perception,17125,0,8890608734686,8890608734718
perception,17126,0,8890608734878,8890608734910
perception,17127,0,8890608735006,8890608735070
perception,17128,0,8890608735166,8890608735230
perception,17129,0,8890608735358,8890608735422
perception,17130,0,8890608735518,8890608735582
perception,17131,0,8890608735678,8890608735742
perception,17132,0,8890608735838,8890608735902
perception,17133,0,8890608735998,8890608736062
perception,17134,0,8890608736158,8890608736254
perception,17135,0,8890608736350,8890608736414
perception,17136,0,8890608736510,8890608736574
perception,17137,0,8890608736702,8890608736734
perception,17138,0,8890608736830,8890608736894
perception,17139,0,8890608737022,8890608737086
perception,17140,0,8890608737182,8890608737246
perception,17141,0,8890608737342,8890608737374
perception,17142,0,8890608737502,8890608737566
perception,17143,0,8890608737662,8890608737726
perception,17144,0,8890608737822,8890608737918
perception,17145,0,8890608737982,8890608738078
perception,17146,0,8890608738174,8890608738238
perception,17147,0,8890608738334,8890608738366
perception,17148,0,8890608738494,8890608738526
perception,17149,0,8890608738654,8890608738718
perception,17150,0,8890608738814,8890608738878
perception,17151,0,8890608738974,8890608739038
perception,17152,0,8890608739166,8890608739198
perception,17153,0,8890608739326,8890608739358
perception,17154,0,8890608739486,8890608739518
perception,17155,0,8890608739614,8890608739678
perception,17156,0,8890608739774,8890608739838
perception,17157,0,8890608739934,8890608739998
perception,17158,0,8890608740126,8890608740190
perception,17159,0,8890608740286,8890608740318
perception,17160,0,8890608740478,8890608740510
perception,17161,0,8890608740606,8890608740670
perception,17162,0,8890608740798,8890608740862
perception,17163,0,8890608740958,8890608741022
perception,17164,0,8890608741118,8890608741150
perception,17165,0,8890608741310,8890608741342
perception,17166,0,8890608741470,8890608741534
perception,17167,0,8890608741630,8890608741694
perception,17168,0,8890608741854,8890608741886
perception,17169,0,8890608742014,8890608742046
perception,17170,0,8890608742142,8890608742206
perception,17171,0,8890608742334,8890608742398
perception,17172,0,8890608742494,8890608742558
perception,17173,0,8890608742654,8890608742718
perception,17174,0,8890608742814,8890608742878
perception,17175,0,8890608742974,8890608743038
perception,17176,0,8890608743134,8890608743198
perception,17177,0,8890608743294,8890608743358
perception,17178,0,8890608743454,8890608743550
perception,17179,0,8890608743646,8890608743678
perception,17180,0,8890608743806,8890608743838
perception,17181,0,8890608743966,8890608744030
perception,17182,0,8890608744126,8890608744190
perception,17183,0,8890608744286,8890608744350
perception,17184,0,8890608744478,8890608744542
perception,17185,0,8890608744638,8890608744702
perception,17186,0,8890608744798,8890608744862
perception,17187,0,8890608744958,8890608745022
perception,17188,0,8890608745118,8890608745182
perception,17189,0,8890608745310,8890608745374
perception,17190,0,8890608745502,8890608745534
perception,17191,0,8890608745630,8890608745694
perception,17192,0,8890608745822,8890608745886
perception,17193,0,8890608745982,8890608746046
perception,17194,0,8890608746174,8890608746206
perception,17195,0,8890608746334,8890608746366
perception,17196,0,8890608746494,8890608746558
perception,17197,0,8890608746654,8890608746718
perception,17198,0,8890608746814,8890608746878
perception,17199,0,8890608746974,8890608747038
perception,17200,0,8890608747134,8890608747166
perception,17201,0,8890608747294,8890608747358
perception,17202,0,8890608747454,8890608747518
perception,17203,0,8890608747614,8890608747678
perception,17204,0,8890608747774,8890608747838
perception,17205,0,8890608747934,8890608747998
perception,17206,0,8890608748094,8890608748158
perception,17207,0,8890608748254,8890608748286
perception,17208,0,8890608748446,8890608748478
perception,17209,0,8890608748574,8890608748638
perception,17210,0,8890608748734,8890608748830
perception,17211,0,8890608748958,8890608748990
perception,17212,0,8890608749150,8890608749182
perception,17213,0,8890608749278,8890608749342
perception,17214,0,8890608749438,8890608749534
perception,17215,0,8890608749630,8890608749694
perception,17216,0,8890608749822,8890608749854
perception,17217,0,8890608749982,8890608750014
perception,17218,0,8890608750142,8890608750206
perception,17219,0,8890608750302,8890608750366
perception,17220,0,8890608750494,8890608750526
perception,17221,0,8890608750687,8890608750719
perception,17222,0,8890608750815,8890608750879
perception,17223,0,8890608750975,8890608751039
perception,17224,0,8890608751167,8890608751231
perception,17225,0,8890608751327,8890608751391
perception,17226,0,8890608751519,8890608751583
perception,17227,0,8890608751679,8890608751743
perception,17228,0,8890608751839,8890608751903
perception,17229,0,8890608751999,8890608752063
perception,17230,0,8890608752159,8890608752223
perception,17231,0,8890608752351,8890608752383
perception,17232,0,8890608752479,8890608752543
perception,17233,0,8890608752639,8890608752735
perception,17234,0,8890608752831,8890608752895
perception,17235,0,8890608753055,8890608753119
perception,17236,0,8890608753215,8890608753279
perception,17237,0,8890608753375,8890608753471
perception,17238,0,8890608753567,8890608753599
perception,17239,0,8890608753727,8890608753759
perception,17240,0,8890608753887,8890608753919
perception,17241,0,8890608754047,8890608754079
perception,17242,0,8890608754207,8890608754271
perception,17243,0,8890608754367,8890608754431
perception,17244,0,8890608754527,8890608754591
perception,17245,0,8890608754687,8890608754719
perception,17246,0,8890608754847,8890608754879
perception,17247,0,8890608755007,8890608755071
perception,17248,0,8890608755167,8890608755263
perception,17249,0,8890608755359,8890608755423
perception,17250,0,8890608755551,8890608755583
perception,17251,0,8890608755711,8890608755743
perception,17252,0,8890608755839,8890608755903
perception,17253,0,8890608756031,8890608756095
perception,17254,0,8890608756223,8890608756287
perception,17255,0,8890608756415,8890608756447
perception,17256,0,8890608756543,8890608756607
perception,17257,0,8890608756703,8890608756799
perception,17258,0,8890608756927,8890608756959
perception,17259,0,8890608757087,8890608757119
perception,17260,0,8890608757247,8890608757279
perception,17261,0,8890608757375,8890608757471
perception,17262,0,8890608757567,8890608757631
perception,17263,0,8890608757727,8890608757791
perception,17264,0,8890608757887,8890608757951
perception,17265,0,8890608758047,8890608758111
perception,17266,0,8890608758239,8890608758271
perception,17267,0,8890608758367,8890608758431
perception,17268,0,8890608758527,8890608758591
perception,17269,0,8890608758719,8890608758783
perception,17270,0,8890608758879,8890608758943
perception,17271,0,8890608759071,8890608759103
perception,17272,0,8890608759231,8890608759295
perception,17273,0,8890608759391,8890608759455
perception,17274,0,8890608759551,8890608759615
perception,17275,0,8890608759743,8890608759775
perception,17276,0,8890608759903,8890608759967
perception,17277,0,8890608760063,8890608760127
perception,17278,0,8890608760223,8890608760287
perception,17279,0,8890608760383,8890608760447
perception,17280,0,8890608760543,8890608760607
perception,17281,0,8890608760703,8890608760767
perception,17282,0,8890608760895,8890608760927
perception,17283,0,8890608761023,8890608761087
perception,17284,0,8890608761183,8890608761247
perception,17285,0,8890608761343,8890608761407
perception,17286,0,8890608761503,8890608761567
perception,17287,0,8890608761663,8890608761727
perception,17288,0,8890608761823,8890608761855
perception,17289,0,8890608761983,8890608762047
perception,17290,0,8890608762143,8890608762207
perception,17291,0,8890608762303,8890608762399
perception,17292,0,8890608762495,8890608762559
perception,17293,0,8890608762655,8890608762719
perception,17294,0,8890608762815,8890608762879
perception,17295,0,8890608762975,8890608763039
perception,17296,0,8890608763135,8890608763199
perception,17297,0,8890608763295,8890608763359
perception,17298,0,8890608763487,8890608763551
perception,17299,0,8890608763679,8890608763711
perception,17300,0,8890608763839,8890608763903
perception,17301,0,8890608764031,8890608764095
perception,17302,0,8890608764191,8890608764255
perception,17303,0,8890608764383,8890608764415
perception,17304,0,8890608764511,8890608764575
perception,17305,0,8890608764671,8890608764735
perception,17306,0,8890608764863,8890608764927
perception,17307,0,8890608765023,8890608765087
perception,17308,0,8890608765183,8890608765247
perception,17309,0,8890608765375,8890608765407
perception,17310,0,8890608765503,8890608765599
perception,17311,0,8890608765695,8890608765759
perception,17312,0,8890608765855,8890608765919
perception,17313,0,8890608766015,8890608766079
perception,17314,0,8890608766207,8890608766239
perception,17315,0,8890608766335,8890608766399
perception,17316,0,8890608766495,8890608766559
perception,17317,0,8890608766687,8890608766751
perception,17318,0,8890608766847,8890608766911
perception,17319,0,8890608767007,8890608767039
perception,17320,0,8890608767167,8890608767231
perception,17321,0,8890608767327,8890608767391
perception,17322,0,8890608767487,8890608767551
perception,17323,0,8890608767647,8890608767711
perception,17324,0,8890608767807,8890608767871
perception,17325,0,8890608767999,8890608768031
perception,17326,0,8890608768159,8890608768191
perception,17327,0,8890608768287,8890608768351
perception,17328,0,8890608768447,8890608768511
perception,17329,0,8890608768607,8890608768671
perception,17330,0,8890608768767,8890608768831
perception,17331,0,8890608768927,8890608768991
perception,17332,0,8890608769087,8890608769151
perception,17333,0,8890608769279,8890608769311
perception,17334,0,8890608769407,8890608769471
perception,17335,0,8890608769567,8890608769631
perception,17336,0,8890608769727,8890608769791
perception,17337,0,8890608769887,8890608769951
perception,17338,0,8890608770047,8890608770111
perception,17339,0,8890608770239,8890608770271
perception,17340,0,8890608770399,8890608770431
perception,17341,0,8890608770559,8890608770623
perception,17342,0,8890608770719,8890608770783
perception,17343,0,8890608770879,8890608770943
perception,17344,0,8890608771071,8890608771103
perception,17345,0,8890608771231,8890608771263
perception,17346,0,8890608771391,8890608771455
perception,17347,0,8890608771551,8890608771615
perception,17348,0,8890608771711,8890608771775
perception,17349,0,8890608771871,8890608771935
perception,17350,0,8890608772063,8890608772095
perception,17351,0,8890608772223,8890608772255
perception,17352,0,8890608772351,8890608772415
perception,17353,0,8890608772543,8890608772607
perception,17354,0,8890608772703,8890608772767
perception,17355,0,8890608772863,8890608772927
perception,17356,0,8890608773055,8890608773087
perception,17357,0,8890608773183,8890608773247
perception,17358,0,8890608773343,8890608773439
perception,17359,0,8890608773535,8890608773599
perception,17360,0,8890608773695,8890608773759
perception,17361,0,8890608773855,8890608773887
perception,17362,0,8890608774015,8890608774079
perception,17363,0,8890608774175,8890608774239
perception,17364,0,8890608774335,8890608774399
perception,17365,0,8890608774495,8890608774559
perception,17366,0,8890608774655,8890608774719
perception,17367,0,8890608774847,8890608774879
perception,17368,0,8890608774975,8890608775039
perception,17369,0,8890608775167,8890608775199
perception,17370,0,8890608775295,8890608775359
perception,17371,0,8890608775455,8890608775519
perception,17372,0,8890608775615,8890608775679
perception,17373,0,8890608775807,8890608775839
perception,17374,0,8890608775967,8890608775999
perception,17375,0,8890608776127,8890608776159
perception,17376,0,8890608776287,8890608776319
perception,17377,0,8890608776415,8890608776479
perception,17378,0,8890608776607,8890608776671
perception,17379,0,8890608776767,8890608776831
perception,17380,0,8890608776927,8890608776991
perception,17381,0,8890608777087,8890608777151
perception,17382,0,8890608777247,8890608777311
perception,17383,0,8890608777407,8890608777471
perception,17384,0,8890608777567,8890608777631
perception,17385,0,8890608777727,8890608777791
perception,17386,0,8890608777887,8890608777951
perception,17387,0,8890608778079,8890608778143
perception,17388,0,8890608778239,8890608778303
perception,17389,0,8890608778399,8890608778463
perception,17390,0,8890608778591,8890608778656
perception,17391,0,8890608778752,8890608778784
perception,17392,0,8890608778912,8890608778944
perception,17393,0,8890608779072,8890608779136
perception,17394,0,8890608779232,8890608779296
perception,17395,0,8890608779392,8890608779456
perception,17396,0,8890608779552,8890608779616
perception,17397,0,8890608779776,8890608779808
perception,17398,0,8890608779904,8890608779968
perception,17399,0,8890608780064,8890608780160
perception,17400,0,8890608780256,8890608780320
perception,17401,0,8890608780416,8890608780480
perception,17402,0,8890608780576,8890608780640
perception,17403,0,8890608780736,8890608780800
perception,17404,0,8890608780896,8890608780960
perception,17405,0,8890608781056,8890608781120
perception,17406,0,8890608781216,8890608781312
perception,17407,0,8890608781408,8890608781440
perception,17408,0,8890608781568,8890608781600
perception,17409,0,8890608781728,8890608781760
perception,17410,0,8890608781856,8890608781920
perception,17411,0,8890608782016,8890608782080
perception,17412,0,8890608782208,8890608782272
perception,17413,0,8890608782368,8890608782432
perception,17414,0,8890608782528,8890608782560
perception,17415,0,8890608782688,8890608782720
perception,17416,0,8890608782848,8890608782880
perception,17417,0,8890608782976,8890608783040
perception,17418,0,8890608783136,8890608783200
perception,17419,0,8890608783296,8890608783360
perception,17420,0,8890608783456,8890608783520
perception,17421,0,8890608783616,8890608783680
perception,17422,0,8890608783808,8890608783840
perception,17423,0,8890608783968,8890608784000
perception,17424,0,8890608784096,8890608784192
perception,17425,0,8890608784288,8890608784352
perception,17426,0,8890608784448,8890608784512
perception,17427,0,8890608784640,8890608784672
perception,17428,0,8890608784800,8890608784832
perception,17429,0,8890608784928,8890608785024
perception,17430,0,8890608785120,8890608785184
perception,17431,0,8890608785280,8890608785344
perception,17432,0,8890608785440,8890608785504
perception,17433,0,8890608785632,8890608785664
perception,17434,0,8890608785792,8890608785824
perception,17435,0,8890608785952,8890608786016
perception,17436,0,8890608786112,8890608786176
perception,17437,0,8890608786272,8890608786336
perception,17438,0,8890608786464,8890608786496
perception,17439,0,8890608786624,8890608786656
perception,17440,0,8890608786752,8890608786848
perception,17441,0,8890608786976,8890608787040
perception,17442,0,8890608787168,8890608787200
perception,17443,0,8890608787328,8890608787360
perception,17444,0,8890608787456,8890608787552
perception,17445,0,8890608787648,8890608787712
perception,17446,0,8890608787808,8890608787872
perception,17447,0,8890608787968,8890608788032
perception,17448,0,8890608788160,8890608788192
perception,17449,0,8890608788288,8890608788352
perception,17450,0,8890608788448,8890608788544
perception,17451,0,8890608788608,8890608788704
perception,17452,0,8890608788800,8890608788864
perception,17453,0,8890608788960,8890608788992
perception,17454,0,8890608789120,8890608789152
perception,17455,0,8890608789280,8890608789312
perception,17456,0,8890608789408,8890608789472
perception,17457,0,8890608789568,8890608789632
perception,17458,0,8890608789728,8890608789792
perception,17459,0,8890608789888,8890608789952
perception,17460,0,8890608790080,8890608790112
perception,17461,0,8890608790240,8890608790272
perception,17462,0,8890608790400,8890608790432
perception,17463,0,8890608790528,8890608790592
perception,17464,0,8890608790688,8890608790784
perception,17465,0,8890608790880,8890608790944
perception,17466,0,8890608791040,8890608791104
perception,17467,0,8890608791232,8890608791264
perception,17468,0,8890608791392,8890608791424
perception,17469,0,8890608791520,8890608791584
perception,17470,0,8890608791680,8890608791776
perception,17471,0,8890608791872,8890608791936
perception,17472,0,8890608792032,8890608792064
perception,17473,0,8890608792192,8890608792256
perception,17474,0,8890608792352,8890608792416
perception,17475,0,8890608792512,8890608792576
perception,17476,0,8890608792672,8890608792768
perception,17477,0,8890608792864,8890608792928
perception,17478,0,8890608793024,8890608793056
perception,17479,0,8890608793184,8890608793248
perception,17480,0,8890608793344,8890608793408
perception,17481,0,8890608793504,8890608793600
perception,17482,0,8890608793696,8890608793760
perception,17483,0,8890608793856,8890608793888
perception,17484,0,8890608794016,8890608794080
perception,17485,0,8890608794176,8890608794240
perception,17486,0,8890608794336,8890608794400
perception,17487,0,8890608794528,8890608794592
perception,17488,0,8890608794688,8890608794720
perception,17489,0,8890608794848,8890608794880
perception,17490,0,8890608795008,8890608795072
perception,17491,0,8890608795168,8890608795232
perception,17492,0,8890608795328,8890608795392
perception,17493,0,8890608795488,8890608795552
perception,17494,0,8890608795648,8890608795712
perception,17495,0,8890608795840,8890608795872
perception,17496,0,8890608796000,8890608796032
perception,17497,0,8890608796128,8890608796192
perception,17498,0,8890608796288,8890608796352
perception,17499,0,8890608796448,8890608796512
perception,17500,0,8890608796608,8890608796672
perception,17501,0,8890608796768,8890608796832
perception,17502,0,8890608796960,8890608796992
perception,17503,0,8890608797120,8890608797152
perception,17504,0,8890608797248,8890608797312
perception,17505,0,8890608797408,8890608797472
perception,17506,0,8890608797568,8890608797632
perception,17507,0,8890608797760,8890608797824
perception,17508,0,8890608797920,8890608797952
perception,17509,0,8890608798080,8890608798144
perception,17510,0,8890608798240,8890608798304
perception,17511,0,8890608798400,8890608798464
perception,17512,0,8890608798560,8890608798656
perception,17513,0,8890608798720,8890608798784
perception,17514,0,8890608798912,8890608798944
perception,17515,0,8890608799072,8890608799104
perception,17516,0,8890608799232,8890608799296
perception,17517,0,8890608799392,8890608799456
perception,17518,0,8890608799552,8890608799616
perception,17519,0,8890608799744,8890608799776
perception,17520,0,8890608799904,8890608799936
perception,17521,0,8890608800064,8890608800096
perception,17522,0,8890608800224,8890608800288
perception,17523,0,8890608800416,8890608800480
perception,17524,0,8890608800608,8890608800640
perception,17525,0,8890608800736,8890608800800
perception,17526,0,8890608800896,8890608800960
perception,17527,0,8890608801056,8890608801152
perception,17528,0,8890608801280,8890608801312
perception,17529,0,8890608801440,8890608801472
perception,17530,0,8890608801600,8890608801632
perception,17531,0,8890608801728,8890608801792
perception,17532,0,8890608801888,8890608801952
perception,17533,0,8890608802080,8890608802144
perception,17534,0,8890608802240,8890608802272
perception,17535,0,8890608802400,8890608802432
perception,17536,0,8890608802560,8890608802624
perception,17537,0,8890608802720,8890608802784
perception,17538,0,8890608802880,8890608802944
perception,17539,0,8890608803040,8890608803136
perception,17540,0,8890608803232,8890608803264
perception,17541,0,8890608803392,8890608803424
perception,17542,0,8890608803552,8890608803584
perception,17543,0,8890608803680,8890608803744
perception,17544,0,8890608803840,8890608803904
perception,17545,0,8890608804000,8890608804064
perception,17546,0,8890608804192,8890608804256
perception,17547,0,8890608804352,8890608804384
perception,17548,0,8890608804512,8890608804544
perception,17549,0,8890608804672,8890608804704
perception,17550,0,8890608804800,8890608804896
perception,17551,0,8890608804992,8890608805056
perception,17552,0,8890608805152,8890608805216
perception,17553,0,8890608805312,8890608805376
perception,17554,0,8890608805504,8890608805536
perception,17555,0,8890608805632,8890608805696
perception,17556,0,8890608805792,8890608805856
perception,17557,0,8890608805984,8890608806048
perception,17558,0,8890608806144,8890608806208
perception,17559,0,8890608806304,8890608806336
perception,17560,0,8890608806496,8890608806528
perception,17561,0,8890608806624,8890608806689
perception,17562,0,8890608806785,8890608806849
perception,17563,0,8890608806945,8890608807041
perception,17564,0,8890608807137,8890608807169
perception,17565,0,8890608807297,8890608807329
perception,17566,0,8890608807457,8890608807489
perception,17567,0,8890608807617,8890608807681
perception,17568,0,8890608807777,8890608807841
perception,17569,0,8890608807969,8890608808033
perception,17570,0,8890608808129,8890608808161
perception,17571,0,8890608808289,8890608808353
perception,17572,0,8890608808481,8890608808545
perception,17573,0,8890608808641,8890608808705
perception,17574,0,8890608808801,8890608808865
perception,17575,0,8890608808961,8890608809025
perception,17576,0,8890608809153,8890608809185
perception,17577,0,8890608809281,8890608809345
perception,17578,0,8890608809473,8890608809537
perception,17579,0,8890608809633,8890608809697
perception,17580,0,8890608809793,8890608809825
perception,17581,0,8890608809953,8890608809985
perception,17582,0,8890608810113,8890608810177
perception,17583,0,8890608810273,8890608810337
perception,17584,0,8890608810401,8890608810497
perception,17585,0,8890608810593,8890608810657
perception,17586,0,8890608810753,8890608810817
perception,17587,0,8890608810913,8890608810945
perception,17588,0,8890608811073,8890608811105
perception,17589,0,8890608811233,8890608811265
perception,17590,0,8890608811393,8890608811425
perception,17591,0,8890608811521,8890608811585
perception,17592,0,8890608811681,8890608811777
perception,17593,0,8890608811873,8890608811937
perception,17594,0,8890608812033,8890608812065
perception,17595,0,8890608812193,8890608812257
perception,17596,0,8890608812353,8890608812417
perception,17597,0,8890608812513,8890608812577
perception,17598,0,8890608812673,8890608812769
perception,17599,0,8890608812865,8890608812929
perception,17600,0,8890608813025,8890608813057
perception,17601,0,8890608813185,8890608813249
perception,17602,0,8890608813345,8890608813409
perception,17603,0,8890608813505,8890608813569
perception,17604,0,8890608813665,8890608813761
perception,17605,0,8890608813857,8890608813889
perception,17606,0,8890608814017,8890608814049
perception,17607,0,8890608814177,8890608814241
perception,17608,0,8890608814337,8890608814401
perception,17609,0,8890608814497,8890608814561
perception,17610,0,8890608814657,8890608814721
perception,17611,0,8890608814849,8890608814881
perception,17612,0,8890608815009,8890608815041
perception,17613,0,8890608815169,8890608815201
perception,17614,0,8890608815329,8890608815393
perception,17615,0,8890608815489,8890608815553
perception,17616,0,8890608815649,8890608815713
perception,17617,0,8890608815809,8890608815841
perception,17618,0,8890608815969,8890608816001
perception,17619,0,8890608816129,8890608816193
perception,17620,0,8890608816321,8890608816417
perception,17621,0,8890608816513,8890608816545
perception,17622,0,8890608816673,8890608816705
perception,17623,0,8890608816833,8890608816865
perception,17624,0,8890608816961,8890608817025
perception,17625,0,8890608817153,8890608817217
perception,17626,0,8890608817313,8890608817377
perception,17627,0,8890608817473,8890608817537
perception,17628,0,8890608817633,8890608817665
perception,17629,0,8890608817793,8890608817825
perception,17630,0,8890608817953,8890608818017
perception,17631,0,8890608818113,8890608818177
perception,17632,0,8890608818273,8890608818337
perception,17633,0,8890608818433,8890608818497
perception,17634,0,8890608818593,8890608818657
perception,17635,0,8890608818753,8890608818817
perception,17636,0,8890608818945,8890608818977
perception,17637,0,8890608819073,8890608819137
perception,17638,0,8890608819233,8890608819297
perception,17639,0,8890608819393,8890608819489
perception,17640,0,8890608819585,8890608819617
perception,17641,0,8890608819745,8890608819777
perception,17642,0,8890608819905,8890608819969
perception,17643,0,8890608820065,8890608820129
perception,17644,0,8890608820225,8890608820289
perception,17645,0,8890608820385,8890608820481
perception,17646,0,8890608820577,8890608820609
perception,17647,0,8890608820737,8890608820769
perception,17648,0,8890608820897,8890608820929
perception,17649,0,8890608821057,8890608821121
perception,17650,0,8890608821217,8890608821313
perception,17651,0,8890608821409,8890608821441
perception,17652,0,8890608821569,8890608821601
perception,17653,0,8890608821729,8890608821761
perception,17654,0,8890608821889,8890608821953
perception,17655,0,8890608822049,8890608822113
perception,17656,0,8890608822241,8890608822273
perception,17657,0,8890608822401,8890608822433
perception,17658,0,8890608822561,8890608822625
perception,17659,0,8890608822721,8890608822785
perception,17660,0,8890608822881,8890608822945
perception,17661,0,8890608823041,8890608823105
perception,17662,0,8890608823201,8890608823265
perception,17663,0,8890608823361,8890608823425
perception,17664,0,8890608823553,8890608823585
perception,17665,0,8890608823681,8890608823745
perception,17666,0,8890608823841,8890608823905
perception,17667,0,8890608824001,8890608824065
perception,17668,0,8890608824161,8890608824225
perception,17669,0,8890608824321,8890608824385
perception,17670,0,8890608824513,8890608824545
perception,17671,0,8890608824641,8890608824705
perception,17672,0,8890608824801,8890608824865
perception,17673,0,8890608824961,8890608825025
perception,17674,0,8890608825121,8890608825185
perception,17675,0,8890608825281,8890608825345
perception,17676,0,8890608825441,8890608825505
perception,17677,0,8890608825601,8890608825665
perception,17678,0,8890608825761,8890608825825
perception,17679,0,8890608825921,8890608825985
perception,17680,0,8890608826081,8890608826145
perception,17681,0,8890608826273,8890608826337
perception,17682,0,8890608826433,8890608826497
perception,17683,0,8890608826593,8890608826625
perception,17684,0,8890608826753,8890608826817
perception,17685,0,8890608826913,8890608826977
perception,17686,0,8890608827073,8890608827137
perception,17687,0,8890608827233,8890608827297
perception,17688,0,8890608827393,8890608827457
perception,17689,0,8890608827585,8890608827617
perception,17690,0,8890608827745,8890608827777
perception,17691,0,8890608827873,8890608827937
perception,17692,0,8890608828033,8890608828097
perception,17693,0,8890608828225,8890608828289
perception,17694,0,8890608828385,8890608828449
perception,17695,0,8890608828545,8890608828577
perception,17696,0,8890608828705,8890608828769
perception,17697,0,8890608828865,8890608828929
perception,17698,0,8890608829025,8890608829121
perception,17699,0,8890608829217,8890608829281
perception,17700,0,8890608829377,8890608829409
perception,17701,0,8890608829537,8890608829569
perception,17702,0,8890608829697,8890608829761
perception,17703,0,8890608829857,8890608829921
perception,17704,0,8890608830017,8890608830081
perception,17705,0,8890608830177,8890608830241
perception,17706,0,8890608830337,8890608830401
perception,17707,0,8890608830529,8890608830561
perception,17708,0,8890608830689,8890608830721
perception,17709,0,8890608830817,8890608830881
perception,17710,0,8890608830977,8890608831041
perception,17711,0,8890608831137,8890608831201
perception,17712,0,8890608831297,8890608831361
perception,17713,0,8890608831457,8890608831521
perception,17714,0,8890608831617,8890608831649
perception,17715,0,8890608831809,8890608831841
perception,17716,0,8890608831937,8890608832001
perception,17717,0,8890608832097,8890608832161
perception,17718,0,8890608832289,8890608832353
perception,17719,0,8890608832449,8890608832481
perception,17720,0,8890608832609,8890608832641
perception,17721,0,8890608832769,8890608832801
perception,17722,0,8890608832929,8890608832993
perception,17723,0,8890608833089,8890608833153
perception,17724,0,8890608833249,8890608833313
perception,17725,0,8890608833441,8890608833473
perception,17726,0,8890608833601,8890608833633
perception,17727,0,8890608833761,8890608833793
perception,17728,0,8890608833889,8890608833985
perception,17729,0,8890608834081,8890608834145
perception,17730,0,8890608834241,8890608834305
perception,17731,0,8890608834401,8890608834465
perception,17732,0,8890608834561,8890608834625
perception,17733,0,8890608834722,8890608834786
perception,17734,0,8890608834882,8890608834946
perception,17735,0,8890608835042,8890608835138
perception,17736,0,8890608835234,8890608835298
perception,17737,0,8890608835394,8890608835426
perception,17738,0,8890608835586,8890608835618
perception,17739,0,8890608835714,8890608835778
perception,17740,0,8890608835874,8890608835938
perception,17741,0,8890608836034,8890608836130
perception,17742,0,8890608836226,8890608836290
perception,17743,0,8890608836386,8890608836418
perception,17744,0,8890608836546,8890608836578
perception,17745,0,8890608836706,8890608836770
perception,17746,0,8890608836866,8890608836930
perception,17747,0,8890608837026,8890608837090
perception,17748,0,8890608837186,8890608837250
perception,17749,0,8890608837346,8890608837378
perception,17750,0,8890608837506,8890608837570
perception,17751,0,8890608837666,8890608837762
perception,17752,0,8890608837858,8890608837922
perception,17753,0,8890608838018,8890608838082
perception,17754,0,8890608838178,8890608838242
perception,17755,0,8890608838338,8890608838370
perception,17756,0,8890608838498,8890608838530
perception,17757,0,8890608838658,8890608838690
perception,17758,0,8890608838786,8890608838850
perception,17759,0,8890608838946,8890608839010
perception,17760,0,8890608839106,8890608839170
perception,17761,0,8890608839266,8890608839362
perception,17762,0,8890608839458,8890608839490
perception,17763,0,8890608839618,8890608839650
perception,17764,0,8890608839778,8890608839810
perception,17765,0,8890608839906,8890608840002
perception,17766,0,8890608840098,8890608840162
perception,17767,0,8890608840322,8890608840386
perception,17768,0,8890608840482,8890608840546
perception,17769,0,8890608840642,8890608840706
perception,17770,0,8890608840802,8890608840866
perception,17771,0,8890608840962,8890608841026
perception,17772,0,8890608841122,8890608841186
perception,17773,0,8890608841314,8890608841346
perception,17774,0,8890608841442,8890608841506
perception,17775,0,8890608841602,8890608841666
perception,17776,0,8890608841794,8890608841858
perception,17777,0,8890608841954,8890608842018
perception,17778,0,8890608842114,8890608842146
perception,17779,0,8890608842274,8890608842338
perception,17780,0,8890608842434,8890608842498
perception,17781,0,8890608842594,8890608842690
perception,17782,0,8890608842786,8890608842850
perception,17783,0,8890608842946,8890608842978
perception,17784,0,8890608843138,8890608843170
perception,17785,0,8890608843298,8890608843362
perception,17786,0,8890608843458,8890608843522
perception,17787,0,8890608843618,8890608843682
perception,17788,0,8890608843778,8890608843842
perception,17789,0,8890608843970,8890608844002
perception,17790,0,8890608844098,8890608844162
perception,17791,0,8890608844258,8890608844322
perception,17792,0,8890608844450,8890608844514
perception,17793,0,8890608844610,8890608844674
perception,17794,0,8890608844770,8890608844802
perception,17795,0,8890608844930,8890608844962
perception,17796,0,8890608845090,8890608845154
perception,17797,0,8890608845250,8890608845314
perception,17798,0,8890608845378,8890608845474
perception,17799,0,8890608845570,8890608845634
perception,17800,0,8890608845730,8890608845794
perception,17801,0,8890608845890,8890608845922
perception,17802,0,8890608846050,8890608846082
perception,17803,0,8890608846210,8890608846242
perception,17804,0,8890608846338,8890608846434
perception,17805,0,8890608846530,8890608846594
perception,17806,0,8890608846690,8890608846754
perception,17807,0,8890608846850,8890608846914
perception,17808,0,8890608847042,8890608847074
perception,17809,0,8890608847170,8890608847234
perception,17810,0,8890608847330,8890608847394
perception,17811,0,8890608847522,8890608847586
perception,17812,0,8890608847682,8890608847746
perception,17813,0,8890608847842,8890608847906
perception,17814,0,8890608848034,8890608848066
perception,17815,0,8890608848162,8890608848226
perception,17816,0,8890608848322,8890608848418
perception,17817,0,8890608848514,8890608848578
perception,17818,0,8890608848674,8890608848706
perception,17819,0,8890608848834,8890608848866
perception,17820,0,8890608848994,8890608849058
perception,17821,0,8890608849154,8890608849250
perception,17822,0,8890608849346,8890608849410
perception,17823,0,8890608849506,8890608849570
perception,17824,0,8890608849666,8890608849730
perception,17825,0,8890608849826,8890608849890
perception,17826,0,8890608849986,8890608850082
perception,17827,0,8890608850178,8890608850242
perception,17828,0,8890608850338,8890608850402
perception,17829,0,8890608850498,8890608850562
perception,17830,0,8890608850690,8890608850722
perception,17831,0,8890608850818,8890608850882
perception,17832,0,8890608850978,8890608851042
perception,17833,0,8890608851138,8890608851234
perception,17834,0,8890608851330,8890608851394
perception,17835,0,8890608851490,8890608851522
perception,17836,0,8890608851650,8890608851682
perception,17837,0,8890608851810,8890608851842
perception,17838,0,8890608851938,8890608852002
perception,17839,0,8890608852098,8890608852162
perception,17840,0,8890608852290,8890608852354
perception,17841,0,8890608852450,8890608852482
perception,17842,0,8890608852610,8890608852642
perception,17843,0,8890608852770,8890608852802
perception,17844,0,8890608852930,8890608852962
perception,17845,0,8890608853058,8890608853122
perception,17846,0,8890608853218,8890608853282
perception,17847,0,8890608853378,8890608853474
perception,17848,0,8890608853570,8890608853634
perception,17849,0,8890608853762,8890608853794
perception,17850,0,8890608853890,8890608853954
perception,17851,0,8890608854050,8890608854114
perception,17852,0,8890608854242,8890608854306
perception,17853,0,8890608854402,8890608854466
perception,17854,0,8890608854562,8890608854594
perception,17855,0,8890608854722,8890608854786
perception,17856,0,8890608854882,8890608854946
perception,17857,0,8890608855042,8890608855106
perception,17858,0,8890608855202,8890608855266
perception,17859,0,8890608855362,8890608855426
perception,17860,0,8890608855554,8890608855586
perception,17861,0,8890608855714,8890608855746
perception,17862,0,8890608855842,8890608855938
perception,17863,0,8890608856034,8890608856098
perception,17864,0,8890608856194,8890608856258
perception,17865,0,8890608856354,8890608856418
perception,17866,0,8890608856514,8890608856546
perception,17867,0,8890608856674,8890608856738
perception,17868,0,8890608856834,8890608856898
perception,17869,0,8890608856994,8890608857058
perception,17870,0,8890608857154,8890608857250
perception,17871,0,8890608857346,8890608857378
perception,17872,0,8890608857506,8890608857538
perception,17873,0,8890608857666,8890608857730
perception,17874,0,8890608857826,8890608857890
perception,17875,0,8890608857986,8890608858082
perception,17876,0,8890608858178,8890608858242
perception,17877,0,8890608858338,8890608858370
perception,17878,0,8890608858498,8890608858530
perception,17879,0,8890608858658,8890608858722
perception,17880,0,8890608858850,8890608858914
perception,17881,0,8890608859010,8890608859074
perception,17882,0,8890608859170,8890608859202
perception,17883,0,8890608859330,8890608859362
perception,17884,0,8890608859490,8890608859522
perception,17885,0,8890608859618,8890608859682
perception,17886,0,8890608859778,8890608859842
perception,17887,0,8890608859938,8890608860002
perception,17888,0,8890608860098,8890608860162
perception,17889,0,8890608860258,8890608860322
perception,17890,0,8890608860450,8890608860514
perception,17891,0,8890608860610,8890608860674
perception,17892,0,8890608860770,8890608860834
perception,17893,0,8890608860930,8890608860994
perception,17894,0,8890608861090,8890608861154
perception,17895,0,8890608861282,8890608861314
perception,17896,0,8890608861442,8890608861474
perception,17897,0,8890608861602,8890608861634
perception,17898,0,8890608861762,8890608861826
perception,17899,0,8890608861922,8890608861986
perception,17900,0,8890608862082,8890608862146
perception,17901,0,8890608862242,8890608862274
perception,17902,0,8890608862402,8890608862466
perception,17903,0,8890608862562,8890608862626
perception,17904,0,8890608862723,8890608862787
perception,17905,0,8890608862883,8890608862947
perception,17906,0,8890608863043,8890608863139
perception,17907,0,8890608863235,8890608863267
perception,17908,0,8890608863395,8890608863427
perception,17909,0,8890608863555,8890608863587
perception,17910,0,8890608863683,8890608863779
perception,17911,0,8890608863875,8890608863939
perception,17912,0,8890608864035,8890608864099
perception,17913,0,8890608864195,8890608864259
perception,17914,0,8890608864387,8890608864419
perception,17915,0,8890608864515,8890608864579
perception,17916,0,8890608864675,8890608864739
perception,17917,0,8890608864867,8890608864931
perception,17918,0,8890608865027,8890608865091
perception,17919,0,8890608865219,8890608865251
perception,17920,0,8890608865379,8890608865411
perception,17921,0,8890608865507,8890608865603
perception,17922,0,8890608865699,8890608865763
perception,17923,0,8890608865859,8890608865923
perception,17924,0,8890608866019,8890608866051
perception,17925,0,8890608866179,8890608866211
perception,17926,0,8890608866339,8890608866371
perception,17927,0,8890608866499,8890608866563
perception,17928,0,8890608866627,8890608866691
perception,17929,0,8890608866787,8890608866883
perception,17930,0,8890608866979,8890608867043
perception,17931,0,8890608867139,8890608867171
perception,17932,0,8890608867299,8890608867331
perception,17933,0,8890608867459,8890608867491
perception,17934,0,8890608867619,8890608867651
perception,17935,0,8890608867779,8890608867843
perception,17936,0,8890608867939,8890608868003
perception,17937,0,8890608868099,8890608868163
perception,17938,0,8890608868291,8890608868323
perception,17939,0,8890608868451,8890608868515
perception,17940,0,8890608868611,8890608868675
perception,17941,0,8890608868771,8890608868867
perception,17942,0,8890608868963,8890608868995
perception,17943,0,8890608869123,8890608869155
perception,17944,0,8890608869283,8890608869347
perception,17945,0,8890608869443,8890608869507
perception,17946,0,8890608869603,8890608869667
perception,17947,0,8890608869763,8890608869827
perception,17948,0,8890608869923,8890608869987
perception,17949,0,8890608870115,8890608870147
perception,17950,0,8890608870275,8890608870307
perception,17951,0,8890608870403,8890608870499
perception,17952,0,8890608870595,8890608870659
perception,17953,0,8890608870755,8890608870819
perception,17954,0,8890608870915,8890608870979
perception,17955,0,8890608871107,8890608871139
perception,17956,0,8890608871235,8890608871299
perception,17957,0,8890608871395,8890608871459
perception,17958,0,8890608871555,8890608871619
perception,17959,0,8890608871715,8890608871811
perception,17960,0,8890608871907,8890608871939
perception,17961,0,8890608872067,8890608872099
perception,17962,0,8890608872227,8890608872259
perception,17963,0,8890608872355,8890608872451
perception,17964,0,8890608872547,8890608872611
perception,17965,0,8890608872707,8890608872771
perception,17966,0,8890608872867,8890608872931
perception,17967,0,8890608873027,8890608873059
perception,17968,0,8890608873187,8890608873219
perception,17969,0,8890608873347,8890608873379
perception,17970,0,8890608873475,8890608873539
perception,17971,0,8890608873635,8890608873699
perception,17972,0,8890608873795,8890608873859
perception,17973,0,8890608873955,8890608874019
perception,17974,0,8890608874115,8890608874179
perception,17975,0,8890608874307,8890608874339
perception,17976,0,8890608874467,8890608874499
perception,17977,0,8890608874595,8890608874659
perception,17978,0,8890608874755,8890608874819
perception,17979,0,8890608874979,8890608875011
perception,17980,0,8890608875139,8890608875203
perception,17981,0,8890608875299,8890608875363
perception,17982,0,8890608875491,8890608875555
perception,17983,0,8890608875651,8890608875715
perception,17984,0,8890608875843,8890608875875
perception,17985,0,8890608876003,8890608876099
perception,17986,0,8890608876227,8890608876291
perception,17987,0,8890608876419,8890608876451
perception,17988,0,8890608876547,8890608876611
perception,17989,0,8890608876707,8890608876771
perception,17990,0,8890608876867,8890608876963
perception,17991,0,8890608877059,8890608877123
perception,17992,0,8890608877219,8890608877251
perception,17993,0,8890608877379,8890608877411
perception,17994,0,8890608877539,8890608877571
perception,17995,0,8890608877699,8890608877763
perception,17996,0,8890608877859,8890608877923
perception,17997,0,8890608878019,8890608878083
perception,17998,0,8890608878211,8890608878243
perception,17999,0,8890608878371,8890608878403
perception,18000,0,8890608878499,8890608878595
perception,18001,0,8890608878691,8890608878755
perception,18002,0,8890608878851,8890608878915
perception,18003,0,8890608879011,8890608879075
perception,18004,0,8890608879203,8890608879235
perception,18005,0,8890608879363,8890608879395
perception,18006,0,8890608879491,8890608879555
perception,18007,0,8890608879651,8890608879715
perception,18008,0,8890608879811,8890608879875
perception,18009,0,8890608879971,8890608880035
perception,18010,0,8890608880131,8890608880195
perception,18011,0,8890608880291,8890608880323
perception,18012,0,8890608880451,8890608880515
perception,18013,0,8890608880611,8890608880675
perception,18014,0,8890608880771,8890608880835
perception,18015,0,8890608880931,8890608880995
perception,18016,0,8890608881123,8890608881155
perception,18017,0,8890608881283,8890608881315
perception,18018,0,8890608881443,8890608881475
perception,18019,0,8890608881603,8890608881667
perception,18020,0,8890608881763,8890608881827
perception,18021,0,8890608881923,8890608881987
perception,18022,0,8890608882083,8890608882147
perception,18023,0,8890608882275,8890608882307
perception,18024,0,8890608882435,8890608882499
perception,18025,0,8890608882595,8890608882659
perception,18026,0,8890608882755,8890608882819
perception,18027,0,8890608882947,8890608882979
perception,18028,0,8890608883139,8890608883171
perception,18029,0,8890608883267,8890608883331
perception,18030,0,8890608883427,8890608883523
perception,18031,0,8890608883587,8890608883683
perception,18032,0,8890608883779,8890608883843
perception,18033,0,8890608883939,8890608883971
perception,18034,0,8890608884099,8890608884163
perception,18035,0,8890608884259,8890608884323
perception,18036,0,8890608884419,8890608884483
perception,18037,0,8890608884643,8890608884675
perception,18038,0,8890608884803,8890608884867
perception,18039,0,8890608884963,8890608885027
perception,18040,0,8890608885123,8890608885187
perception,18041,0,8890608885283,8890608885379
perception,18042,0,8890608885475,8890608885507
perception,18043,0,8890608885667,8890608885731
perception,18044,0,8890608885827,8890608885891
perception,18045,0,8890608885987,8890608886051
perception,18046,0,8890608886179,8890608886211
perception,18047,0,8890608886339,8890608886371
perception,18048,0,8890608886499,8890608886563
perception,18049,0,8890608886659,8890608886723
perception,18050,0,8890608886819,8890608886883
perception,18051,0,8890608886979,8890608887043
perception,18052,0,8890608887139,8890608887171
perception,18053,0,8890608887299,8890608887331
perception,18054,0,8890608887459,8890608887491
perception,18055,0,8890608887619,8890608887651
perception,18056,0,8890608887779,8890608887843
perception,18057,0,8890608887939,8890608888035
perception,18058,0,8890608888099,8890608888163
perception,18059,0,8890608888259,8890608888323
perception,18060,0,8890608888451,8890608888483
perception,18061,0,8890608888579,8890608888643
perception,18062,0,8890608888739,8890608888803
perception,18063,0,8890608888899,8890608888963
perception,18064,0,8890608889059,8890608889155
perception,18065,0,8890608889251,8890608889283
perception,18066,0,8890608889411,8890608889443
perception,18067,0,8890608889571,8890608889635
perception,18068,0,8890608889731,8890608889795
perception,18069,0,8890608889891,8890608889955
perception,18070,0,8890608890051,8890608890115
perception,18071,0,8890608890243,8890608890275
perception,18072,0,8890608890403,8890608890435
perception,18073,0,8890608890531,8890608890595
perception,18074,0,8890608890691,8890608890756
perception,18075,0,8890608890884,8890608890948
perception,18076,0,8890608891044,8890608891108
perception,18077,0,8890608891204,8890608891268
perception,18078,0,8890608891396,8890608891460
perception,18079,0,8890608891556,8890608891620
perception,18080,0,8890608891716,8890608891780
perception,18081,0,8890608891876,8890608891940
perception,18082,0,8890608892068,8890608892100
perception,18083,0,8890608892228,8890608892260
perception,18084,0,8890608892356,8890608892420
perception,18085,0,8890608892548,8890608892612
perception,18086,0,8890608892708,8890608892772
perception,18087,0,8890608892868,8890608892932
perception,18088,0,8890608893028,8890608893060
perception,18089,0,8890608893188,8890608893252
perception,18090,0,8890608893348,8890608893412
perception,18091,0,8890608893508,8890608893572
perception,18092,0,8890608893668,8890608893732
perception,18093,0,8890608893828,8890608893892
perception,18094,0,8890608893988,8890608894052
perception,18095,0,8890608894148,8890608894212
perception,18096,0,8890608894308,8890608894372
perception,18097,0,8890608894468,8890608894532
perception,18098,0,8890608894628,8890608894692
perception,18099,0,8890608894788,8890608894852
perception,18100,0,8890608894948,8890608895012
perception,18101,0,8890608895140,8890608895172
perception,18102,0,8890608895300,8890608895332
perception,18103,0,8890608895428,8890608895492
perception,18104,0,8890608895588,8890608895652
perception,18105,0,8890608895748,8890608895812
perception,18106,0,8890608895940,8890608896004
perception,18107,0,8890608896100,8890608896132
perception,18108,0,8890608896260,8890608896292
perception,18109,0,8890608896420,8890608896484
perception,18110,0,8890608896580,8890608896644
perception,18111,0,8890608896740,8890608896804
perception,18112,0,8890608896900,8890608896964
perception,18113,0,8890608897092,8890608897124
perception,18114,0,8890608897252,8890608897316
perception,18115,0,8890608897412,8890608897476
perception,18116,0,8890608897572,8890608897636
perception,18117,0,8890608897732,8890608897796
perception,18118,0,8890608897924,8890608897956
perception,18119,0,8890608898084,8890608898116
perception,18120,0,8890608898244,8890608898276
perception,18121,0,8890608898372,8890608898436
perception,18122,0,8890608898564,8890608898628
perception,18123,0,8890608898724,8890608898788
perception,18124,0,8890608898884,8890608898948
perception,18125,0,8890608899044,8890608899108
perception,18126,0,8890608899204,8890608899268
perception,18127,0,8890608899364,8890608899428
perception,18128,0,8890608899524,8890608899620
perception,18129,0,8890608899716,8890608899780
perception,18130,0,8890608899876,8890608899908
perception,18131,0,8890608900036,8890608900100
perception,18132,0,8890608900196,8890608900260
perception,18133,0,8890608900356,8890608900420
perception,18134,0,8890608900516,8890608900580
perception,18135,0,8890608900676,8890608900740
perception,18136,0,8890608900836,8890608900900
perception,18137,0,8890608900996,8890608901028
perception,18138,0,8890608901156,8890608901220
perception,18139,0,8890608901316,8890608901380
perception,18140,0,8890608901476,8890608901540
perception,18141,0,8890608901700,8890608901732
perception,18142,0,8890608901860,8890608901892
perception,18143,0,8890608902020,8890608902052
perception,18144,0,8890608902148,8890608902212
perception,18145,0,8890608902308,8890608902372
perception,18146,0,8890608902468,8890608902532
perception,18147,0,8890608902628,8890608902692
perception,18148,0,8890608902788,8890608902852
perception,18149,0,8890608902980,8890608903012
perception,18150,0,8890608903140,8890608903204
perception,18151,0,8890608903300,8890608903364
perception,18152,0,8890608903460,8890608903524
perception,18153,0,8890608903620,8890608903684
perception,18154,0,8890608903780,8890608903844
perception,18155,0,8890608903972,8890608904004
perception,18156,0,8890608904100,8890608904164
perception,18157,0,8890608904260,8890608904356
perception,18158,0,8890608904452,8890608904516
perception,18159,0,8890608904612,8890608904676
perception,18160,0,8890608904772,8890608904836
perception,18161,0,8890608904932,8890608904996
perception,18162,0,8890608905124,8890608905220
perception,18163,0,8890608905284,8890608905380
perception,18164,0,8890608905476,8890608905508
perception,18165,0,8890608905636,8890608905668
perception,18166,0,8890608905796,8890608905860
perception,18167,0,8890608905956,8890608906020
perception,18168,0,8890608906116,8890608906180
perception,18169,0,8890608906340,8890608906372
perception,18170,0,8890608906500,8890608906532
perception,18171,0,8890608906628,8890608906724
perception,18172,0,8890608906820,8890608906884
perception,18173,0,8890608906980,8890608907044
perception,18174,0,8890608907172,8890608907236
perception,18175,0,8890608907364,8890608907428
perception,18176,0,8890608907524,8890608907588
perception,18177,0,8890608907684,8890608907748
perception,18178,0,8890608907844,8890608907876
perception,18179,0,8890608908036,8890608908068
perception,18180,0,8890608908164,8890608908228
perception,18181,0,8890608908324,8890608908420
perception,18182,0,8890608908484,8890608908580
perception,18183,0,8890608908708,8890608908740
perception,18184,0,8890608908868,8890608908900
perception,18185,0,8890608908996,8890608909060
perception,18186,0,8890608909156,8890608909220
perception,18187,0,8890608909316,8890608909380
perception,18188,0,8890608909476,8890608909572
perception,18189,0,8890608909636,8890608909700
perception,18190,0,8890608909828,8890608909860
perception,18191,0,8890608909988,8890608910052
perception,18192,0,8890608910180,8890608910244
perception,18193,0,8890608910340,8890608910404
perception,18194,0,8890608910532,8890608910564
perception,18195,0,8890608910692,8890608910724
perception,18196,0,8890608910820,8890608910884
perception,18197,0,8890608910980,8890608911076
perception,18198,0,8890608911172,8890608911236
perception,18199,0,8890608911332,8890608911396
perception,18200,0,8890608911524,8890608911556
perception,18201,0,8890608911652,8890608911716
perception,18202,0,8890608911812,8890608911908
perception,18203,0,8890608912004,8890608912068
perception,18204,0,8890608912164,8890608912228
perception,18205,0,8890608912356,8890608912388
perception,18206,0,8890608912484,8890608912548
perception,18207,0,8890608912644,8890608912740
perception,18208,0,8890608912836,8890608912900
perception,18209,0,8890608912996,8890608913060
perception,18210,0,8890608913188,8890608913252
perception,18211,0,8890608913348,8890608913412
perception,18212,0,8890608913540,8890608913604
perception,18213,0,8890608913732,8890608913764
perception,18214,0,8890608913892,8890608913924
perception,18215,0,8890608914052,8890608914084
perception,18216,0,8890608914180,8890608914244
perception,18217,0,8890608914372,8890608914436
perception,18218,0,8890608914532,8890608914596
perception,18219,0,8890608914692,8890608914756
perception,18220,0,8890608914852,8890608914916
perception,18221,0,8890608915012,8890608915108
perception,18222,0,8890608915204,8890608915300
perception,18223,0,8890608915364,8890608915428
perception,18224,0,8890608915524,8890608915588
perception,18225,0,8890608915716,8890608915748
perception,18226,0,8890608915844,8890608915908
perception,18227,0,8890608916004,8890608916068
perception,18228,0,8890608916164,8890608916228
perception,18229,0,8890608916356,8890608916420
perception,18230,0,8890608916516,8890608916580
perception,18231,0,8890608916708,8890608916740
perception,18232,0,8890608916836,8890608916900
perception,18233,0,8890608916996,8890608917092
perception,18234,0,8890608917188,8890608917252
perception,18235,0,8890608917348,8890608917380
perception,18236,0,8890608917508,8890608917540
perception,18237,0,8890608917668,8890608917700
perception,18238,0,8890608917828,8890608917892
perception,18239,0,8890608917988,8890608918052
perception,18240,0,8890608918148,8890608918212
perception,18241,0,8890608918340,8890608918404
perception,18242,0,8890608918500,8890608918564
perception,18243,0,8890608918692,8890608918757
perception,18244,0,8890608918853,8890608918917
perception,18245,0,8890608919013,8890608919077
perception,18246,0,8890608919205,8890608919237
perception,18247,0,8890608919365,8890608919397
perception,18248,0,8890608919493,8890608919589
perception,18249,0,8890608919685,8890608919749
perception,18250,0,8890608919845,8890608919909
perception,18251,0,8890608920005,8890608920069
perception,18252,0,8890608920197,8890608920261
perception,18253,0,8890608920357,8890608920421
perception,18254,0,8890608920517,8890608920581
perception,18255,0,8890608920677,8890608920741
perception,18256,0,8890608920869,8890608920933
perception,18257,0,8890608921029,8890608921093
perception,18258,0,8890608921221,8890608921285
perception,18259,0,8890608921413,8890608921445
perception,18260,0,8890608921573,8890608921605
perception,18261,0,8890608921733,8890608921765
perception,18262,0,8890608921861,8890608921925
perception,18263,0,8890608922053,8890608922117
perception,18264,0,8890608922213,8890608922277
perception,18265,0,8890608922373,8890608922437
perception,18266,0,8890608922533,8890608922565
perception,18267,0,8890608922725,8890608922757
perception,18268,0,8890608922853,8890608922917
perception,18269,0,8890608923013,8890608923077
perception,18270,0,8890608923205,8890608923269
perception,18271,0,8890608923333,8890608923397
perception,18272,0,8890608923525,8890608923557
perception,18273,0,8890608923685,8890608923717
perception,18274,0,8890608923845,8890608923877
perception,18275,0,8890608923973,8890608924069
perception,18276,0,8890608924197,8890608924261
perception,18277,0,8890608924389,8890608924421
perception,18278,0,8890608924517,8890608924581
perception,18279,0,8890608924741,8890608924805
perception,18280,0,8890608924901,8890608924933
perception,18281,0,8890608925061,8890608925093
perception,18282,0,8890608925221,8890608925285
perception,18283,0,8890608925381,8890608925445
perception,18284,0,8890608925541,8890608925605
perception,18285,0,8890608925701,8890608925765
perception,18286,0,8890608925861,8890608925925
perception,18287,0,8890608926053,8890608926085
perception,18288,0,8890608926213,8890608926245
perception,18289,0,8890608926405,8890608926469
perception,18290,0,8890608926597,8890608926629
perception,18291,0,8890608926757,8890608926789
perception,18292,0,8890608926917,8890608926949
perception,18293,0,8890608927045,8890608927141
perception,18294,0,8890608927269,8890608927333
perception,18295,0,8890608927429,8890608927461
perception,18296,0,8890608927589,8890608927653
perception,18297,0,8890608927749,8890608927813
perception,18298,0,8890608927909,8890608927973
perception,18299,0,8890608928101,8890608928165
perception,18300,0,8890608928261,8890608928325
perception,18301,0,8890608928453,8890608928517
perception,18302,0,8890608928613,8890608928677
perception,18303,0,8890608928773,8890608928837
perception,18304,0,8890608928965,8890608928997
perception,18305,0,8890608929189,8890608929285
perception,18306,0,8890608929349,8890608929413
perception,18307,0,8890608929541,8890608929573
perception,18308,0,8890608929701,8890608929733
perception,18309,0,8890608929829,8890608929893
perception,18310,0,8890608929989,8890608930053
perception,18311,0,8890608930149,8890608930245
perception,18312,0,8890608930309,8890608930405
perception,18313,0,8890608930501,8890608930533
perception,18314,0,8890608930661,8890608930693
perception,18315,0,8890608930821,8890608930853
perception,18316,0,8890608930949,8890608931013
perception,18317,0,8890608931141,8890608931237
perception,18318,0,8890608931333,8890608931397
perception,18319,0,8890608931493,8890608931525
perception,18320,0,8890608931653,8890608931717
perception,18321,0,8890608931813,8890608931877
perception,18322,0,8890608932005,8890608932069
perception,18323,0,8890608932165,8890608932229
perception,18324,0,8890608932325,8890608932357
perception,18325,0,8890608932485,8890608932549
perception,18326,0,8890608932645,8890608932709
perception,18327,0,8890608932805,8890608932901
perception,18328,0,8890608932997,8890608933061
perception,18329,0,8890608933157,8890608933189
perception,18330,0,8890608933317,8890608933349
perception,18331,0,8890608933509,8890608933573
perception,18332,0,8890608933701,8890608933765
perception,18333,0,8890608933861,8890608933893
perception,18334,0,8890608934021,8890608934085
perception,18335,0,8890608934181,8890608934245
perception,18336,0,8890608934341,8890608934405
perception,18337,0,8890608934501,8890608934565
perception,18338,0,8890608934693,8890608934725
perception,18339,0,8890608934853,8890608934917
perception,18340,0,8890608935013,8890608935077
perception,18341,0,8890608935173,8890608935237
perception,18342,0,8890608935333,8890608935397
perception,18343,0,8890608935493,8890608935557
perception,18344,0,8890608935653,8890608935717
perception,18345,0,8890608935813,8890608935877
perception,18346,0,8890608936005,8890608936037
perception,18347,0,8890608936133,8890608936197
perception,18348,0,8890608936293,8890608936357
perception,18349,0,8890608936453,8890608936517
perception,18350,0,8890608936613,8890608936677
perception,18351,0,8890608936773,8890608936837
perception,18352,0,8890608936933,8890608936965
perception,18353,0,8890608937125,8890608937157
perception,18354,0,8890608937253,8890608937317
perception,18355,0,8890608937413,8890608937477
perception,18356,0,8890608937573,8890608937637
perception,18357,0,8890608937733,8890608937829
perception,18358,0,8890608937925,8890608937957
perception,18359,0,8890608938085,8890608938149
perception,18360,0,8890608938245,8890608938309
perception,18361,0,8890608938405,8890608938469
perception,18362,0,8890608938597,8890608938661
perception,18363,0,8890608938757,8890608938789
perception,18364,0,8890608938917,8890608938981
perception,18365,0,8890608939077,8890608939141
perception,18366,0,8890608939237,8890608939301
perception,18367,0,8890608939397,8890608939461
perception,18368,0,8890608939557,8890608939621
perception,18369,0,8890608939717,8890608939781
perception,18370,0,8890608939909,8890608939941
perception,18371,0,8890608940069,8890608940101
perception,18372,0,8890608940197,8890608940293
perception,18373,0,8890608940389,8890608940453
perception,18374,0,8890608940581,8890608940613
perception,18375,0,8890608940741,8890608940773
perception,18376,0,8890608940901,8890608940965
perception,18377,0,8890608941093,8890608941157
perception,18378,0,8890608941253,8890608941317
perception,18379,0,8890608941413,8890608941445
perception,18380,0,8890608941605,8890608941637
perception,18381,0,8890608941733,8890608941797
perception,18382,0,8890608941893,8890608941957
perception,18383,0,8890608942085,8890608942149
perception,18384,0,8890608942245,8890608942277
perception,18385,0,8890608942405,8890608942437
perception,18386,0,8890608942565,8890608942597
perception,18387,0,8890608942725,8890608942789
perception,18388,0,8890608942853,8890608942949
perception,18389,0,8890608943013,8890608943109
perception,18390,0,8890608943205,8890608943269
perception,18391,0,8890608943365,8890608943429
perception,18392,0,8890608943525,8890608943589
perception,18393,0,8890608943685,8890608943749
perception,18394,0,8890608943845,8890608943909
perception,18395,0,8890608944037,8890608944101
perception,18396,0,8890608944197,8890608944261
perception,18397,0,8890608944357,8890608944389
perception,18398,0,8890608944517,8890608944581
perception,18399,0,8890608944677,8890608944741
perception,18400,0,8890608944837,8890608944901
perception,18401,0,8890608944997,8890608945061
perception,18402,0,8890608945157,8890608945221
perception,18403,0,8890608945349,8890608945381
perception,18404,0,8890608945509,8890608945541
perception,18405,0,8890608945637,8890608945701
perception,18406,0,8890608945797,8890608945861
perception,18407,0,8890608945989,8890608946053
perception,18408,0,8890608946149,8890608946213
perception,18409,0,8890608946309,8890608946341
perception,18410,0,8890608946501,8890608946533
perception,18411,0,8890608946629,8890608946693
perception,18412,0,8890608946790,8890608946854
perception,18413,0,8890608946950,8890608947046
perception,18414,0,8890608947142,8890608947174
perception,18415,0,8890608947302,8890608947334
perception,18416,0,8890608947462,8890608947494
perception,18417,0,8890608947622,8890608947686
perception,18418,0,8890608947782,8890608947846
perception,18419,0,8890608947942,8890608948006
perception,18420,0,8890608948102,8890608948166
perception,18421,0,8890608948294,8890608948326
perception,18422,0,8890608948454,8890608948486
perception,18423,0,8890608948582,8890608948678
perception,18424,0,8890608948774,8890608948838
perception,18425,0,8890608948934,8890608948998
perception,18426,0,8890608949094,8890608949158
perception,18427,0,8890608949286,8890608949318
perception,18428,0,8890608949414,8890608949478
perception,18429,0,8890608949574,8890608949638
perception,18430,0,8890608949734,8890608949798
perception,18431,0,8890608949894,8890608949990
perception,18432,0,8890608950086,8890608950118
perception,18433,0,8890608950246,8890608950278
perception,18434,0,8890608950406,8890608950438
perception,18435,0,8890608950534,8890608950598
perception,18436,0,8890608950694,8890608950758
perception,18437,0,8890608950854,8890608950950
perception,18438,0,8890608951046,8890608951110
perception,18439,0,8890608951206,8890608951238
perception,18440,0,8890608951366,8890608951398
perception,18441,0,8890608951526,8890608951590
perception,18442,0,8890608951686,8890608951750
perception,18443,0,8890608951846,8890608951910
perception,18444,0,8890608952006,8890608952070
perception,18445,0,8890608952198,8890608952230
perception,18446,0,8890608952358,8890608952390
perception,18447,0,8890608952486,8890608952582
perception,18448,0,8890608952646,8890608952742
perception,18449,0,8890608952838,8890608952902
perception,18450,0,8890608952998,8890608953062
perception,18451,0,8890608953158,8890608953222
perception,18452,0,8890608953350,8890608953382
perception,18453,0,8890608953478,8890608953542
perception,18454,0,8890608953670,8890608953734
perception,18455,0,8890608953830,8890608953894
perception,18456,0,8890608953990,8890608954054
perception,18457,0,8890608954150,8890608954214
perception,18458,0,8890608954310,8890608954374
perception,18459,0,8890608954470,8890608954534
perception,18460,0,8890608954662,8890608954726
perception,18461,0,8890608954822,8890608954886
perception,18462,0,8890608954982,8890608955014
perception,18463,0,8890608955142,8890608955206
perception,18464,0,8890608955302,8890608955366
perception,18465,0,8890608955462,8890608955526
perception,18466,0,8890608955622,8890608955718
perception,18467,0,8890608955814,8890608955846
perception,18468,0,8890608955974,8890608956006
perception,18469,0,8890608956134,8890608956166
perception,18470,0,8890608956294,8890608956358
perception,18471,0,8890608956454,8890608956518
perception,18472,0,8890608956614,8890608956678
perception,18473,0,8890608956774,8890608956838
perception,18474,0,8890608956966,8890608956998
perception,18475,0,8890608957126,8890608957158
perception,18476,0,8890608957254,8890608957318
perception,18477,0,8890608957414,8890608957478
perception,18478,0,8890608957574,8890608957638
perception,18479,0,8890608957734,8890608957830
perception,18480,0,8890608957926,8890608957958
perception,18481,0,8890608958086,8890608958118
perception,18482,0,8890608958246,8890608958278
perception,18483,0,8890608958374,8890608958470
perception,18484,0,8890608958566,8890608958630
perception,18485,0,8890608958758,8890608958790
perception,18486,0,8890608958918,8890608958982
perception,18487,0,8890608959078,8890608959142
perception,18488,0,8890608959238,8890608959302
perception,18489,0,8890608959398,8890608959462
perception,18490,0,8890608959558,8890608959622
perception,18491,0,8890608959718,8890608959782
perception,18492,0,8890608959910,8890608959942
perception,18493,0,8890608960070,8890608960102
perception,18494,0,8890608960198,8890608960262
perception,18495,0,8890608960358,8890608960454
perception,18496,0,8890608960550,8890608960614
perception,18497,0,8890608960710,8890608960742
perception,18498,0,8890608960870,8890608960902
perception,18499,0,8890608961030,8890608961094
perception,18500,0,8890608961190,8890608961254
perception,18501,0,8890608961382,8890608961446
perception,18502,0,8890608961542,8890608961606
perception,18503,0,8890608961734,8890608961766
perception,18504,0,8890608961862,8890608961926
perception,18505,0,8890608962022,8890608962086
perception,18506,0,8890608962182,8890608962278
perception,18507,0,8890608962374,8890608962438
perception,18508,0,8890608962534,8890608962566
perception,18509,0,8890608962694,8890608962758
perception,18510,0,8890608962854,8890608962918
perception,18511,0,8890608963014,8890608963078
perception,18512,0,8890608963174,8890608963270
perception,18513,0,8890608963366,8890608963398
perception,18514,0,8890608963526,8890608963558
perception,18515,0,8890608963686,8890608963782
perception,18516,0,8890608963878,8890608963942
perception,18517,0,8890608964038,8890608964102
perception,18518,0,8890608964198,8890608964262
perception,18519,0,8890608964358,8890608964390
perception,18520,0,8890608964518,8890608964550
perception,18521,0,8890608964678,8890608964742
perception,18522,0,8890608964806,8890608964902
perception,18523,0,8890608964998,8890608965062
perception,18524,0,8890608965158,8890608965222
perception,18525,0,8890608965318,8890608965382
perception,18526,0,8890608965478,8890608965510
perception,18527,0,8890608965638,8890608965702
perception,18528,0,8890608965798,8890608965862
perception,18529,0,8890608965958,8890608966022
perception,18530,0,8890608966118,8890608966214
perception,18531,0,8890608966310,8890608966342
perception,18532,0,8890608966470,8890608966502
perception,18533,0,8890608966630,8890608966694
perception,18534,0,8890608966790,8890608966854
perception,18535,0,8890608966950,8890608967014
perception,18536,0,8890608967142,8890608967174
perception,18537,0,8890608967302,8890608967334
perception,18538,0,8890608967462,8890608967494
perception,18539,0,8890608967622,8890608967686
perception,18540,0,8890608967814,8890608967878
perception,18541,0,8890608967974,8890608968038
perception,18542,0,8890608968134,8890608968166
perception,18543,0,8890608968294,8890608968358
perception,18544,0,8890608968454,8890608968518
perception,18545,0,8890608968614,8890608968678
perception,18546,0,8890608968774,8890608968838
perception,18547,0,8890608968934,8890608968998
perception,18548,0,8890608969126,8890608969158
perception,18549,0,8890608969286,8890608969318
perception,18550,0,8890608969414,8890608969510
perception,18551,0,8890608969606,8890608969670
perception,18552,0,8890608969766,8890608969830
perception,18553,0,8890608969926,8890608969990
perception,18554,0,8890608970118,8890608970150
perception,18555,0,8890608970278,8890608970310
perception,18556,0,8890608970406,8890608970470
perception,18557,0,8890608970566,8890608970662
perception,18558,0,8890608970758,8890608970822
perception,18559,0,8890608970918,8890608970950
perception,18560,0,8890608971078,8890608971110
perception,18561,0,8890608971238,8890608971270
perception,18562,0,8890608971398,8890608971430
perception,18563,0,8890608971526,8890608971590
perception,18564,0,8890608971686,8890608971750
perception,18565,0,8890608971846,8890608971910
perception,18566,0,8890608972006,8890608972070
perception,18567,0,8890608972166,8890608972230
perception,18568,0,8890608972358,8890608972390
perception,18569,0,8890608972486,8890608972550
perception,18570,0,8890608972678,8890608972742
perception,18571,0,8890608972870,8890608972934
perception,18572,0,8890608973030,8890608973062
perception,18573,0,8890608973190,8890608973222
perception,18574,0,8890608973350,8890608973414
perception,18575,0,8890608973510,8890608973574
perception,18576,0,8890608973670,8890608973734
perception,18577,0,8890608973830,8890608973894
perception,18578,0,8890608974022,8890608974054
perception,18579,0,8890608974182,8890608974214
perception,18580,0,8890608974310,8890608974374
perception,18581,0,8890608974470,8890608974566
perception,18582,0,8890608974662,8890608974726
perception,18583,0,8890608974887,8890608974919
perception,18584,0,8890608975015,8890608975111
perception,18585,0,8890608975207,8890608975271
perception,18586,0,8890608975367,8890608975431
perception,18587,0,8890608975527,8890608975591
perception,18588,0,8890608975719,8890608975751
perception,18589,0,8890608975847,8890608975911
perception,18590,0,8890608976007,8890608976071
perception,18591,0,8890608976199,8890608976263
perception,18592,0,8890608976391,8890608976423
perception,18593,0,8890608976551,8890608976583
perception,18594,0,8890608976711,8890608976743
perception,18595,0,8890608976871,8890608976935
perception,18596,0,8890608977031,8890608977127
perception,18597,0,8890608977223,8890608977255
perception,18598,0,8890608977383,8890608977415
perception,18599,0,8890608977543,8890608977607
perception,18600,0,8890608977703,8890608977767
perception,18601,0,8890608977863,8890608977927
perception,18602,0,8890608978023,8890608978087
perception,18603,0,8890608978215,8890608978247
perception,18604,0,8890608978375,8890608978407
perception,18605,0,8890608978503,8890608978567
perception,18606,0,8890608978663,8890608978727
perception,18607,0,8890608978823,8890608978887
perception,18608,0,8890608978983,8890608979079
perception,18609,0,8890608979175,8890608979207
perception,18610,0,8890608979335,8890608979367
perception,18611,0,8890608979495,8890608979527
perception,18612,0,8890608979623,8890608979687
perception,18613,0,8890608979783,8890608979847
perception,18614,0,8890608979975,8890608980039
perception,18615,0,8890608980135,8890608980199
perception,18616,0,8890608980295,8890608980359
perception,18617,0,8890608980487,8890608980519
perception,18618,0,8890608980615,8890608980679
perception,18619,0,8890608980775,8890608980871
perception,18620,0,8890608980967,8890608981031
perception,18621,0,8890608981127,8890608981159
perception,18622,0,8890608981287,8890608981351
perception,18623,0,8890608981447,8890608981511
perception,18624,0,8890608981607,8890608981671
perception,18625,0,8890608981767,8890608981831
perception,18626,0,8890608981959,8890608982023
perception,18627,0,8890608982119,8890608982151
perception,18628,0,8890608982279,8890608982311
perception,18629,0,8890608982439,8890608982471
perception,18630,0,8890608982567,8890608982663
perception,18631,0,8890608982759,8890608982823
perception,18632,0,8890608982919,8890608982983
perception,18633,0,8890608983079,8890608983143
perception,18634,0,8890608983239,8890608983303
perception,18635,0,8890608983399,8890608983463
perception,18636,0,8890608983559,8890608983623
perception,18637,0,8890608983719,8890608983815
perception,18638,0,8890608983879,8890608983975
perception,18639,0,8890608984071,8890608984103
perception,18640,0,8890608984231,8890608984263
perception,18641,0,8890608984391,8890608984455
perception,18642,0,8890608984551,8890608984615
perception,18643,0,8890608984711,8890608984775
perception,18644,0,8890608984871,8890608984935
perception,18645,0,8890608985031,8890608985095
perception,18646,0,8890608985191,8890608985223
perception,18647,0,8890608985351,8890608985383
perception,18648,0,8890608985511,8890608985543
perception,18649,0,8890608985639,8890608985703
perception,18650,0,8890608985799,8890608985863
perception,18651,0,8890608985991,8890608986055
perception,18652,0,8890608986151,8890608986215
perception,18653,0,8890608986311,8890608986343
perception,18654,0,8890608986471,8890608986503
perception,18655,0,8890608986631,8890608986695
perception,18656,0,8890608986791,8890608986855
perception,18657,0,8890608986983,8890608987047
perception,18658,0,8890608987143,8890608987175
perception,18659,0,8890608987303,8890608987335
perception,18660,0,8890608987463,8890608987495
perception,18661,0,8890608987623,8890608987655
perception,18662,0,8890608987783,8890608987847
perception,18663,0,8890608987943,8890608988007
perception,18664,0,8890608988103,8890608988167
perception,18665,0,8890608988263,8890608988295
perception,18666,0,8890608988423,8890608988487
perception,18667,0,8890608988583,8890608988647
perception,18668,0,8890608988743,8890608988807
perception,18669,0,8890608988903,8890608988999
perception,18670,0,8890608989095,8890608989159
perception,18671,0,8890608989255,8890608989287
perception,18672,0,8890608989415,8890608989447
perception,18673,0,8890608989575,8890608989639
perception,18674,0,8890608989735,8890608989799
perception,18675,0,8890608989895,8890608989959
perception,18676,0,8890608990087,8890608990119
perception,18677,0,8890608990279,8890608990311
perception,18678,0,8890608990407,8890608990471
perception,18679,0,8890608990567,8890608990631
perception,18680,0,8890608990727,8890608990823
perception,18681,0,8890608990919,8890608990983
perception,18682,0,8890608991111,8890608991143
perception,18683,0,8890608991239,8890608991303
perception,18684,0,8890608991399,8890608991463
perception,18685,0,8890608991559,8890608991655
perception,18686,0,8890608991751,8890608991815
perception,18687,0,8890608991911,8890608991943
perception,18688,0,8890608992071,8890608992103
perception,18689,0,8890608992231,8890608992263
perception,18690,0,8890608992359,8890608992455
perception,18691,0,8890608992551,8890608992615
perception,18692,0,8890608992711,8890608992775
perception,18693,0,8890608992871,8890608992935
perception,18694,0,8890608993031,8890608993095
perception,18695,0,8890608993191,8890608993255
perception,18696,0,8890608993383,8890608993447
perception,18697,0,8890608993575,8890608993607
perception,18698,0,8890608993735,8890608993767
perception,18699,0,8890608993895,8890608993959
perception,18700,0,8890608994055,8890608994119
perception,18701,0,8890608994215,8890608994279
perception,18702,0,8890608994375,8890608994439
perception,18703,0,8890608994535,8890608994599
perception,18704,0,8890608994695,8890608994759
perception,18705,0,8890608994887,8890608994919
perception,18706,0,8890608995015,8890608995079
perception,18707,0,8890608995207,8890608995271
perception,18708,0,8890608995367,8890608995431
perception,18709,0,8890608995527,8890608995591
perception,18710,0,8890608995687,8890608995719
perception,18711,0,8890608995847,8890608995911
perception,18712,0,8890608996007,8890608996071
perception,18713,0,8890608996199,8890608996263
perception,18714,0,8890608996359,8890608996423
perception,18715,0,8890608996519,8890608996551
perception,18716,0,8890608996679,8890608996743
perception,18717,0,8890608996839,8890608996903
perception,18718,0,8890608996999,8890608997063
perception,18719,0,8890608997159,8890608997255
perception,18720,0,8890608997383,8890608997415
perception,18721,0,8890608997543,8890608997575
perception,18722,0,8890608997671,8890608997735
perception,18723,0,8890608997831,8890608997927
perception,18724,0,8890608998023,8890608998087
perception,18725,0,8890608998183,8890608998247
perception,18726,0,8890608998343,8890608998407
perception,18727,0,8890608998503,8890608998567
perception,18728,0,8890608998663,8890608998727
perception,18729,0,8890608998823,8890608998887
perception,18730,0,8890608999015,8890608999079
perception,18731,0,8890608999175,8890608999207
perception,18732,0,8890608999335,8890608999399
perception,18733,0,8890608999495,8890608999559
perception,18734,0,8890608999655,8890608999719
perception,18735,0,8890608999815,8890608999879
perception,18736,0,8890608999975,8890609000039
perception,18737,0,8890609000135,8890609000199
perception,18738,0,8890609000295,8890609000327
perception,18739,0,8890609000487,8890609000519
perception,18740,0,8890609000615,8890609000679
perception,18741,0,8890609000775,8890609000839
perception,18742,0,8890609000935,8890609001031
perception,18743,0,8890609001127,8890609001159
perception,18744,0,8890609001287,8890609001319
perception,18745,0,8890609001479,8890609001543
perception,18746,0,8890609001639,8890609001703
perception,18747,0,8890609001799,8890609001863
perception,18748,0,8890609001991,8890609002023
perception,18749,0,8890609002151,8890609002183
perception,18750,0,8890609002279,8890609002375
perception,18751,0,8890609002471,8890609002535
perception,18752,0,8890609002631,8890609002695
perception,18753,0,8890609002823,8890609002856
perception,18754,0,8890609002984,8890609003016
perception,18755,0,8890609003144,8890609003176
perception,18756,0,8890609003272,8890609003336
perception,18757,0,8890609003464,8890609003528
perception,18758,0,8890609003624,8890609003688
perception,18759,0,8890609003784,8890609003848
perception,18760,0,8890609003976,8890609004008
perception,18761,0,8890609004104,8890609004168
perception,18762,0,8890609004264,8890609004328
perception,18763,0,8890609004424,8890609004520
perception,18764,0,8890609004616,8890609004680
perception,18765,0,8890609004808,8890609004840
perception,18766,0,8890609004968,8890609005032
perception,18767,0,8890609005128,8890609005192
perception,18768,0,8890609005288,8890609005352
perception,18769,0,8890609005448,8890609005512
perception,18770,0,8890609005640,8890609005672
perception,18771,0,8890609005800,8890609005864
perception,18772,0,8890609005960,8890609006024
perception,18773,0,8890609006120,8890609006184
perception,18774,0,8890609006280,8890609006344
perception,18775,0,8890609006440,8890609006504
perception,18776,0,8890609006600,8890609006632
perception,18777,0,8890609006760,8890609006792
perception,18778,0,8890609006920,8890609006952
perception,18779,0,8890609007080,8890609007144
perception,18780,0,8890609007240,8890609007304
perception,18781,0,8890609007400,8890609007464
perception,18782,0,8890609007592,8890609007624
perception,18783,0,8890609007752,8890609007784
perception,18784,0,8890609007880,8890609007944
perception,18785,0,8890609008040,8890609008136
perception,18786,0,8890609008232,8890609008296
perception,18787,0,8890609008392,8890609008456
perception,18788,0,8890609008552,8890609008584
perception,18789,0,8890609008712,8890609008808
perception,18790,0,8890609008904,8890609008968
perception,18791,0,8890609009064,8890609009128
perception,18792,0,8890609009224,8890609009288
perception,18793,0,8890609009416,8890609009448
perception,18794,0,8890609009576,8890609009608
perception,18795,0,8890609009704,8890609009800
perception,18796,0,8890609009896,8890609009960
perception,18797,0,8890609010056,8890609010120
perception,18798,0,8890609010216,8890609010280
perception,18799,0,8890609010408,8890609010440
perception,18800,0,8890609010536,8890609010600
perception,18801,0,8890609010696,8890609010792
perception,18802,0,8890609010888,8890609010952
perception,18803,0,8890609011048,8890609011112
perception,18804,0,8890609011240,8890609011272
perception,18805,0,8890609011400,8890609011432
perception,18806,0,8890609011560,8890609011624
perception,18807,0,8890609011752,8890609011816
perception,18808,0,8890609011944,8890609011976
perception,18809,0,8890609012072,8890609012136
perception,18810,0,8890609012264,8890609012328
perception,18811,0,8890609012424,8890609012488
perception,18812,0,8890609012616,8890609012648
perception,18813,0,8890609012776,8890609012808
perception,18814,0,8890609012936,8890609013000
perception,18815,0,8890609013096,8890609013160
perception,18816,0,8890609013256,8890609013320
perception,18817,0,8890609013416,8890609013480
perception,18818,0,8890609013576,8890609013608
perception,18819,0,8890609013736,8890609013768
perception,18820,0,8890609013896,8890609013928
perception,18821,0,8890609014056,8890609014088
perception,18822,0,8890609014184,8890609014248
perception,18823,0,8890609014376,8890609014440
perception,18824,0,8890609014536,8890609014600
perception,18825,0,8890609014728,8890609014760
perception,18826,0,8890609014888,8890609014920
perception,18827,0,8890609015048,8890609015112
perception,18828,0,8890609015208,8890609015304
perception,18829,0,8890609015432,8890609015464
perception,18830,0,8890609015592,8890609015624
perception,18831,0,8890609015720,8890609015784
perception,18832,0,8890609015880,8890609015976
perception,18833,0,8890609016072,8890609016136
perception,18834,0,8890609016232,8890609016296
perception,18835,0,8890609016392,8890609016424
perception,18836,0,8890609016552,8890609016616
perception,18837,0,8890609016744,8890609016808
perception,18838,0,8890609016904,8890609016968
perception,18839,0,8890609017096,8890609017128
perception,18840,0,8890609017256,8890609017320
perception,18841,0,8890609017416,8890609017480
perception,18842,0,8890609017576,8890609017640
perception,18843,0,8890609017736,8890609017832
perception,18844,0,8890609017928,8890609017960
perception,18845,0,8890609018088,8890609018120
perception,18846,0,8890609018248,8890609018280
perception,18847,0,8890609018408,8890609018472
perception,18848,0,8890609018568,8890609018632
perception,18849,0,8890609018728,8890609018792
perception,18850,0,8890609018920,8890609018952
perception,18851,0,8890609019080,8890609019112
perception,18852,0,8890609019240,8890609019336
perception,18853,0,8890609019432,8890609019496
perception,18854,0,8890609019592,8890609019624
perception,18855,0,8890609019752,8890609019784
perception,18856,0,8890609019912,8890609019976
perception,18857,0,8890609020072,8890609020136
perception,18858,0,8890609020232,8890609020296
perception,18859,0,8890609020392,8890609020456
perception,18860,0,8890609020584,8890609020616
perception,18861,0,8890609020744,8890609020776
perception,18862,0,8890609020904,8890609020936
perception,18863,0,8890609021032,8890609021096
perception,18864,0,8890609021224,8890609021288
perception,18865,0,8890609021416,8890609021448
perception,18866,0,8890609021608,8890609021640
perception,18867,0,8890609021736,8890609021800
perception,18868,0,8890609021896,8890609021960
perception,18869,0,8890609022088,8890609022152
perception,18870,0,8890609022280,8890609022312
perception,18871,0,8890609022440,8890609022472
perception,18872,0,8890609022568,8890609022664
perception,18873,0,8890609022760,8890609022824
perception,18874,0,8890609022920,8890609022984
perception,18875,0,8890609023080,8890609023144
perception,18876,0,8890609023240,8890609023304
perception,18877,0,8890609023400,8890609023464
perception,18878,0,8890609023560,8890609023624
perception,18879,0,8890609023720,8890609023784
perception,18880,0,8890609023880,8890609023976
perception,18881,0,8890609024072,8890609024104
perception,18882,0,8890609024232,8890609024264
perception,18883,0,8890609024392,8890609024456
perception,18884,0,8890609024552,8890609024616
perception,18885,0,8890609024776,8890609024808
perception,18886,0,8890609024936,8890609024968
perception,18887,0,8890609025096,8890609025160
perception,18888,0,8890609025256,8890609025352
perception,18889,0,8890609025448,8890609025512
perception,18890,0,8890609025608,8890609025640
perception,18891,0,8890609025768,8890609025800
perception,18892,0,8890609025928,8890609025992
perception,18893,0,8890609026088,8890609026152
perception,18894,0,8890609026248,8890609026312
perception,18895,0,8890609026440,8890609026504
perception,18896,0,8890609026600,8890609026664
perception,18897,0,8890609026760,8890609026824
perception,18898,0,8890609026920,8890609026984
perception,18899,0,8890609027080,8890609027144
perception,18900,0,8890609027240,8890609027304
perception,18901,0,8890609027400,8890609027464
perception,18902,0,8890609027592,8890609027624
perception,18903,0,8890609027752,8890609027784
perception,18904,0,8890609027880,8890609027944
perception,18905,0,8890609028104,8890609028168
perception,18906,0,8890609028264,8890609028296
perception,18907,0,8890609028424,8890609028456
perception,18908,0,8890609028584,8890609028648
perception,18909,0,8890609028744,8890609028840
perception,18910,0,8890609028936,8890609029000
perception,18911,0,8890609029096,8890609029160
perception,18912,0,8890609029288,8890609029320
perception,18913,0,8890609029416,8890609029480
perception,18914,0,8890609029576,8890609029672
perception,18915,0,8890609029768,8890609029832
perception,18916,0,8890609029928,8890609029992
perception,18917,0,8890609030088,8890609030152
perception,18918,0,8890609030280,8890609030312
perception,18919,0,8890609030408,8890609030472
perception,18920,0,8890609030600,8890609030664
perception,18921,0,8890609030792,8890609030824
perception,18922,0,8890609030953,8890609031049
perception,18923,0,8890609031145,8890609031209
perception,18924,0,8890609031305,8890609031369
perception,18925,0,8890609031465,8890609031529
perception,18926,0,8890609031625,8890609031689
perception,18927,0,8890609031817,8890609031849
perception,18928,0,8890609031945,8890609032009
perception,18929,0,8890609032105,8890609032169
perception,18930,0,8890609032297,8890609032361
perception,18931,0,8890609032489,8890609032521
perception,18932,0,8890609032649,8890609032681
perception,18933,0,8890609032777,8890609032841
perception,18934,0,8890609032937,8890609033033
perception,18935,0,8890609033129,8890609033193
perception,18936,0,8890609033289,8890609033353
perception,18937,0,8890609033449,8890609033481
perception,18938,0,8890609033641,8890609033705
perception,18939,0,8890609033801,8890609033865
perception,18940,0,8890609033961,8890609034025
perception,18941,0,8890609034121,8890609034185
perception,18942,0,8890609034281,8890609034313
perception,18943,0,8890609034441,8890609034473
perception,18944,0,8890609034601,8890609034665
perception,18945,0,8890609034761,8890609034825
perception,18946,0,8890609034921,8890609035017
perception,18947,0,8890609035081,8890609035177
perception,18948,0,8890609035305,8890609035337
perception,18949,0,8890609035433,8890609035497
perception,18950,0,8890609035593,8890609035657
perception,18951,0,8890609035753,8890609035817
perception,18952,0,8890609035945,8890609036009
perception,18953,0,8890609036105,8890609036137
perception,18954,0,8890609036265,8890609036297
perception,18955,0,8890609036425,8890609036489
perception,18956,0,8890609036617,8890609036713
perception,18957,0,8890609036809,8890609036841
perception,18958,0,8890609036969,8890609037001
perception,18959,0,8890609037129,8890609037193
perception,18960,0,8890609037289,8890609037353
perception,18961,0,8890609037449,8890609037513
perception,18962,0,8890609037641,8890609037673
perception,18963,0,8890609037801,8890609037833
perception,18964,0,8890609037961,8890609038025
perception,18965,0,8890609038121,8890609038185
perception,18966,0,8890609038281,8890609038345
perception,18967,0,8890609038441,8890609038505
perception,18968,0,8890609038633,8890609038665
perception,18969,0,8890609038793,8890609038825
perception,18970,0,8890609038953,8890609038985
perception,18971,0,8890609039081,8890609039177
perception,18972,0,8890609039273,8890609039337
perception,18973,0,8890609039433,8890609039497
perception,18974,0,8890609039593,8890609039625
perception,18975,0,8890609039785,8890609039817
perception,18976,0,8890609039913,8890609039977
perception,18977,0,8890609040073,8890609040137
perception,18978,0,8890609040265,8890609040329
perception,18979,0,8890609040425,8890609040489
perception,18980,0,8890609040585,8890609040617
perception,18981,0,8890609040745,8890609040809
perception,18982,0,8890609040905,8890609040969
perception,18983,0,8890609041033,8890609041097
perception,18984,0,8890609041225,8890609041289
perception,18985,0,8890609041385,8890609041449
perception,18986,0,8890609041545,8890609041609
perception,18987,0,8890609041705,8890609041737
perception,18988,0,8890609041865,8890609041897
perception,18989,0,8890609042025,8890609042057
perception,18990,0,8890609042153,8890609042217
perception,18991,0,8890609042313,8890609042377
perception,18992,0,8890609042473,8890609042537
perception,18993,0,8890609042633,8890609042729
perception,18994,0,8890609042793,8890609042857
perception,18995,0,8890609042985,8890609043017
perception,18996,0,8890609043145,8890609043177
perception,18997,0,8890609043273,8890609043337
perception,18998,0,8890609043465,8890609043529
perception,18999,0,8890609043625,8890609043689
perception,19000,0,8890609043817,8890609043849
perception,19001,0,8890609043977,8890609044041
perception,19002,0,8890609044137,8890609044201
perception,19003,0,8890609044297,8890609044361
perception,19004,0,8890609044521,8890609044553
perception,19005,0,8890609044681,8890609044745
perception,19006,0,8890609044841,8890609044905
perception,19007,0,8890609045001,8890609045065
perception,19008,0,8890609045193,8890609045225
perception,19009,0,8890609045353,8890609045385
perception,19010,0,8890609045513,8890609045577
perception,19011,0,8890609045673,8890609045737
perception,19012,0,8890609045833,8890609045897
perception,19013,0,8890609046025,8890609046057
perception,19014,0,8890609046185,8890609046217
perception,19015,0,8890609046345,8890609046409
perception,19016,0,8890609046537,8890609046601
perception,19017,0,8890609046697,8890609046761
perception,19018,0,8890609046857,8890609046921
perception,19019,0,8890609047017,8890609047081
perception,19020,0,8890609047177,8890609047241
perception,19021,0,8890609047337,8890609047401
perception,19022,0,8890609047497,8890609047561
perception,19023,0,8890609047657,8890609047721
perception,19024,0,8890609047817,8890609047881
perception,19025,0,8890609047977,8890609048041
perception,19026,0,8890609048169,8890609048201
perception,19027,0,8890609048297,8890609048361
perception,19028,0,8890609048489,8890609048553
perception,19029,0,8890609048649,8890609048713
perception,19030,0,8890609048809,8890609048873
perception,19031,0,8890609048969,8890609049001
perception,19032,0,8890609049129,8890609049161
perception,19033,0,8890609049289,8890609049353
perception,19034,0,8890609049417,8890609049513
perception,19035,0,8890609049609,8890609049673
perception,19036,0,8890609049769,8890609049833
perception,19037,0,8890609049929,8890609049993
perception,19038,0,8890609050121,8890609050185
perception,19039,0,8890609050281,8890609050345
perception,19040,0,8890609050441,8890609050505
perception,19041,0,8890609050665,8890609050697
perception,19042,0,8890609050825,8890609050857
perception,19043,0,8890609050985,8890609051049
perception,19044,0,8890609051145,8890609051241
perception,19045,0,8890609051337,8890609051401
perception,19046,0,8890609051497,8890609051529
perception,19047,0,8890609051657,8890609051689
perception,19048,0,8890609051817,8890609051881
perception,19049,0,8890609051977,8890609052041
perception,19050,0,8890609052137,8890609052201
perception,19051,0,8890609052297,8890609052361
perception,19052,0,8890609052489,8890609052521
perception,19053,0,8890609052649,8890609052681
perception,19054,0,8890609052777,8890609052841
perception,19055,0,8890609052937,8890609053033
perception,19056,0,8890609053129,8890609053193
perception,19057,0,8890609053289,8890609053353
perception,19058,0,8890609053449,8890609053481
perception,19059,0,8890609053609,8890609053673
perception,19060,0,8890609053769,8890609053833
perception,19061,0,8890609053929,8890609053993
perception,19062,0,8890609054121,8890609054185
perception,19063,0,8890609054281,8890609054313
perception,19064,0,8890609054441,8890609054473
perception,19065,0,8890609054601,8890609054633
perception,19066,0,8890609054729,8890609054793
perception,19067,0,8890609054889,8890609054953
perception,19068,0,8890609055049,8890609055113
perception,19069,0,8890609055209,8890609055273
perception,19070,0,8890609055369,8890609055433
perception,19071,0,8890609055529,8890609055593
perception,19072,0,8890609055721,8890609055753
perception,19073,0,8890609055849,8890609055913
perception,19074,0,8890609056009,8890609056073
perception,19075,0,8890609056169,8890609056233
perception,19076,0,8890609056361,8890609056425
perception,19077,0,8890609056521,8890609056553
perception,19078,0,8890609056681,8890609056713
perception,19079,0,8890609056841,8890609056873
perception,19080,0,8890609057001,8890609057065
perception,19081,0,8890609057161,8890609057225
perception,19082,0,8890609057353,8890609057385
perception,19083,0,8890609057513,8890609057545
perception,19084,0,8890609057673,8890609057705
perception,19085,0,8890609057833,8890609057897
perception,19086,0,8890609057993,8890609058057
perception,19087,0,8890609058153,8890609058217
perception,19088,0,8890609058313,8890609058377
perception,19089,0,8890609058473,8890609058537
perception,19090,0,8890609058665,8890609058697
perception,19091,0,8890609058793,8890609058857
perception,19092,0,8890609058954,8890609059050
perception,19093,0,8890609059146,8890609059210
perception,19094,0,8890609059306,8890609059370
perception,19095,0,8890609059498,8890609059530
perception,19096,0,8890609059626,8890609059690
perception,19097,0,8890609059786,8890609059850
perception,19098,0,8890609059946,8890609060042
perception,19099,0,8890609060170,8890609060202
perception,19100,0,8890609060330,8890609060394
perception,19101,0,8890609060490,8890609060554
perception,19102,0,8890609060650,8890609060714
perception,19103,0,8890609060842,8890609060906
perception,19104,0,8890609061002,8890609061066
perception,19105,0,8890609061194,8890609061258
perception,19106,0,8890609061354,8890609061450
perception,19107,0,8890609061546,8890609061610
perception,19108,0,8890609061738,8890609061770
perception,19109,0,8890609061866,8890609061930
perception,19110,0,8890609062058,8890609062122
perception,19111,0,8890609062218,8890609062282
perception,19112,0,8890609062378,8890609062442
perception,19113,0,8890609062538,8890609062570
perception,19114,0,8890609062698,8890609062730
perception,19115,0,8890609062858,8890609062890
perception,19116,0,8890609062986,8890609063050
perception,19117,0,8890609063178,8890609063242
perception,19118,0,8890609063338,8890609063402
perception,19119,0,8890609063498,8890609063562
perception,19120,0,8890609063690,8890609063722
perception,19121,0,8890609063850,8890609063882
perception,19122,0,8890609063978,8890609064074
perception,19123,0,8890609064138,8890609064234
perception,19124,0,8890609064330,8890609064394
perception,19125,0,8890609064490,8890609064522
perception,19126,0,8890609064682,8890609064714
perception,19127,0,8890609064810,8890609064874
perception,19128,0,8890609064970,8890609065066
perception,19129,0,8890609065162,8890609065226
perception,19130,0,8890609065322,8890609065386
perception,19131,0,8890609065482,8890609065546
perception,19132,0,8890609065642,8890609065706
perception,19133,0,8890609065802,8890609065866
perception,19134,0,8890609065994,8890609066058
perception,19135,0,8890609066154,8890609066218
perception,19136,0,8890609066346,8890609066378
perception,19137,0,8890609066506,8890609066570
perception,19138,0,8890609066666,8890609066730
perception,19139,0,8890609066826,8890609066922
perception,19140,0,8890609067018,8890609067050
perception,19141,0,8890609067178,8890609067210
perception,19142,0,8890609067338,8890609067402
perception,19143,0,8890609067498,8890609067562
perception,19144,0,8890609067658,8890609067722
perception,19145,0,8890609067882,8890609067914
perception,19146,0,8890609068042,8890609068106
perception,19147,0,8890609068202,8890609068266
perception,19148,0,8890609068362,8890609068426
perception,19149,0,8890609068554,8890609068586
perception,19150,0,8890609068714,8890609068746
perception,19151,0,8890609068874,8890609068906
perception,19152,0,8890609069002,8890609069066
perception,19153,0,8890609069162,8890609069226
perception,19154,0,8890609069322,8890609069386
perception,19155,0,8890609069482,8890609069578
perception,19156,0,8890609069642,8890609069706
perception,19157,0,8890609069834,8890609069866
perception,19158,0,8890609069994,8890609070026
perception,19159,0,8890609070122,8890609070186
perception,19160,0,8890609070282,8890609070346
perception,19161,0,8890609070442,8890609070538
perception,19162,0,8890609070634,8890609070698
perception,19163,0,8890609070794,8890609070826
perception,19164,0,8890609070954,8890609070986
perception,19165,0,8890609071114,8890609071178
perception,19166,0,8890609071274,8890609071338
perception,19167,0,8890609071434,8890609071498
perception,19168,0,8890609071626,8890609071658
perception,19169,0,8890609071786,8890609071818
perception,19170,0,8890609071946,8890609071978
perception,19171,0,8890609072074,8890609072170
perception,19172,0,8890609072266,8890609072330
perception,19173,0,8890609072426,8890609072490
perception,19174,0,8890609072586,8890609072650
perception,19175,0,8890609072778,8890609072810
perception,19176,0,8890609072938,8890609072970
perception,19177,0,8890609073066,8890609073130
perception,19178,0,8890609073258,8890609073322
perception,19179,0,8890609073418,8890609073482
perception,19180,0,8890609073610,8890609073642
perception,19181,0,8890609073770,8890609073802
perception,19182,0,8890609073930,8890609073994
perception,19183,0,8890609074090,8890609074154
perception,19184,0,8890609074250,8890609074314
perception,19185,0,8890609074410,8890609074474
perception,19186,0,8890609074602,8890609074634
perception,19187,0,8890609074730,8890609074794
perception,19188,0,8890609074922,8890609074986
perception,19189,0,8890609075082,8890609075146
perception,19190,0,8890609075242,8890609075306
perception,19191,0,8890609075434,8890609075466
perception,19192,0,8890609075594,8890609075626
perception,19193,0,8890609075722,8890609075786
perception,19194,0,8890609075882,8890609075978
perception,19195,0,8890609076042,8890609076106
perception,19196,0,8890609076202,8890609076298
perception,19197,0,8890609076394,8890609076426
perception,19198,0,8890609076554,8890609076586
perception,19199,0,8890609076714,8890609076746
perception,19200,0,8890609076842,8890609076906
perception,19201,0,8890609077002,8890609077066
perception,19202,0,8890609077194,8890609077258
perception,19203,0,8890609077354,8890609077386
perception,19204,0,8890609077514,8890609077546
perception,19205,0,8890609077674,8890609077706
perception,19206,0,8890609077834,8890609077898
perception,19207,0,8890609077994,8890609078058
perception,19208,0,8890609078154,8890609078218
perception,19209,0,8890609078314,8890609078378
perception,19210,0,8890609078506,8890609078538
perception,19211,0,8890609078666,8890609078698
perception,19212,0,8890609078826,8890609078890
perception,19213,0,8890609078986,8890609079050
perception,19214,0,8890609079146,8890609079210
perception,19215,0,8890609079338,8890609079370
perception,19216,0,8890609079498,8890609079530
perception,19217,0,8890609079658,8890609079722
perception,19218,0,8890609079818,8890609079882
perception,19219,0,8890609080010,8890609080074
perception,19220,0,8890609080202,8890609080234
perception,19221,0,8890609080330,8890609080394
perception,19222,0,8890609080490,8890609080554
perception,19223,0,8890609080714,8890609080746
perception,19224,0,8890609080874,8890609080906
perception,19225,0,8890609081066,8890609081130
perception,19226,0,8890609081258,8890609081322
perception,19227,0,8890609081418,8890609081450
perception,19228,0,8890609081610,8890609081642
perception,19229,0,8890609081738,8890609081802
perception,19230,0,8890609081898,8890609081962
perception,19231,0,8890609082058,8890609082154
perception,19232,0,8890609082250,8890609082282
perception,19233,0,8890609082410,8890609082442
perception,19234,0,8890609082570,8890609082602
perception,19235,0,8890609082762,8890609082826
perception,19236,0,8890609082922,8890609082986
perception,19237,0,8890609083082,8890609083146
perception,19238,0,8890609083242,8890609083274
perception,19239,0,8890609083402,8890609083434
perception,19240,0,8890609083562,8890609083594
perception,19241,0,8890609083690,8890609083754
perception,19242,0,8890609083850,8890609083914
perception,19243,0,8890609084042,8890609084106
perception,19244,0,8890609084202,8890609084266
perception,19245,0,8890609084362,8890609084394
perception,19246,0,8890609084522,8890609084554
perception,19247,0,8890609084682,8890609084714
perception,19248,0,8890609084842,8890609084906
perception,19249,0,8890609085002,8890609085066
perception,19250,0,8890609085162,8890609085226
perception,19251,0,8890609085322,8890609085386
perception,19252,0,8890609085514,8890609085546
perception,19253,0,8890609085642,8890609085706
perception,19254,0,8890609085802,8890609085898
perception,19255,0,8890609085994,8890609086058
perception,19256,0,8890609086186,8890609086218
perception,19257,0,8890609086346,8890609086378
perception,19258,0,8890609086506,8890609086570
perception,19259,0,8890609086666,8890609086730
perception,19260,0,8890609086826,8890609086890
perception,19261,0,8890609087019,8890609087051
perception,19262,0,8890609087179,8890609087211
perception,19263,0,8890609087339,8890609087403
perception,19264,0,8890609087499,8890609087595
perception,19265,0,8890609087691,8890609087755
perception,19266,0,8890609087851,8890609087883
perception,19267,0,8890609088011,8890609088043
perception,19268,0,8890609088171,8890609088235
perception,19269,0,8890609088331,8890609088395
perception,19270,0,8890609088491,8890609088555
perception,19271,0,8890609088651,8890609088715
perception,19272,0,8890609088811,8890609088875
perception,19273,0,8890609089003,8890609089035
perception,19274,0,8890609089163,8890609089195
perception,19275,0,8890609089291,8890609089355
perception,19276,0,8890609089451,8890609089515
perception,19277,0,8890609089611,8890609089675
perception,19278,0,8890609089771,8890609089835
perception,19279,0,8890609089931,8890609089995
perception,19280,0,8890609090123,8890609090155
perception,19281,0,8890609090283,8890609090315
perception,19282,0,8890609090411,8890609090475
perception,19283,0,8890609090571,8890609090635
perception,19284,0,8890609090763,8890609090827
perception,19285,0,8890609090923,8890609090955
perception,19286,0,8890609091083,8890609091115
perception,19287,0,8890609091243,8890609091307
perception,19288,0,8890609091403,8890609091467
perception,19289,0,8890609091563,8890609091627
perception,19290,0,8890609091723,8890609091787
perception,19291,0,8890609091883,8890609091947
perception,19292,0,8890609092075,8890609092107
perception,19293,0,8890609092235,8890609092267
perception,19294,0,8890609092363,8890609092427
perception,19295,0,8890609092523,8890609092619
perception,19296,0,8890609092683,8890609092779
perception,19297,0,8890609092875,8890609092939
perception,19298,0,8890609093035,8890609093067
perception,19299,0,8890609093195,8890609093227
perception,19300,0,8890609093355,8890609093419
perception,19301,0,8890609093515,8890609093579
perception,19302,0,8890609093675,8890609093739
perception,19303,0,8890609093835,8890609093899
perception,19304,0,8890609094027,8890609094059
perception,19305,0,8890609094187,8890609094219
perception,19306,0,8890609094315,8890609094411
perception,19307,0,8890609094507,8890609094571
perception,19308,0,8890609094667,8890609094731
perception,19309,0,8890609094827,8890609094891
perception,19310,0,8890609094987,8890609095051
perception,19311,0,8890609095179,8890609095211
perception,19312,0,8890609095307,8890609095371
perception,19313,0,8890609095467,8890609095531
perception,19314,0,8890609095659,8890609095723
perception,19315,0,8890609095819,8890609095851
perception,19316,0,8890609095979,8890609096011
perception,19317,0,8890609096139,8890609096203
perception,19318,0,8890609096299,8890609096363
perception,19319,0,8890609096459,8890609096523
perception,19320,0,8890609096619,8890609096683
perception,19321,0,8890609096779,8890609096843
perception,19322,0,8890609096939,8890609096971
perception,19323,0,8890609097099,8890609097163
perception,19324,0,8890609097259,8890609097323
perception,19325,0,8890609097419,8890609097483
perception,19326,0,8890609097579,8890609097675
perception,19327,0,8890609097771,8890609097835
perception,19328,0,8890609097931,8890609097963
perception,19329,0,8890609098091,8890609098123
perception,19330,0,8890609098251,8890609098283
perception,19331,0,8890609098443,8890609098507
perception,19332,0,8890609098603,8890609098667
perception,19333,0,8890609098763,8890609098827
perception,19334,0,8890609098955,8890609098987
perception,19335,0,8890609099115,8890609099179
perception,19336,0,8890609099307,8890609099371
perception,19337,0,8890609099467,8890609099531
perception,19338,0,8890609099627,8890609099691
perception,19339,0,8890609099787,8890609099851
perception,19340,0,8890609099947,8890609100011
perception,19341,0,8890609100139,8890609100203
perception,19342,0,8890609100299,8890609100363
perception,19343,0,8890609100491,8890609100523
perception,19344,0,8890609100619,8890609100715
perception,19345,0,8890609100811,8890609100875
perception,19346,0,8890609100971,8890609101035
perception,19347,0,8890609101131,8890609101195
perception,19348,0,8890609101323,8890609101355
perception,19349,0,8890609101451,8890609101515
perception,19350,0,8890609101611,8890609101707
perception,19351,0,8890609101771,8890609101867
perception,19352,0,8890609101963,8890609102027
perception,19353,0,8890609102123,8890609102155
perception,19354,0,8890609102283,8890609102347
perception,19355,0,8890609102475,8890609102539
perception,19356,0,8890609102635,8890609102699
perception,19357,0,8890609102827,8890609102859
perception,19358,0,8890609102987,8890609103019
perception,19359,0,8890609103147,8890609103179
perception,19360,0,8890609103275,8890609103371
perception,19361,0,8890609103435,8890609103531
perception,19362,0,8890609103627,8890609103691
perception,19363,0,8890609103755,8890609103851
perception,19364,0,8890609103947,8890609103979
perception,19365,0,8890609104107,8890609104139
perception,19366,0,8890609104267,8890609104299
perception,19367,0,8890609104395,8890609104459
perception,19368,0,8890609104555,8890609104619
perception,19369,0,8890609104715,8890609104779
perception,19370,0,8890609104875,8890609104939
perception,19371,0,8890609105067,8890609105099
perception,19372,0,8890609105227,8890609105259
perception,19373,0,8890609105387,8890609105419
perception,19374,0,8890609105515,8890609105611
perception,19375,0,8890609105707,8890609105771
perception,19376,0,8890609105867,8890609105931
perception,19377,0,8890609106027,8890609106059
perception,19378,0,8890609106219,8890609106251
perception,19379,0,8890609106347,8890609106411
perception,19380,0,8890609106507,8890609106571
perception,19381,0,8890609106667,8890609106763
perception,19382,0,8890609106859,8890609106923
perception,19383,0,8890609107019,8890609107051
perception,19384,0,8890609107179,8890609107243
perception,19385,0,8890609107339,8890609107403
perception,19386,0,8890609107499,8890609107563
perception,19387,0,8890609107659,8890609107723
perception,19388,0,8890609107819,8890609107883
perception,19389,0,8890609108011,8890609108043
perception,19390,0,8890609108171,8890609108203
perception,19391,0,8890609108299,8890609108363
perception,19392,0,8890609108459,8890609108555
perception,19393,0,8890609108651,8890609108715
perception,19394,0,8890609108811,8890609108875
perception,19395,0,8890609108971,8890609109003
perception,19396,0,8890609109131,8890609109195
perception,19397,0,8890609109291,8890609109355
perception,19398,0,8890609109451,8890609109515
perception,19399,0,8890609109611,8890609109707
perception,19400,0,8890609109803,8890609109835
perception,19401,0,8890609109963,8890609109995
perception,19402,0,8890609110123,8890609110187
perception,19403,0,8890609110283,8890609110347
perception,19404,0,8890609110475,8890609110539
perception,19405,0,8890609110635,8890609110699
perception,19406,0,8890609110795,8890609110827
perception,19407,0,8890609110955,8890609110987
perception,19408,0,8890609111115,8890609111147
perception,19409,0,8890609111243,8890609111307
perception,19410,0,8890609111403,8890609111467
perception,19411,0,8890609111563,8890609111627
perception,19412,0,8890609111723,8890609111819
perception,19413,0,8890609111915,8890609111947
perception,19414,0,8890609112075,8890609112107
perception,19415,0,8890609112235,8890609112267
perception,19416,0,8890609112363,8890609112459
perception,19417,0,8890609112555,8890609112619
perception,19418,0,8890609112715,8890609112779
perception,19419,0,8890609112875,8890609112939
perception,19420,0,8890609113035,8890609113099
perception,19421,0,8890609113195,8890609113259
perception,19422,0,8890609113355,8890609113419
perception,19423,0,8890609113515,8890609113611
perception,19424,0,8890609113707,8890609113771
perception,19425,0,8890609113867,8890609113899
perception,19426,0,8890609114027,8890609114091
perception,19427,0,8890609114187,8890609114251
perception,19428,0,8890609114347,8890609114411
perception,19429,0,8890609114507,8890609114603
perception,19430,0,8890609114667,8890609114731
perception,19431,0,8890609114859,8890609114891
perception,19432,0,8890609115020,8890609115052
perception,19433,0,8890609115180,8890609115212
perception,19434,0,8890609115308,8890609115404
perception,19435,0,8890609115500,8890609115564
perception,19436,0,8890609115660,8890609115724
perception,19437,0,8890609115820,8890609115852
perception,19438,0,8890609115980,8890609116044
perception,19439,0,8890609116140,8890609116204
perception,19440,0,8890609116300,8890609116364
perception,19441,0,8890609116460,8890609116524
perception,19442,0,8890609116620,8890609116716
perception,19443,0,8890609116812,8890609116844
perception,19444,0,8890609116972,8890609117004
perception,19445,0,8890609117132,8890609117164
perception,19446,0,8890609117292,8890609117356
perception,19447,0,8890609117452,8890609117516
perception,19448,0,8890609117612,8890609117676
perception,19449,0,8890609117772,8890609117836
perception,19450,0,8890609117932,8890609117964
perception,19451,0,8890609118092,8890609118124
perception,19452,0,8890609118252,8890609118284
perception,19453,0,8890609118380,8890609118476
perception,19454,0,8890609118572,8890609118636
perception,19455,0,8890609118732,8890609118796
perception,19456,0,8890609118892,8890609118956
perception,19457,0,8890609119052,8890609119084
perception,19458,0,8890609119212,8890609119276
perception,19459,0,8890609119372,8890609119436
perception,19460,0,8890609119532,8890609119596
perception,19461,0,8890609119692,8890609119756
perception,19462,0,8890609119884,8890609119916
perception,19463,0,8890609120044,8890609120076
perception,19464,0,8890609120204,8890609120236
perception,19465,0,8890609120332,8890609120428
perception,19466,0,8890609120524,8890609120588
perception,19467,0,8890609120684,8890609120748
perception,19468,0,8890609120844,8890609120908
perception,19469,0,8890609121004,8890609121068
perception,19470,0,8890609121164,8890609121228
perception,19471,0,8890609121324,8890609121388
perception,19472,0,8890609121516,8890609121612
perception,19473,0,8890609121708,8890609121740
perception,19474,0,8890609121868,8890609121900
perception,19475,0,8890609122028,8890609122060
perception,19476,0,8890609122156,8890609122252
perception,19477,0,8890609122348,8890609122412
perception,19478,0,8890609122508,8890609122572
perception,19479,0,8890609122700,8890609122732
perception,19480,0,8890609122860,8890609122892
perception,19481,0,8890609122988,8890609123052
perception,19482,0,8890609123180,8890609123244
perception,19483,0,8890609123340,8890609123404
perception,19484,0,8890609123500,8890609123564
perception,19485,0,8890609123660,8890609123724
perception,19486,0,8890609123852,8890609123916
perception,19487,0,8890609123980,8890609124076
perception,19488,0,8890609124172,8890609124236
perception,19489,0,8890609124332,8890609124396
perception,19490,0,8890609124492,8890609124524
perception,19491,0,8890609124652,8890609124684
perception,19492,0,8890609124812,8890609124844
perception,19493,0,8890609124940,8890609125004
perception,19494,0,8890609125100,8890609125164
perception,19495,0,8890609125260,8890609125356
perception,19496,0,8890609125452,8890609125516
perception,19497,0,8890609125612,8890609125644
perception,19498,0,8890609125804,8890609125836
perception,19499,0,8890609125932,8890609126028
perception,19500,0,8890609126124,8890609126188
perception,19501,0,8890609126284,8890609126348
perception,19502,0,8890609126444,8890609126508
perception,19503,0,8890609126604,8890609126668
perception,19504,0,8890609126764,8890609126828
perception,19505,0,8890609126924,8890609126988
perception,19506,0,8890609127084,8890609127180
perception,19507,0,8890609127276,8890609127340
perception,19508,0,8890609127436,8890609127468
perception,19509,0,8890609127628,8890609127660
perception,19510,0,8890609127756,8890609127820
perception,19511,0,8890609127916,8890609127980
perception,19512,0,8890609128076,8890609128172
perception,19513,0,8890609128268,8890609128300
perception,19514,0,8890609128428,8890609128460
perception,19515,0,8890609128588,8890609128620
perception,19516,0,8890609128716,8890609128812
perception,19517,0,8890609128908,8890609128972
perception,19518,0,8890609129068,8890609129132
perception,19519,0,8890609129228,8890609129292
perception,19520,0,8890609129420,8890609129452
perception,19521,0,8890609129580,8890609129612
perception,19522,0,8890609129708,8890609129772
perception,19523,0,8890609129900,8890609129964
perception,19524,0,8890609130060,8890609130124
perception,19525,0,8890609130220,8890609130284
perception,19526,0,8890609130380,8890609130444
perception,19527,0,8890609130540,8890609130604
perception,19528,0,8890609130700,8890609130764
perception,19529,0,8890609130860,8890609130956
perception,19530,0,8890609131052,8890609131116
perception,19531,0,8890609131212,8890609131244
perception,19532,0,8890609131372,8890609131404
perception,19533,0,8890609131532,8890609131564
perception,19534,0,8890609131660,8890609131724
perception,19535,0,8890609131820,8890609131884
perception,19536,0,8890609131980,8890609132076
perception,19537,0,8890609132172,8890609132236
perception,19538,0,8890609132332,8890609132364
perception,19539,0,8890609132492,8890609132524
perception,19540,0,8890609132652,8890609132684
perception,19541,0,8890609132780,8890609132844
perception,19542,0,8890609132940,8890609133036
perception,19543,0,8890609133100,8890609133196
perception,19544,0,8890609133292,8890609133356
perception,19545,0,8890609133452,8890609133484
perception,19546,0,8890609133612,8890609133644
perception,19547,0,8890609133772,8890609133836
perception,19548,0,8890609133932,8890609133996
perception,19549,0,8890609134092,8890609134156
perception,19550,0,8890609134284,8890609134316
perception,19551,0,8890609134444,8890609134476
perception,19552,0,8890609134604,8890609134636
perception,19553,0,8890609134732,8890609134796
perception,19554,0,8890609134892,8890609134988
perception,19555,0,8890609135084,8890609135148
perception,19556,0,8890609135244,8890609135308
perception,19557,0,8890609135404,8890609135436
perception,19558,0,8890609135564,8890609135628
perception,19559,0,8890609135724,8890609135788
perception,19560,0,8890609135884,8890609135948
perception,19561,0,8890609136044,8890609136140
perception,19562,0,8890609136236,8890609136300
perception,19563,0,8890609136396,8890609136460
perception,19564,0,8890609136556,8890609136620
perception,19565,0,8890609136716,8890609136780
perception,19566,0,8890609136908,8890609136972
perception,19567,0,8890609137068,8890609137132
perception,19568,0,8890609137260,8890609137292
perception,19569,0,8890609137388,8890609137452
perception,19570,0,8890609137548,8890609137644
perception,19571,0,8890609137804,8890609137836
perception,19572,0,8890609137964,8890609137996
perception,19573,0,8890609138092,8890609138156
perception,19574,0,8890609138252,8890609138348
perception,19575,0,8890609138444,8890609138508
perception,19576,0,8890609138604,8890609138668
perception,19577,0,8890609138764,8890609138796
perception,19578,0,8890609138924,8890609138956
perception,19579,0,8890609139084,8890609139116
perception,19580,0,8890609139212,8890609139276
perception,19581,0,8890609139372,8890609139436
perception,19582,0,8890609139532,8890609139596
perception,19583,0,8890609139692,8890609139788
perception,19584,0,8890609139884,8890609139916
perception,19585,0,8890609140044,8890609140076
perception,19586,0,8890609140204,8890609140236
perception,19587,0,8890609140332,8890609140396
perception,19588,0,8890609140492,8890609140588
perception,19589,0,8890609140684,8890609140748
perception,19590,0,8890609140844,8890609140908
perception,19591,0,8890609141004,8890609141068
perception,19592,0,8890609141164,8890609141228
perception,19593,0,8890609141324,8890609141388
perception,19594,0,8890609141484,8890609141548
perception,19595,0,8890609141644,8890609141740
perception,19596,0,8890609141836,8890609141868
perception,19597,0,8890609141996,8890609142028
perception,19598,0,8890609142156,8890609142220
perception,19599,0,8890609142316,8890609142412
perception,19600,0,8890609142508,8890609142572
perception,19601,0,8890609142668,8890609142732
perception,19602,0,8890609142828,8890609142892
perception,19603,0,8890609142988,8890609143053
perception,19604,0,8890609143149,8890609143213
perception,19605,0,8890609143309,8890609143373
perception,19606,0,8890609143469,8890609143565
perception,19607,0,8890609143661,8890609143693
perception,19608,0,8890609143821,8890609143853
perception,19609,0,8890609143981,8890609144045
perception,19610,0,8890609144141,8890609144205
perception,19611,0,8890609144301,8890609144365
perception,19612,0,8890609144461,8890609144525
perception,19613,0,8890609144621,8890609144685
perception,19614,0,8890609144813,8890609144845
perception,19615,0,8890609144941,8890609145005
perception,19616,0,8890609145101,8890609145197
perception,19617,0,8890609145293,8890609145357
perception,19618,0,8890609145453,8890609145517
perception,19619,0,8890609145613,8890609145645
perception,19620,0,8890609145773,8890609145805
perception,19621,0,8890609145933,8890609145965
perception,19622,0,8890609146061,8890609146125
perception,19623,0,8890609146221,8890609146285
perception,19624,0,8890609146381,8890609146477
perception,19625,0,8890609146573,8890609146637
perception,19626,0,8890609146733,8890609146765
perception,19627,0,8890609146925,8890609146989
perception,19628,0,8890609147085,8890609147149
perception,19629,0,8890609147245,8890609147309
perception,19630,0,8890609147405,8890609147469
perception,19631,0,8890609147597,8890609147629
perception,19632,0,8890609147757,8890609147821
perception,19633,0,8890609147917,8890609147981
perception,19634,0,8890609148077,8890609148173
perception,19635,0,8890609148269,8890609148301
perception,19636,0,8890609148429,8890609148461
perception,19637,0,8890609148589,8890609148653
perception,19638,0,8890609148749,8890609148813
perception,19639,0,8890609148941,8890609149005
perception,19640,0,8890609149101,8890609149165
perception,19641,0,8890609149261,8890609149293
perception,19642,0,8890609149421,8890609149485
perception,19643,0,8890609149581,8890609149645
perception,19644,0,8890609149773,8890609149837
perception,19645,0,8890609149933,8890609149997
perception,19646,0,8890609150125,8890609150157
perception,19647,0,8890609150285,8890609150317
perception,19648,0,8890609150445,8890609150509
perception,19649,0,8890609150605,8890609150701
perception,19650,0,8890609150797,8890609150829
perception,19651,0,8890609150957,8890609150989
perception,19652,0,8890609151117,8890609151181
perception,19653,0,8890609151277,8890609151341
perception,19654,0,8890609151437,8890609151501
perception,19655,0,8890609151597,8890609151661
perception,19656,0,8890609151789,8890609151821
perception,19657,0,8890609151949,8890609151981
perception,19658,0,8890609152077,8890609152141
perception,19659,0,8890609152237,8890609152301
perception,19660,0,8890609152397,8890609152461
perception,19661,0,8890609152557,8890609152653
perception,19662,0,8890609152749,8890609152781
perception,19663,0,8890609152877,8890609152941
perception,19664,0,8890609153069,8890609153101
perception,19665,0,8890609153261,8890609153325
perception,19666,0,8890609153421,8890609153485
perception,19667,0,8890609153581,8890609153645
perception,19668,0,8890609153773,8890609153805
perception,19669,0,8890609153933,8890609153997
perception,19670,0,8890609154093,8890609154157
perception,19671,0,8890609154253,8890609154317
perception,19672,0,8890609154445,8890609154477
perception,19673,0,8890609154605,8890609154637
perception,19674,0,8890609154765,8890609154861
perception,19675,0,8890609154925,8890609155021
perception,19676,0,8890609155117,8890609155181
perception,19677,0,8890609155309,8890609155341
perception,19678,0,8890609155437,8890609155533
perception,19679,0,8890609155629,8890609155693
perception,19680,0,8890609155789,8890609155853
perception,19681,0,8890609155949,8890609156013
perception,19682,0,8890609156141,8890609156173
perception,19683,0,8890609156301,8890609156333
perception,19684,0,8890609156461,8890609156525
perception,19685,0,8890609156653,8890609156717
perception,19686,0,8890609156813,8890609156845
perception,19687,0,8890609156973,8890609157005
perception,19688,0,8890609157133,8890609157165
perception,19689,0,8890609157293,8890609157357
perception,19690,0,8890609157453,8890609157517
perception,19691,0,8890609157645,8890609157677
perception,19692,0,8890609157837,8890609157869
perception,19693,0,8890609157965,8890609158029
perception,19694,0,8890609158125,8890609158221
perception,19695,0,8890609158317,8890609158381
perception,19696,0,8890609158509,8890609158541
perception,19697,0,8890609158669,8890609158733
perception,19698,0,8890609158829,8890609158893
perception,19699,0,8890609158989,8890609159053
perception,19700,0,8890609159181,8890609159213
perception,19701,0,8890609159341,8890609159405
perception,19702,0,8890609159501,8890609159565
perception,19703,0,8890609159629,8890609159725
perception,19704,0,8890609159821,8890609159885
perception,19705,0,8890609159981,8890609160045
perception,19706,0,8890609160141,8890609160205
perception,19707,0,8890609160301,8890609160333
perception,19708,0,8890609160461,8890609160493
perception,19709,0,8890609160621,8890609160653
perception,19710,0,8890609160749,8890609160845
perception,19711,0,8890609160941,8890609161005
perception,19712,0,8890609161101,8890609161165
perception,19713,0,8890609161261,8890609161325
perception,19714,0,8890609161453,8890609161485
perception,19715,0,8890609161613,8890609161645
perception,19716,0,8890609161741,8890609161805
perception,19717,0,8890609161933,8890609161997
perception,19718,0,8890609162093,8890609162157
perception,19719,0,8890609162253,8890609162285
perception,19720,0,8890609162445,8890609162477
perception,19721,0,8890609162573,8890609162669
perception,19722,0,8890609162765,8890609162829
perception,19723,0,8890609162925,8890609162989
perception,19724,0,8890609163117,8890609163149
perception,19725,0,8890609163277,8890609163309
perception,19726,0,8890609163437,8890609163501
perception,19727,0,8890609163629,8890609163693
perception,19728,0,8890609163789,8890609163853
perception,19729,0,8890609163981,8890609164013
perception,19730,0,8890609164109,8890609164173
perception,19731,0,8890609164301,8890609164365
perception,19732,0,8890609164493,8890609164525
perception,19733,0,8890609164653,8890609164685
perception,19734,0,8890609164813,8890609164877
perception,19735,0,8890609164973,8890609165037
perception,19736,0,8890609165133,8890609165197
perception,19737,0,8890609165293,8890609165357
perception,19738,0,8890609165485,8890609165517
perception,19739,0,8890609165645,8890609165709
perception,19740,0,8890609165805,8890609165869
perception,19741,0,8890609165965,8890609166029
perception,19742,0,8890609166125,8890609166189
perception,19743,0,8890609166285,8890609166349
perception,19744,0,8890609166477,8890609166509
perception,19745,0,8890609166637,8890609166701
perception,19746,0,8890609166797,8890609166861
perception,19747,0,8890609166989,8890609167053
perception,19748,0,8890609167149,8890609167181
perception,19749,0,8890609167309,8890609167341
perception,19750,0,8890609167469,8890609167501
perception,19751,0,8890609167629,8890609167661
perception,19752,0,8890609167757,8890609167821
perception,19753,0,8890609167917,8890609167981
perception,19754,0,8890609168077,8890609168141
perception,19755,0,8890609168269,8890609168301
perception,19756,0,8890609168429,8890609168461
perception,19757,0,8890609168589,8890609168621
perception,19758,0,8890609168717,8890609168781
perception,19759,0,8890609168877,8890609168941
perception,19760,0,8890609169069,8890609169165
perception,19761,0,8890609169229,8890609169293
perception,19762,0,8890609169421,8890609169453
perception,19763,0,8890609169581,8890609169613
perception,19764,0,8890609169741,8890609169805
perception,19765,0,8890609169901,8890609169965
perception,19766,0,8890609170061,8890609170125
perception,19767,0,8890609170253,8890609170317
perception,19768,0,8890609170413,8890609170477
perception,19769,0,8890609170573,8890609170637
perception,19770,0,8890609170733,8890609170797
perception,19771,0,8890609170893,8890609170957
perception,19772,0,8890609171086,8890609171150
perception,19773,0,8890609171246,8890609171310
perception,19774,0,8890609171438,8890609171502
perception,19775,0,8890609171598,8890609171662
perception,19776,0,8890609171790,8890609171822
perception,19777,0,8890609171950,8890609171982
perception,19778,0,8890609172078,8890609172174
perception,19779,0,8890609172270,8890609172366
perception,19780,0,8890609172430,8890609172494
perception,19781,0,8890609172622,8890609172654
perception,19782,0,8890609172782,8890609172814
perception,19783,0,8890609172942,8890609173006
perception,19784,0,8890609173102,8890609173198
perception,19785,0,8890609173262,8890609173358
perception,19786,0,8890609173454,8890609173486
perception,19787,0,8890609173614,8890609173646
perception,19788,0,8890609173774,8890609173806
perception,19789,0,8890609173902,8890609173966
perception,19790,0,8890609174062,8890609174126
perception,19791,0,8890609174286,8890609174318
perception,19792,0,8890609174446,8890609174510
perception,19793,0,8890609174606,8890609174670
perception,19794,0,8890609174798,8890609174862
perception,19795,0,8890609174990,8890609175022
perception,19796,0,8890609175150,8890609175182
perception,19797,0,8890609175310,8890609175374
perception,19798,0,8890609175534,8890609175598
perception,19799,0,8890609175726,8890609175758
perception,19800,0,8890609175854,8890609175918
perception,19801,0,8890609176014,8890609176078
perception,19802,0,8890609176206,8890609176270
perception,19803,0,8890609176366,8890609176430
perception,19804,0,8890609176558,8890609176590
perception,19805,0,8890609176718,8890609176750
perception,19806,0,8890609176846,8890609176910
perception,19807,0,8890609177006,8890609177102
perception,19808,0,8890609177198,8890609177262
perception,19809,0,8890609177358,8890609177390
perception,19810,0,8890609177518,8890609177582
perception,19811,0,8890609177678,8890609177742
perception,19812,0,8890609177838,8890609177934
perception,19813,0,8890609178030,8890609178094
perception,19814,0,8890609178190,8890609178254
perception,19815,0,8890609178350,8890609178382
perception,19816,0,8890609178510,8890609178542
perception,19817,0,8890609178670,8890609178734
perception,19818,0,8890609178830,8890609178894
perception,19819,0,8890609178990,8890609179054
perception,19820,0,8890609179150,8890609179214
perception,19821,0,8890609179310,8890609179374
perception,19822,0,8890609179502,8890609179534
perception,19823,0,8890609179630,8890609179694
perception,19824,0,8890609179790,8890609179854
perception,19825,0,8890609180014,8890609180078
perception,19826,0,8890609180174,8890609180238
perception,19827,0,8890609180334,8890609180398
perception,19828,0,8890609180494,8890609180558
perception,19829,0,8890609180654,8890609180718
perception,19830,0,8890609180814,8890609180878
perception,19831,0,8890609180974,8890609181038
perception,19832,0,8890609181134,8890609181166
perception,19833,0,8890609181294,8890609181326
perception,19834,0,8890609181454,8890609181486
perception,19835,0,8890609181614,8890609181646
perception,19836,0,8890609181742,8890609181806
perception,19837,0,8890609181934,8890609181998
perception,19838,0,8890609182094,8890609182158
perception,19839,0,8890609182254,8890609182286
perception,19840,0,8890609182446,8890609182478
perception,19841,0,8890609182574,8890609182638
perception,19842,0,8890609182734,8890609182830
perception,19843,0,8890609182926,8890609182990
perception,19844,0,8890609183086,8890609183150
perception,19845,0,8890609183246,8890609183278
perception,19846,0,8890609183406,8890609183470
perception,19847,0,8890609183566,8890609183630
perception,19848,0,8890609183726,8890609183822
perception,19849,0,8890609183886,8890609183982
perception,19850,0,8890609184078,8890609184110
perception,19851,0,8890609184238,8890609184270
perception,19852,0,8890609184398,8890609184462
perception,19853,0,8890609184558,8890609184622
perception,19854,0,8890609184718,8890609184782
perception,19855,0,8890609184910,8890609184942
perception,19856,0,8890609185070,8890609185134
perception,19857,0,8890609185230,8890609185294
perception,19858,0,8890609185390,8890609185454
perception,19859,0,8890609185550,8890609185614
perception,19860,0,8890609185710,8890609185806
perception,19861,0,8890609185902,8890609185934
perception,19862,0,8890609186062,8890609186094
perception,19863,0,8890609186222,8890609186254
perception,19864,0,8890609186382,8890609186446
perception,19865,0,8890609186574,8890609186638
perception,19866,0,8890609186734,8890609186798
perception,19867,0,8890609186926,8890609186958
perception,19868,0,8890609187086,8890609187150
perception,19869,0,8890609187246,8890609187310
perception,19870,0,8890609187406,8890609187470
perception,19871,0,8890609187566,8890609187630
perception,19872,0,8890609187726,8890609187758
perception,19873,0,8890609187886,8890609187918
perception,19874,0,8890609188046,8890609188110
perception,19875,0,8890609188206,8890609188270
perception,19876,0,8890609188366,8890609188430
perception,19877,0,8890609188526,8890609188590
perception,19878,0,8890609188718,8890609188750
perception,19879,0,8890609188878,8890609188910
perception,19880,0,8890609189038,8890609189102
perception,19881,0,8890609189198,8890609189262
perception,19882,0,8890609189390,8890609189422
perception,19883,0,8890609189550,8890609189582
perception,19884,0,8890609189710,8890609189742
perception,19885,0,8890609189870,8890609189934
perception,19886,0,8890609190030,8890609190094
perception,19887,0,8890609190190,8890609190254
perception,19888,0,8890609190350,8890609190414
perception,19889,0,8890609190542,8890609190606
perception,19890,0,8890609190702,8890609190766
perception,19891,0,8890609190862,8890609190958
perception,19892,0,8890609191054,8890609191118
perception,19893,0,8890609191214,8890609191246
perception,19894,0,8890609191406,8890609191470
perception,19895,0,8890609191566,8890609191662
perception,19896,0,8890609191758,8890609191822
perception,19897,0,8890609191918,8890609191950
perception,19898,0,8890609192078,8890609192110
perception,19899,0,8890609192238,8890609192302
perception,19900,0,8890609192430,8890609192494
perception,19901,0,8890609192590,8890609192654
perception,19902,0,8890609192750,8890609192814
perception,19903,0,8890609192910,8890609192974
perception,19904,0,8890609193070,8890609193134
perception,19905,0,8890609193230,8890609193294
perception,19906,0,8890609193454,8890609193486
perception,19907,0,8890609193614,8890609193678
perception,19908,0,8890609193806,8890609193870
perception,19909,0,8890609193966,8890609194030
perception,19910,0,8890609194158,8890609194190
perception,19911,0,8890609194318,8890609194382
perception,19912,0,8890609194478,8890609194542
perception,19913,0,8890609194638,8890609194702
perception,19914,0,8890609194798,8890609194862
perception,19915,0,8890609194958,8890609195022
perception,19916,0,8890609195150,8890609195182
perception,19917,0,8890609195310,8890609195342
perception,19918,0,8890609195438,8890609195502
perception,19919,0,8890609195598,8890609195662
perception,19920,0,8890609195758,8890609195822
perception,19921,0,8890609195918,8890609195982
perception,19922,0,8890609196078,8890609196142
perception,19923,0,8890609196270,8890609196302
perception,19924,0,8890609196430,8890609196462
perception,19925,0,8890609196590,8890609196654
perception,19926,0,8890609196750,8890609196846
perception,19927,0,8890609196942,8890609196974
perception,19928,0,8890609197102,8890609197134
perception,19929,0,8890609197262,8890609197294
perception,19930,0,8890609197454,8890609197518
perception,19931,0,8890609197614,8890609197678
perception,19932,0,8890609197774,8890609197838
perception,19933,0,8890609197934,8890609197998
perception,19934,0,8890609198094,8890609198158
perception,19935,0,8890609198254,8890609198318
perception,19936,0,8890609198446,8890609198510
perception,19937,0,8890609198606,8890609198670
perception,19938,0,8890609198798,8890609198862
perception,19939,0,8890609198958,8890609199022
perception,19940,0,8890609199151,8890609199215
perception,19941,0,8890609199311,8890609199375
perception,19942,0,8890609199471,8890609199535
perception,19943,0,8890609199663,8890609199727
perception,19944,0,8890609199823,8890609199887
perception,19945,0,8890609199983,8890609200047
perception,19946,0,8890609200143,8890609200207
perception,19947,0,8890609200335,8890609200367
perception,19948,0,8890609200495,8890609200527
perception,19949,0,8890609200623,8890609200687
perception,19950,0,8890609200783,8890609200847
perception,19951,0,8890609200943,8890609201039
perception,19952,0,8890609201135,8890609201167
perception,19953,0,8890609201295,8890609201327
perception,19954,0,8890609201455,8890609201487
perception,19955,0,8890609201615,8890609201679
perception,19956,0,8890609201775,8890609201871
perception,19957,0,8890609201935,8890609201999
perception,19958,0,8890609202127,8890609202159
perception,19959,0,8890609202255,8890609202319
perception,19960,0,8890609202447,8890609202479
perception,19961,0,8890609202575,8890609202639
perception,19962,0,8890609202735,8890609202799
perception,19963,0,8890609202895,8890609202959
perception,19964,0,8890609203055,8890609203119
perception,19965,0,8890609203247,8890609203279
perception,19966,0,8890609203407,8890609203439
perception,19967,0,8890609203567,8890609203599
perception,19968,0,8890609203695,8890609203791
perception,19969,0,8890609203887,8890609203951
perception,19970,0,8890609204047,8890609204111
perception,19971,0,8890609204207,8890609204271
perception,19972,0,8890609204399,8890609204431
perception,19973,0,8890609204559,8890609204623
perception,19974,0,8890609204751,8890609204815
perception,19975,0,8890609204911,8890609204943
perception,19976,0,8890609205103,8890609205135
perception,19977,0,8890609205231,8890609205295
perception,19978,0,8890609205391,8890609205455
perception,19979,0,8890609205551,8890609205647
perception,19980,0,8890609205711,8890609205807
perception,19981,0,8890609205903,8890609205935
perception,19982,0,8890609206063,8890609206095
perception,19983,0,8890609206223,8890609206287
perception,19984,0,8890609206447,8890609206511
perception,19985,0,8890609206607,8890609206639
perception,19986,0,8890609206767,8890609206799
perception,19987,0,8890609206927,8890609206991
perception,19988,0,8890609207087,8890609207151
perception,19989,0,8890609207247,8890609207311
perception,19990,0,8890609207407,8890609207471
perception,19991,0,8890609207599,8890609207631
perception,19992,0,8890609207759,8890609207791
perception,19993,0,8890609207887,8890609207951
perception,19994,0,8890609208047,8890609208111
perception,19995,0,8890609208239,8890609208303
perception,19996,0,8890609208399,8890609208463
perception,19997,0,8890609208559,8890609208591
perception,19998,0,8890609208719,8890609208783
perception,19999,0,8890609208879,8890609208943
perception,1788396207199654628,2,8900173350164,1788396207206671915
perception,1788396207199654628,3,8900304805470,1788396207338127221
perception,1788396207251294329,2,8900308067765,1788396207341389452
perception,1788396207251294329,3,8900352183032,1788396207385504719
perception,1788396207355277159,2,8900353226494,1788396207386548181
perception,1788396207355277159,3,8900391650835,1788396207424972522
perception,1788396207458988740,2,8900432126354,1788396207465448009
perception,1788396207458988740,3,8900471200766,1788396207504522453
perception,1788396207558705080,2,8900532295755,1788396207565617442
perception,1788396207558705080,3,8900574728914,1788396207608050601
perception,1788396207654247421,2,8900627217926,1788396207660539613
perception,1788396207654247421,3,8900673465527,1788396207706787246
perception,1788396207753916462,2,8900726589442,1788396207759911129
perception,1788396207753916462,3,8900775901090,1788396207809222873
perception,1788396207854230651,2,8900826757147,1788396207860078898
perception,1788396207854230651,3,8900879492728,1788396207912814447
perception,1788396207952979385,2,8900925501824,1788396207958823543
perception,1788396207952979385,3,8900977834190,1788396208011155909
perception,1788396208052952765,2,8901025708698,1788396208059030385
perception,1788396208052952765,3,8901078269649,1788396208111591464
perception,1788396208155397778,2,8901128080900,1788396208161402619
perception,1788396208155397778,3,8901180624506,1788396208213946193
perception,1788396208259291569,2,8901231794910,1788396208265116629
perception,1788396208259291569,3,8901284708417,1788396208318030136
perception,1788396208354143872,2,8901326811067,1788396208360132818
perception,1788396208354143872,3,8901382750797,1788396208416072484
perception,1788396208456690325,2,8901429275656,1788396208462597375
perception,1788396208456690325,3,8901481883296,1788396208515205015
perception,1788396208552320826,2,8901524718037,1788396208558039724
perception,1788396208552320826,3,8901577761085,1788396208611082804
perception,1788396208652562965,2,8901624816940,1788396208658138691
perception,1788396208652562965,3,8901677603242,1788396208710924929
perception,1788396208756698795,2,8901729331491,1788396208762653210
perception,1788396208756698795,3,8901781825239,1788396208815146990
perception,1788396208858453591,2,8901830934128,1788396208864255847
perception,1788396208858453591,3,8901883848243,1788396208917169994
perception,1788396208958803210,2,8901931921095,1788396208965242846
perception,1788396208958803210,3,8901984260469,1788396209017582188
perception,1788396209052720845,2,8902024933788,1788396209058255539
perception,1788396209052720845,3,8902077643576,1788396209110965295
perception,1788396209153189624,2,8902125608871,1788396209158930590
perception,1788396209153189624,3,8902178359333,1788396209211681052
perception,1788396209259814947,2,8902232075045,1788396209265396764
perception,1788396209259814947,3,8902284194700,1788396209317516419
perception,1788396209358572190,2,8902331248186,1788396209364569905
perception,1788396209358572190,3,8902384263393,1788396209417585112
perception,1788396209458484440,2,8902430559188,1788396209463880875
perception,1788396209458484440,3,8902483023751,1788396209516345470
perception,1788396209554850299,2,8902527094377,1788396209560416064
perception,1788396209554850299,3,8902579731586,1788396209613053337
perception,1788396209654410090,2,8902626581769,1788396209659903488
perception,1788396209654410090,3,8902678815892,1788396209712137579
perception,1788396209754342111,2,8902726441719,1788396209759763406
perception,1788396209754342111,3,8902775514287,1788396209808836006
perception,1788396209853619342,2,8902825670030,1788396209858991781
perception,1788396209853619342,3,8902878006428,1788396209911328147
perception,1788396209954898249,2,8902927192600,1788396209960514319
perception,1788396209954898249,3,8902979524166,1788396210012845917
perception,1788396210055456248,2,8903027736287,1788396210061058038
perception,1788396210055456248,3,8903079950729,1788396210113272480
perception,1788396210159636817,2,8903131720451,1788396210165042138
perception,1788396210159636817,3,8903183879083,1788396210217200802
perception,1788396210257341343,2,8903229871122,1788396210263192841
perception,1788396210257341343,3,8903285729249,1788396210319050968
perception,1788396210359494498,2,8903331512193,1788396210364833944
perception,1788396210359494498,3,8903383939283,1788396210417261002
perception,1788396210457916001,2,8903430166435,1788396210463488154
perception,1788396210457916001,3,8903482745338,1788396210516067057
perception,1788396210558114341,2,8903531116889,1788396210564438608
perception,1788396210558114341,3,8903584130816,1788396210617452567
perception,1788396210659084799,2,8903631394614,1788396210664716301
perception,1788396210659084799,3,8903683878857,1788396210717200576
perception,1788396210762601450,2,8903734790916,1788396210768112667
perception,1788396210762601450,3,8903787779882,1788396210821101633
perception,1788396210854305050,2,8903826684240,1788396210860005959
perception,1788396210854305050,3,8903879237350,1788396210912559069
perception,1788396210953644432,2,8903926141231,1788396210959462950
perception,1788396210953644432,3,8903975783324,1788396211009105043
perception,1788396211053024954,2,8904025211137,1788396211058532856
perception,1788396211053024954,3,8904077502573,1788396211110824260
perception,1788396211154461370,2,8904126697353,1788396211160019104
perception,1788396211154461370,3,8904179157916,1788396211212479667
perception,1788396211254400240,2,8904226787424,1788396211260109143
perception,1788396211254400240,3,8904279047627,1788396211312369346
perception,1788396211354605610,2,8904326935256,1788396211360256943
perception,1788396211354605610,3,8904379141602,1788396211412463353
perception,1788396211455166838,2,8904427380891,1788396211460702610
perception,1788396211455166838,3,8904479674376,1788396211512996095
perception,1788396211556858894,2,8904529277075,1788396211562598794
perception,1788396211556858894,3,8904581722469,1788396211615044188
perception,1788396211657156243,2,8904629939262,1788396211663260981
perception,1788396211657156243,3,8904682643866,1788396211715965553
perception,1788396211756479505,2,8904728847177,1788396211762168896
perception,1788396211756479505,3,8904781429985,1788396211814751704
perception,1788396211855896426,2,8904828118530,1788396211861440217
perception,1788396211855896426,3,8904880899744,1788396211914221495
perception,1788396211956164676,2,8904929400291,1788396211962721978
perception,1788396211956164676,3,8904981816629,1788396212015138348
perception,1788396212057940431,2,8905030561568,1788396212063883287
perception,1788396212057940431,3,8905083111095,1788396212116432846
perception,1788396212159524937,2,8905132052874,1788396212165374593
perception,1788396212159524937,3,8905184843272,1788396212218164959
perception,1788396212256017916,2,8905228513340,1788396212261835059
perception,1788396212256017916,3,8905281244793,1788396212314566512
perception,1788396212357058403,2,8905330151594,1788396212363473313
perception,1788396212357058403,3,8905382595229,1788396212415916948
perception,1788396212455430707,2,8905428038064,1788396212461359815
perception,1788396212455430707,3,8905480203065,1788396212513524752
perception,1788396212555709236,2,8905528104326,1788396212561426045
perception,1788396212555709236,3,8905580540184,1788396212613861903
perception,1788396212653322122,2,8905626115664,1788396212659437383
perception,1788396212653322122,3,8905678990770,1788396212712312809
perception,1788396212763148958,2,8905735427670,1788396212768749389
perception,1788396212763148958,3,8905787947371,1788396212821269090
perception,1788396212857667191,2,8905830305295,1788396212863627014
perception,1788396212857667191,3,8905886530538,1788396212919852257
perception,1788396212951965786,2,8905925317260,1788396212958638947
perception,1788396212951965786,3,8905977999079,1788396213011320798
perception,1788396213052762334,2,8906024983955,1788396213058305642
perception,1788396213052762334,3,8906077289824,1788396213110611543
perception,1788396213159690766,2,8906131944899,1788396213165266586
perception,1788396213159690766,3,8906184264721,1788396213217586472
perception,1788396213260365215,2,8906232587245,1788396213265908964
perception,1788396213260365215,3,8906288924749,1788396213322246468
perception,1788396213356171985,2,8906328596964,1788396213361918715
perception,1788396213356171985,3,8906381288389,1788396213414610108
perception,1788396213455853296,2,8906428290089,1788396213461611808
perception,1788396213455853296,3,8906481276982,1788396213514598701
perception,1788396213555529567,2,8906527955469,1788396213561277156
perception,1788396213555529567,3,8906580602860,1788396213613924547
perception,1788396213658384579,2,8906630756171,1788396213664077890
perception,1788396213658384579,3,8906683577041,1788396213716898728
perception,1788396213757746661,2,8906730199142,1788396213763520893
perception,1788396213757746661,3,8906782781539,1788396213816103258
perception,1788396213858523599,2,8906830692586,1788396213864014305
perception,1788396213858523599,3,8906883629269,1788396213916950988
perception,1788396213958738498,2,8906931660385,1788396213964982072
perception,1788396213958738498,3,8906984327777,1788396214017649528
perception,1788396214059604766,2,8907031960286,1788396214065282005
perception,1788396214059604766,3,8907084484376,1788396214117806095
perception,1788396214158107610,2,8907130551320,1788396214163873039
perception,1788396214158107610,3,8907183214424,1788396214216536175
perception,1788396214259248397,2,8907231415275,1788396214264736994
perception,1788396214259248397,3,8907284234065,1788396214317555752
perception,1788396214352764023,2,8907324786010,1788396214358107761
perception,1788396214352764023,3,8907377378263,1788396214410699982
perception,1788396214453375272,2,8907425402275,1788396214458724026
perception,1788396214453375272,3,8907477640946,1788396214510962665
perception,1788396214556114745,2,8907528413193,1788396214561734912
perception,1788396214556114745,3,8907581001702,1788396214614323389
perception,1788396214657079572,2,8907629317341,1788396214662639092
perception,1788396214657079572,3,8907681931099,1788396214715252818
perception,1788396214760611114,2,8907732772820,1788396214766094539
perception,1788396214760611114,3,8907785572186,1788396214818893905
perception,1788396214853308222,2,8907825505483,1788396214858827234
perception,1788396214853308222,3,8907878210701,1788396214911532420
perception,1788396214955207067,2,8907927390469,1788396214960712188
perception,1788396214955207067,3,8907979732185,1788396215013053968
perception,1788396215057223132,2,8908029411077,1788396215062732796
perception,1788396215057223132,3,8908081922943,1788396215115244662
perception,1788396215156223464,2,8908128670009,1788396215161991728
perception,1788396215156223464,3,8908181155730,1788396215214477449
perception,1788396215256374844,2,8908228674794,1788396215261996513
perception,1788396215256374844,3,8908281180132,1788396215314501851
perception,1788396215355348317,2,8908327457420,1788396215360779139
perception,1788396215355348317,3,8908379779295,1788396215413101014
perception,1788396215454442999,2,8908426500184,1788396215459821903
perception,1788396215454442999,3,8908478857260,1788396215512178979
perception,1788396215556657303,2,8908529116526,1788396215562438277
perception,1788396215556657303,3,8908581705452,1788396215615027171
perception,1788396215660913793,2,8908632864689,1788396215666186408
perception,1788396215660913793,3,8908685312553,1788396215718634272
perception,1788396215756909123,2,8908729214388,1788396215762536107
perception,1788396215756909123,3,8908784969069,1788396215818290788
perception,1788396215856614603,2,8908828858391,1788396215862180142
perception,1788396215856614603,3,8908881385330,1788396215914707049
perception,1788396215955283407,2,8908927372271,1788396215960693958
perception,1788396215955283407,3,8908979882857,1788396216013204608
perception,1788396216054628408,2,8909026751976,1788396216060073695
perception,1788396216054628408,3,8909079185887,1788396216112507606
perception,1788396216155314036,2,8909127400466,1788396216160722153
perception,1788396216155314036,3,8909179808744,1788396216213130495
perception,1788396216255975345,2,8909228096766,1788396216261418517
perception,1788396216255975345,3,8909280684667,1788396216314006386
perception,1788396216360889322,2,8909333083473,1788396216366405192
perception,1788396216360889322,3,8909385188155,1788396216418509874
perception,1788396216457830890,2,8909430060012,1788396216463381731
perception,1788396216457830890,3,8909486152690,1788396216519474409
perception,1788396216554927537,2,8909527266993,1788396216560588680
perception,1788396216554927537,3,8909579517377,1788396216612839096
perception,1788396216660001855,2,8909632271332,1788396216665593083
perception,1788396216660001855,3,8909684902019,1788396216718223738
perception,1788396216760272334,2,8909732863404,1788396216766185123
perception,1788396216760272334,3,8909785491147,1788396216818812866
perception,1788396216855110837,2,8909827636498,1788396216860958217
perception,1788396216855110837,3,8909880119147,1788396216913440866
perception,1788396216955520156,2,8909928629322,1788396216961951041
perception,1788396216955520156,3,8909981543956,1788396217014865675
perception,1788396217057430771,2,8910030113140,1788396217063434827
perception,1788396217057430771,3,8910082521323,1788396217115843042
perception,1788396217159836385,2,8910132149525,1788396217165471276
perception,1788396217159836385,3,8910184491432,1788396217217813151
perception,1788396217255778765,2,8910228162603,1788396217261484354
perception,1788396217255778765,3,8910280576047,1788396217313897766
perception,1788396217360301924,2,8910332879471,1788396217366201190
perception,1788396217360301924,3,8910385667169,1788396217418988888
perception,1788396217461667780,2,8910433981742,1788396217467303461
perception,1788396217461667780,3,8910486422868,1788396217519744587
perception,1788396217556675513,2,8910528984398,1788396217562306085
perception,1788396217556675513,3,8910581447892,1788396217614769611
perception,1788396217654687167,2,8910627031966,1788396217660353685
perception,1788396217654687167,3,8910679801423,1788396217713123174
perception,1788396217757450430,2,8910730155943,1788396217763477630
perception,1788396217757450430,3,8910782610605,1788396217815932324
perception,1788396217858318358,2,8910830692210,1788396217864013897
perception,1788396217858318358,3,8910883276093,1788396217916597812
perception,1788396217956476553,2,8910928967178,1788396217962288897
perception,1788396217956476553,3,8910978558023,1788396218011879710
perception,1788396218056919712,2,8911029493268,1788396218062814987
perception,1788396218056919712,3,8911082038301,1788396218115360020
perception,1788396218156743382,2,8911129981918,1788396218163303605
perception,1788396218156743382,3,8911182346880,1788396218215668599
perception,1788396218256245853,2,8911228603266,1788396218261925273
perception,1788396218256245853,3,8911281032743,1788396218314354462
perception,1788396218356876892,2,8911329679937,1788396218363001656
perception,1788396218356876892,3,8911381711735,1788396218415033454
perception,1788396218454826767,2,8911427313793,1788396218460635512
perception,1788396218454826767,3,8911479978894,1788396218513300613
perception,1788396218560412843,2,8911532958599,1788396218566280286
perception,1788396218560412843,3,8911585545234,1788396218618866953
perception,1788396218657270441,2,8911629878925,1788396218663200676
perception,1788396218657270441,3,8911682636894,1788396218715958613
perception,1788396218755898484,2,8911728604118,1788396218761925837
perception,1788396218755898484,3,8911781306885,1788396218814628604
perception,1788396218861497580,2,8911834023732,1788396218867345419
perception,1788396218861497580,3,8911886877480,1788396218920199231
perception,1788396218957819289,2,8911930463272,1788396218963784991
perception,1788396218957819289,3,8911983096917,1788396219016418636
perception,1788396219059446535,2,8912032321028,1788396219065642747
perception,1788396219059446535,3,8912085565638,1788396219118887357
perception,1788396219160477303,2,8912133366689,1788396219166688408
perception,1788396219160477303,3,8912185857832,1788396219219179551
perception,1788396219259710174,2,8912233226291,1788396219266548010
perception,1788396219259710174,3,8912285785149,1788396219319106868
perception,1788396219361638710,2,8912334450007,1788396219367771726
perception,1788396219361638710,3,8912386962079,1788396219420283798
perception,1788396219460928591,2,8912433435529,1788396219466757248
perception,1788396219460928591,3,8912485669575,1788396219518991294
perception,1788396219560807242,2,8912533355485,1788396219566677236
perception,1788396219560807242,3,8912586029195,1788396219619350978
perception,1788396219661970429,2,8912634730823,1788396219668052542
perception,1788396219661970429,3,8912687262959,1788396219720584678
perception,1788396219758809557,2,8912731606731,1788396219764928418
perception,1788396219758809557,3,8912784176117,1788396219817497804
perception,1788396219856595582,2,8912830055626,1788396219863377665
perception,1788396219856595582,3,8912882929855,1788396219916251606
perception,1788396219960506252,2,8912933777033,1788396219967098752
perception,1788396219960506252,3,8912986454423,1788396220019776174
perception,1788396220058141208,2,8913031892091,1788396220065213810
perception,1788396220058141208,3,8913084667117,1788396220117988804
perception,1788396220155499635,2,8913128803137,1788396220162124856
perception,1788396220155499635,3,8913181770489,1788396220215092208
perception,1788396220256272043,2,8913230223628,1788396220263545347
perception,1788396220256272043,3,8913283086849,1788396220316408568
perception,1788396220356010633,2,8913329492489,1788396220362814240
perception,1788396220356010633,3,8913382299643,1788396220415621362
perception,1788396220462372307,2,8913435731461,1788396220469053148
perception,1788396220462372307,3,8913488273006,1788396220521594725
perception,1788396220555524205,2,8913528981124,1788396220562302843
perception,1788396220555524205,3,8913581562094,1788396220614883813
perception,1788396220660467902,2,8913634184186,1788396220667505937
perception,1788396220660467902,3,8913686838055,1788396220720159774
perception,1788396220758520307,2,8913732309613,1788396220765631396
perception,1788396220758520307,3,8913785519918,1788396220818841637
perception,1788396220855868674,2,8913829967566,1788396220863289317
perception,1788396220855868674,3,8913882808962,1788396220916130681
perception,1788396220958169778,2,8913931981711,1788396220965303398
perception,1788396220958169778,3,8913984791073,1788396221018112824
perception,1788396221059342645,2,8914034425536,1788396221067747255
perception,1788396221059342645,3,8914087624417,1788396221120946136
perception,1788396221161514959,2,8914135295799,1788396221168617486
perception,1788396221161514959,3,8914188552346,1788396221221874065
perception,1788396221258243127,2,8914232026582,1788396221265348365
perception,1788396221258243127,3,8914284843273,1788396221318165024
perception,1788396221357861828,2,8914332033197,1788396221365354948
perception,1788396221357861828,3,8914384909122,1788396221418230841
perception,1788396221458631977,2,8914432505974,1788396221465827693
perception,1788396221458631977,3,8914485483947,1788396221518805666
perception,1788396221558877686,2,8914533414343,1788396221566736062
perception,1788396221558877686,3,8914585925642,1788396221619247361
perception,1788396221662065598,2,8914635685097,1788396221669006816
perception,1788396221662065598,3,8914688377428,1788396221721699147
perception,1788396221759646044,2,8914733978619,1788396221767300370
perception,1788396221759646044,3,8914786911470,1788396221820233189
perception,1788396221858745626,2,8914832676891,1788396221865998610
perception,1788396221858745626,3,8914885460520,1788396221918782207
perception,1788396221955641294,2,8914929244108,1788396221962565827
perception,1788396221955641294,3,8914982056667,1788396222015378418
perception,1788396222054660886,2,8915028387997,1788396222061709748
perception,1788396222054660886,3,8915081366802,1788396222114688521
perception,1788396222157794728,2,8915132041618,1788396222165363337
perception,1788396222157794728,3,8915184904419,1788396222218226138
perception,1788396222257225490,2,8915232145350,1788396222265467069
perception,1788396222257225490,3,8915285494664,1788396222318816383
perception,1788396222358632656,2,8915332565285,1788396222365887004
perception,1788396222358632656,3,8915385334642,1788396222418656361
perception,1788396222458822046,2,8915433039430,1788396222466361149
perception,1788396222458822046,3,8915486113278,1788396222519435029
perception,1788396222558795226,2,8915532745963,1788396222566067682
perception,1788396222558795226,3,8915585548473,1788396222618870192
perception,1788396222656472462,2,8915630727152,1788396222664048871
perception,1788396222656472462,3,8915694239047,1788396222727560798
perception,1788396222757376409,2,8915731241875,1788396222764563562
perception,1788396222757376409,3,8915783972895,1788396222817294646
perception,1788396222856857310,2,8915830793106,1788396222864114857
perception,1788396222856857310,3,8915884229304,1788396222917551023
perception,1788396222959009595,2,8915932819756,1788396222966141507
perception,1788396222959009595,3,8915986013865,1788396223019335616
perception,1788396223057863288,2,8916031989405,1788396223065311156
perception,1788396223057863288,3,8916085072054,1788396223118393773
perception,1788396223158322397,2,8916132359514,1788396223165681233
perception,1788396223158322397,3,8916185719517,1788396223219041236
perception,1788396223257827898,2,8916231763860,1788396223265085579
perception,1788396223257827898,3,8916284575651,1788396223317897402
perception,1788396223354708996,2,8916328862745,1788396223362184432
perception,1788396223354708996,3,8916381841454,1788396223415163173
perception,1788396223454771075,2,8916428552094,1788396223461873813
perception,1788396223454771075,3,8916481746331,1788396223515068114
perception,1788396223555647423,2,8916529508336,1788396223562830055
perception,1788396223555647423,3,8916582688397,1788396223616010116
perception,1788396223662489396,2,8916636203733,1788396223669525516
perception,1788396223662489396,3,8916689654332,1788396223722976083
perception,1788396223756481291,2,8916730485299,1788396223763807018
perception,1788396223756481291,3,8916784191139,1788396223817512858
perception,1788396223860308192,2,8916834845027,1788396223868166714
perception,1788396223860308192,3,8916885218936,1788396223918540655
perception,1788396223955209094,2,8916929567025,1788396223962888744
perception,1788396223955209094,3,8916979840547,1788396224013162266
perception,1788396224061046190,2,8917035350933,1788396224068672684
perception,1788396224061046190,3,8917085563940,1788396224118885659
perception,1788396224154966175,2,8917129211651,1788396224162533370
perception,1788396224154966175,3,8917183847669,1788396224217169420
perception,1788396224260952430,2,8917235265521,1788396224268587240
perception,1788396224260952430,3,8917288944063,1788396224322265782
perception,1788396224361241609,2,8917335308706,1788396224368630457
perception,1788396224361241609,3,8917385231207,1788396224418552926
perception,1788396224454388236,2,8917428565979,1788396224461887698
perception,1788396224454388236,3,8917483273871,1788396224516595622
perception,1788396224558763755,2,8917532725571,1788396224566047258
perception,1788396224558763755,3,8917585806939,1788396224619128658
perception,1788396224661030810,2,8917635161804,1788396224668483523
perception,1788396224661030810,3,8917688443084,1788396224721764803
perception,1788396224756805110,2,8917731227083,1788396224764548770
perception,1788396224756805110,3,8917784111037,1788396224817432756
perception,1788396224853552188,2,8917827881760,1788396224861203447
perception,1788396224853552188,3,8917880972025,1788396224914293744
perception,1788396224956789400,2,8917931061092,1788396224964382811
perception,1788396224956789400,3,8917984269602,1788396225017591321
perception,1788396225055914122,2,8918030280951,1788396225063602670
perception,1788396225055914122,3,8918083785952,1788396225117107671
perception,1788396225156053062,2,8918130185187,1788396225163506938
perception,1788396225156053062,3,8918183541958,1788396225216863709
perception,1788396225259278424,2,8918233243043,1788396225266564762
perception,1788396225259278424,3,8918286536036,1788396225319857787
perception,1788396225354143016,2,8918328069205,1788396225361390892
perception,1788396225354143016,3,8918381090988,1788396225414412707
perception,1788396225461345728,2,8918436203567,1788396225469525254
perception,1788396225461345728,3,8918484997547,1788396225518319266
perception,1788396225560085752,2,8918534258519,1788396225567580238
perception,1788396225560085752,3,8918586996035,1788396225620317754
perception,1788396225658960674,2,8918632881012,1788396225666202731
perception,1788396225658960674,3,8918685743461,1788396225719065212
perception,1788396225756876470,2,8918730914684,1788396225764236403
perception,1788396225756876470,3,8918784173179,1788396225817494898
perception,1788396225855170094,2,8918829359955,1788396225862681674
perception,1788396225855170094,3,8918882389482,1788396225915711201
perception,1788396225955675112,2,8918930467947,1788396225963789666
perception,1788396225955675112,3,8918983664104,1788396226016985855
perception,1788396226058334246,2,8919032371392,1788396226065693111
perception,1788396226058334246,3,8919088995867,1788396226122317554
perception,1788396226154563895,2,8919128540164,1788396226161861851
perception,1788396226154563895,3,8919181941160,1788396226215262911
perception,1788396226254984954,2,8919228874912,1788396226262196631
perception,1788396226254984954,3,8919281952248,1788396226315273967
perception,1788396226355748482,2,8919330295971,1788396226363617690
perception,1788396226355748482,3,8919383558723,1788396226416880794
perception,1788396226455868562,2,8919429948710,1788396226463270461
perception,1788396226455868562,3,8919482870393,1788396226516192112
perception,1788396226558212956,2,8919532101893,1788396226565423612
perception,1788396226558212956,3,8919585219167,1788396226618540886
perception,1788396226658457115,2,8919633297184,1788396226666618871
perception,1788396226658457115,3,8919686327575,1788396226719649294
perception,1788396226757867767,2,8919731994176,1788396226765315927
perception,1788396226757867767,3,8919785275616,1788396226818597303
perception,1788396226856340871,2,8919830825157,1788396226864146876
perception,1788396226856340871,3,8919884118757,1788396226917440476
perception,1788396226955245093,2,8919929424481,1788396226962746200
perception,1788396226955245093,3,8919982309651,1788396227015631402
perception,1788396227057002099,2,8920031110191,1788396227064431910
perception,1788396227057002099,3,8920084335341,1788396227117657060
perception,1788396227156723039,2,8920130736240,1788396227164057960
perception,1788396227156723039,3,8920183861579,1788396227217183298
perception,1788396227256642290,2,8920231411801,1788396227264733520
perception,1788396227256642290,3,8920284647479,1788396227317969198
perception,1788396227355047724,2,8920329199703,1788396227362521422
perception,1788396227355047724,3,8920382281936,1788396227415603655
perception,1788396227460745739,2,8920434516522,1788396227467838209
perception,1788396227460745739,3,8920487905230,1788396227521226981
perception,1788396227559549162,2,8920533940484,1788396227567262235
perception,1788396227559549162,3,8920587237413,1788396227620559132
perception,1788396227657056778,2,8920631110828,1788396227664432675
perception,1788396227657056778,3,8920684169444,1788396227717491131
perception,1788396227755350043,2,8920729387389,1788396227762709108
perception,1788396227755350043,3,8920782333521,1788396227815655240
perception,1788396227853330198,2,8920827264671,1788396227860586390
perception,1788396227853330198,3,8920880299926,1788396227913621645
perception,1788396227960998439,2,8920934978409,1788396227968300128
perception,1788396227960998439,3,8920987817753,1788396228021139504
perception,1788396228059541772,2,8921033519459,1788396228066841146
perception,1788396228059541772,3,8921086792483,1788396228120114202
perception,1788396228158560765,2,8921132483277,1788396228165804964
perception,1788396228158560765,3,8921185678090,1788396228218999809
perception,1788396228259559812,2,8921233463712,1788396228266785464
perception,1788396228259559812,3,8921286714303,1788396228320035990
perception,1788396228354607444,2,8921328500986,1788396228361822705
perception,1788396228354607444,3,8921378908881,1788396228412230600
perception,1788396228456017071,2,8921430214793,1788396228463536448
perception,1788396228456017071,3,8921483162461,1788396228516484180
perception,1788396228557586977,2,8921531871989,1788396228565193676
perception,1788396228557586977,3,8921584865419,1788396228618187170
perception,1788396228655949441,2,8921629867195,1788396228663188914
perception,1788396228655949441,3,8921683182141,1788396228716503860
perception,1788396228754212755,2,8921728409654,1788396228761731341
perception,1788396228754212755,3,8921781774873,1788396228815096560
perception,1788396228860147700,2,8921834060692,1788396228867382411
perception,1788396228860147700,3,8921887201231,1788396228920522918
perception,1788396228958611814,2,8921932632112,1788396228965953831
perception,1788396228958611814,3,8921985683335,1788396229019005086
perception,1788396229058240655,2,8922032510395,1788396229065832114
perception,1788396229058240655,3,8922085840989,1788396229119162708
perception,1788396229158210805,2,8922132268289,1788396229165590008
perception,1788396229158210805,3,8922185171092,1788396229218492779
perception,1788396229256339840,2,8922230593492,1788396229263915211
perception,1788396229256339840,3,8922284135325,1788396229317457012
perception,1788396229358490124,2,8922332345732,1788396229365667419
perception,1788396229358490124,3,8922385398427,1788396229418720114
perception,1788396229457288137,2,8922431349871,1788396229464671590
perception,1788396229457288137,3,8922483893172,1788396229517214891
perception,1788396229554621044,2,8922528453970,1788396229561775689
perception,1788396229554621044,3,8922581754827,1788396229615076546
perception,1788396229660299860,2,8922634250728,1788396229667572447
perception,1788396229660299860,3,8922687765737,1788396229721087456
perception,1788396229759833171,2,8922733698902,1788396229767020653
perception,1788396229759833171,3,8922786400570,1788396229819722289
perception,1788396229857269957,2,8922831312513,1788396229864634200
perception,1788396229857269957,3,8922884451349,1788396229917773068
perception,1788396229955947571,2,8922929806893,1788396229963128580
perception,1788396229955947571,3,8922982738585,1788396230016060304
perception,1788396230053901756,2,8923027893225,1788396230061214912
perception,1788396230053901756,3,8923080735474,1788396230114057193
perception,1788396230159726931,2,8923133685855,1788396230167007574
perception,1788396230159726931,3,8923186604715,1788396230219926466
perception,1788396230258749404,2,8923232652284,1788396230265974003
perception,1788396230258749404,3,8923285473380,1788396230318795099
perception,1788396230359242632,2,8923333519134,1788396230366840885
perception,1788396230359242632,3,8923386428617,1788396230419750336
perception,1788396230455539271,2,8923429589393,1788396230462911112
perception,1788396230455539271,3,8923482346743,1788396230515668494
perception,1788396230563246952,2,8923537358191,1788396230570679910
perception,1788396230563246952,3,8923590270907,1788396230623592626
perception,1788396230655571151,2,8923629697658,1788396230663019345
perception,1788396230655571151,3,8923682536675,1788396230715858362
perception,1788396230755271502,2,8923729201322,1788396230762523041
perception,1788396230755271502,3,8923782027570,1788396230815349257
perception,1788396230854796603,2,8923828717659,1788396230862039410
perception,1788396230854796603,3,8923881891632,1788396230915213351
perception,1788396230960878368,2,8923934979746,1788396230968301465
perception,1788396230960878368,3,8923988081716,1788396231021403467
perception,1788396231058869343,2,8924033427564,1788396231066749283
perception,1788396231058869343,3,8924086474076,1788396231119795795
perception,1788396231160365269,2,8924134260844,1788396231167582564
perception,1788396231160365269,3,8924187130454,1788396231220452173
perception,1788396231262682453,2,8924236621637,1788396231269943356
perception,1788396231262682453,3,8924289650101,1788396231322971820
perception,1788396231358631473,2,8924334285586,1788396231367607305
perception,1788396231358631473,3,8924387715441,1788396231421037160
perception,1788396231458869403,2,8924434303605,1788396231467625324
perception,1788396231458869403,3,8924487119165,1788396231520440884
perception,1788396231560700838,2,8924534708967,1788396231568030686
perception,1788396231560700838,3,8924587752727,1788396231621074446
perception,1788396231660177210,2,8924634126260,1788396231667447979
perception,1788396231660177210,3,8924687117314,1788396231720439033
perception,1788396231759366131,2,8924733403132,1788396231766724851
perception,1788396231759366131,3,8924786769560,1788396231820091311
perception,1788396231857545696,2,8924831704832,1788396231865026551
perception,1788396231857545696,3,8924884656077,1788396231917977796
perception,1788396231956076290,2,8924930137833,1788396231963459552
perception,1788396231956076290,3,8924983515878,1788396232016837629
perception,1788396232055709171,2,8925030147756,1788396232063469507
perception,1788396232055709171,3,8925083229950,1788396232116551669
perception,1788396232161375486,2,8925136197163,1788396232169518882
perception,1788396232161375486,3,8925189112023,1788396232222433742
perception,1788396232259578091,2,8925233516908,1788396232266838595
perception,1788396232259578091,3,8925286553852,1788396232319875571
perception,1788396232359701940,2,8925333698485,1788396232367020204
perception,1788396232359701940,3,8925386858506,1788396232420180225
perception,1788396232457901635,2,8925432136350,1788396232465458133
perception,1788396232457901635,3,8925485159854,1788396232518481573
perception,1788396232557065177,2,8925531461512,1788396232564783231
perception,1788396232557065177,3,8925584493752,1788396232617815471
perception,1788396232657227257,2,8925631540270,1788396232664861989
perception,1788396232657227257,3,8925684949771,1788396232718271490
perception,1788396232756599318,2,8925731023965,1788396232764345684
perception,1788396232756599318,3,8925784106127,1788396232817427846
perception,1788396232858219414,2,8925832136936,1788396232865458623
perception,1788396232858219414,3,8925883284115,1788396232916605802
perception,1788396232956580648,2,8925930923102,1788396232964244821
perception,1788396232956580648,3,8925984111124,1788396233017432843
perception,1788396233062361014,2,8926036330662,1788396233069652381
perception,1788396233062361014,3,8926089450521,1788396233122772240
perception,1788396233157088177,2,8926131976842,1788396233165298561
perception,1788396233157088177,3,8926185425385,1788396233218747104
perception,1788396233254283944,2,8926228671123,1788396233261992842
perception,1788396233254283944,3,8926282029231,1788396233315350950
perception,1788396233363570270,2,8926337773698,1788396233371095449
perception,1788396233363570270,3,8926391104509,1788396233424426260
perception,1788396233460050099,2,8926433956153,1788396233467277872
perception,1788396233460050099,3,8926487152175,1788396233520473894
perception,1788396233552913537,2,8926527015230,1788396233560336949
perception,1788396233552913537,3,8926580154066,1788396233613475785
perception,1788396233657344556,2,8926631971670,1788396233665293389
perception,1788396233657344556,3,8926684948964,1788396233718270651
perception,1788396233755497491,2,8926729340504,1788396233762662223
perception,1788396233755497491,3,8926782497260,1788396233815818979
perception,1788396233861917325,2,8926835829607,1788396233869151294
perception,1788396233861917325,3,8926888959323,1788396233922281042
perception,1788396233960044909,2,8926934577308,1788396233967898995
perception,1788396233960044909,3,8926987456326,1788396234020778077
perception,1788396234055456321,2,8927029470884,1788396234062792603
perception,1788396234055456321,3,8927082504372,1788396234115826091
perception,1788396234155345761,2,8927129260415,1788396234162582134
perception,1788396234155345761,3,8927182241549,1788396234215563300
perception,1788396234254705002,2,8927230508047,1788396234263829766
perception,1788396234254705002,3,8927283616321,1788396234316938040
perception,1788396234354772012,2,8927328777042,1788396234362098761
perception,1788396234354772012,3,8927378978715,1788396234412300402
perception,1788396234460419848,2,8927434243516,1788396234467565235
perception,1788396234460419848,3,8927487001410,1788396234520323193
perception,1788396234559809570,2,8927533548645,1788396234566870364
perception,1788396234559809570,3,8927586295434,1788396234619617153
perception,1788396234658693542,2,8927632864974,1788396234666186661
perception,1788396234658693542,3,8927685759449,1788396234719081264
perception,1788396234757400636,2,8927731853292,1788396234765175011
perception,1788396234757400636,3,8927785036737,1788396234818358456
perception,1788396234861140626,2,8927835424337,1788396234868746056
perception,1788396234861140626,3,8927888235865,1788396234921557584
perception,1788396234960363168,2,8927934910176,1788396234968231863
perception,1788396234960363168,3,8927987925456,1788396235021247175
perception,1788396235060289488,2,8928034568726,1788396235067890445
perception,1788396235060289488,3,8928087482210,1788396235120803929
perception,1788396235162658622,2,8928136497119,1788396235169818870
perception,1788396235162658622,3,8928189818586,1788396235223140305
perception,1788396235260166368,2,8928234045800,1788396235267367487
perception,1788396235260166368,3,8928286861232,1788396235320183015
perception,1788396235360305268,2,8928334132366,1788396235367454085
perception,1788396235360305268,3,8928386916021,1788396235420237740
perception,1788396235457723664,2,8928431606036,1788396235464927755
perception,1788396235457723664,3,8928484572641,1788396235517894328
perception,1788396235555692769,2,8928529827957,1788396235563149708
perception,1788396235555692769,3,8928582805955,1788396235616127674
perception,1788396235653749574,2,8928629091773,1788396235662413396
perception,1788396235653749574,3,8928675496987,1788396235708818706
perception,1788396235754687872,2,8928728599309,1788396235761920996
perception,1788396235754687872,3,8928774707809,1788396235808029464
perception,1788396235861684235,2,8928835919387,1788396235869241106
perception,1788396235861684235,3,8928888804198,1788396235922125917
perception,1788396235959820089,2,8928934512042,1788396235967833761
perception,1788396235959820089,3,8928987752386,1788396236021074105
perception,1788396236057613885,2,8929031649700,1788396236064971387
perception,1788396236057613885,3,8929084787736,1788396236118109455
perception,1788396236157041386,2,8929131618661,1788396236164940380
perception,1788396236157041386,3,8929184675542,1788396236217997293
perception,1788396236255587430,2,8929229469721,1788396236262791472
perception,1788396236255587430,3,8929282855062,1788396236316176781
perception,1788396236354778262,2,8929328629405,1788396236361951124
perception,1788396236354778262,3,8929381605995,1788396236414927714
perception,1788396236461815814,2,8929435666496,1788396236468988183
perception,1788396236461815814,3,8929488656879,1788396236521978598
perception,1788396236555032371,2,8929528869387,1788396236562191106
perception,1788396236555032371,3,8929584602717,1788396236617924404
perception,1788396236660942006,2,8929634919402,1788396236668241153
perception,1788396236660942006,3,8929688151681,1788396236721473432
perception,1788396236759716479,2,8929735575844,1788396236768897563
perception,1788396236759716479,3,8929788520209,1788396236821841928
perception,1788396236858991951,2,8929833231953,1788396236866553672
perception,1788396236858991951,3,8929886257825,1788396236919579544
perception,1788396236959172731,2,8929933327767,1788396236966649486
perception,1788396236959172731,3,8929986376072,1788396237019697823
perception,1788396237057124896,2,8930031620315,1788396237064942066
perception,1788396237057124896,3,8930084925557,1788396237118247276
perception,1788396237157531524,2,8930131585724,1788396237164907475
perception,1788396237157531524,3,8930184507880,1788396237217829599
perception,1788396237262243953,2,8930236090019,1788396237269411738
perception,1788396237262243953,3,8930288774182,1788396237322095902
perception,1788396237356865136,2,8930330858247,1788396237364179966
perception,1788396237356865136,3,8930383720720,1788396237417042471
perception,1788396237457008086,2,8930431077073,1788396237464398824
perception,1788396237457008086,3,8930484102241,1788396237517423960
perception,1788396237558111123,2,8930532177436,1788396237565499123
perception,1788396237558111123,3,8930585426102,1788396237618747821
perception,1788396237659006780,2,8930633609021,1788396237666930708
perception,1788396237659006780,3,8930686306730,1788396237719628449
perception,1788396237759938648,2,8930735337649,1788396237768659400
perception,1788396237759938648,3,8930788553425,1788396237821875176
perception,1788396237860910046,2,8930834804337,1788396237868126056
perception,1788396237860910046,3,8930887666884,1788396237920988603
perception,1788396237960803715,2,8930934613886,1788396237967935573
perception,1788396237960803715,3,8930987843583,1788396238021165334
perception,1788396238054749040,2,8931028630967,1788396238061952814
perception,1788396238054749040,3,8931081619183,1788396238114940902
perception,1788396238160560145,2,8931134649768,1788396238167971455
perception,1788396238160560145,3,8931188273047,1788396238221594766
perception,1788396238255826686,2,8931229754792,1788396238263076543
perception,1788396238255826686,3,8931283199185,1788396238316520936
perception,1788396238354973707,2,8931328891741,1788396238362213396
perception,1788396238354973707,3,8931367690860,1788396238401012515
perception,1788396238460792823,2,8931434808778,1788396238468130497
perception,1788396238460792823,3,8931485064446,1788396238518386133
perception,1788396238554550327,2,8931528683453,1788396238562005141
perception,1788396238554550327,3,8931581777433,1788396238615099152
perception,1788396238660541772,2,8931634503239,1788396238667824958
perception,1788396238660541772,3,8931687650341,1788396238720972060
perception,1788396238760249763,2,8931734154062,1788396238767475749
perception,1788396238760249763,3,8931787115973,1788396238820437692
perception,1788396238855590675,2,8931829905959,1788396238863227678
perception,1788396238855590675,3,8931886495394,1788396238919817145
perception,1788396238961430290,2,8931935578859,1788396238968900578
perception,1788396238961430290,3,8931988629349,1788396239021951068
perception,1788396239061663449,2,8932035835688,1788396239069157375
perception,1788396239061663449,3,8932088773726,1788396239122095477
perception,1788396239157697849,2,8932131926925,1788396239165248676
perception,1788396239157697849,3,8932184949798,1788396239218271517
perception,1788396239255995364,2,8932231191366,1788396239264513053
perception,1788396239255995364,3,8932287417429,1788396239320739148
perception,1788396239363517045,2,8932337578405,1788396239370900156
perception,1788396239363517045,3,8932386432389,1788396239419754108
perception,1788396239460263343,2,8932434357187,1788396239467678906
perception,1788396239460263343,3,8932487532609,1788396239520854328
perception,1788396239562185678,2,8932536690572,1788396239570012291
perception,1788396239562185678,3,8932589595457,1788396239622917176
perception,1788396239659983674,2,8932633948892,1788396239667270611
perception,1788396239659983674,3,8932687074009,1788396239720395696
perception,1788396239759836114,2,8932734126230,1788396239767447949
perception,1788396239759836114,3,8932787161584,1788396239820483335
perception,1788396239860061573,2,8932834200653,1788396239867522372
perception,1788396239860061573,3,8932891001745,1788396239924323496
perception,1788396239961126031,2,8932935419886,1788396239968741605
perception,1788396239961126031,3,8932981776371,1788396240015098026
perception,1788396240055859144,2,8933030186274,1788396240063507993
perception,1788396240055859144,3,8933083351904,1788396240116673623
perception,1788396240160573962,2,8933134739933,1788396240168061652
perception,1788396240160573962,3,8933188712761,1788396240222034480
perception,1788396240258355548,2,8933232613444,1788396240265935163
perception,1788396240258355548,3,8933285835972,1788396240319157691
perception,1788396240354479427,2,8933329024756,1788396240362346475
perception,1788396240354479427,3,8933382502110,1788396240415823797
perception,1788396240460281843,2,8933434532210,1788396240467853929
perception,1788396240460281843,3,8933487993371,1788396240521315154
perception,1788396240560986651,2,8933535122908,1788396240568444595
perception,1788396240560986651,3,8933588351516,1788396240621673235
perception,1788396240658538167,2,8933632618836,1788396240665940555
perception,1788396240658538167,3,8933685661102,1788396240718982853
perception,1788396240757837609,2,8933731961008,1788396240765282663
perception,1788396240757837609,3,8933784983017,1788396240818304736
perception,1788396240857915268,2,8933832057480,1788396240865379199
perception,1788396240857915268,3,8933884910907,1788396240918232626
perception,1788396240956177613,2,8933930323196,1788396240963644883
perception,1788396240956177613,3,8933983355350,1788396241016677069
perception,1788396241055607224,2,8934029598198,1788396241062919917
perception,1788396241055607224,3,8934082458985,1788396241115780672
perception,1788396241160467142,2,8934134709349,1788396241168031068
perception,1788396241160467142,3,8934188072523,1788396241221394242
perception,1788396241260830371,2,8934234699385,1788396241268021104
perception,1788396241260830371,3,8934288129377,1788396241321451096
perception,1788396241355159975,2,8934329421356,1788396241362743075
perception,1788396241355159975,3,8934382617163,1788396241415938850
perception,1788396241455131985,2,8934429428384,1788396241462750135
perception,1788396241455131985,3,8934482706018,1788396241516027737
perception,1788396241555536364,2,8934529574650,1788396241562896337
perception,1788396241555536364,3,8934583001441,1788396241616323192
perception,1788396241661162760,2,8934635344737,1788396241668666424
perception,1788396241661162760,3,8934685177413,1788396241718499132
perception,1788396241755383594,2,8934729407868,1788396241762729683
perception,1788396241755383594,3,8934782653693,1788396241815975412
perception,1788396241855696184,2,8934830095209,1788396241863416928
perception,1788396241855696184,3,8934883243623,1788396241916565342
perception,1788396241961247540,2,8934935281435,1788396241968603122
perception,1788396241961247540,3,8934988361302,1788396242021683021
perception,1788396242058341647,2,8935032709297,1788396242066031016
perception,1788396242058341647,3,8935086055766,1788396242119377453
perception,1788396242156487082,2,8935131369876,1788396242164691595
perception,1788396242156487082,3,8935184323754,1788396242217645505
perception,1788396242255786833,2,8935230849205,1788396242264170956
perception,1788396242255786833,3,8935284676140,1788396242317997859
perception,1788396242358251047,2,8935332456612,1788396242365778331
perception,1788396242358251047,3,8935385610914,1788396242418932633
perception,1788396242455467834,2,8935430705944,1788396242464027663
perception,1788396242455467834,3,8935483875542,1788396242517197229
perception,1788396242555982223,2,8935530099958,1788396242563421677
perception,1788396242555982223,3,8935582780226,1788396242616101945
perception,1788396242655127075,2,8935629061284,1788396242662383067
perception,1788396242655127075,3,8935682235778,1788396242715557497
perception,1788396242755445604,2,8935730268356,1788396242763590043
perception,1788396242755445604,3,8935783085110,1788396242816406893
perception,1788396242854049427,2,8935828110601,1788396242861432352
perception,1788396242854049427,3,8935881023838,1788396242914345557
perception,1788396242961735488,2,8935937049285,1788396242970371036
perception,1788396242961735488,3,8935990106335,1788396243023428054
