node,frame,point,mono_ns,real_ns
planner,0,0,9683352894823,9683352894833
planner,1,0,9683352894863,9683352894873
planner,2,0,9683352894893,9683352894913
planner,3,0,9683352894933,9683352894953
planner,4,0,9683352894973,9683352894993
planner,5,0,9683352895013,9683352895033
planner,6,0,9683352895053,9683352895073
planner,7,0,9683352895093,9683352895113
planner,8,0,9683352895133,9683352895143
planner,9,0,9683352895163,9683352895183
planner,10,0,9683352895203,9683352895223
planner,11,0,9683352895243,9683352895263
planner,12,0,9683352895283,9683352895303
planner,13,0,9683352895323,9683352895333
planner,14,0,9683352895353,9683352895373
planner,15,0,9683352895393,9683352895413
planner,16,0,9683352895433,9683352895453
planner,17,0,9683352895473,9683352895493
planner,18,0,9683352895513,9683352895533
planner,19,0,9683352895553,9683352895563
planner,20,0,9683352895583,9683352895603
planner,21,0,9683352895623,9683352895643
planner,22,0,9683352895663,9683352895683
planner,23,0,9683352895703,9683352895723
planner,24,0,9683352895743,9683352895753
planner,25,0,9683352895773,9683352895793
planner,26,0,9683352895813,9683352895833
planner,27,0,9683352895853,9683352895873
planner,28,0,9683352895893,9683352895913
planner,29,0,9683352895933,9683352895953
planner,30,0,9683352895973,9683352895983
planner,31,0,9683352896003,9683352896023
planner,32,0,9683352896043,9683352896063
planner,33,0,9683352896083,9683352896103
planner,34,0,9683352896123,9683352896143
planner,35,0,9683352896163,9683352896183
planner,36,0,9683352896203,9683352896213
planner,37,0,9683352896233,9683352896253
planner,38,0,9683352896273,9683352896293
planner,39,0,9683352896313,9683352896333
planner,40,0,9683352896353,9683352896373
planner,41,0,9683352896393,9683352896403
planner,42,0,9683352896423,9683352896443
planner,43,0,9683352896463,9683352896483
planner,44,0,9683352896503,9683352896523
planner,45,0,9683352896543,9683352896563
planner,46,0,9683352896583,9683352896603
planner,47,0,9683352896623,9683352896633
planner,48,0,9683352896653,9683352896673
planner,49,0,9683352896693,9683352896713
planner,50,0,9683352896733,9683352896753
planner,51,0,9683352896773,9683352896793
planner,52,0,9683352896813,9683352896823
planner,53,0,9683352896843,9683352896863
planner,54,0,9683352896883,9683352896903
planner,55,0,9683352896923,9683352896943
planner,56,0,9683352896963,9683352896983
planner,57,0,9683352897003,9683352897013
planner,58,0,9683352897043,9683352897053
planner,59,0,9683352897073,9683352897093
planner,60,0,9683352897113,9683352897133
planner,61,0,9683352897153,9683352897173
planner,62,0,9683352897193,9683352897213
planner,63,0,9683352897233,9683352897243
planner,64,0,9683352897263,9683352897283
planner,65,0,9683352897303,9683352897323
planner,66,0,9683352897343,9683352897363
planner,67,0,9683352897383,9683352897403
planner,68,0,9683352897423,9683352897433
planner,69,0,9683352897453,9683352897473
planner,70,0,9683352897493,9683352897513
planner,71,0,9683352897533,9683352897553
planner,72,0,9683352897573,9683352897593
planner,73,0,9683352897613,9683352897623
planner,74,0,9683352897643,9683352897663
planner,75,0,9683352897683,9683352897703
planner,76,0,9683352897723,9683352897743
planner,77,0,9683352897763,9683352897783
planner,78,0,9683352897803,9683352897823
planner,79,0,9683352897843,9683352897853
planner,80,0,9683352897873,9683352897893
planner,81,0,9683352897913,9683352897933
planner,82,0,9683352897953,9683352897973
planner,83,0,9683352897993,9683352898013
planner,84,0,9683352898033,9683352898043
planner,85,0,9683352898063,9683352898083
planner,86,0,9683352898103,9683352898123
planner,87,0,9683352898143,9683352898163
planner,88,0,9683352898183,9683352898203
planner,89,0,9683352898223,9683352898233
planner,90,0,9683352898253,9683352898273
planner,91,0,9683352898293,9683352898313
planner,92,0,9683352898333,9683352898353
planner,93,0,9683352898373,9683352898393
planner,94,0,9683352898413,9683352898433
planner,95,0,9683352898453,9683352898463
planner,96,0,9683352898483,9683352898503
planner,97,0,9683352898523,9683352898543
planner,98,0,9683352898563,9683352898583
planner,99,0,9683352898603,9683352898623
planner,100,0,9683352898643,9683352898653
planner,101,0,9683352898673,9683352898693
planner,102,0,9683352898713,9683352898733
planner,103,0,9683352898753,9683352898773
planner,104,0,9683352898793,9683352898813
planner,105,0,9683352898833,9683352898843
planner,106,0,9683352898863,9683352898883
planner,107,0,9683352898903,9683352898923
planner,108,0,9683352898943,9683352898963
planner,109,0,9683352898983,9683352899003
planner,110,0,9683352899023,9683352899033
planner,111,0,9683352899053,9683352899073
planner,112,0,9683352899093,9683352899113
planner,113,0,9683352899133,9683352899153
planner,114,0,9683352899173,9683352899193
planner,115,0,9683352899213,9683352899223
planner,116,0,9683352899243,9683352899263
planner,117,0,9683352899283,9683352899303
planner,118,0,9683352899323,9683352899343
planner,119,0,9683352899363,9683352899383
planner,120,0,9683352899403,9683352899413
planner,121,0,9683352899443,9683352899453
planner,122,0,9683352899473,9683352899493
planner,123,0,9683352899513,9683352899533
planner,124,0,9683352899553,9683352899573
planner,125,0,9683352899593,9683352899613
planner,126,0,9683352899633,9683352899643
planner,127,0,9683352899663,9683352899683
planner,128,0,9683352900503,9683352900523
planner,129,0,9683352900543,9683352900563
planner,130,0,9683352900583,9683352900603
planner,131,0,9683352900623,9683352900643
planner,132,0,9683352900663,9683352900683
planner,133,0,9683352900703,9683352900723
planner,134,0,9683352900743,9683352900753
planner,135,0,9683352900773,9683352900793
planner,136,0,9683352900813,9683352900833
planner,137,0,9683352900853,9683352900873
planner,138,0,9683352900893,9683352900913
planner,139,0,9683352900933,9683352900943
planner,140,0,9683352900963,9683352900983
planner,141,0,9683352901003,9683352901023
planner,142,0,9683352901043,9683352901063
planner,143,0,9683352901083,9683352901103
planner,144,0,9683352901123,9683352901133
planner,145,0,9683352901153,9683352901173
planner,146,0,9683352901193,9683352901213
planner,147,0,9683352901233,9683352901253
planner,148,0,9683352901273,9683352901293
planner,149,0,9683352901313,9683352901333
planner,150,0,9683352901353,9683352901363
planner,151,0,9683352901383,9683352901403
planner,152,0,9683352901423,9683352901443
planner,153,0,9683352901463,9683352901483
planner,154,0,9683352901503,9683352901523
planner,155,0,9683352901543,9683352901553
planner,156,0,9683352901573,9683352901593
planner,157,0,9683352901613,9683352901633
planner,158,0,9683352901653,9683352901673
planner,159,0,9683352901693,9683352901713
planner,160,0,9683352901733,9683352901743
planner,161,0,9683352901773,9683352901783
planner,162,0,9683352901803,9683352901823
planner,163,0,9683352901843,9683352901863
planner,164,0,9683352901883,9683352901903
planner,165,0,9683352901923,9683352901943
planner,166,0,9683352901963,9683352901973
planner,167,0,9683352901993,9683352902013
planner,168,0,9683352902033,9683352902053
planner,169,0,9683352902073,9683352902093
planner,170,0,9683352902113,9683352902133
planner,171,0,9683352902153,9683352902163
planner,172,0,9683352902183,9683352902203
planner,173,0,9683352902223,9683352902243
planner,174,0,9683352902263,9683352902283
planner,175,0,9683352902303,9683352902323
planner,176,0,9683352902343,9683352902363
planner,177,0,9683352902383,9683352902393
planner,178,0,9683352902413,9683352902433
planner,179,0,9683352902453,9683352902473
planner,180,0,9683352902493,9683352902513
planner,181,0,9683352902533,9683352902553
planner,182,0,9683352902573,9683352902583
planner,183,0,9683352902603,9683352902623
planner,184,0,9683352902643,9683352902663
planner,185,0,9683352902683,9683352902703
planner,186,0,9683352902723,9683352902743
planner,187,0,9683352902763,9683352902783
planner,188,0,9683352902803,9683352902813
planner,189,0,9683352902833,9683352902853
planner,190,0,9683352902873,9683352902893
planner,191,0,9683352902913,9683352902933
planner,192,0,9683352902953,9683352902973
planner,193,0,9683352902993,9683352903003
planner,194,0,9683352903023,9683352903043
planner,195,0,9683352903063,9683352903083
planner,196,0,9683352903103,9683352903123
planner,197,0,9683352903143,9683352903163
planner,198,0,9683352903183,9683352903203
planner,199,0,9683352903223,9683352903233
planner,200,0,9683352903253,9683352903273
planner,201,0,9683352903293,9683352903313
planner,202,0,9683352903333,9683352903353
planner,203,0,9683352903373,9683352903393
planner,204,0,9683352903413,9683352903423
planner,205,0,9683352903453,9683352903463
planner,206,0,9683352903483,9683352903503
planner,207,0,9683352903523,9683352903543
planner,208,0,9683352903563,9683352903583
planner,209,0,9683352903603,9683352903623
planner,210,0,9683352903643,9683352903653
planner,211,0,9683352903673,9683352903693
planner,212,0,9683352903713,9683352903733
planner,213,0,9683352903753,9683352903773
planner,214,0,9683352903793,9683352903813
planner,215,0,9683352903833,9683352903843
planner,216,0,9683352903873,9683352903883
planner,217,0,9683352903903,9683352903923
planner,218,0,9683352903943,9683352903963
planner,219,0,9683352903983,9683352904003
planner,220,0,9683352904023,9683352904043
planner,221,0,9683352904063,9683352904073
planner,222,0,9683352904093,9683352904113
planner,223,0,9683352904133,9683352904153
planner,224,0,9683352904173,9683352904193
planner,225,0,9683352904213,9683352904233
planner,226,0,9683352904253,9683352904263
planner,227,0,9683352904283,9683352904303
planner,228,0,9683352904323,9683352904343
planner,229,0,9683352904363,9683352904383
planner,230,0,9683352904403,9683352904423
planner,231,0,9683352904443,9683352904453
planner,232,0,9683352904483,9683352904493
planner,233,0,9683352904513,9683352904533
planner,234,0,9683352904553,9683352904573
planner,235,0,9683352904593,9683352904613
planner,236,0,9683352904633,9683352904653
planner,237,0,9683352904673,9683352904683
planner,238,0,9683352904703,9683352904723
planner,239,0,9683352904743,9683352904763
planner,240,0,9683352904783,9683352904803
planner,241,0,9683352904823,9683352904843
planner,242,0,9683352904863,9683352904873
planner,243,0,9683352904903,9683352904913
planner,244,0,9683352904933,9683352904953
planner,245,0,9683352904973,9683352904993
planner,246,0,9683352905013,9683352905033
planner,247,0,9683352905053,9683352905073
planner,248,0,9683352905093,9683352905103
planner,249,0,9683352905123,9683352905143
planner,250,0,9683352905163,9683352905183
planner,251,0,9683352905203,9683352905223
planner,252,0,9683352905243,9683352905263
planner,253,0,9683352905283,9683352905293
planner,254,0,9683352905313,9683352905333
planner,255,0,9683352905353,9683352905373
planner,256,0,9683352906043,9683352906053
planner,257,0,9683352906083,9683352906093
planner,258,0,9683352906113,9683352906133
planner,259,0,9683352906153,9683352906173
planner,260,0,9683352906193,9683352906213
planner,261,0,9683352906233,9683352906253
planner,262,0,9683352906273,9683352906293
planner,263,0,9683352906313,9683352906333
planner,264,0,9683352906353,9683352906363
planner,265,0,9683352906383,9683352906403
planner,266,0,9683352906423,9683352906443
planner,267,0,9683352906463,9683352906483
planner,268,0,9683352906503,9683352906523
planner,269,0,9683352906543,9683352906553
planner,270,0,9683352906573,9683352906593
planner,271,0,9683352906613,9683352906633
planner,272,0,9683352906653,9683352906673
planner,273,0,9683352906693,9683352906713
planner,274,0,9683352906733,9683352906753
planner,275,0,9683352906773,9683352906783
planner,276,0,9683352906803,9683352906823
planner,277,0,9683352906843,9683352906863
planner,278,0,9683352906883,9683352906903
planner,279,0,9683352906923,9683352906943
planner,280,0,9683352906963,9683352906973
planner,281,0,9683352906993,9683352907013
planner,282,0,9683352907033,9683352907053
planner,283,0,9683352907073,9683352907093
planner,284,0,9683352907113,9683352907133
planner,285,0,9683352907153,9683352907173
planner,286,0,9683352907193,9683352907203
planner,287,0,9683352907223,9683352907243
planner,288,0,9683352907263,9683352907283
planner,289,0,9683352907303,9683352907323
planner,290,0,9683352907343,9683352907363
planner,291,0,9683352907383,9683352907393
planner,292,0,9683352907413,9683352907433
planner,293,0,9683352907453,9683352907473
planner,294,0,9683352907493,9683352907513
planner,295,0,9683352907533,9683352907553
planner,296,0,9683352907573,9683352907583
planner,297,0,9683352907613,9683352907623
planner,298,0,9683352907643,9683352907663
planner,299,0,9683352907683,9683352907703
planner,300,0,9683352907723,9683352907743
planner,301,0,9683352907763,9683352907783
planner,302,0,9683352907803,9683352907813
planner,303,0,9683352907833,9683352907853
planner,304,0,9683352907873,9683352907893
planner,305,0,9683352907913,9683352907933
planner,306,0,9683352907953,9683352907973
planner,307,0,9683352907993,9683352908003
planner,308,0,9683352908023,9683352908043
planner,309,0,9683352908063,9683352908083
planner,310,0,9683352908103,9683352908123
planner,311,0,9683352908143,9683352908163
planner,312,0,9683352908183,9683352908203
planner,313,0,9683352908223,9683352908233
planner,314,0,9683352908253,9683352908273
planner,315,0,9683352908293,9683352908313
planner,316,0,9683352908333,9683352908353
planner,317,0,9683352908373,9683352908393
planner,318,0,9683352908413,9683352908423
planner,319,0,9683352908443,9683352908463
planner,320,0,9683352908483,9683352908503
planner,321,0,9683352908523,9683352908543
planner,322,0,9683352908563,9683352908583
planner,323,0,9683352908603,9683352908623
planner,324,0,9683352908643,9683352908653
planner,325,0,9683352908673,9683352908693
planner,326,0,9683352908713,9683352908733
planner,327,0,9683352908753,9683352908773
planner,328,0,9683352908793,9683352908813
planner,329,0,9683352908833,9683352908843
planner,330,0,9683352908863,9683352908883
planner,331,0,9683352908903,9683352908923
planner,332,0,9683352908943,9683352908963
planner,333,0,9683352908983,9683352909003
planner,334,0,9683352909023,9683352909043
planner,335,0,9683352909063,9683352909073
planner,336,0,9683352909093,9683352909113
planner,337,0,9683352909133,9683352909153
planner,338,0,9683352909173,9683352909193
planner,339,0,9683352909213,9683352909233
planner,340,0,9683352909253,9683352909263
planner,341,0,9683352909283,9683352909303
planner,342,0,9683352909323,9683352909343
planner,343,0,9683352909363,9683352909383
planner,344,0,9683352909403,9683352909423
planner,345,0,9683352909443,9683352909453
planner,346,0,9683352909483,9683352909493
planner,347,0,9683352909513,9683352909533
planner,348,0,9683352909553,9683352909573
planner,349,0,9683352909593,9683352909613
planner,350,0,9683352909633,9683352909653
planner,351,0,9683352909673,9683352909683
planner,352,0,9683352909703,9683352909723
planner,353,0,9683352909743,9683352909763
planner,354,0,9683352909783,9683352909803
planner,355,0,9683352909823,9683352909843
planner,356,0,9683352909863,9683352909873
planner,357,0,9683352909903,9683352909913
planner,358,0,9683352909933,9683352909953
planner,359,0,9683352909973,9683352909993
planner,360,0,9683352910013,9683352910033
planner,361,0,9683352910053,9683352910073
planner,362,0,9683352910093,9683352910103
planner,363,0,9683352910123,9683352910143
planner,364,0,9683352910163,9683352910183
planner,365,0,9683352910203,9683352910223
planner,366,0,9683352910243,9683352910263
planner,367,0,9683352910283,9683352910293
planner,368,0,9683352910323,9683352910333
planner,369,0,9683352910353,9683352910373
planner,370,0,9683352910393,9683352910413
planner,371,0,9683352910433,9683352910453
planner,372,0,9683352910473,9683352910493
planner,373,0,9683352910513,9683352910523
planner,374,0,9683352910543,9683352910563
planner,375,0,9683352910583,9683352910603
planner,376,0,9683352910623,9683352910643
planner,377,0,9683352910663,9683352910683
planner,378,0,9683352910703,9683352910723
planner,379,0,9683352910743,9683352910753
planner,380,0,9683352910773,9683352910793
planner,381,0,9683352910813,9683352910833
planner,382,0,9683352910853,9683352910873
planner,383,0,9683352910893,9683352910913
planner,384,0,9683352911593,9683352911613
planner,385,0,9683352911633,9683352911653
planner,386,0,9683352911673,9683352911693
planner,387,0,9683352911713,9683352911733
planner,388,0,9683352911753,9683352911773
planner,389,0,9683352911793,9683352911813
planner,390,0,9683352911833,9683352911843
planner,391,0,9683352911863,9683352911883
planner,392,0,9683352911903,9683352911923
planner,393,0,9683352911943,9683352911963
planner,394,0,9683352911983,9683352912003
planner,395,0,9683352912023,9683352912043
planner,396,0,9683352912063,9683352912073
planner,397,0,9683352912093,9683352912113
planner,398,0,9683352912133,9683352912153
planner,399,0,9683352912173,9683352912193
planner,400,0,9683352912213,9683352912233
planner,401,0,9683352912253,9683352912263
planner,402,0,9683352912283,9683352912303
planner,403,0,9683352912323,9683352912343
planner,404,0,9683352912363,9683352912383
planner,405,0,9683352912403,9683352912423
planner,406,0,9683352912443,9683352912463
planner,407,0,9683352912483,9683352912493
planner,408,0,9683352912513,9683352912533
planner,409,0,9683352912553,9683352912573
planner,410,0,9683352912593,9683352912613
planner,411,0,9683352912633,9683352912653
planner,412,0,9683352912673,9683352912683
planner,413,0,9683352912703,9683352912723
planner,414,0,9683352912743,9683352912763
planner,415,0,9683352912783,9683352912803
planner,416,0,9683352912823,9683352912843
planner,417,0,9683352912863,9683352912873
planner,418,0,9683352912893,9683352912913
planner,419,0,9683352912933,9683352912953
planner,420,0,9683352912973,9683352912993
planner,421,0,9683352913013,9683352913033
planner,422,0,9683352913053,9683352913063
planner,423,0,9683352913093,9683352913103
planner,424,0,9683352913123,9683352913143
planner,425,0,9683352913163,9683352913183
planner,426,0,9683352913203,9683352913223
planner,427,0,9683352913243,9683352913263
planner,428,0,9683352913283,9683352913293
planner,429,0,9683352913313,9683352913333
planner,430,0,9683352913353,9683352913373
planner,431,0,9683352913393,9683352913413
planner,432,0,9683352913433,9683352913453
planner,433,0,9683352913473,9683352913483
planner,434,0,9683352913503,9683352913523
planner,435,0,9683352913543,9683352913563
planner,436,0,9683352913583,9683352913603
planner,437,0,9683352913623,9683352913643
planner,438,0,9683352913663,9683352913673
planner,439,0,9683352913693,9683352913713
planner,440,0,9683352913733,9683352913753
planner,441,0,9683352913773,9683352913793
planner,442,0,9683352913813,9683352913833
planner,443,0,9683352913853,9683352913863
planner,444,0,9683352913893,9683352913903
planner,445,0,9683352913923,9683352913943
planner,446,0,9683352913963,9683352913983
planner,447,0,9683352914003,9683352914023
planner,448,0,9683352914043,9683352914063
planner,449,0,9683352914083,9683352914093
planner,450,0,9683352914113,9683352914133
planner,451,0,9683352914153,9683352914173
planner,452,0,9683352914193,9683352914213
planner,453,0,9683352914233,9683352914253
planner,454,0,9683352914273,9683352914283
planner,455,0,9683352914303,9683352914323
planner,456,0,9683352914343,9683352914363
planner,457,0,9683352914383,9683352914403
planner,458,0,9683352914423,9683352914443
planner,459,0,9683352914463,9683352914473
planner,460,0,9683352914493,9683352914513
planner,461,0,9683352914533,9683352914553
planner,462,0,9683352914573,9683352914593
planner,463,0,9683352914613,9683352914633
planner,464,0,9683352914653,9683352914673
planner,465,0,9683352914693,9683352914703
planner,466,0,9683352914723,9683352914743
planner,467,0,9683352914763,9683352914783
planner,468,0,9683352914803,9683352914823
planner,469,0,9683352914843,9683352914863
planner,470,0,9683352914883,9683352914893
planner,471,0,9683352914913,9683352914933
planner,472,0,9683352914953,9683352914973
planner,473,0,9683352914993,9683352915013
planner,474,0,9683352915033,9683352915053
planner,475,0,9683352915073,9683352915093
planner,476,0,9683352915113,9683352915123
planner,477,0,9683352915143,9683352915163
planner,478,0,9683352915183,9683352915203
planner,479,0,9683352915223,9683352915243
planner,480,0,9683352915263,9683352915283
planner,481,0,9683352915303,9683352915323
planner,482,0,9683352915343,9683352915353
planner,483,0,9683352915373,9683352915393
planner,484,0,9683352915413,9683352915433
planner,485,0,9683352915453,9683352915473
planner,486,0,9683352915493,9683352915513
planner,487,0,9683352915533,9683352915543
planner,488,0,9683352915563,9683352915583
planner,489,0,9683352915603,9683352915623
planner,490,0,9683352915643,9683352915663
planner,491,0,9683352915683,9683352915703
planner,492,0,9683352915723,9683352915743
planner,493,0,9683352915763,9683352915773
planner,494,0,9683352915793,9683352915813
planner,495,0,9683352915833,9683352915853
planner,496,0,9683352915873,9683352915893
planner,497,0,9683352915913,9683352915933
planner,498,0,9683352915953,9683352915973
planner,499,0,9683352915993,9683352916003
planner,500,0,9683352916023,9683352916043
planner,501,0,9683352916063,9683352916083
planner,502,0,9683352916103,9683352916123
planner,503,0,9683352916143,9683352916163
planner,504,0,9683352916183,9683352916193
planner,505,0,9683352916223,9683352916233
planner,506,0,9683352916253,9683352916273
planner,507,0,9683352916293,9683352916313
planner,508,0,9683352916333,9683352916353
planner,509,0,9683352916373,9683352916393
planner,510,0,9683352916413,9683352916423
planner,511,0,9683352916443,9683352916463
planner,512,0,9683352917633,9683352917653
planner,513,0,9683352917673,9683352917693
planner,514,0,9683352917713,9683352917733
planner,515,0,9683352917753,9683352917773
planner,516,0,9683352917793,9683352917813
planner,517,0,9683352917833,9683352917853
planner,518,0,9683352917873,9683352917883
planner,519,0,9683352917903,9683352917923
planner,520,0,9683352917943,9683352917963
planner,521,0,9683352917983,9683352918003
planner,522,0,9683352918023,9683352918043
planner,523,0,9683352918063,9683352918083
planner,524,0,9683352918103,9683352918113
planner,525,0,9683352918133,9683352918153
planner,526,0,9683352918173,9683352918193
planner,527,0,9683352918213,9683352918233
planner,528,0,9683352918253,9683352918273
planner,529,0,9683352918293,9683352918303
planner,530,0,9683352918323,9683352918343
planner,531,0,9683352918363,9683352918383
planner,532,0,9683352918403,9683352918423
planner,533,0,9683352918443,9683352918463
planner,534,0,9683352918483,9683352918493
planner,535,0,9683352918523,9683352918533
planner,536,0,9683352918553,9683352918573
planner,537,0,9683352918593,9683352918613
planner,538,0,9683352918633,9683352918653
planner,539,0,9683352918673,9683352918693
planner,540,0,9683352918713,9683352918723
planner,541,0,9683352918743,9683352918763
planner,542,0,9683352918783,9683352918803
planner,543,0,9683352918823,9683352918843
planner,544,0,9683352918863,9683352918883
planner,545,0,9683352918903,9683352918913
planner,546,0,9683352918933,9683352918953
planner,547,0,9683352918973,9683352918993
planner,548,0,9683352919013,9683352919033
planner,549,0,9683352919053,9683352919073
planner,550,0,9683352919093,9683352919103
planner,551,0,9683352919123,9683352919143
planner,552,0,9683352919163,9683352919183
planner,553,0,9683352919203,9683352919223
planner,554,0,9683352919243,9683352919263
planner,555,0,9683352919283,9683352919293
planner,556,0,9683352919323,9683352919333
planner,557,0,9683352919353,9683352919373
planner,558,0,9683352919393,9683352919413
planner,559,0,9683352919433,9683352919453
planner,560,0,9683352919473,9683352919493
planner,561,0,9683352919513,9683352919523
planner,562,0,9683352919543,9683352919563
planner,563,0,9683352919583,9683352919603
planner,564,0,9683352919623,9683352919643
planner,565,0,9683352919663,9683352919683
planner,566,0,9683352919703,9683352919713
planner,567,0,9683352919743,9683352919753
planner,568,0,9683352919773,9683352919793
planner,569,0,9683352919813,9683352919833
planner,570,0,9683352919853,9683352919873
planner,571,0,9683352919893,9683352919913
planner,572,0,9683352919933,9683352919943
planner,573,0,9683352919963,9683352919983
planner,574,0,9683352920003,9683352920023
planner,575,0,9683352920043,9683352920063
planner,576,0,9683352920083,9683352920103
planner,577,0,9683352920123,9683352920133
planner,578,0,9683352920163,9683352920173
planner,579,0,9683352920193,9683352920213
planner,580,0,9683352920233,9683352920253
planner,581,0,9683352920273,9683352920293
planner,582,0,9683352920313,9683352920333
planner,583,0,9683352920353,9683352920363
planner,584,0,9683352920383,9683352920403
planner,585,0,9683352920423,9683352920443
planner,586,0,9683352920463,9683352920483
planner,587,0,9683352920503,9683352920523
planner,588,0,9683352920543,9683352920553
planner,589,0,9683352920573,9683352920593
planner,590,0,9683352920613,9683352920633
planner,591,0,9683352920653,9683352920673
planner,592,0,9683352920693,9683352920713
planner,593,0,9683352920733,9683352920743
planner,594,0,9683352920773,9683352920783
planner,595,0,9683352920803,9683352920823
planner,596,0,9683352920843,9683352920863
planner,597,0,9683352920883,9683352920903
planner,598,0,9683352920923,9683352920943
planner,599,0,9683352920963,9683352920973
planner,600,0,9683352920993,9683352921013
planner,601,0,9683352921033,9683352921053
planner,602,0,9683352921073,9683352921093
planner,603,0,9683352921113,9683352921133
planner,604,0,9683352921153,9683352921163
planner,605,0,9683352921193,9683352921203
planner,606,0,9683352921223,9683352921243
planner,607,0,9683352921263,9683352921283
planner,608,0,9683352921303,9683352921323
planner,609,0,9683352921343,9683352921363
planner,610,0,9683352921383,9683352921393
planner,611,0,9683352921413,9683352921433
planner,612,0,9683352921453,9683352921473
planner,613,0,9683352921493,9683352921513
planner,614,0,9683352921533,9683352921553
planner,615,0,9683352921573,9683352921583
planner,616,0,9683352921603,9683352921623
planner,617,0,9683352921643,9683352921663
planner,618,0,9683352921683,9683352921703
planner,619,0,9683352921723,9683352921743
planner,620,0,9683352921763,9683352921783
planner,621,0,9683352921803,9683352921813
planner,622,0,9683352921833,9683352921853
planner,623,0,9683352921873,9683352921893
planner,624,0,9683352921913,9683352921933
planner,625,0,9683352921953,9683352921973
planner,626,0,9683352921993,9683352922003
planner,627,0,9683352922033,9683352922043
planner,628,0,9683352922063,9683352922083
planner,629,0,9683352922103,9683352922123
planner,630,0,9683352922143,9683352922163
planner,631,0,9683352922183,9683352922203
planner,632,0,9683352922223,9683352922233
planner,633,0,9683352922253,9683352922273
planner,634,0,9683352922293,9683352922313
planner,635,0,9683352922333,9683352922353
planner,636,0,9683352922373,9683352922393
planner,637,0,9683352922413,9683352922423
planner,638,0,9683352922443,9683352922463
planner,639,0,9683352922483,9683352922503
planner,640,0,9683352922953,9683352922973
planner,641,0,9683352922993,9683352923013
planner,642,0,9683352923033,9683352923043
planner,643,0,9683352923073,9683352923083
planner,644,0,9683352923103,9683352923123
planner,645,0,9683352923143,9683352923163
planner,646,0,9683352923183,9683352923203
planner,647,0,9683352923223,9683352923243
planner,648,0,9683352923263,9683352923283
planner,649,0,9683352923303,9683352923313
planner,650,0,9683352923333,9683352923353
planner,651,0,9683352923373,9683352923393
planner,652,0,9683352923413,9683352923433
planner,653,0,9683352923453,9683352923473
planner,654,0,9683352923493,9683352923503
planner,655,0,9683352923533,9683352923543
planner,656,0,9683352923563,9683352923583
planner,657,0,9683352923603,9683352923623
planner,658,0,9683352923643,9683352923663
planner,659,0,9683352923683,9683352923703
planner,660,0,9683352923723,9683352923733
planner,661,0,9683352923753,9683352923773
planner,662,0,9683352923793,9683352923813
planner,663,0,9683352923833,9683352923853
planner,664,0,9683352923873,9683352923893
planner,665,0,9683352923913,9683352923933
planner,666,0,9683352923953,9683352923963
planner,667,0,9683352923983,9683352924003
planner,668,0,9683352924023,9683352924043
planner,669,0,9683352924063,9683352924083
planner,670,0,9683352924103,9683352924123
planner,671,0,9683352924143,9683352924153
planner,672,0,9683352924173,9683352924193
planner,673,0,9683352924213,9683352924233
planner,674,0,9683352924253,9683352924273
planner,675,0,9683352924293,9683352924313
planner,676,0,9683352924333,9683352924353
planner,677,0,9683352924373,9683352924383
planner,678,0,9683352924403,9683352924423
planner,679,0,9683352924443,9683352924463
planner,680,0,9683352924483,9683352924503
planner,681,0,9683352924523,9683352924543
planner,682,0,9683352924563,9683352924573
planner,683,0,9683352924593,9683352924613
planner,684,0,9683352924633,9683352924653
planner,685,0,9683352924673,9683352924693
planner,686,0,9683352924713,9683352924733
planner,687,0,9683352924753,9683352924763
planner,688,0,9683352924783,9683352924803
planner,689,0,9683352924823,9683352924843
planner,690,0,9683352924863,9683352924883
planner,691,0,9683352924903,9683352924923
planner,692,0,9683352924943,9683352924963
planner,693,0,9683352924983,9683352924993
planner,694,0,9683352925013,9683352925033
planner,695,0,9683352925053,9683352925073
planner,696,0,9683352925093,9683352925113
planner,697,0,9683352925133,9683352925153
planner,698,0,9683352925173,9683352925183
planner,699,0,9683352925203,9683352925223
planner,700,0,9683352925243,9683352925263
planner,701,0,9683352925283,9683352925303
planner,702,0,9683352925323,9683352925343
planner,703,0,9683352925363,9683352925383
planner,704,0,9683352925403,9683352925413
planner,705,0,9683352925433,9683352925453
planner,706,0,9683352925473,9683352925493
planner,707,0,9683352925513,9683352925533
planner,708,0,9683352925553,9683352925573
planner,709,0,9683352925593,9683352925603
planner,710,0,9683352925623,9683352925643
planner,711,0,9683352925663,9683352925683
planner,712,0,9683352925703,9683352925723
planner,713,0,9683352925743,9683352925763
planner,714,0,9683352925783,9683352925793
planner,715,0,9683352925813,9683352925833
planner,716,0,9683352925853,9683352925873
planner,717,0,9683352925893,9683352925913
planner,718,0,9683352925933,9683352925953
planner,719,0,9683352925973,9683352925993
planner,720,0,9683352926013,9683352926023
planner,721,0,9683352926043,9683352926063
planner,722,0,9683352926083,9683352926103
planner,723,0,9683352926123,9683352926143
planner,724,0,9683352926163,9683352926183
planner,725,0,9683352926203,9683352926213
planner,726,0,9683352926233,9683352926253
planner,727,0,9683352926273,9683352926293
planner,728,0,9683352926313,9683352926333
planner,729,0,9683352926353,9683352926373
planner,730,0,9683352926393,9683352926403
planner,731,0,9683352926423,9683352926443
planner,732,0,9683352926463,9683352926483
planner,733,0,9683352926503,9683352926523
planner,734,0,9683352926543,9683352926563
planner,735,0,9683352926583,9683352926593
planner,736,0,9683352926623,9683352926633
planner,737,0,9683352926653,9683352926673
planner,738,0,9683352926693,9683352926713
planner,739,0,9683352926733,9683352926753
planner,740,0,9683352926773,9683352926793
planner,741,0,9683352926813,9683352926823
planner,742,0,9683352926843,9683352926863
planner,743,0,9683352926883,9683352926903
planner,744,0,9683352926923,9683352926943
planner,745,0,9683352926963,9683352926983
planner,746,0,9683352927003,9683352927013
planner,747,0,9683352927033,9683352927053
planner,748,0,9683352927073,9683352927093
planner,749,0,9683352927113,9683352927133
planner,750,0,9683352927153,9683352927173
planner,751,0,9683352927193,9683352927213
planner,752,0,9683352927233,9683352927243
planner,753,0,9683352927263,9683352927283
planner,754,0,9683352927303,9683352927323
planner,755,0,9683352927343,9683352927363
planner,756,0,9683352927383,9683352927403
planner,757,0,9683352927423,9683352927433
planner,758,0,9683352927453,9683352927473
planner,759,0,9683352927493,9683352927513
planner,760,0,9683352927533,9683352927553
planner,761,0,9683352927573,9683352927593
planner,762,0,9683352927613,9683352927633
planner,763,0,9683352927653,9683352927663
planner,764,0,9683352927683,9683352927703
planner,765,0,9683352927723,9683352927743
planner,766,0,9683352927763,9683352927783
planner,767,0,9683352927803,9683352927823
planner,768,0,9683352928273,9683352928293
planner,769,0,9683352928313,9683352928333
planner,770,0,9683352928353,9683352928373
planner,771,0,9683352928393,9683352928413
planner,772,0,9683352928433,9683352928443
planner,773,0,9683352928473,9683352928483
planner,774,0,9683352928503,9683352928523
planner,775,0,9683352928543,9683352928563
planner,776,0,9683352928583,9683352928603
planner,777,0,9683352928623,9683352928643
planner,778,0,9683352928663,9683352928673
planner,779,0,9683352928693,9683352928713
planner,780,0,9683352928733,9683352928753
planner,781,0,9683352928773,9683352928793
planner,782,0,9683352928813,9683352928833
planner,783,0,9683352928853,9683352928873
planner,784,0,9683352928893,9683352928903
planner,785,0,9683352928923,9683352928943
planner,786,0,9683352928963,9683352928983
planner,787,0,9683352929003,9683352929023
planner,788,0,9683352929043,9683352929063
planner,789,0,9683352929083,9683352929093
planner,790,0,9683352929113,9683352929133
planner,791,0,9683352929153,9683352929173
planner,792,0,9683352929193,9683352929213
planner,793,0,9683352929233,9683352929253
planner,794,0,9683352929273,9683352929283
planner,795,0,9683352929313,9683352929323
planner,796,0,9683352929343,9683352929363
planner,797,0,9683352929383,9683352929403
planner,798,0,9683352929423,9683352929443
planner,799,0,9683352929463,9683352929483
planner,800,0,9683352929503,9683352929513
planner,801,0,9683352929533,9683352929553
planner,802,0,9683352929573,9683352929593
planner,803,0,9683352929613,9683352929633
planner,804,0,9683352929653,9683352929673
planner,805,0,9683352929693,9683352929703
planner,806,0,9683352929723,9683352929743
planner,807,0,9683352929763,9683352929783
planner,808,0,9683352929803,9683352929823
planner,809,0,9683352929843,9683352929863
planner,810,0,9683352929883,9683352929903
planner,811,0,9683352929923,9683352929933
planner,812,0,9683352929953,9683352929973
planner,813,0,9683352929993,9683352930013
planner,814,0,9683352930033,9683352930053
planner,815,0,9683352930073,9683352930093
planner,816,0,9683352930113,9683352930123
planner,817,0,9683352930153,9683352930163
planner,818,0,9683352930183,9683352930203
planner,819,0,9683352930223,9683352930243
planner,820,0,9683352930263,9683352930283
planner,821,0,9683352930303,9683352930323
planner,822,0,9683352930343,9683352930353
planner,823,0,9683352930373,9683352930393
planner,824,0,9683352930413,9683352930433
planner,825,0,9683352930453,9683352930473
planner,826,0,9683352930493,9683352930513
planner,827,0,9683352930533,9683352930553
planner,828,0,9683352930573,9683352930583
planner,829,0,9683352930603,9683352930623
planner,830,0,9683352930643,9683352930663
planner,831,0,9683352930683,9683352930703
planner,832,0,9683352930723,9683352930743
planner,833,0,9683352930763,9683352930783
planner,834,0,9683352930803,9683352930813
planner,835,0,9683352930833,9683352930853
planner,836,0,9683352930873,9683352930893
planner,837,0,9683352930913,9683352930933
planner,838,0,9683352930953,9683352930973
planner,839,0,9683352930993,9683352931003
planner,840,0,9683352931033,9683352931043
planner,841,0,9683352931063,9683352931083
planner,842,0,9683352931103,9683352931123
planner,843,0,9683352931143,9683352931163
planner,844,0,9683352931183,9683352931203
planner,845,0,9683352931223,9683352931233
planner,846,0,9683352931253,9683352931273
planner,847,0,9683352931293,9683352931313
planner,848,0,9683352931333,9683352931353
planner,849,0,9683352931373,9683352931393
planner,850,0,9683352931413,9683352931433
planner,851,0,9683352931453,9683352931463
planner,852,0,9683352931483,9683352931503
planner,853,0,9683352931523,9683352931543
planner,854,0,9683352931563,9683352931583
planner,855,0,9683352931603,9683352931623
planner,856,0,9683352931643,9683352931653
planner,857,0,9683352931683,9683352931693
planner,858,0,9683352931713,9683352931733
planner,859,0,9683352931753,9683352931773
planner,860,0,9683352931793,9683352931813
planner,861,0,9683352931833,9683352931853
planner,862,0,9683352931873,9683352931883
planner,863,0,9683352931903,9683352931923
planner,864,0,9683352931943,9683352931963
planner,865,0,9683352931983,9683352932003
planner,866,0,9683352932023,9683352932043
planner,867,0,9683352932063,9683352932083
planner,868,0,9683352932103,9683352932113
planner,869,0,9683352932133,9683352932153
planner,870,0,9683352932173,9683352932193
planner,871,0,9683352932213,9683352932233
planner,872,0,9683352932253,9683352932273
planner,873,0,9683352932293,9683352932313
planner,874,0,9683352932333,9683352932343
planner,875,0,9683352932363,9683352932383
planner,876,0,9683352932403,9683352932423
planner,877,0,9683352932443,9683352932463
planner,878,0,9683352932483,9683352932503
planner,879,0,9683352932523,9683352932533
planner,880,0,9683352932553,9683352932573
planner,881,0,9683352932593,9683352932613
planner,882,0,9683352932633,9683352932653
planner,883,0,9683352932673,9683352932693
planner,884,0,9683352932713,9683352932733
planner,885,0,9683352932753,9683352932763
planner,886,0,9683352932783,9683352932803
planner,887,0,9683352932823,9683352932843
planner,888,0,9683352932863,9683352932883
planner,889,0,9683352932903,9683352932923
planner,890,0,9683352932943,9683352932953
planner,891,0,9683352932973,9683352932993
planner,892,0,9683352933013,9683352933033
planner,893,0,9683352933053,9683352933073
planner,894,0,9683352933093,9683352933113
planner,895,0,9683352933133,9683352933143
planner,896,0,9683352933633,9683352933653
planner,897,0,9683352933673,9683352933693
planner,898,0,9683352933713,9683352933733
planner,899,0,9683352933753,9683352933773
planner,900,0,9683352933793,9683352933813
planner,901,0,9683352933833,9683352933843
planner,902,0,9683352933863,9683352933883
planner,903,0,9683352933903,9683352933923
planner,904,0,9683352933943,9683352933963
planner,905,0,9683352933983,9683352934003
planner,906,0,9683352934023,9683352934043
planner,907,0,9683352934063,9683352934073
planner,908,0,9683352934093,9683352934113
planner,909,0,9683352934133,9683352934153
planner,910,0,9683352934173,9683352934193
planner,911,0,9683352934213,9683352934233
planner,912,0,9683352934253,9683352934263
planner,913,0,9683352934283,9683352934303
planner,914,0,9683352934323,9683352934343
planner,915,0,9683352934363,9683352934383
planner,916,0,9683352934403,9683352934423
planner,917,0,9683352934443,9683352934453
planner,918,0,9683352934483,9683352934493
planner,919,0,9683352934513,9683352934533
planner,920,0,9683352934553,9683352934573
planner,921,0,9683352934593,9683352934613
planner,922,0,9683352934633,9683352934653
planner,923,0,9683352934673,9683352934683
planner,924,0,9683352934703,9683352934723
planner,925,0,9683352934743,9683352934763
planner,926,0,9683352934783,9683352934803
planner,927,0,9683352934823,9683352934843
planner,928,0,9683352934863,9683352934883
planner,929,0,9683352934903,9683352934913
planner,930,0,9683352934933,9683352934953
planner,931,0,9683352934973,9683352934993
planner,932,0,9683352935013,9683352935033
planner,933,0,9683352935053,9683352935073
planner,934,0,9683352935093,9683352935103
planner,935,0,9683352935123,9683352935143
planner,936,0,9683352935163,9683352935183
planner,937,0,9683352935203,9683352935223
planner,938,0,9683352935243,9683352935263
planner,939,0,9683352935283,9683352935303
planner,940,0,9683352935323,9683352935333
planner,941,0,9683352935353,9683352935373
planner,942,0,9683352935393,9683352935413
planner,943,0,9683352935433,9683352935453
planner,944,0,9683352935473,9683352935493
planner,945,0,9683352935513,9683352935523
planner,946,0,9683352935543,9683352935563
planner,947,0,9683352935583,9683352935603
planner,948,0,9683352935623,9683352935643
planner,949,0,9683352935663,9683352935683
planner,950,0,9683352935703,9683352935723
planner,951,0,9683352935743,9683352935753
planner,952,0,9683352935773,9683352935793
planner,953,0,9683352935813,9683352935833
planner,954,0,9683352935853,9683352935873
planner,955,0,9683352935893,9683352935913
planner,956,0,9683352935933,9683352935943
planner,957,0,9683352935963,9683352935983
planner,958,0,9683352936003,9683352936023
planner,959,0,9683352936043,9683352936063
planner,960,0,9683352936083,9683352936103
planner,961,0,9683352936123,9683352936133
planner,962,0,9683352936153,9683352936173
planner,963,0,9683352936193,9683352936213
planner,964,0,9683352936233,9683352936253
planner,965,0,9683352936273,9683352936293
planner,966,0,9683352936313,9683352936333
planner,967,0,9683352936353,9683352936363
planner,968,0,9683352936383,9683352936403
planner,969,0,9683352936423,9683352936443
planner,970,0,9683352936463,9683352936483
planner,971,0,9683352936503,9683352936523
planner,972,0,9683352936543,9683352936553
planner,973,0,9683352936573,9683352936593
planner,974,0,9683352936613,9683352936633
planner,975,0,9683352936653,9683352936673
planner,976,0,9683352936693,9683352936713
planner,977,0,9683352936733,9683352936743
planner,978,0,9683352936763,9683352936783
planner,979,0,9683352936803,9683352936823
planner,980,0,9683352936843,9683352936863
planner,981,0,9683352936883,9683352936903
planner,982,0,9683352936923,9683352936943
planner,983,0,9683352936963,9683352936973
planner,984,0,9683352936993,9683352937013
planner,985,0,9683352937033,9683352937053
planner,986,0,9683352937073,9683352937093
planner,987,0,9683352937113,9683352937133
planner,988,0,9683352937153,9683352937163
planner,989,0,9683352937183,9683352937203
planner,990,0,9683352937223,9683352937243
planner,991,0,9683352937263,9683352937283
planner,992,0,9683352937303,9683352937323
planner,993,0,9683352937343,9683352937353
planner,994,0,9683352937383,9683352937393
planner,995,0,9683352937413,9683352937433
planner,996,0,9683352937453,9683352937473
planner,997,0,9683352937493,9683352937513
planner,998,0,9683352937533,9683352937553
planner,999,0,9683352937573,9683352937583
planner,1000,0,9683352937603,9683352937623
planner,1001,0,9683352937643,9683352937663
planner,1002,0,9683352937683,9683352937703
planner,1003,0,9683352937723,9683352937743
planner,1004,0,9683352937763,9683352937773
planner,1005,0,9683352937793,9683352937813
planner,1006,0,9683352937833,9683352937853
planner,1007,0,9683352937873,9683352937893
planner,1008,0,9683352937913,9683352937933
planner,1009,0,9683352937953,9683352937973
planner,1010,0,9683352937993,9683352938003
planner,1011,0,9683352938023,9683352938043
planner,1012,0,9683352938063,9683352938083
planner,1013,0,9683352938103,9683352938123
planner,1014,0,9683352938143,9683352938163
planner,1015,0,9683352938183,9683352938193
planner,1016,0,9683352938223,9683352938233
planner,1017,0,9683352938253,9683352938273
planner,1018,0,9683352938293,9683352938313
planner,1019,0,9683352938333,9683352938353
planner,1020,0,9683352938373,9683352938393
planner,1021,0,9683352938413,9683352938423
planner,1022,0,9683352938443,9683352938463
planner,1023,0,9683352938483,9683352938503
planner,1024,0,9683352938953,9683352938973
planner,1025,0,9683352938993,9683352939013
planner,1026,0,9683352939033,9683352939053
planner,1027,0,9683352939073,9683352939083
planner,1028,0,9683352939113,9683352939123
planner,1029,0,9683352939143,9683352939163
planner,1030,0,9683352939183,9683352939203
planner,1031,0,9683352939223,9683352939243
planner,1032,0,9683352939263,9683352939283
planner,1033,0,9683352939303,9683352939323
planner,1034,0,9683352939343,9683352939353
planner,1035,0,9683352939373,9683352939393
planner,1036,0,9683352939413,9683352939433
planner,1037,0,9683352939453,9683352939473
planner,1038,0,9683352939493,9683352939513
planner,1039,0,9683352939533,9683352939543
planner,1040,0,9683352939563,9683352939583
planner,1041,0,9683352939603,9683352939623
planner,1042,0,9683352939643,9683352939663
planner,1043,0,9683352939683,9683352939703
planner,1044,0,9683352939723,9683352939733
planner,1045,0,9683352939763,9683352939773
planner,1046,0,9683352939793,9683352939813
planner,1047,0,9683352939833,9683352939853
planner,1048,0,9683352939873,9683352939893
planner,1049,0,9683352939913,9683352939933
planner,1050,0,9683352939953,9683352939963
planner,1051,0,9683352939983,9683352940003
planner,1052,0,9683352940023,9683352940043
planner,1053,0,9683352940063,9683352940083
planner,1054,0,9683352940103,9683352940123
planner,1055,0,9683352940143,9683352940153
planner,1056,0,9683352940173,9683352940193
planner,1057,0,9683352940213,9683352940233
planner,1058,0,9683352940253,9683352940273
planner,1059,0,9683352940293,9683352940313
planner,1060,0,9683352940333,9683352940343
planner,1061,0,9683352940363,9683352940383
planner,1062,0,9683352940403,9683352940423
planner,1063,0,9683352940443,9683352940463
planner,1064,0,9683352940483,9683352940503
planner,1065,0,9683352940523,9683352940543
planner,1066,0,9683352940563,9683352940573
planner,1067,0,9683352940593,9683352940613
planner,1068,0,9683352940633,9683352940653
planner,1069,0,9683352940673,9683352940693
planner,1070,0,9683352940713,9683352940733
planner,1071,0,9683352940753,9683352940763
planner,1072,0,9683352940783,9683352940803
planner,1073,0,9683352940823,9683352940843
planner,1074,0,9683352940863,9683352940883
planner,1075,0,9683352940903,9683352940923
planner,1076,0,9683352940943,9683352940953
planner,1077,0,9683352940973,9683352940993
planner,1078,0,9683352941013,9683352941033
planner,1079,0,9683352941053,9683352941073
planner,1080,0,9683352941093,9683352941113
planner,1081,0,9683352941133,9683352941153
planner,1082,0,9683352941173,9683352941183
planner,1083,0,9683352941203,9683352941223
planner,1084,0,9683352941243,9683352941263
planner,1085,0,9683352941283,9683352941303
planner,1086,0,9683352941323,9683352941343
planner,1087,0,9683352941363,9683352941373
planner,1088,0,9683352941393,9683352941413
planner,1089,0,9683352941433,9683352941453
planner,1090,0,9683352941473,9683352941493
planner,1091,0,9683352941513,9683352941533
planner,1092,0,9683352941553,9683352941563
planner,1093,0,9683352941593,9683352941603
planner,1094,0,9683352941623,9683352941643
planner,1095,0,9683352941663,9683352941683
planner,1096,0,9683352941703,9683352941723
planner,1097,0,9683352941743,9683352941763
planner,1098,0,9683352941783,9683352941793
planner,1099,0,9683352941813,9683352941833
planner,1100,0,9683352941853,9683352941873
planner,1101,0,9683352941893,9683352941913
planner,1102,0,9683352941933,9683352941953
planner,1103,0,9683352941973,9683352941983
planner,1104,0,9683352942003,9683352942023
planner,1105,0,9683352942043,9683352942063
planner,1106,0,9683352942083,9683352942103
planner,1107,0,9683352942123,9683352942143
planner,1108,0,9683352942163,9683352942173
planner,1109,0,9683352942193,9683352942213
planner,1110,0,9683352942233,9683352942253
planner,1111,0,9683352942273,9683352942293
planner,1112,0,9683352942313,9683352942333
planner,1113,0,9683352942353,9683352942373
planner,1114,0,9683352942393,9683352942403
planner,1115,0,9683352942423,9683352942443
planner,1116,0,9683352942463,9683352942483
planner,1117,0,9683352942503,9683352942523
planner,1118,0,9683352942543,9683352942563
planner,1119,0,9683352942583,9683352942593
planner,1120,0,9683352942613,9683352942633
planner,1121,0,9683352942653,9683352942673
planner,1122,0,9683352942693,9683352942713
planner,1123,0,9683352942733,9683352942753
planner,1124,0,9683352942773,9683352942783
planner,1125,0,9683352942803,9683352942823
planner,1126,0,9683352942843,9683352942863
planner,1127,0,9683352942883,9683352942903
planner,1128,0,9683352942923,9683352942943
planner,1129,0,9683352942963,9683352942983
planner,1130,0,9683352943003,9683352943013
planner,1131,0,9683352943033,9683352943053
planner,1132,0,9683352943073,9683352943093
planner,1133,0,9683352943113,9683352943133
planner,1134,0,9683352943153,9683352943173
planner,1135,0,9683352943193,9683352943203
planner,1136,0,9683352943223,9683352943243
planner,1137,0,9683352943263,9683352943283
planner,1138,0,9683352943303,9683352943323
planner,1139,0,9683352943343,9683352943363
planner,1140,0,9683352943383,9683352943393
planner,1141,0,9683352943413,9683352943433
planner,1142,0,9683352943453,9683352943473
planner,1143,0,9683352943493,9683352943513
planner,1144,0,9683352943533,9683352943553
planner,1145,0,9683352943573,9683352943583
planner,1146,0,9683352943613,9683352943623
planner,1147,0,9683352943643,9683352943663
planner,1148,0,9683352943683,9683352943703
planner,1149,0,9683352943723,9683352943743
planner,1150,0,9683352943763,9683352943783
planner,1151,0,9683352943803,9683352943813
planner,1152,0,9683352944263,9683352944283
planner,1153,0,9683352944303,9683352944323
planner,1154,0,9683352944343,9683352944363
planner,1155,0,9683352944383,9683352944393
planner,1156,0,9683352944423,9683352944433
planner,1157,0,9683352944453,9683352944473
planner,1158,0,9683352944493,9683352944513
planner,1159,0,9683352944533,9683352944553
planner,1160,0,9683352944573,9683352944593
planner,1161,0,9683352944613,9683352944623
planner,1162,0,9683352944643,9683352944663
planner,1163,0,9683352944683,9683352944703
planner,1164,0,9683352944723,9683352944743
planner,1165,0,9683352944763,9683352944783
planner,1166,0,9683352944803,9683352944823
planner,1167,0,9683352944843,9683352944853
planner,1168,0,9683352944873,9683352944893
planner,1169,0,9683352944913,9683352944933
planner,1170,0,9683352944953,9683352944973
planner,1171,0,9683352944993,9683352945013
planner,1172,0,9683352945033,9683352945043
planner,1173,0,9683352945063,9683352945083
planner,1174,0,9683352945103,9683352945123
planner,1175,0,9683352945143,9683352945163
planner,1176,0,9683352945183,9683352945203
planner,1177,0,9683352945223,9683352945233
planner,1178,0,9683352945253,9683352945273
planner,1179,0,9683352945293,9683352945313
planner,1180,0,9683352945333,9683352945353
planner,1181,0,9683352945373,9683352945393
planner,1182,0,9683352945413,9683352945423
planner,1183,0,9683352945443,9683352945463
planner,1184,0,9683352945483,9683352945503
planner,1185,0,9683352945523,9683352945543
planner,1186,0,9683352945563,9683352945583
planner,1187,0,9683352945603,9683352945613
planner,1188,0,9683352945633,9683352945653
planner,1189,0,9683352945673,9683352945693
planner,1190,0,9683352945713,9683352945733
planner,1191,0,9683352945753,9683352945773
planner,1192,0,9683352945793,9683352945813
planner,1193,0,9683352945833,9683352945843
planner,1194,0,9683352945863,9683352945883
planner,1195,0,9683352945903,9683352945923
planner,1196,0,9683352945943,9683352945963
planner,1197,0,9683352945983,9683352946003
planner,1198,0,9683352946023,9683352946033
planner,1199,0,9683352946053,9683352946073
planner,1200,0,9683352946093,9683352946113
planner,1201,0,9683352946133,9683352946153
planner,1202,0,9683352946173,9683352946193
planner,1203,0,9683352946213,9683352946223
planner,1204,0,9683352946243,9683352946263
planner,1205,0,9683352946283,9683352946303
planner,1206,0,9683352946323,9683352946343
planner,1207,0,9683352946363,9683352946383
planner,1208,0,9683352946403,9683352946423
planner,1209,0,9683352946443,9683352946453
planner,1210,0,9683352946473,9683352946493
planner,1211,0,9683352946513,9683352946533
planner,1212,0,9683352946553,9683352946573
planner,1213,0,9683352946593,9683352946613
planner,1214,0,9683352946633,9683352946643
planner,1215,0,9683352946663,9683352946683
planner,1216,0,9683352946703,9683352946723
planner,1217,0,9683352946743,9683352946763
planner,1218,0,9683352946783,9683352946803
planner,1219,0,9683352946823,9683352946833
planner,1220,0,9683352946863,9683352946873
planner,1221,0,9683352946893,9683352946913
planner,1222,0,9683352946933,9683352946953
planner,1223,0,9683352946973,9683352946993
planner,1224,0,9683352947013,9683352947033
planner,1225,0,9683352947053,9683352947063
planner,1226,0,9683352947083,9683352947103
planner,1227,0,9683352947123,9683352947143
planner,1228,0,9683352947163,9683352947183
planner,1229,0,9683352947203,9683352947223
planner,1230,0,9683352947243,9683352947253
planner,1231,0,9683352947273,9683352947293
planner,1232,0,9683352947313,9683352947333
planner,1233,0,9683352947353,9683352947373
planner,1234,0,9683352947393,9683352947413
planner,1235,0,9683352947433,9683352947443
planner,1236,0,9683352947463,9683352947483
planner,1237,0,9683352947503,9683352947523
planner,1238,0,9683352947543,9683352947563
planner,1239,0,9683352947583,9683352947603
planner,1240,0,9683352947623,9683352947643
planner,1241,0,9683352947663,9683352947673
planner,1242,0,9683352947693,9683352947713
planner,1243,0,9683352947733,9683352947753
planner,1244,0,9683352947773,9683352947793
planner,1245,0,9683352947813,9683352947833
planner,1246,0,9683352947853,9683352947863
planner,1247,0,9683352947883,9683352947903
planner,1248,0,9683352947923,9683352947943
planner,1249,0,9683352947963,9683352947983
planner,1250,0,9683352948003,9683352948023
planner,1251,0,9683352948043,9683352948053
planner,1252,0,9683352948083,9683352948093
planner,1253,0,9683352948113,9683352948133
planner,1254,0,9683352948153,9683352948173
planner,1255,0,9683352948193,9683352948213
planner,1256,0,9683352948233,9683352948253
planner,1257,0,9683352948273,9683352948283
planner,1258,0,9683352948303,9683352948323
planner,1259,0,9683352948343,9683352948363
planner,1260,0,9683352948383,9683352948403
planner,1261,0,9683352948423,9683352948443
planner,1262,0,9683352948463,9683352948473
planner,1263,0,9683352948493,9683352948513
planner,1264,0,9683352948533,9683352948553
planner,1265,0,9683352948573,9683352948593
planner,1266,0,9683352948613,9683352948633
planner,1267,0,9683352948653,9683352948663
planner,1268,0,9683352948693,9683352948703
planner,1269,0,9683352948723,9683352948743
planner,1270,0,9683352948763,9683352948783
planner,1271,0,9683352948803,9683352948823
planner,1272,0,9683352948843,9683352948863
planner,1273,0,9683352948883,9683352948893
planner,1274,0,9683352948913,9683352948933
planner,1275,0,9683352948953,9683352948973
planner,1276,0,9683352948993,9683352949013
planner,1277,0,9683352949033,9683352949053
planner,1278,0,9683352949073,9683352949083
planner,1279,0,9683352949103,9683352949123
planner,1280,0,9683352949573,9683352949593
planner,1281,0,9683352949613,9683352949623
planner,1282,0,9683352949653,9683352949663
planner,1283,0,9683352949683,9683352949703
planner,1284,0,9683352949723,9683352949743
planner,1285,0,9683352949763,9683352949783
planner,1286,0,9683352949803,9683352949823
planner,1287,0,9683352949843,9683352949863
planner,1288,0,9683352949883,9683352949893
planner,1289,0,9683352949913,9683352949933
planner,1290,0,9683352949953,9683352949973
planner,1291,0,9683352949993,9683352950013
planner,1292,0,9683352950033,9683352950053
planner,1293,0,9683352950073,9683352950093
planner,1294,0,9683352950113,9683352950123
planner,1295,0,9683352950143,9683352950163
planner,1296,0,9683352950183,9683352950203
planner,1297,0,9683352950223,9683352950243
planner,1298,0,9683352950263,9683352950283
planner,1299,0,9683352950303,9683352950313
planner,1300,0,9683352950333,9683352950353
planner,1301,0,9683352950373,9683352950393
planner,1302,0,9683352950413,9683352950433
planner,1303,0,9683352950453,9683352950473
planner,1304,0,9683352950493,9683352950513
planner,1305,0,9683352950533,9683352950543
planner,1306,0,9683352950563,9683352950583
planner,1307,0,9683352950603,9683352950623
planner,1308,0,9683352950643,9683352950663
planner,1309,0,9683352950683,9683352950703
planner,1310,0,9683352950723,9683352950733
planner,1311,0,9683352950753,9683352950773
planner,1312,0,9683352950793,9683352950813
planner,1313,0,9683352950833,9683352950853
planner,1314,0,9683352950873,9683352950893
planner,1315,0,9683352950913,9683352950933
planner,1316,0,9683352950953,9683352950963
planner,1317,0,9683352950983,9683352951003
planner,1318,0,9683352951023,9683352951043
planner,1319,0,9683352951063,9683352951083
planner,1320,0,9683352951103,9683352951123
planner,1321,0,9683352951143,9683352951153
planner,1322,0,9683352951173,9683352951193
planner,1323,0,9683352951213,9683352951233
planner,1324,0,9683352951253,9683352951273
planner,1325,0,9683352951293,9683352951313
planner,1326,0,9683352951333,9683352951353
planner,1327,0,9683352951373,9683352951383
planner,1328,0,9683352951403,9683352951423
planner,1329,0,9683352951443,9683352951463
planner,1330,0,9683352951483,9683352951503
planner,1331,0,9683352951523,9683352951543
planner,1332,0,9683352951563,9683352951573
planner,1333,0,9683352951593,9683352951613
planner,1334,0,9683352951633,9683352951653
planner,1335,0,9683352951673,9683352951693
planner,1336,0,9683352951713,9683352951733
planner,1337,0,9683352951753,9683352951763
planner,1338,0,9683352951783,9683352951803
planner,1339,0,9683352951823,9683352951843
planner,1340,0,9683352951863,9683352951883
planner,1341,0,9683352951903,9683352951923
planner,1342,0,9683352951943,9683352951963
planner,1343,0,9683352951983,9683352951993
planner,1344,0,9683352952013,9683352952033
planner,1345,0,9683352952053,9683352952073
planner,1346,0,9683352952093,9683352952113
planner,1347,0,9683352952133,9683352952153
planner,1348,0,9683352952173,9683352952183
planner,1349,0,9683352952203,9683352952223
planner,1350,0,9683352952243,9683352952263
planner,1351,0,9683352952283,9683352952303
planner,1352,0,9683352952323,9683352952343
planner,1353,0,9683352952363,9683352952383
planner,1354,0,9683352952403,9683352952413
planner,1355,0,9683352952433,9683352952453
planner,1356,0,9683352952473,9683352952493
planner,1357,0,9683352952513,9683352952533
planner,1358,0,9683352952553,9683352952573
planner,1359,0,9683352952593,9683352952603
planner,1360,0,9683352952623,9683352952643
planner,1361,0,9683352952663,9683352952683
planner,1362,0,9683352952703,9683352952723
planner,1363,0,9683352952743,9683352952763
planner,1364,0,9683352952783,9683352952793
planner,1365,0,9683352952813,9683352952833
planner,1366,0,9683352952853,9683352952873
planner,1367,0,9683352952893,9683352952913
planner,1368,0,9683352952933,9683352952953
planner,1369,0,9683352952973,9683352952993
planner,1370,0,9683352953013,9683352953023
planner,1371,0,9683352953043,9683352953063
planner,1372,0,9683352953083,9683352953103
planner,1373,0,9683352953123,9683352953143
planner,1374,0,9683352953163,9683352953183
planner,1375,0,9683352953203,9683352953213
planner,1376,0,9683352953233,9683352953253
planner,1377,0,9683352953273,9683352953293
planner,1378,0,9683352953313,9683352953333
planner,1379,0,9683352953353,9683352953373
planner,1380,0,9683352953393,9683352953403
planner,1381,0,9683352953433,9683352953443
planner,1382,0,9683352953463,9683352953483
planner,1383,0,9683352953503,9683352953523
planner,1384,0,9683352953543,9683352953563
planner,1385,0,9683352953583,9683352953603
planner,1386,0,9683352953623,9683352953633
planner,1387,0,9683352953653,9683352953673
planner,1388,0,9683352953693,9683352953713
planner,1389,0,9683352953733,9683352953753
planner,1390,0,9683352953773,9683352953793
planner,1391,0,9683352953813,9683352953823
planner,1392,0,9683352953843,9683352953863
planner,1393,0,9683352953883,9683352953903
planner,1394,0,9683352953923,9683352953943
planner,1395,0,9683352953963,9683352953983
planner,1396,0,9683352954003,9683352954013
planner,1397,0,9683352954043,9683352954053
planner,1398,0,9683352954073,9683352954093
planner,1399,0,9683352954113,9683352954133
planner,1400,0,9683352954153,9683352954173
planner,1401,0,9683352954193,9683352954213
planner,1402,0,9683352954233,9683352954243
planner,1403,0,9683352954263,9683352954283
planner,1404,0,9683352954303,9683352954323
planner,1405,0,9683352954343,9683352954363
planner,1406,0,9683352954383,9683352954403
planner,1407,0,9683352954423,9683352954433
planner,1408,0,9683352954903,9683352954923
planner,1409,0,9683352954943,9683352954963
planner,1410,0,9683352954983,9683352955003
planner,1411,0,9683352955023,9683352955043
planner,1412,0,9683352955063,9683352955073
planner,1413,0,9683352955103,9683352955113
planner,1414,0,9683352955133,9683352955153
planner,1415,0,9683352955173,9683352955193
planner,1416,0,9683352955213,9683352955233
planner,1417,0,9683352955253,9683352955273
planner,1418,0,9683352955293,9683352955303
planner,1419,0,9683352955323,9683352955343
planner,1420,0,9683352955363,9683352955383
planner,1421,0,9683352955403,9683352955423
planner,1422,0,9683352955443,9683352955463
planner,1423,0,9683352955483,9683352955493
planner,1424,0,9683352955513,9683352955533
planner,1425,0,9683352955553,9683352955573
planner,1426,0,9683352955593,9683352955613
planner,1427,0,9683352955633,9683352955653
planner,1428,0,9683352955673,9683352955693
planner,1429,0,9683352955713,9683352955723
planner,1430,0,9683352955743,9683352955763
planner,1431,0,9683352955783,9683352955803
planner,1432,0,9683352955823,9683352955843
planner,1433,0,9683352955863,9683352955883
planner,1434,0,9683352955903,9683352955913
planner,1435,0,9683352955933,9683352955953
planner,1436,0,9683352955973,9683352955993
planner,1437,0,9683352956013,9683352956033
planner,1438,0,9683352956053,9683352956073
planner,1439,0,9683352956093,9683352956113
planner,1440,0,9683352956133,9683352956143
planner,1441,0,9683352956163,9683352956183
planner,1442,0,9683352956203,9683352956223
planner,1443,0,9683352956243,9683352956263
planner,1444,0,9683352956283,9683352956303
planner,1445,0,9683352956323,9683352956333
planner,1446,0,9683352956363,9683352956373
planner,1447,0,9683352956393,9683352956413
planner,1448,0,9683352956433,9683352956453
planner,1449,0,9683352956473,9683352956493
planner,1450,0,9683352956513,9683352956533
planner,1451,0,9683352956553,9683352956563
planner,1452,0,9683352956583,9683352956603
planner,1453,0,9683352956623,9683352956643
planner,1454,0,9683352956663,9683352956683
planner,1455,0,9683352956703,9683352956723
planner,1456,0,9683352956743,9683352956753
planner,1457,0,9683352956783,9683352956793
planner,1458,0,9683352956813,9683352956833
planner,1459,0,9683352956853,9683352956873
planner,1460,0,9683352956893,9683352956913
planner,1461,0,9683352956933,9683352956953
planner,1462,0,9683352956973,9683352956983
planner,1463,0,9683352957003,9683352957023
planner,1464,0,9683352957043,9683352957063
planner,1465,0,9683352957083,9683352957103
planner,1466,0,9683352957123,9683352957143
planner,1467,0,9683352957163,9683352957173
planner,1468,0,9683352957203,9683352957213
planner,1469,0,9683352957233,9683352957253
planner,1470,0,9683352957273,9683352957293
planner,1471,0,9683352957313,9683352957333
planner,1472,0,9683352957353,9683352957373
planner,1473,0,9683352957393,9683352957403
planner,1474,0,9683352957423,9683352957443
planner,1475,0,9683352957463,9683352957483
planner,1476,0,9683352957503,9683352957523
planner,1477,0,9683352957543,9683352957563
planner,1478,0,9683352957583,9683352957603
planner,1479,0,9683352957623,9683352957633
planner,1480,0,9683352957653,9683352957673
planner,1481,0,9683352957693,9683352957713
planner,1482,0,9683352957733,9683352957753
planner,1483,0,9683352957773,9683352957793
planner,1484,0,9683352957813,9683352957823
planner,1485,0,9683352957843,9683352957863
planner,1486,0,9683352957883,9683352957903
planner,1487,0,9683352957923,9683352957943
planner,1488,0,9683352957963,9683352957983
planner,1489,0,9683352958003,9683352958013
planner,1490,0,9683352958043,9683352958053
planner,1491,0,9683352958073,9683352958093
planner,1492,0,9683352958113,9683352958133
planner,1493,0,9683352958153,9683352958173
planner,1494,0,9683352958193,9683352958213
planner,1495,0,9683352958233,9683352958243
planner,1496,0,9683352958263,9683352958283
planner,1497,0,9683352958303,9683352958323
planner,1498,0,9683352958343,9683352958363
planner,1499,0,9683352958383,9683352958403
planner,1500,0,9683352958423,9683352958433
planner,1501,0,9683352958453,9683352958473
planner,1502,0,9683352958493,9683352958513
planner,1503,0,9683352958533,9683352958553
planner,1504,0,9683352958573,9683352958593
planner,1505,0,9683352958613,9683352958633
planner,1506,0,9683352958653,9683352958663
planner,1507,0,9683352958683,9683352958703
planner,1508,0,9683352958723,9683352958743
planner,1509,0,9683352958763,9683352958783
planner,1510,0,9683352958803,9683352958823
planner,1511,0,9683352958843,9683352958853
planner,1512,0,9683352958873,9683352958893
planner,1513,0,9683352958913,9683352958933
planner,1514,0,9683352958953,9683352958973
planner,1515,0,9683352958993,9683352959013
planner,1516,0,9683352959033,9683352959043
planner,1517,0,9683352959063,9683352959083
planner,1518,0,9683352959103,9683352959123
planner,1519,0,9683352959143,9683352959163
planner,1520,0,9683352959183,9683352959203
planner,1521,0,9683352959223,9683352959243
planner,1522,0,9683352959263,9683352959273
planner,1523,0,9683352959293,9683352959313
planner,1524,0,9683352959333,9683352959353
planner,1525,0,9683352959373,9683352959393
planner,1526,0,9683352959413,9683352959433
planner,1527,0,9683352959453,9683352959463
planner,1528,0,9683352959483,9683352959503
planner,1529,0,9683352959523,9683352959543
planner,1530,0,9683352959563,9683352959583
planner,1531,0,9683352959603,9683352959623
planner,1532,0,9683352959643,9683352959653
planner,1533,0,9683352959683,9683352959693
planner,1534,0,9683352959713,9683352959733
planner,1535,0,9683352959753,9683352959773
planner,1536,0,9683352960233,9683352960243
planner,1537,0,9683352960263,9683352960283
planner,1538,0,9683352960303,9683352960323
planner,1539,0,9683352960343,9683352960363
planner,1540,0,9683352960383,9683352960403
planner,1541,0,9683352960423,9683352960443
planner,1542,0,9683352960463,9683352960483
planner,1543,0,9683352960503,9683352960513
planner,1544,0,9683352960533,9683352960553
planner,1545,0,9683352960573,9683352960593
planner,1546,0,9683352960613,9683352960633
planner,1547,0,9683352960653,9683352960673
planner,1548,0,9683352960693,9683352960703
planner,1549,0,9683352960733,9683352960743
planner,1550,0,9683352960763,9683352960783
planner,1551,0,9683352960803,9683352960823
planner,1552,0,9683352960843,9683352960863
planner,1553,0,9683352960883,9683352960903
planner,1554,0,9683352960923,9683352960933
planner,1555,0,9683352960953,9683352960973
planner,1556,0,9683352960993,9683352961013
planner,1557,0,9683352961033,9683352961053
planner,1558,0,9683352961073,9683352961093
planner,1559,0,9683352961113,9683352961123
planner,1560,0,9683352961143,9683352961163
planner,1561,0,9683352961183,9683352961203
planner,1562,0,9683352961223,9683352961243
planner,1563,0,9683352961263,9683352961283
planner,1564,0,9683352961303,9683352961323
planner,1565,0,9683352961343,9683352961353
planner,1566,0,9683352961373,9683352961393
planner,1567,0,9683352961413,9683352961433
planner,1568,0,9683352961453,9683352961473
planner,1569,0,9683352961493,9683352961513
planner,1570,0,9683352961533,9683352961543
planner,1571,0,9683352961563,9683352961583
planner,1572,0,9683352961603,9683352961623
planner,1573,0,9683352961643,9683352961663
planner,1574,0,9683352961683,9683352961703
planner,1575,0,9683352961723,9683352961733
planner,1576,0,9683352961753,9683352961773
planner,1577,0,9683352961793,9683352961813
planner,1578,0,9683352961833,9683352961853
planner,1579,0,9683352961873,9683352961893
planner,1580,0,9683352961913,9683352961933
planner,1581,0,9683352961953,9683352961963
planner,1582,0,9683352961983,9683352962003
planner,1583,0,9683352962023,9683352962043
planner,1584,0,9683352962063,9683352962083
planner,1585,0,9683352962103,9683352962123
planner,1586,0,9683352962143,9683352962153
planner,1587,0,9683352962173,9683352962193
planner,1588,0,9683352962213,9683352962233
planner,1589,0,9683352962253,9683352962273
planner,1590,0,9683352962293,9683352962313
planner,1591,0,9683352962333,9683352962343
planner,1592,0,9683352962373,9683352962383
planner,1593,0,9683352962403,9683352962423
planner,1594,0,9683352962443,9683352962463
planner,1595,0,9683352962483,9683352962503
planner,1596,0,9683352962523,9683352962543
planner,1597,0,9683352962563,9683352962573
planner,1598,0,9683352962593,9683352962613
planner,1599,0,9683352962633,9683352962653
planner,1600,0,9683352962673,9683352962693
planner,1601,0,9683352962713,9683352962733
planner,1602,0,9683352962753,9683352962763
planner,1603,0,9683352962783,9683352962803
planner,1604,0,9683352962823,9683352962843
planner,1605,0,9683352962863,9683352962883
planner,1606,0,9683352962903,9683352962923
planner,1607,0,9683352962943,9683352962963
planner,1608,0,9683352962983,9683352962993
planner,1609,0,9683352963013,9683352963033
planner,1610,0,9683352963053,9683352963073
planner,1611,0,9683352963093,9683352963113
planner,1612,0,9683352963133,9683352963153
planner,1613,0,9683352963173,9683352963183
planner,1614,0,9683352963203,9683352963223
planner,1615,0,9683352963243,9683352963263
planner,1616,0,9683352963283,9683352963303
planner,1617,0,9683352963323,9683352963343
planner,1618,0,9683352963363,9683352963373
planner,1619,0,9683352963393,9683352963413
planner,1620,0,9683352963433,9683352963453
planner,1621,0,9683352963473,9683352963493
planner,1622,0,9683352963513,9683352963533
planner,1623,0,9683352963553,9683352963563
planner,1624,0,9683352963583,9683352963603
planner,1625,0,9683352963623,9683352963643
planner,1626,0,9683352963663,9683352963683
planner,1627,0,9683352963703,9683352963723
planner,1628,0,9683352963743,9683352963763
planner,1629,0,9683352963783,9683352963793
planner,1630,0,9683352963813,9683352963833
planner,1631,0,9683352963853,9683352963873
planner,1632,0,9683352963893,9683352963913
planner,1633,0,9683352963933,9683352963953
planner,1634,0,9683352963973,9683352963983
planner,1635,0,9683352964003,9683352964023
planner,1636,0,9683352964043,9683352964063
planner,1637,0,9683352964083,9683352964103
planner,1638,0,9683352964123,9683352964143
planner,1639,0,9683352964163,9683352964173
planner,1640,0,9683352964193,9683352964213
planner,1641,0,9683352964233,9683352964253
planner,1642,0,9683352964273,9683352964293
planner,1643,0,9683352964313,9683352964333
planner,1644,0,9683352964353,9683352964363
planner,1645,0,9683352964393,9683352964403
planner,1646,0,9683352964423,9683352964443
planner,1647,0,9683352964463,9683352964483
planner,1648,0,9683352964503,9683352964523
planner,1649,0,9683352964543,9683352964563
planner,1650,0,9683352964583,9683352964593
planner,1651,0,9683352964613,9683352964633
planner,1652,0,9683352964653,9683352964673
planner,1653,0,9683352964693,9683352964713
planner,1654,0,9683352964733,9683352964753
planner,1655,0,9683352964773,9683352964783
planner,1656,0,9683352964803,9683352964823
planner,1657,0,9683352964843,9683352964863
planner,1658,0,9683352964883,9683352964903
planner,1659,0,9683352964923,9683352964943
planner,1660,0,9683352964963,9683352964983
planner,1661,0,9683352965003,9683352965013
planner,1662,0,9683352965033,9683352965053
planner,1663,0,9683352965073,9683352965093
planner,1664,0,9683352965723,9683352965743
planner,1665,0,9683352965763,9683352965783
planner,1666,0,9683352965803,9683352965823
planner,1667,0,9683352965843,9683352965863
planner,1668,0,9683352965883,9683352965903
planner,1669,0,9683352965923,9683352965943
planner,1670,0,9683352965963,9683352965983
planner,1671,0,9683352966003,9683352966023
planner,1672,0,9683352966043,9683352966063
planner,1673,0,9683352966083,9683352966103
planner,1674,0,9683352966123,9683352966143
planner,1675,0,9683352966163,9683352966173
planner,1676,0,9683352966193,9683352966213
planner,1677,0,9683352966233,9683352966253
planner,1678,0,9683352966273,9683352966293
planner,1679,0,9683352966313,9683352966333
planner,1680,0,9683352966353,9683352966373
planner,1681,0,9683352966393,9683352966413
planner,1682,0,9683352966433,9683352966453
planner,1683,0,9683352966473,9683352966483
planner,1684,0,9683352966513,9683352966533
planner,1685,0,9683352966553,9683352966573
planner,1686,0,9683352966593,9683352966603
planner,1687,0,9683352966633,9683352966643
planner,1688,0,9683352966663,9683352966683
planner,1689,0,9683352966703,9683352966723
planner,1690,0,9683352966743,9683352966763
planner,1691,0,9683352966783,9683352966803
planner,1692,0,9683352966823,9683352966833
planner,1693,0,9683352966853,9683352966873
planner,1694,0,9683352966893,9683352966913
planner,1695,0,9683352966933,9683352966953
planner,1696,0,9683352966973,9683352966993
planner,1697,0,9683352967013,9683352967023
planner,1698,0,9683352967043,9683352967063
planner,1699,0,9683352967083,9683352967103
planner,1700,0,9683352967123,9683352967143
planner,1701,0,9683352967163,9683352967183
planner,1702,0,9683352967203,9683352967223
planner,1703,0,9683352967243,9683352967253
planner,1704,0,9683352967273,9683352967293
planner,1705,0,9683352967313,9683352967333
planner,1706,0,9683352967353,9683352967373
planner,1707,0,9683352967393,9683352967413
planner,1708,0,9683352967433,9683352967443
planner,1709,0,9683352967463,9683352967483
planner,1710,0,9683352967503,9683352967523
planner,1711,0,9683352967543,9683352967563
planner,1712,0,9683352967583,9683352967603
planner,1713,0,9683352967623,9683352967643
planner,1714,0,9683352967663,9683352967673
planner,1715,0,9683352967693,9683352967713
planner,1716,0,9683352967733,9683352967753
planner,1717,0,9683352967773,9683352967793
planner,1718,0,9683352967813,9683352967833
planner,1719,0,9683352967853,9683352967873
planner,1720,0,9683352967893,9683352967913
planner,1721,0,9683352967933,9683352967953
planner,1722,0,9683352967973,9683352967993
planner,1723,0,9683352968013,9683352968033
planner,1724,0,9683352968053,9683352968073
planner,1725,0,9683352968093,9683352968103
planner,1726,0,9683352968123,9683352968143
planner,1727,0,9683352968163,9683352968183
planner,1728,0,9683352968203,9683352968223
planner,1729,0,9683352968253,9683352968263
planner,1730,0,9683352968293,9683352968303
planner,1731,0,9683352968333,9683352968343
planner,1732,0,9683352968373,9683352968383
planner,1733,0,9683352968413,9683352968433
planner,1734,0,9683352968453,9683352968463
planner,1735,0,9683352968483,9683352968503
planner,1736,0,9683352968523,9683352968543
planner,1737,0,9683352968573,9683352968593
planner,1738,0,9683352968613,9683352968633
planner,1739,0,9683352968653,9683352968673
planner,1740,0,9683352968693,9683352968713
planner,1741,0,9683352968733,9683352968753
planner,1742,0,9683352968773,9683352968793
planner,1743,0,9683352968813,9683352968823
planner,1744,0,9683352968853,9683352968863
planner,1745,0,9683352968883,9683352968903
planner,1746,0,9683352968923,9683352968943
planner,1747,0,9683352968963,9683352968983
planner,1748,0,9683352969003,9683352969083
planner,1749,0,9683352969103,9683352969123
planner,1750,0,9683352969143,9683352969163
planner,1751,0,9683352969183,9683352969193
planner,1752,0,9683352969223,9683352969233
planner,1753,0,9683352969253,9683352969273
planner,1754,0,9683352969293,9683352969313
planner,1755,0,9683352969333,9683352969353
planner,1756,0,9683352969373,9683352969393
planner,1757,0,9683352969413,9683352969423
planner,1758,0,9683352969443,9683352969463
planner,1759,0,9683352969483,9683352969503
planner,1760,0,9683352969523,9683352969543
planner,1761,0,9683352969563,9683352969583
planner,1762,0,9683352969603,9683352969623
planner,1763,0,9683352969643,9683352969653
planner,1764,0,9683352969673,9683352969693
planner,1765,0,9683352969713,9683352969733
planner,1766,0,9683352969753,9683352969773
planner,1767,0,9683352969793,9683352969813
planner,1768,0,9683352969833,9683352969843
planner,1769,0,9683352969863,9683352969883
planner,1770,0,9683352969903,9683352969923
planner,1771,0,9683352969943,9683352969963
planner,1772,0,9683352969983,9683352970003
planner,1773,0,9683352970023,9683352970033
planner,1774,0,9683352970053,9683352970073
planner,1775,0,9683352970093,9683352970113
planner,1776,0,9683352970133,9683352970153
planner,1777,0,9683352970173,9683352970193
planner,1778,0,9683352970213,9683352970233
planner,1779,0,9683352970253,9683352970263
planner,1780,0,9683352970283,9683352970303
planner,1781,0,9683352970323,9683352970343
planner,1782,0,9683352970363,9683352970383
planner,1783,0,9683352970403,9683352970423
planner,1784,0,9683352970443,9683352970453
planner,1785,0,9683352970473,9683352970493
planner,1786,0,9683352970513,9683352970533
planner,1787,0,9683352970553,9683352970573
planner,1788,0,9683352970593,9683352970613
planner,1789,0,9683352970633,9683352970643
planner,1790,0,9683352970673,9683352970683
planner,1791,0,9683352970703,9683352970723
planner,1792,0,9683352971383,9683352971403
planner,1793,0,9683352971423,9683352971443
planner,1794,0,9683352971463,9683352971483
planner,1795,0,9683352971503,9683352971523
planner,1796,0,9683352971543,9683352971553
planner,1797,0,9683352971583,9683352971593
planner,1798,0,9683352971613,9683352971633
planner,1799,0,9683352971653,9683352971673
planner,1800,0,9683352971693,9683352971713
planner,1801,0,9683352971733,9683352971753
planner,1802,0,9683352971773,9683352971783
planner,1803,0,9683352971803,9683352971823
planner,1804,0,9683352971843,9683352971863
planner,1805,0,9683352971883,9683352971903
planner,1806,0,9683352971923,9683352971943
planner,1807,0,9683352971963,9683352971973
planner,1808,0,9683352971993,9683352972013
planner,1809,0,9683352972033,9683352972053
planner,1810,0,9683352972073,9683352972093
planner,1811,0,9683352972113,9683352972133
planner,1812,0,9683352972153,9683352972173
planner,1813,0,9683352972193,9683352972203
planner,1814,0,9683352972223,9683352972243
planner,1815,0,9683352972263,9683352972283
planner,1816,0,9683352972303,9683352972323
planner,1817,0,9683352972343,9683352972363
planner,1818,0,9683352972383,9683352972393
planner,1819,0,9683352972413,9683352972433
planner,1820,0,9683352972453,9683352972473
planner,1821,0,9683352972493,9683352972513
planner,1822,0,9683352972533,9683352972553
planner,1823,0,9683352972573,9683352972583
planner,1824,0,9683352972613,9683352972623
planner,1825,0,9683352972643,9683352972663
planner,1826,0,9683352972683,9683352972703
planner,1827,0,9683352972723,9683352972743
planner,1828,0,9683352972763,9683352972783
planner,1829,0,9683352972803,9683352972813
planner,1830,0,9683352972833,9683352972853
planner,1831,0,9683352972873,9683352972893
planner,1832,0,9683352972913,9683352972933
planner,1833,0,9683352972953,9683352972973
planner,1834,0,9683352972993,9683352973003
planner,1835,0,9683352973023,9683352973043
planner,1836,0,9683352973063,9683352973083
planner,1837,0,9683352973103,9683352973123
planner,1838,0,9683352973143,9683352973163
planner,1839,0,9683352973183,9683352973203
planner,1840,0,9683352973223,9683352973233
planner,1841,0,9683352973253,9683352973273
planner,1842,0,9683352973293,9683352973313
planner,1843,0,9683352973333,9683352973353
planner,1844,0,9683352973373,9683352973393
planner,1845,0,9683352973413,9683352973423
planner,1846,0,9683352973443,9683352973463
planner,1847,0,9683352973483,9683352973503
planner,1848,0,9683352973523,9683352973543
planner,1849,0,9683352973563,9683352973583
planner,1850,0,9683352973603,9683352973613
planner,1851,0,9683352973643,9683352973653
planner,1852,0,9683352973673,9683352973693
planner,1853,0,9683352973713,9683352973733
planner,1854,0,9683352973753,9683352973773
planner,1855,0,9683352973793,9683352973813
planner,1856,0,9683352973833,9683352973843
planner,1857,0,9683352973863,9683352973883
planner,1858,0,9683352973903,9683352973923
planner,1859,0,9683352973943,9683352973963
planner,1860,0,9683352973983,9683352974003
planner,1861,0,9683352974023,9683352974033
planner,1862,0,9683352974053,9683352974073
planner,1863,0,9683352974093,9683352974113
planner,1864,0,9683352974133,9683352974153
planner,1865,0,9683352974173,9683352974193
planner,1866,0,9683352974213,9683352974223
planner,1867,0,9683352974253,9683352974263
planner,1868,0,9683352974283,9683352974303
planner,1869,0,9683352974323,9683352974343
planner,1870,0,9683352974363,9683352974383
planner,1871,0,9683352974403,9683352974423
planner,1872,0,9683352974443,9683352974453
planner,1873,0,9683352974473,9683352974493
planner,1874,0,9683352974513,9683352974533
planner,1875,0,9683352974553,9683352974573
planner,1876,0,9683352974593,9683352974613
planner,1877,0,9683352974633,9683352974643
planner,1878,0,9683352974663,9683352974683
planner,1879,0,9683352974703,9683352974723
planner,1880,0,9683352974743,9683352974763
planner,1881,0,9683352974783,9683352974803
planner,1882,0,9683352974823,9683352974833
planner,1883,0,9683352974863,9683352974873
planner,1884,0,9683352974893,9683352974913
planner,1885,0,9683352974933,9683352974953
planner,1886,0,9683352974973,9683352974993
planner,1887,0,9683352975013,9683352975033
planner,1888,0,9683352975053,9683352975063
planner,1889,0,9683352975083,9683352975103
planner,1890,0,9683352975123,9683352975143
planner,1891,0,9683352975163,9683352975183
planner,1892,0,9683352975203,9683352975223
planner,1893,0,9683352975243,9683352975253
planner,1894,0,9683352975273,9683352975293
planner,1895,0,9683352975313,9683352975333
planner,1896,0,9683352975353,9683352975373
planner,1897,0,9683352975393,9683352975413
planner,1898,0,9683352975433,9683352975453
planner,1899,0,9683352975473,9683352975483
planner,1900,0,9683352975503,9683352975523
planner,1901,0,9683352975543,9683352975563
planner,1902,0,9683352975583,9683352975603
planner,1903,0,9683352975623,9683352975643
planner,1904,0,9683352975663,9683352975673
planner,1905,0,9683352975693,9683352975713
planner,1906,0,9683352975733,9683352975753
planner,1907,0,9683352975773,9683352975793
planner,1908,0,9683352975813,9683352975833
planner,1909,0,9683352975853,9683352975873
planner,1910,0,9683352975893,9683352975903
planner,1911,0,9683352975923,9683352975943
planner,1912,0,9683352975963,9683352975983
planner,1913,0,9683352976003,9683352976023
planner,1914,0,9683352976043,9683352976063
planner,1915,0,9683352976083,9683352976093
planner,1916,0,9683352976113,9683352976133
planner,1917,0,9683352976153,9683352976173
planner,1918,0,9683352976193,9683352976213
planner,1919,0,9683352976233,9683352976253
planner,1920,0,9683352976683,9683352976703
planner,1921,0,9683352976723,9683352976743
planner,1922,0,9683352976763,9683352976783
planner,1923,0,9683352976803,9683352976823
planner,1924,0,9683352976843,9683352976863
planner,1925,0,9683352976883,9683352976903
planner,1926,0,9683352976923,9683352976943
planner,1927,0,9683352976963,9683352976973
planner,1928,0,9683352976993,9683352977013
planner,1929,0,9683352977033,9683352977053
planner,1930,0,9683352977073,9683352977093
planner,1931,0,9683352977113,9683352977133
planner,1932,0,9683352977153,9683352977163
planner,1933,0,9683352977183,9683352977203
planner,1934,0,9683352977223,9683352977243
planner,1935,0,9683352977263,9683352977283
planner,1936,0,9683352977303,9683352977323
planner,1937,0,9683352977343,9683352977363
planner,1938,0,9683352977383,9683352977393
planner,1939,0,9683352977413,9683352977433
planner,1940,0,9683352977453,9683352977473
planner,1941,0,9683352977493,9683352977513
planner,1942,0,9683352977533,9683352977553
planner,1943,0,9683352977573,9683352977583
planner,1944,0,9683352977603,9683352977623
planner,1945,0,9683352977643,9683352977663
planner,1946,0,9683352977683,9683352977703
planner,1947,0,9683352977723,9683352977743
planner,1948,0,9683352977763,9683352977773
planner,1949,0,9683352977793,9683352977813
planner,1950,0,9683352977833,9683352977853
planner,1951,0,9683352977873,9683352977893
planner,1952,0,9683352977913,9683352977933
planner,1953,0,9683352977953,9683352977973
planner,1954,0,9683352977993,9683352978003
planner,1955,0,9683352978023,9683352978043
planner,1956,0,9683352978063,9683352978083
planner,1957,0,9683352978103,9683352978123
planner,1958,0,9683352978143,9683352978163
planner,1959,0,9683352978183,9683352978193
planner,1960,0,9683352978213,9683352978233
planner,1961,0,9683352978253,9683352978273
planner,1962,0,9683352978293,9683352978313
planner,1963,0,9683352978333,9683352978353
planner,1964,0,9683352978373,9683352978383
planner,1965,0,9683352978403,9683352978423
planner,1966,0,9683352978443,9683352978463
planner,1967,0,9683352978483,9683352978503
planner,1968,0,9683352978523,9683352978543
planner,1969,0,9683352978563,9683352978583
planner,1970,0,9683352978603,9683352978613
planner,1971,0,9683352978633,9683352978653
planner,1972,0,9683352978673,9683352978693
planner,1973,0,9683352978713,9683352978733
planner,1974,0,9683352978753,9683352978773
planner,1975,0,9683352978793,9683352978803
planner,1976,0,9683352978823,9683352978843
planner,1977,0,9683352978863,9683352978883
planner,1978,0,9683352978903,9683352978923
planner,1979,0,9683352978943,9683352978963
planner,1980,0,9683352978983,9683352978993
planner,1981,0,9683352979013,9683352979033
planner,1982,0,9683352979053,9683352979073
planner,1983,0,9683352979093,9683352979113
planner,1984,0,9683352979133,9683352979153
planner,1985,0,9683352979173,9683352979183
planner,1986,0,9683352979203,9683352979223
planner,1987,0,9683352979243,9683352979263
planner,1988,0,9683352979283,9683352979303
planner,1989,0,9683352979323,9683352979343
planner,1990,0,9683352979363,9683352979383
planner,1991,0,9683352979403,9683352979413
planner,1992,0,9683352979433,9683352979453
planner,1993,0,9683352979473,9683352979493
planner,1994,0,9683352979513,9683352979533
planner,1995,0,9683352979553,9683352979573
planner,1996,0,9683352979593,9683352979603
planner,1997,0,9683352979623,9683352979643
planner,1998,0,9683352979663,9683352979683
planner,1999,0,9683352979703,9683352979723
planner,2000,0,9683352979743,9683352979763
planner,2001,0,9683352979783,9683352979803
planner,2002,0,9683352979823,9683352979833
planner,2003,0,9683352979853,9683352979873
planner,2004,0,9683352979893,9683352979913
planner,2005,0,9683352979933,9683352979953
planner,2006,0,9683352979973,9683352979993
planner,2007,0,9683352980013,9683352980023
planner,2008,0,9683352980043,9683352980063
planner,2009,0,9683352980083,9683352980103
planner,2010,0,9683352980123,9683352980143
planner,2011,0,9683352980163,9683352980183
planner,2012,0,9683352980203,9683352980223
planner,2013,0,9683352980243,9683352980253
planner,2014,0,9683352980273,9683352980293
planner,2015,0,9683352980313,9683352980333
planner,2016,0,9683352980353,9683352980373
planner,2017,0,9683352980393,9683352980413
planner,2018,0,9683352980433,9683352980443
planner,2019,0,9683352980463,9683352980483
planner,2020,0,9683352980503,9683352980523
planner,2021,0,9683352980543,9683352980563
planner,2022,0,9683352980583,9683352980603
planner,2023,0,9683352980623,9683352980633
planner,2024,0,9683352980653,9683352980673
planner,2025,0,9683352980693,9683352980713
planner,2026,0,9683352980733,9683352980753
planner,2027,0,9683352980773,9683352980793
planner,2028,0,9683352980813,9683352980833
planner,2029,0,9683352980853,9683352980863
planner,2030,0,9683352980883,9683352980903
planner,2031,0,9683352980923,9683352980943
planner,2032,0,9683352980963,9683352980983
planner,2033,0,9683352981003,9683352981023
planner,2034,0,9683352981043,9683352981053
planner,2035,0,9683352981073,9683352981093
planner,2036,0,9683352981113,9683352981133
planner,2037,0,9683352981153,9683352981173
planner,2038,0,9683352981193,9683352981213
planner,2039,0,9683352981233,9683352981243
planner,2040,0,9683352981263,9683352981283
planner,2041,0,9683352981303,9683352981323
planner,2042,0,9683352981343,9683352981363
planner,2043,0,9683352981383,9683352981403
planner,2044,0,9683352981423,9683352981433
planner,2045,0,9683352981453,9683352981473
planner,2046,0,9683352981493,9683352981513
planner,2047,0,9683352981533,9683352981553
planner,2048,0,9683352982013,9683352982033
planner,2049,0,9683352982053,9683352982073
planner,2050,0,9683352982093,9683352982113
planner,2051,0,9683352982133,9683352982153
planner,2052,0,9683352982173,9683352982193
planner,2053,0,9683352982213,9683352982223
planner,2054,0,9683352982243,9683352982263
planner,2055,0,9683352982283,9683352982303
planner,2056,0,9683352982323,9683352982343
planner,2057,0,9683352982363,9683352982383
planner,2058,0,9683352982403,9683352982423
planner,2059,0,9683352982443,9683352982453
planner,2060,0,9683352982473,9683352982493
planner,2061,0,9683352982513,9683352982533
planner,2062,0,9683352982553,9683352982573
planner,2063,0,9683352982593,9683352982613
planner,2064,0,9683352982633,9683352982643
planner,2065,0,9683352982673,9683352982683
planner,2066,0,9683352982703,9683352982723
planner,2067,0,9683352982743,9683352982763
planner,2068,0,9683352982783,9683352982803
planner,2069,0,9683352982823,9683352982843
planner,2070,0,9683352982863,9683352982873
planner,2071,0,9683352982893,9683352982913
planner,2072,0,9683352982933,9683352982953
planner,2073,0,9683352982973,9683352982993
planner,2074,0,9683352983013,9683352983033
planner,2075,0,9683352983053,9683352983073
planner,2076,0,9683352983093,9683352983103
planner,2077,0,9683352983123,9683352983143
planner,2078,0,9683352983163,9683352983183
planner,2079,0,9683352983203,9683352983223
planner,2080,0,9683352983243,9683352983263
planner,2081,0,9683352983283,9683352983293
planner,2082,0,9683352983313,9683352983333
planner,2083,0,9683352983353,9683352983373
planner,2084,0,9683352983393,9683352983413
planner,2085,0,9683352983433,9683352983453
planner,2086,0,9683352983473,9683352983493
planner,2087,0,9683352983513,9683352983523
planner,2088,0,9683352983543,9683352983563
planner,2089,0,9683352983583,9683352983603
planner,2090,0,9683352983623,9683352983643
planner,2091,0,9683352983663,9683352983683
planner,2092,0,9683352983703,9683352983713
planner,2093,0,9683352983743,9683352983753
planner,2094,0,9683352983773,9683352983793
planner,2095,0,9683352983813,9683352983833
planner,2096,0,9683352983853,9683352983873
planner,2097,0,9683352983893,9683352983913
planner,2098,0,9683352983933,9683352983943
planner,2099,0,9683352983963,9683352983983
planner,2100,0,9683352984003,9683352984023
planner,2101,0,9683352984043,9683352984063
planner,2102,0,9683352984083,9683352984103
planner,2103,0,9683352984123,9683352984133
planner,2104,0,9683352984153,9683352984173
planner,2105,0,9683352984193,9683352984213
planner,2106,0,9683352984233,9683352984253
planner,2107,0,9683352984273,9683352984293
planner,2108,0,9683352984313,9683352984333
planner,2109,0,9683352984353,9683352984363
planner,2110,0,9683352984383,9683352984403
planner,2111,0,9683352984423,9683352984443
planner,2112,0,9683352984463,9683352984483
planner,2113,0,9683352984503,9683352984523
planner,2114,0,9683352984543,9683352984553
planner,2115,0,9683352984573,9683352984593
planner,2116,0,9683352984613,9683352984633
planner,2117,0,9683352984653,9683352984673
planner,2118,0,9683352984693,9683352984713
planner,2119,0,9683352984733,9683352984743
planner,2120,0,9683352984763,9683352984783
planner,2121,0,9683352984803,9683352984823
planner,2122,0,9683352984843,9683352984863
planner,2123,0,9683352984883,9683352984903
planner,2124,0,9683352984923,9683352984933
planner,2125,0,9683352984953,9683352984973
planner,2126,0,9683352984993,9683352985013
planner,2127,0,9683352985033,9683352985053
planner,2128,0,9683352985073,9683352985093
planner,2129,0,9683352985113,9683352985133
planner,2130,0,9683352985153,9683352985163
planner,2131,0,9683352985183,9683352985203
planner,2132,0,9683352985223,9683352985243
planner,2133,0,9683352985263,9683352985283
planner,2134,0,9683352985303,9683352985323
planner,2135,0,9683352985343,9683352985353
planner,2136,0,9683352985373,9683352985393
planner,2137,0,9683352985413,9683352985433
planner,2138,0,9683352985453,9683352985473
planner,2139,0,9683352985493,9683352985513
planner,2140,0,9683352985533,9683352985543
planner,2141,0,9683352985563,9683352985583
planner,2142,0,9683352985603,9683352985623
planner,2143,0,9683352985643,9683352985663
planner,2144,0,9683352985683,9683352985703
planner,2145,0,9683352985723,9683352985743
planner,2146,0,9683352985763,9683352985773
planner,2147,0,9683352985793,9683352985813
planner,2148,0,9683352985833,9683352985853
planner,2149,0,9683352985873,9683352985893
planner,2150,0,9683352985913,9683352985933
planner,2151,0,9683352985953,9683352985963
planner,2152,0,9683352985983,9683352986003
planner,2153,0,9683352986023,9683352986043
planner,2154,0,9683352986063,9683352986083
planner,2155,0,9683352986103,9683352986123
planner,2156,0,9683352986143,9683352986153
planner,2157,0,9683352986173,9683352986193
planner,2158,0,9683352986213,9683352986233
planner,2159,0,9683352986253,9683352986273
planner,2160,0,9683352986293,9683352986313
planner,2161,0,9683352986333,9683352986353
planner,2162,0,9683352986373,9683352986383
planner,2163,0,9683352986403,9683352986423
planner,2164,0,9683352986443,9683352986463
planner,2165,0,9683352986483,9683352986503
planner,2166,0,9683352986523,9683352986543
planner,2167,0,9683352986563,9683352986573
planner,2168,0,9683352986593,9683352986613
planner,2169,0,9683352986633,9683352986653
planner,2170,0,9683352986673,9683352986693
planner,2171,0,9683352986713,9683352986733
planner,2172,0,9683352986753,9683352986763
planner,2173,0,9683352986783,9683352986803
planner,2174,0,9683352986823,9683352986843
planner,2175,0,9683352986863,9683352986883
planner,2176,0,9683352987323,9683352987343
planner,2177,0,9683352987363,9683352987383
planner,2178,0,9683352987403,9683352987423
planner,2179,0,9683352987443,9683352987463
planner,2180,0,9683352987483,9683352987503
planner,2181,0,9683352987523,9683352987533
planner,2182,0,9683352987563,9683352987573
planner,2183,0,9683352987593,9683352987613
planner,2184,0,9683352987633,9683352987653
planner,2185,0,9683352987673,9683352987693
planner,2186,0,9683352987713,9683352987733
planner,2187,0,9683352987753,9683352987763
planner,2188,0,9683352987783,9683352987803
planner,2189,0,9683352987823,9683352987843
planner,2190,0,9683352987863,9683352987883
planner,2191,0,9683352987903,9683352987923
planner,2192,0,9683352987943,9683352987953
planner,2193,0,9683352987973,9683352987993
planner,2194,0,9683352988013,9683352988033
planner,2195,0,9683352988053,9683352988073
planner,2196,0,9683352988093,9683352988113
planner,2197,0,9683352988133,9683352988143
planner,2198,0,9683352988163,9683352988183
planner,2199,0,9683352988203,9683352988223
planner,2200,0,9683352988243,9683352988263
planner,2201,0,9683352988283,9683352988303
planner,2202,0,9683352988323,9683352988333
planner,2203,0,9683352988353,9683352988373
planner,2204,0,9683352988393,9683352988413
planner,2205,0,9683352988433,9683352988453
planner,2206,0,9683352988473,9683352988493
planner,2207,0,9683352988513,9683352988523
planner,2208,0,9683352988543,9683352988563
planner,2209,0,9683352988583,9683352988603
planner,2210,0,9683352988623,9683352988643
planner,2211,0,9683352988663,9683352988683
planner,2212,0,9683352988703,9683352988713
planner,2213,0,9683352988733,9683352988753
planner,2214,0,9683352988773,9683352988793
planner,2215,0,9683352988813,9683352988833
planner,2216,0,9683352988853,9683352988873
planner,2217,0,9683352988893,9683352988903
planner,2218,0,9683352988933,9683352988943
planner,2219,0,9683352988963,9683352988983
planner,2220,0,9683352989003,9683352989023
planner,2221,0,9683352989043,9683352989063
planner,2222,0,9683352989083,9683352989103
planner,2223,0,9683352989123,9683352989133
planner,2224,0,9683352989153,9683352989173
planner,2225,0,9683352989193,9683352989213
planner,2226,0,9683352989233,9683352989253
planner,2227,0,9683352989273,9683352989293
planner,2228,0,9683352989313,9683352989323
planner,2229,0,9683352989343,9683352989363
planner,2230,0,9683352989383,9683352989403
planner,2231,0,9683352989423,9683352989443
planner,2232,0,9683352989463,9683352989483
planner,2233,0,9683352989503,9683352989513
planner,2234,0,9683352989533,9683352989553
planner,2235,0,9683352989573,9683352989593
planner,2236,0,9683352989613,9683352989633
planner,2237,0,9683352989653,9683352989673
planner,2238,0,9683352989693,9683352989703
planner,2239,0,9683352989723,9683352989743
planner,2240,0,9683352989763,9683352989783
planner,2241,0,9683352989803,9683352989823
planner,2242,0,9683352989843,9683352989863
planner,2243,0,9683352989883,9683352989893
planner,2244,0,9683352989913,9683352989933
planner,2245,0,9683352989953,9683352989973
planner,2246,0,9683352989993,9683352990013
planner,2247,0,9683352990033,9683352990053
planner,2248,0,9683352990073,9683352990093
planner,2249,0,9683352990113,9683352990123
planner,2250,0,9683352990143,9683352990163
planner,2251,0,9683352990183,9683352990203
planner,2252,0,9683352990223,9683352990243
planner,2253,0,9683352990263,9683352990283
planner,2254,0,9683352990303,9683352990313
planner,2255,0,9683352990333,9683352990353
planner,2256,0,9683352990373,9683352990393
planner,2257,0,9683352990413,9683352990433
planner,2258,0,9683352990453,9683352990473
planner,2259,0,9683352990493,9683352990503
planner,2260,0,9683352990523,9683352990543
planner,2261,0,9683352990563,9683352990583
planner,2262,0,9683352990603,9683352990623
planner,2263,0,9683352990643,9683352990663
planner,2264,0,9683352990683,9683352990703
planner,2265,0,9683352990723,9683352990733
planner,2266,0,9683352990753,9683352990773
planner,2267,0,9683352990793,9683352990813
planner,2268,0,9683352990833,9683352990853
planner,2269,0,9683352990873,9683352990893
planner,2270,0,9683352990913,9683352990923
planner,2271,0,9683352990943,9683352990963
planner,2272,0,9683352990983,9683352991003
planner,2273,0,9683352991023,9683352991043
planner,2274,0,9683352991063,9683352991083
planner,2275,0,9683352991103,9683352991123
planner,2276,0,9683352991143,9683352991153
planner,2277,0,9683352991173,9683352991193
planner,2278,0,9683352991213,9683352991233
planner,2279,0,9683352991253,9683352991273
planner,2280,0,9683352991293,9683352991313
planner,2281,0,9683352991333,9683352991343
planner,2282,0,9683352991363,9683352991383
planner,2283,0,9683352991403,9683352991423
planner,2284,0,9683352991443,9683352991463
planner,2285,0,9683352991483,9683352991503
planner,2286,0,9683352991523,9683352991533
planner,2287,0,9683352991553,9683352991573
planner,2288,0,9683352991593,9683352991613
planner,2289,0,9683352991633,9683352991653
planner,2290,0,9683352991673,9683352991693
planner,2291,0,9683352991713,9683352991723
planner,2292,0,9683352991753,9683352991763
planner,2293,0,9683352991783,9683352991803
planner,2294,0,9683352991823,9683352991843
planner,2295,0,9683352991863,9683352991883
planner,2296,0,9683352991903,9683352991923
planner,2297,0,9683352991943,9683352991953
planner,2298,0,9683352991973,9683352991993
planner,2299,0,9683352992013,9683352992033
planner,2300,0,9683352992053,9683352992073
planner,2301,0,9683352992093,9683352992113
planner,2302,0,9683352992133,9683352992143
planner,2303,0,9683352992163,9683352992183
planner,2304,0,9683352992633,9683352992653
planner,2305,0,9683352992673,9683352992693
planner,2306,0,9683352992713,9683352992733
planner,2307,0,9683352992753,9683352992773
planner,2308,0,9683352992793,9683352992803
planner,2309,0,9683352992833,9683352992843
planner,2310,0,9683352992863,9683352992883
planner,2311,0,9683352992903,9683352992923
planner,2312,0,9683352992943,9683352992963
planner,2313,0,9683352992983,9683352993003
planner,2314,0,9683352993023,9683352993033
planner,2315,0,9683352993053,9683352993073
planner,2316,0,9683352993093,9683352993113
planner,2317,0,9683352993133,9683352993153
planner,2318,0,9683352993173,9683352993193
planner,2319,0,9683352993213,9683352993223
planner,2320,0,9683352993243,9683352993263
planner,2321,0,9683352993283,9683352993303
planner,2322,0,9683352993323,9683352993343
planner,2323,0,9683352993363,9683352993383
planner,2324,0,9683352993403,9683352993423
planner,2325,0,9683352993443,9683352993453
planner,2326,0,9683352993473,9683352993493
planner,2327,0,9683352993513,9683352993533
planner,2328,0,9683352993553,9683352993573
planner,2329,0,9683352993593,9683352993613
planner,2330,0,9683352993633,9683352993643
planner,2331,0,9683352993663,9683352993683
planner,2332,0,9683352993703,9683352993723
planner,2333,0,9683352993743,9683352993763
planner,2334,0,9683352993783,9683352993803
planner,2335,0,9683352993823,9683352993833
planner,2336,0,9683352993863,9683352993873
planner,2337,0,9683352993893,9683352993913
planner,2338,0,9683352993933,9683352993953
planner,2339,0,9683352993973,9683352993993
planner,2340,0,9683352994013,9683352994033
planner,2341,0,9683352994053,9683352994063
planner,2342,0,9683352994083,9683352994103
planner,2343,0,9683352994123,9683352994143
planner,2344,0,9683352994163,9683352994183
planner,2345,0,9683352994203,9683352994223
planner,2346,0,9683352994243,9683352994253
planner,2347,0,9683352994283,9683352994293
planner,2348,0,9683352994313,9683352994333
planner,2349,0,9683352994353,9683352994373
planner,2350,0,9683352994393,9683352994413
planner,2351,0,9683352994433,9683352994453
planner,2352,0,9683352994473,9683352994483
planner,2353,0,9683352994503,9683352994523
planner,2354,0,9683352994543,9683352994563
planner,2355,0,9683352994583,9683352994603
planner,2356,0,9683352994623,9683352994643
planner,2357,0,9683352994663,9683352994683
planner,2358,0,9683352994703,9683352994713
planner,2359,0,9683352994733,9683352994753
planner,2360,0,9683352994773,9683352994793
planner,2361,0,9683352994813,9683352994833
planner,2362,0,9683352994853,9683352994873
planner,2363,0,9683352994893,9683352994903
planner,2364,0,9683352994923,9683352994943
planner,2365,0,9683352994963,9683352994983
planner,2366,0,9683352995003,9683352995023
planner,2367,0,9683352995043,9683352995063
planner,2368,0,9683352995083,9683352995103
planner,2369,0,9683352995123,9683352995133
planner,2370,0,9683352995153,9683352995173
planner,2371,0,9683352995193,9683352995213
planner,2372,0,9683352995233,9683352995253
planner,2373,0,9683352995273,9683352995293
planner,2374,0,9683352995313,9683352995323
planner,2375,0,9683352995343,9683352995363
planner,2376,0,9683352995383,9683352995403
planner,2377,0,9683352995423,9683352995443
planner,2378,0,9683352995463,9683352995483
planner,2379,0,9683352995503,9683352995523
planner,2380,0,9683352995543,9683352995553
planner,2381,0,9683352995573,9683352995593
planner,2382,0,9683352995613,9683352995633
planner,2383,0,9683352995653,9683352995673
planner,2384,0,9683352995693,9683352995713
planner,2385,0,9683352995733,9683352995743
planner,2386,0,9683352995763,9683352995783
planner,2387,0,9683352995803,9683352995823
planner,2388,0,9683352995843,9683352995863
planner,2389,0,9683352995883,9683352995903
planner,2390,0,9683352995923,9683352995943
planner,2391,0,9683352995963,9683352995973
planner,2392,0,9683352995993,9683352996013
planner,2393,0,9683352996033,9683352996053
planner,2394,0,9683352996073,9683352996093
planner,2395,0,9683352996113,9683352996133
planner,2396,0,9683352996153,9683352996163
planner,2397,0,9683352996183,9683352996203
planner,2398,0,9683352996223,9683352996243
planner,2399,0,9683352996263,9683352996283
planner,2400,0,9683352996303,9683352996323
planner,2401,0,9683352996343,9683352996353
planner,2402,0,9683352996383,9683352996393
planner,2403,0,9683352996413,9683352996433
planner,2404,0,9683352996453,9683352996473
planner,2405,0,9683352996493,9683352996513
planner,2406,0,9683352996533,9683352996553
planner,2407,0,9683352996573,9683352996583
planner,2408,0,9683352996603,9683352996623
planner,2409,0,9683352996643,9683352996663
planner,2410,0,9683352996683,9683352996703
planner,2411,0,9683352996723,9683352996743
planner,2412,0,9683352996763,9683352996773
planner,2413,0,9683352996793,9683352996813
planner,2414,0,9683352996833,9683352996853
planner,2415,0,9683352996873,9683352996893
planner,2416,0,9683352996913,9683352996933
planner,2417,0,9683352996953,9683352996963
planner,2418,0,9683352996993,9683352997003
planner,2419,0,9683352997023,9683352997043
planner,2420,0,9683352997063,9683352997083
planner,2421,0,9683352997103,9683352997123
planner,2422,0,9683352997143,9683352997163
planner,2423,0,9683352997183,9683352997193
planner,2424,0,9683352997213,9683352997233
planner,2425,0,9683352997253,9683352997273
planner,2426,0,9683352997293,9683352997313
planner,2427,0,9683352997333,9683352997353
planner,2428,0,9683352997373,9683352997383
planner,2429,0,9683352997403,9683352997423
planner,2430,0,9683352997443,9683352997463
planner,2431,0,9683352997483,9683352997503
planner,2432,0,9683352998463,9683352998483
planner,2433,0,9683352998503,9683352998523
planner,2434,0,9683352998543,9683352998563
planner,2435,0,9683352998583,9683352998603
planner,2436,0,9683352998623,9683352998633
planner,2437,0,9683352998663,9683352998673
planner,2438,0,9683352998693,9683352998713
planner,2439,0,9683352998733,9683352998753
planner,2440,0,9683352998773,9683352998793
planner,2441,0,9683352998813,9683352998833
planner,2442,0,9683352998853,9683352998863
planner,2443,0,9683352998883,9683352998903
planner,2444,0,9683352998923,9683352998943
planner,2445,0,9683352998963,9683352998983
planner,2446,0,9683352999003,9683352999023
planner,2447,0,9683352999043,9683352999053
planner,2448,0,9683352999073,9683352999093
planner,2449,0,9683352999113,9683352999133
planner,2450,0,9683352999153,9683352999173
planner,2451,0,9683352999193,9683352999213
planner,2452,0,9683352999233,9683352999243
planner,2453,0,9683352999263,9683352999283
planner,2454,0,9683352999303,9683352999323
planner,2455,0,9683352999343,9683352999363
planner,2456,0,9683352999383,9683352999403
planner,2457,0,9683352999423,9683352999433
planner,2458,0,9683352999463,9683352999473
planner,2459,0,9683352999493,9683352999513
planner,2460,0,9683352999533,9683352999553
planner,2461,0,9683352999573,9683352999593
planner,2462,0,9683352999613,9683352999633
planner,2463,0,9683352999653,9683352999663
planner,2464,0,9683352999683,9683353002073
planner,2465,0,9683353002093,9683353002113
planner,2466,0,9683353002133,9683353002153
planner,2467,0,9683353002173,9683353002193
planner,2468,0,9683353002213,9683353002233
planner,2469,0,9683353002303,9683353002323
planner,2470,0,9683353002343,9683353002363
planner,2471,0,9683353002383,9683353002403
planner,2472,0,9683353002423,9683353002443
planner,2473,0,9683353002463,9683353002483
planner,2474,0,9683353002503,9683353002523
planner,2475,0,9683353002543,9683353002563
planner,2476,0,9683353002583,9683353002593
planner,2477,0,9683353002613,9683353002633
planner,2478,0,9683353002653,9683353002673
planner,2479,0,9683353002693,9683353002713
planner,2480,0,9683353002733,9683353002753
planner,2481,0,9683353002773,9683353002783
planner,2482,0,9683353002803,9683353002823
planner,2483,0,9683353002843,9683353002863
planner,2484,0,9683353002883,9683353002903
planner,2485,0,9683353002923,9683353002943
planner,2486,0,9683353002963,9683353002973
planner,2487,0,9683353002993,9683353003013
planner,2488,0,9683353003033,9683353003053
planner,2489,0,9683353003073,9683353003093
planner,2490,0,9683353003113,9683353003133
planner,2491,0,9683353003153,9683353003163
planner,2492,0,9683353003183,9683353003203
planner,2493,0,9683353003223,9683353003243
planner,2494,0,9683353003263,9683353003283
planner,2495,0,9683353003303,9683353003323
planner,2496,0,9683353003343,9683353003353
planner,2497,0,9683353003373,9683353003393
planner,2498,0,9683353003413,9683353003433
planner,2499,0,9683353003453,9683353003473
planner,2500,0,9683353003493,9683353003513
planner,2501,0,9683353003533,9683353003543
planner,2502,0,9683353003563,9683353003583
planner,2503,0,9683353003603,9683353003623
planner,2504,0,9683353003643,9683353003663
planner,2505,0,9683353003683,9683353003703
planner,2506,0,9683353003723,9683353003733
planner,2507,0,9683353003763,9683353003773
planner,2508,0,9683353003793,9683353003813
planner,2509,0,9683353003833,9683353003853
planner,2510,0,9683353003873,9683353003893
planner,2511,0,9683353003913,9683353003923
planner,2512,0,9683353003953,9683353003963
planner,2513,0,9683353003983,9683353004003
planner,2514,0,9683353004023,9683353004043
planner,2515,0,9683353004063,9683353004083
planner,2516,0,9683353004103,9683353004123
planner,2517,0,9683353004143,9683353004153
planner,2518,0,9683353004173,9683353004193
planner,2519,0,9683353004213,9683353004233
planner,2520,0,9683353004253,9683353004273
planner,2521,0,9683353004293,9683353004313
planner,2522,0,9683353004333,9683353004343
planner,2523,0,9683353004363,9683353004383
planner,2524,0,9683353004403,9683353004423
planner,2525,0,9683353004443,9683353004463
planner,2526,0,9683353004483,9683353004503
planner,2527,0,9683353004523,9683353004533
planner,2528,0,9683353004553,9683353004573
planner,2529,0,9683353004593,9683353004613
planner,2530,0,9683353004633,9683353004653
planner,2531,0,9683353004673,9683353004693
planner,2532,0,9683353004713,9683353004723
planner,2533,0,9683353004743,9683353004763
planner,2534,0,9683353004783,9683353004803
planner,2535,0,9683353004823,9683353004843
planner,2536,0,9683353004863,9683353004883
planner,2537,0,9683353004903,9683353004923
planner,2538,0,9683353004943,9683353004953
planner,2539,0,9683353004973,9683353004993
planner,2540,0,9683353005013,9683353005033
planner,2541,0,9683353005053,9683353005073
planner,2542,0,9683353005093,9683353005113
planner,2543,0,9683353005133,9683353005143
planner,2544,0,9683353005163,9683353005183
planner,2545,0,9683353005203,9683353005223
planner,2546,0,9683353005243,9683353005263
planner,2547,0,9683353005283,9683353005303
planner,2548,0,9683353005323,9683353005343
planner,2549,0,9683353005363,9683353005373
planner,2550,0,9683353005393,9683353005413
planner,2551,0,9683353005433,9683353005453
planner,2552,0,9683353005473,9683353005493
planner,2553,0,9683353005513,9683353005533
planner,2554,0,9683353005553,9683353005563
planner,2555,0,9683353005583,9683353005603
planner,2556,0,9683353005623,9683353005643
planner,2557,0,9683353005663,9683353005683
planner,2558,0,9683353005703,9683353005723
planner,2559,0,9683353005743,9683353005763
planner,2560,0,9683353006283,9683353006303
planner,2561,0,9683353006323,9683353006333
planner,2562,0,9683353006363,9683353006373
planner,2563,0,9683353006393,9683353006413
planner,2564,0,9683353006433,9683353006453
planner,2565,0,9683353006473,9683353006493
planner,2566,0,9683353006513,9683353006533
planner,2567,0,9683353006553,9683353006573
planner,2568,0,9683353006593,9683353006603
planner,2569,0,9683353006623,9683353006643
planner,2570,0,9683353006663,9683353006683
planner,2571,0,9683353006703,9683353006723
planner,2572,0,9683353006743,9683353006763
planner,2573,0,9683353006783,9683353006793
planner,2574,0,9683353006823,9683353006833
planner,2575,0,9683353006853,9683353006873
planner,2576,0,9683353006893,9683353006913
planner,2577,0,9683353006933,9683353006953
planner,2578,0,9683353006973,9683353006993
planner,2579,0,9683353007013,9683353007023
planner,2580,0,9683353007043,9683353007063
planner,2581,0,9683353007083,9683353007103
planner,2582,0,9683353007123,9683353007143
planner,2583,0,9683353007163,9683353007183
planner,2584,0,9683353007203,9683353007213
planner,2585,0,9683353007233,9683353007253
planner,2586,0,9683353007273,9683353007293
planner,2587,0,9683353007313,9683353007333
planner,2588,0,9683353007353,9683353007373
planner,2589,0,9683353007393,9683353007403
planner,2590,0,9683353007423,9683353007443
planner,2591,0,9683353007463,9683353007483
planner,2592,0,9683353007503,9683353007523
planner,2593,0,9683353007543,9683353007563
planner,2594,0,9683353007583,9683353007593
planner,2595,0,9683353007623,9683353007633
planner,2596,0,9683353007653,9683353007673
planner,2597,0,9683353007693,9683353007713
planner,2598,0,9683353007733,9683353007753
planner,2599,0,9683353007773,9683353007793
planner,2600,0,9683353007813,9683353007823
planner,2601,0,9683353007843,9683353007863
planner,2602,0,9683353007883,9683353007903
planner,2603,0,9683353007923,9683353007943
planner,2604,0,9683353007963,9683353007983
planner,2605,0,9683353008003,9683353008013
planner,2606,0,9683353008033,9683353008053
planner,2607,0,9683353008073,9683353008093
planner,2608,0,9683353008113,9683353008133
planner,2609,0,9683353008153,9683353008173
planner,2610,0,9683353008193,9683353008203
planner,2611,0,9683353008223,9683353008243
planner,2612,0,9683353008263,9683353008283
planner,2613,0,9683353008303,9683353008323
planner,2614,0,9683353008343,9683353008363
planner,2615,0,9683353008383,9683353008393
planner,2616,0,9683353008413,9683353008433
planner,2617,0,9683353008453,9683353008473
planner,2618,0,9683353008493,9683353008513
planner,2619,0,9683353008533,9683353008553
planner,2620,0,9683353008573,9683353008583
planner,2621,0,9683353008613,9683353008623
planner,2622,0,9683353008643,9683353008663
planner,2623,0,9683353008683,9683353008703
planner,2624,0,9683353008723,9683353008743
planner,2625,0,9683353008763,9683353008783
planner,2626,0,9683353008803,9683353008813
planner,2627,0,9683353008833,9683353008853
planner,2628,0,9683353008873,9683353008893
planner,2629,0,9683353008913,9683353008933
planner,2630,0,9683353008953,9683353008973
planner,2631,0,9683353008993,9683353009003
planner,2632,0,9683353009023,9683353009043
planner,2633,0,9683353009063,9683353009083
planner,2634,0,9683353009103,9683353009123
planner,2635,0,9683353009143,9683353009163
planner,2636,0,9683353009183,9683353009193
planner,2637,0,9683353009213,9683353009233
planner,2638,0,9683353009253,9683353009273
planner,2639,0,9683353009293,9683353009313
planner,2640,0,9683353009333,9683353009353
planner,2641,0,9683353009373,9683353009383
planner,2642,0,9683353009413,9683353009423
planner,2643,0,9683353009443,9683353009463
planner,2644,0,9683353009483,9683353009503
planner,2645,0,9683353009523,9683353009543
planner,2646,0,9683353009563,9683353009583
planner,2647,0,9683353009603,9683353009613
planner,2648,0,9683353009633,9683353009653
planner,2649,0,9683353009673,9683353009693
planner,2650,0,9683353009713,9683353009733
planner,2651,0,9683353009753,9683353009773
planner,2652,0,9683353009793,9683353009923
planner,2653,0,9683353009953,9683353009963
planner,2654,0,9683353009983,9683353010003
planner,2655,0,9683353010023,9683353010043
planner,2656,0,9683353010063,9683353010083
planner,2657,0,9683353010103,9683353010123
planner,2658,0,9683353010143,9683353010153
planner,2659,0,9683353010173,9683353010193
planner,2660,0,9683353010213,9683353010233
planner,2661,0,9683353010253,9683353010273
planner,2662,0,9683353010293,9683353010313
planner,2663,0,9683353010333,9683353010353
planner,2664,0,9683353010373,9683353010383
planner,2665,0,9683353010403,9683353010423
planner,2666,0,9683353010443,9683353010463
planner,2667,0,9683353010483,9683353010503
planner,2668,0,9683353010523,9683353010543
planner,2669,0,9683353010563,9683353010573
planner,2670,0,9683353010593,9683353010613
planner,2671,0,9683353010633,9683353010653
planner,2672,0,9683353010673,9683353010693
planner,2673,0,9683353010713,9683353010733
planner,2674,0,9683353010753,9683353010773
planner,2675,0,9683353010793,9683353010803
planner,2676,0,9683353010823,9683353010843
planner,2677,0,9683353010863,9683353010883
planner,2678,0,9683353010903,9683353010923
planner,2679,0,9683353010943,9683353010963
planner,2680,0,9683353010983,9683353010993
planner,2681,0,9683353011013,9683353011033
planner,2682,0,9683353011053,9683353011073
planner,2683,0,9683353011093,9683353011113
planner,2684,0,9683353011133,9683353011153
planner,2685,0,9683353011173,9683353011193
planner,2686,0,9683353011213,9683353011223
planner,2687,0,9683353011243,9683353011263
planner,2688,0,9683353011713,9683353011733
planner,2689,0,9683353011753,9683353011763
planner,2690,0,9683353011793,9683353011803
planner,2691,0,9683353011823,9683353011843
planner,2692,0,9683353011863,9683353011883
planner,2693,0,9683353011903,9683353011923
planner,2694,0,9683353011943,9683353011963
planner,2695,0,9683353011983,9683353012003
planner,2696,0,9683353012023,9683353012033
planner,2697,0,9683353012063,9683353012073
planner,2698,0,9683353012093,9683353012113
planner,2699,0,9683353012133,9683353012153
planner,2700,0,9683353012173,9683353012193
planner,2701,0,9683353012213,9683353012233
planner,2702,0,9683353012253,9683353012263
planner,2703,0,9683353012283,9683353012303
planner,2704,0,9683353012323,9683353012343
planner,2705,0,9683353012363,9683353012383
planner,2706,0,9683353012403,9683353012423
planner,2707,0,9683353012443,9683353012453
planner,2708,0,9683353012473,9683353012493
planner,2709,0,9683353012513,9683353012533
planner,2710,0,9683353012553,9683353012573
planner,2711,0,9683353012593,9683353012613
planner,2712,0,9683353012633,9683353012653
planner,2713,0,9683353012673,9683353012683
planner,2714,0,9683353012703,9683353012723
planner,2715,0,9683353012743,9683353012763
planner,2716,0,9683353012783,9683353012803
planner,2717,0,9683353012823,9683353012843
planner,2718,0,9683353012863,9683353012873
planner,2719,0,9683353012893,9683353012913
planner,2720,0,9683353012933,9683353012953
planner,2721,0,9683353012973,9683353012993
planner,2722,0,9683353013013,9683353013033
planner,2723,0,9683353013053,9683353013073
planner,2724,0,9683353013093,9683353013103
planner,2725,0,9683353013123,9683353013143
planner,2726,0,9683353013163,9683353013183
planner,2727,0,9683353013203,9683353013223
planner,2728,0,9683353013243,9683353013263
planner,2729,0,9683353013283,9683353013293
planner,2730,0,9683353013323,9683353013333
planner,2731,0,9683353013353,9683353013373
planner,2732,0,9683353013393,9683353013413
planner,2733,0,9683353013433,9683353013453
planner,2734,0,9683353013473,9683353013493
planner,2735,0,9683353013513,9683353013523
planner,2736,0,9683353013543,9683353013563
planner,2737,0,9683353013583,9683353013603
planner,2738,0,9683353013623,9683353013643
planner,2739,0,9683353013663,9683353013683
planner,2740,0,9683353013703,9683353013723
planner,2741,0,9683353013743,9683353013753
planner,2742,0,9683353013773,9683353013793
planner,2743,0,9683353013813,9683353013833
planner,2744,0,9683353013853,9683353013873
planner,2745,0,9683353013893,9683353013913
planner,2746,0,9683353013933,9683353013943
planner,2747,0,9683353013973,9683353013983
planner,2748,0,9683353014003,9683353014123
planner,2749,0,9683353014143,9683353014163
planner,2750,0,9683353014183,9683353014203
planner,2751,0,9683353014223,9683353014243
planner,2752,0,9683353014263,9683353014283
planner,2753,0,9683353014303,9683353014323
planner,2754,0,9683353014353,9683353014363
planner,2755,0,9683353014393,9683353014413
planner,2756,0,9683353014433,9683353014453
planner,2757,0,9683353014473,9683353014483
planner,2758,0,9683353014513,9683353014523
planner,2759,0,9683353014543,9683353014563
planner,2760,0,9683353014583,9683353014603
planner,2761,0,9683353014623,9683353014643
planner,2762,0,9683353014663,9683353014683
planner,2763,0,9683353014763,9683353014773
planner,2764,0,9683353014793,9683353014813
planner,2765,0,9683353014833,9683353014853
planner,2766,0,9683353014873,9683353014893
planner,2767,0,9683353014913,9683353014933
planner,2768,0,9683353014953,9683353014973
planner,2769,0,9683353014993,9683353015013
planner,2770,0,9683353015033,9683353015043
planner,2771,0,9683353015063,9683353015083
planner,2772,0,9683353015103,9683353015123
planner,2773,0,9683353015143,9683353015163
planner,2774,0,9683353015183,9683353015203
planner,2775,0,9683353015223,9683353015233
planner,2776,0,9683353015253,9683353015273
planner,2777,0,9683353015293,9683353015313
planner,2778,0,9683353015333,9683353015353
planner,2779,0,9683353015373,9683353015393
planner,2780,0,9683353015413,9683353015433
planner,2781,0,9683353015453,9683353015463
planner,2782,0,9683353015483,9683353015503
planner,2783,0,9683353015523,9683353015543
planner,2784,0,9683353015563,9683353015583
planner,2785,0,9683353015603,9683353015623
planner,2786,0,9683353015643,9683353015653
planner,2787,0,9683353015673,9683353015693
planner,2788,0,9683353015713,9683353015733
planner,2789,0,9683353015753,9683353015773
planner,2790,0,9683353015793,9683353015813
planner,2791,0,9683353015833,9683353015843
planner,2792,0,9683353015873,9683353015883
planner,2793,0,9683353015903,9683353015923
planner,2794,0,9683353015943,9683353015963
planner,2795,0,9683353015983,9683353016003
planner,2796,0,9683353016023,9683353016043
planner,2797,0,9683353016063,9683353016073
planner,2798,0,9683353016093,9683353016113
planner,2799,0,9683353016133,9683353016153
planner,2800,0,9683353016173,9683353016193
planner,2801,0,9683353016213,9683353016233
planner,2802,0,9683353016253,9683353016263
planner,2803,0,9683353016293,9683353016303
planner,2804,0,9683353016323,9683353016343
planner,2805,0,9683353016363,9683353016383
planner,2806,0,9683353016403,9683353016423
planner,2807,0,9683353016443,9683353016463
planner,2808,0,9683353016483,9683353016493
planner,2809,0,9683353016513,9683353016533
planner,2810,0,9683353016553,9683353016573
planner,2811,0,9683353016593,9683353016613
planner,2812,0,9683353016633,9683353016653
planner,2813,0,9683353016673,9683353016683
planner,2814,0,9683353016703,9683353016723
planner,2815,0,9683353016743,9683353016763
planner,2816,0,9683353017223,9683353017243
planner,2817,0,9683353017263,9683353017283
planner,2818,0,9683353017303,9683353017323
planner,2819,0,9683353017343,9683353017363
planner,2820,0,9683353017383,9683353017393
planner,2821,0,9683353017423,9683353017433
planner,2822,0,9683353017453,9683353017473
planner,2823,0,9683353017493,9683353017513
planner,2824,0,9683353017533,9683353017553
planner,2825,0,9683353017573,9683353017593
planner,2826,0,9683353017613,9683353017623
planner,2827,0,9683353017643,9683353017663
planner,2828,0,9683353017683,9683353017703
planner,2829,0,9683353017723,9683353017743
planner,2830,0,9683353017763,9683353017783
planner,2831,0,9683353017803,9683353017813
planner,2832,0,9683353017833,9683353017853
planner,2833,0,9683353017873,9683353017893
planner,2834,0,9683353017913,9683353017933
planner,2835,0,9683353017953,9683353017973
planner,2836,0,9683353017993,9683353018003
planner,2837,0,9683353018023,9683353018043
planner,2838,0,9683353018063,9683353018083
planner,2839,0,9683353018103,9683353018123
planner,2840,0,9683353018143,9683353018163
planner,2841,0,9683353018183,9683353018193
planner,2842,0,9683353018213,9683353018233
planner,2843,0,9683353018253,9683353018273
planner,2844,0,9683353018293,9683353018313
planner,2845,0,9683353018333,9683353018353
planner,2846,0,9683353018373,9683353018393
planner,2847,0,9683353018413,9683353018423
planner,2848,0,9683353018443,9683353018463
planner,2849,0,9683353018483,9683353018503
planner,2850,0,9683353018523,9683353018543
planner,2851,0,9683353018563,9683353018583
planner,2852,0,9683353018603,9683353018613
planner,2853,0,9683353018633,9683353018653
planner,2854,0,9683353018673,9683353018693
planner,2855,0,9683353018713,9683353018733
planner,2856,0,9683353018753,9683353018773
planner,2857,0,9683353018793,9683353018803
planner,2858,0,9683353018823,9683353018843
planner,2859,0,9683353018863,9683353018883
planner,2860,0,9683353018903,9683353018923
planner,2861,0,9683353018943,9683353018963
planner,2862,0,9683353018983,9683353018993
planner,2863,0,9683353019013,9683353019033
planner,2864,0,9683353019053,9683353019073
planner,2865,0,9683353019093,9683353019113
planner,2866,0,9683353019133,9683353019153
planner,2867,0,9683353019173,9683353019193
planner,2868,0,9683353019213,9683353019223
planner,2869,0,9683353019243,9683353019263
planner,2870,0,9683353019283,9683353019303
planner,2871,0,9683353019323,9683353019343
planner,2872,0,9683353019363,9683353019383
planner,2873,0,9683353019403,9683353019413
planner,2874,0,9683353019433,9683353019453
planner,2875,0,9683353019473,9683353019493
planner,2876,0,9683353019513,9683353019533
planner,2877,0,9683353019553,9683353019573
planner,2878,0,9683353019593,9683353019603
planner,2879,0,9683353019623,9683353019643
planner,2880,0,9683353019663,9683353019683
planner,2881,0,9683353019703,9683353019723
planner,2882,0,9683353019743,9683353019763
planner,2883,0,9683353019783,9683353019793
planner,2884,0,9683353019823,9683353019833
planner,2885,0,9683353019853,9683353019873
planner,2886,0,9683353019893,9683353019913
planner,2887,0,9683353019933,9683353019953
planner,2888,0,9683353019973,9683353019993
planner,2889,0,9683353020013,9683353020023
planner,2890,0,9683353020043,9683353020063
planner,2891,0,9683353020083,9683353020103
planner,2892,0,9683353020123,9683353020143
planner,2893,0,9683353020163,9683353020183
planner,2894,0,9683353020203,9683353020213
planner,2895,0,9683353020233,9683353020253
planner,2896,0,9683353020273,9683353020293
planner,2897,0,9683353020313,9683353020333
planner,2898,0,9683353020353,9683353020373
planner,2899,0,9683353020393,9683353020403
planner,2900,0,9683353020423,9683353020443
planner,2901,0,9683353020463,9683353020483
planner,2902,0,9683353020503,9683353020523
planner,2903,0,9683353020543,9683353020563
planner,2904,0,9683353020583,9683353020593
planner,2905,0,9683353020623,9683353020633
planner,2906,0,9683353020653,9683353020673
planner,2907,0,9683353020693,9683353020713
planner,2908,0,9683353020733,9683353020753
planner,2909,0,9683353020773,9683353020793
planner,2910,0,9683353020813,9683353020823
planner,2911,0,9683353020843,9683353020863
planner,2912,0,9683353020883,9683353020903
planner,2913,0,9683353020923,9683353020943
planner,2914,0,9683353020963,9683353020983
planner,2915,0,9683353021003,9683353021013
planner,2916,0,9683353021033,9683353021053
planner,2917,0,9683353021073,9683353021093
planner,2918,0,9683353021113,9683353021133
planner,2919,0,9683353021153,9683353021173
planner,2920,0,9683353021193,9683353021203
planner,2921,0,9683353021223,9683353021243
planner,2922,0,9683353021263,9683353021283
planner,2923,0,9683353021303,9683353021323
planner,2924,0,9683353021343,9683353021363
planner,2925,0,9683353021383,9683353021393
planner,2926,0,9683353021423,9683353021433
planner,2927,0,9683353021453,9683353021473
planner,2928,0,9683353021493,9683353021513
planner,2929,0,9683353021533,9683353021553
planner,2930,0,9683353021573,9683353021593
planner,2931,0,9683353021613,9683353021623
planner,2932,0,9683353021643,9683353021663
planner,2933,0,9683353021683,9683353021703
planner,2934,0,9683353021723,9683353021743
planner,2935,0,9683353021763,9683353021783
planner,2936,0,9683353021803,9683353021813
planner,2937,0,9683353021833,9683353021853
planner,2938,0,9683353021873,9683353021893
planner,2939,0,9683353021913,9683353021933
planner,2940,0,9683353021953,9683353021973
planner,2941,0,9683353021993,9683353022003
planner,2942,0,9683353022023,9683353022043
planner,2943,0,9683353022063,9683353022083
planner,2944,0,9683353022713,9683353022733
planner,2945,0,9683353022753,9683353022773
planner,2946,0,9683353022793,9683353022813
planner,2947,0,9683353022833,9683353022853
planner,2948,0,9683353022873,9683353022893
planner,2949,0,9683353022913,9683353022923
planner,2950,0,9683353022953,9683353022963
planner,2951,0,9683353022983,9683353023003
planner,2952,0,9683353023023,9683353023043
planner,2953,0,9683353023063,9683353023083
planner,2954,0,9683353023103,9683353023123
planner,2955,0,9683353023143,9683353023153
planner,2956,0,9683353023173,9683353023193
planner,2957,0,9683353023213,9683353023233
planner,2958,0,9683353023253,9683353023273
planner,2959,0,9683353023293,9683353023313
planner,2960,0,9683353023333,9683353023343
planner,2961,0,9683353023363,9683353023383
planner,2962,0,9683353023403,9683353023423
planner,2963,0,9683353023443,9683353023463
planner,2964,0,9683353023483,9683353023503
planner,2965,0,9683353023523,9683353023533
planner,2966,0,9683353023563,9683353023573
planner,2967,0,9683353023593,9683353023613
planner,2968,0,9683353023633,9683353023653
planner,2969,0,9683353023673,9683353023693
planner,2970,0,9683353023713,9683353023733
planner,2971,0,9683353023753,9683353023763
planner,2972,0,9683353023783,9683353023803
planner,2973,0,9683353023823,9683353023843
planner,2974,0,9683353023863,9683353023883
planner,2975,0,9683353023903,9683353023923
planner,2976,0,9683353023943,9683353023953
planner,2977,0,9683353023983,9683353023993
planner,2978,0,9683353024013,9683353024033
planner,2979,0,9683353024053,9683353024073
planner,2980,0,9683353024093,9683353024113
planner,2981,0,9683353024133,9683353024153
planner,2982,0,9683353024173,9683353024183
planner,2983,0,9683353024203,9683353024223
planner,2984,0,9683353024243,9683353024263
planner,2985,0,9683353024283,9683353024303
planner,2986,0,9683353024323,9683353024343
planner,2987,0,9683353024363,9683353024373
planner,2988,0,9683353024393,9683353024413
planner,2989,0,9683353024433,9683353024453
planner,2990,0,9683353024473,9683353024493
planner,2991,0,9683353024513,9683353024533
planner,2992,0,9683353024553,9683353024563
planner,2993,0,9683353024583,9683353024603
planner,2994,0,9683353024623,9683353024643
planner,2995,0,9683353024663,9683353024683
planner,2996,0,9683353024703,9683353024723
planner,2997,0,9683353024743,9683353024753
planner,2998,0,9683353024783,9683353024793
planner,2999,0,9683353024813,9683353024833
planner,3000,0,9683353024853,9683353024873
planner,3001,0,9683353024893,9683353024913
planner,3002,0,9683353024933,9683353024953
planner,3003,0,9683353024973,9683353024983
planner,3004,0,9683353025003,9683353025023
planner,3005,0,9683353025043,9683353025063
planner,3006,0,9683353025083,9683353025103
planner,3007,0,9683353025123,9683353025143
planner,3008,0,9683353025163,9683353025173
planner,3009,0,9683353025193,9683353025213
planner,3010,0,9683353025233,9683353025253
planner,3011,0,9683353025273,9683353025293
planner,3012,0,9683353025313,9683353025333
planner,3013,0,9683353025353,9683353025363
planner,3014,0,9683353025383,9683353025403
planner,3015,0,9683353025423,9683353025443
planner,3016,0,9683353025463,9683353025483
planner,3017,0,9683353025503,9683353025523
planner,3018,0,9683353025543,9683353025553
planner,3019,0,9683353025573,9683353025593
planner,3020,0,9683353025613,9683353025633
planner,3021,0,9683353025653,9683353025673
planner,3022,0,9683353025693,9683353025713
planner,3023,0,9683353025733,9683353025753
planner,3024,0,9683353025773,9683353025783
planner,3025,0,9683353025803,9683353025823
planner,3026,0,9683353025843,9683353025863
planner,3027,0,9683353025883,9683353025903
planner,3028,0,9683353025923,9683353025943
planner,3029,0,9683353025963,9683353025973
planner,3030,0,9683353025993,9683353026013
planner,3031,0,9683353026033,9683353026053
planner,3032,0,9683353026073,9683353026093
planner,3033,0,9683353026113,9683353026133
planner,3034,0,9683353026153,9683353026163
planner,3035,0,9683353026193,9683353026203
planner,3036,0,9683353026223,9683353026243
planner,3037,0,9683353026263,9683353026283
planner,3038,0,9683353026303,9683353026323
planner,3039,0,9683353026343,9683353026363
planner,3040,0,9683353026383,9683353026393
planner,3041,0,9683353026413,9683353026433
planner,3042,0,9683353026453,9683353026473
planner,3043,0,9683353026493,9683353026513
planner,3044,0,9683353026533,9683353026553
planner,3045,0,9683353026573,9683353026583
planner,3046,0,9683353026613,9683353026623
planner,3047,0,9683353026643,9683353026663
planner,3048,0,9683353026683,9683353026703
planner,3049,0,9683353026723,9683353026743
planner,3050,0,9683353026763,9683353026783
planner,3051,0,9683353026803,9683353026813
planner,3052,0,9683353026833,9683353026853
planner,3053,0,9683353026873,9683353026893
planner,3054,0,9683353026913,9683353026933
planner,3055,0,9683353026953,9683353026973
planner,3056,0,9683353026993,9683353027003
planner,3057,0,9683353027023,9683353027043
planner,3058,0,9683353027063,9683353027083
planner,3059,0,9683353027103,9683353027123
planner,3060,0,9683353027143,9683353027163
planner,3061,0,9683353027183,9683353027203
planner,3062,0,9683353027223,9683353027233
planner,3063,0,9683353027253,9683353027273
planner,3064,0,9683353027293,9683353027313
planner,3065,0,9683353027333,9683353027353
planner,3066,0,9683353027373,9683353027393
planner,3067,0,9683353027413,9683353027423
planner,3068,0,9683353027443,9683353027463
planner,3069,0,9683353027483,9683353027503
planner,3070,0,9683353027523,9683353027543
planner,3071,0,9683353027563,9683353027583
planner,3072,0,9683353028113,9683353028133
planner,3073,0,9683353028153,9683353028173
planner,3074,0,9683353028193,9683353028213
planner,3075,0,9683353028233,9683353028253
planner,3076,0,9683353028273,9683353028293
planner,3077,0,9683353028313,9683353028333
planner,3078,0,9683353028353,9683353028373
planner,3079,0,9683353028393,9683353028403
planner,3080,0,9683353028423,9683353028443
planner,3081,0,9683353028463,9683353028483
planner,3082,0,9683353028503,9683353028523
planner,3083,0,9683353028543,9683353028563
planner,3084,0,9683353028583,9683353028593
planner,3085,0,9683353028613,9683353028633
planner,3086,0,9683353028653,9683353028673
planner,3087,0,9683353028693,9683353028713
planner,3088,0,9683353028733,9683353028753
planner,3089,0,9683353028773,9683353028783
planner,3090,0,9683353028813,9683353028823
planner,3091,0,9683353028843,9683353028863
planner,3092,0,9683353028883,9683353028903
planner,3093,0,9683353028923,9683353028943
planner,3094,0,9683353028963,9683353028983
planner,3095,0,9683353029003,9683353029013
planner,3096,0,9683353029033,9683353029053
planner,3097,0,9683353029073,9683353029093
planner,3098,0,9683353029113,9683353029133
planner,3099,0,9683353029153,9683353029173
planner,3100,0,9683353029193,9683353029203
planner,3101,0,9683353029223,9683353029243
planner,3102,0,9683353029263,9683353029283
planner,3103,0,9683353029303,9683353029323
planner,3104,0,9683353029343,9683353029363
planner,3105,0,9683353029383,9683353029393
planner,3106,0,9683353029413,9683353029433
planner,3107,0,9683353029453,9683353029473
planner,3108,0,9683353029493,9683353029513
planner,3109,0,9683353029533,9683353029553
planner,3110,0,9683353029573,9683353029583
planner,3111,0,9683353029603,9683353029623
planner,3112,0,9683353029643,9683353029663
planner,3113,0,9683353029683,9683353029703
planner,3114,0,9683353029723,9683353029743
planner,3115,0,9683353029763,9683353029773
planner,3116,0,9683353029803,9683353029813
planner,3117,0,9683353029833,9683353029853
planner,3118,0,9683353029873,9683353029893
planner,3119,0,9683353029913,9683353029933
planner,3120,0,9683353029953,9683353029973
planner,3121,0,9683353029993,9683353030003
planner,3122,0,9683353030023,9683353030043
planner,3123,0,9683353030063,9683353030083
planner,3124,0,9683353030103,9683353030123
planner,3125,0,9683353030143,9683353030163
planner,3126,0,9683353030183,9683353030193
planner,3127,0,9683353030213,9683353030233
planner,3128,0,9683353030253,9683353030273
planner,3129,0,9683353030293,9683353030313
planner,3130,0,9683353030333,9683353030353
planner,3131,0,9683353030373,9683353030383
planner,3132,0,9683353030403,9683353030423
planner,3133,0,9683353030443,9683353030463
planner,3134,0,9683353030483,9683353030503
planner,3135,0,9683353030523,9683353030543
planner,3136,0,9683353030563,9683353030583
planner,3137,0,9683353030603,9683353030613
planner,3138,0,9683353030633,9683353030653
planner,3139,0,9683353030673,9683353030693
planner,3140,0,9683353030713,9683353030733
planner,3141,0,9683353030753,9683353030773
planner,3142,0,9683353030793,9683353030803
planner,3143,0,9683353030823,9683353030843
planner,3144,0,9683353030863,9683353030883
planner,3145,0,9683353030903,9683353030923
planner,3146,0,9683353030943,9683353030963
planner,3147,0,9683353030983,9683353030993
planner,3148,0,9683353031013,9683353031033
planner,3149,0,9683353031053,9683353031073
planner,3150,0,9683353031093,9683353031113
planner,3151,0,9683353031133,9683353031153
planner,3152,0,9683353031173,9683353031193
planner,3153,0,9683353031213,9683353031223
planner,3154,0,9683353031243,9683353031263
planner,3155,0,9683353031283,9683353031303
planner,3156,0,9683353031323,9683353031343
planner,3157,0,9683353031363,9683353031383
planner,3158,0,9683353031403,9683353031413
planner,3159,0,9683353031433,9683353031453
planner,3160,0,9683353031473,9683353031493
planner,3161,0,9683353031513,9683353031533
planner,3162,0,9683353031553,9683353031573
planner,3163,0,9683353031593,9683353031603
planner,3164,0,9683353031623,9683353031643
planner,3165,0,9683353031663,9683353031683
planner,3166,0,9683353031703,9683353031723
planner,3167,0,9683353031743,9683353031763
planner,3168,0,9683353031783,9683353031803
planner,3169,0,9683353031823,9683353031833
planner,3170,0,9683353031853,9683353031873
planner,3171,0,9683353031893,9683353031913
planner,3172,0,9683353031933,9683353031953
planner,3173,0,9683353031973,9683353031993
planner,3174,0,9683353032013,9683353032023
planner,3175,0,9683353032043,9683353032063
planner,3176,0,9683353032083,9683353032103
planner,3177,0,9683353032123,9683353032143
planner,3178,0,9683353032163,9683353032183
planner,3179,0,9683353032203,9683353032213
planner,3180,0,9683353032233,9683353032253
planner,3181,0,9683353032273,9683353032293
planner,3182,0,9683353032313,9683353032333
planner,3183,0,9683353032353,9683353032373
planner,3184,0,9683353032393,9683353032403
planner,3185,0,9683353032433,9683353032443
planner,3186,0,9683353032463,9683353032483
planner,3187,0,9683353032503,9683353032523
planner,3188,0,9683353032543,9683353032563
planner,3189,0,9683353032583,9683353032603
planner,3190,0,9683353032623,9683353032633
planner,3191,0,9683353032653,9683353032673
planner,3192,0,9683353032693,9683353032713
planner,3193,0,9683353032733,9683353032753
planner,3194,0,9683353032773,9683353032793
planner,3195,0,9683353032813,9683353032823
planner,3196,0,9683353032843,9683353032863
planner,3197,0,9683353032883,9683353032903
planner,3198,0,9683353032923,9683353032943
planner,3199,0,9683353032963,9683353032983
planner,3200,0,9683353033423,9683353033443
planner,3201,0,9683353033463,9683353033483
planner,3202,0,9683353033503,9683353033523
planner,3203,0,9683353033543,9683353033563
planner,3204,0,9683353033583,9683353033603
planner,3205,0,9683353033623,9683353033643
planner,3206,0,9683353033663,9683353033673
planner,3207,0,9683353033693,9683353033713
planner,3208,0,9683353033733,9683353033753
planner,3209,0,9683353033773,9683353033793
planner,3210,0,9683353033813,9683353033833
planner,3211,0,9683353033853,9683353033873
planner,3212,0,9683353033893,9683353033903
planner,3213,0,9683353033923,9683353033943
planner,3214,0,9683353033963,9683353033983
planner,3215,0,9683353034003,9683353034023
planner,3216,0,9683353034043,9683353034063
planner,3217,0,9683353034083,9683353034093
planner,3218,0,9683353034113,9683353034133
planner,3219,0,9683353034153,9683353034173
planner,3220,0,9683353034193,9683353034213
planner,3221,0,9683353034233,9683353034253
planner,3222,0,9683353034273,9683353034283
planner,3223,0,9683353034303,9683353034323
planner,3224,0,9683353034343,9683353034363
planner,3225,0,9683353034383,9683353034403
planner,3226,0,9683353034423,9683353034443
planner,3227,0,9683353034463,9683353034473
planner,3228,0,9683353034503,9683353034513
planner,3229,0,9683353034533,9683353034553
planner,3230,0,9683353034573,9683353034593
planner,3231,0,9683353034613,9683353034633
planner,3232,0,9683353034653,9683353034673
planner,3233,0,9683353034693,9683353034703
planner,3234,0,9683353034723,9683353034743
planner,3235,0,9683353034763,9683353034783
planner,3236,0,9683353034803,9683353034823
planner,3237,0,9683353034843,9683353034863
planner,3238,0,9683353034883,9683353034893
planner,3239,0,9683353034913,9683353034933
planner,3240,0,9683353034953,9683353034973
planner,3241,0,9683353034993,9683353035013
planner,3242,0,9683353035033,9683353035053
planner,3243,0,9683353035073,9683353035083
planner,3244,0,9683353035113,9683353035123
planner,3245,0,9683353035143,9683353035163
planner,3246,0,9683353035183,9683353035203
planner,3247,0,9683353035223,9683353035243
planner,3248,0,9683353035263,9683353035283
planner,3249,0,9683353035303,9683353035313
planner,3250,0,9683353035333,9683353035353
planner,3251,0,9683353035373,9683353035393
planner,3252,0,9683353035413,9683353035433
planner,3253,0,9683353035453,9683353035473
planner,3254,0,9683353035493,9683353035503
planner,3255,0,9683353035523,9683353035543
planner,3256,0,9683353035563,9683353035583
planner,3257,0,9683353035603,9683353035623
planner,3258,0,9683353035643,9683353035663
planner,3259,0,9683353035683,9683353035703
planner,3260,0,9683353035723,9683353035733
planner,3261,0,9683353035753,9683353035773
planner,3262,0,9683353035793,9683353035813
planner,3263,0,9683353035833,9683353035853
planner,3264,0,9683353035873,9683353035893
planner,3265,0,9683353035913,9683353035923
planner,3266,0,9683353035953,9683353035963
planner,3267,0,9683353035983,9683353036003
planner,3268,0,9683353036023,9683353036043
planner,3269,0,9683353036063,9683353036083
planner,3270,0,9683353036103,9683353036123
planner,3271,0,9683353036143,9683353036153
planner,3272,0,9683353036173,9683353036193
planner,3273,0,9683353036213,9683353036233
planner,3274,0,9683353036253,9683353036273
planner,3275,0,9683353036293,9683353036313
planner,3276,0,9683353036333,9683353036343
planner,3277,0,9683353036363,9683353036383
planner,3278,0,9683353036403,9683353036423
planner,3279,0,9683353036443,9683353036463
planner,3280,0,9683353036483,9683353036503
planner,3281,0,9683353036523,9683353036533
planner,3282,0,9683353036563,9683353036573
planner,3283,0,9683353036593,9683353036613
planner,3284,0,9683353036633,9683353036653
planner,3285,0,9683353036673,9683353036693
planner,3286,0,9683353036713,9683353036733
planner,3287,0,9683353036753,9683353036763
planner,3288,0,9683353036783,9683353036803
planner,3289,0,9683353036823,9683353036843
planner,3290,0,9683353036863,9683353036883
planner,3291,0,9683353036903,9683353036923
planner,3292,0,9683353036943,9683353036953
planner,3293,0,9683353036973,9683353036993
planner,3294,0,9683353037013,9683353037033
planner,3295,0,9683353037053,9683353037073
planner,3296,0,9683353037093,9683353037113
planner,3297,0,9683353037133,9683353037143
planner,3298,0,9683353037163,9683353037183
planner,3299,0,9683353037203,9683353037223
planner,3300,0,9683353037243,9683353037263
planner,3301,0,9683353037283,9683353037303
planner,3302,0,9683353037323,9683353037333
planner,3303,0,9683353037363,9683353037373
planner,3304,0,9683353037393,9683353037413
planner,3305,0,9683353037433,9683353037453
planner,3306,0,9683353037473,9683353037493
planner,3307,0,9683353037513,9683353037533
planner,3308,0,9683353037553,9683353037563
planner,3309,0,9683353037583,9683353037603
planner,3310,0,9683353037623,9683353037643
planner,3311,0,9683353037663,9683353037683
planner,3312,0,9683353037703,9683353037723
planner,3313,0,9683353037743,9683353037753
planner,3314,0,9683353037773,9683353037793
planner,3315,0,9683353037813,9683353037833
planner,3316,0,9683353037853,9683353037873
planner,3317,0,9683353037893,9683353037913
planner,3318,0,9683353037933,9683353037943
planner,3319,0,9683353037963,9683353037983
planner,3320,0,9683353038003,9683353038023
planner,3321,0,9683353038043,9683353038063
planner,3322,0,9683353038083,9683353038103
planner,3323,0,9683353038123,9683353038133
planner,3324,0,9683353038163,9683353038173
planner,3325,0,9683353038193,9683353038213
planner,3326,0,9683353038233,9683353038253
planner,3327,0,9683353038273,9683353038293
planner,3328,0,9683353038723,9683353038743
planner,3329,0,9683353038763,9683353038783
planner,3330,0,9683353038803,9683353038823
planner,3331,0,9683353038843,9683353038863
planner,3332,0,9683353038883,9683353038903
planner,3333,0,9683353038923,9683353038943
planner,3334,0,9683353038963,9683353038973
planner,3335,0,9683353038993,9683353039013
planner,3336,0,9683353039033,9683353039053
planner,3337,0,9683353039073,9683353039093
planner,3338,0,9683353039113,9683353039133
planner,3339,0,9683353039153,9683353039163
planner,3340,0,9683353039183,9683353039203
planner,3341,0,9683353039223,9683353039243
planner,3342,0,9683353039263,9683353039283
planner,3343,0,9683353039303,9683353039323
planner,3344,0,9683353039343,9683353039353
planner,3345,0,9683353039373,9683353039393
planner,3346,0,9683353039413,9683353039433
planner,3347,0,9683353039453,9683353039473
planner,3348,0,9683353039493,9683353039513
planner,3349,0,9683353039533,9683353039543
planner,3350,0,9683353039573,9683353039583
planner,3351,0,9683353039603,9683353039623
planner,3352,0,9683353039643,9683353039663
planner,3353,0,9683353039683,9683353039703
planner,3354,0,9683353039723,9683353039743
planner,3355,0,9683353039763,9683353039773
planner,3356,0,9683353039793,9683353039813
planner,3357,0,9683353039833,9683353039853
planner,3358,0,9683353039873,9683353039893
planner,3359,0,9683353039913,9683353039933
planner,3360,0,9683353039953,9683353039963
planner,3361,0,9683353039983,9683353040003
planner,3362,0,9683353040023,9683353040043
planner,3363,0,9683353040063,9683353040083
planner,3364,0,9683353040103,9683353040123
planner,3365,0,9683353040143,9683353040163
planner,3366,0,9683353040183,9683353040193
planner,3367,0,9683353040213,9683353040233
planner,3368,0,9683353040253,9683353040273
planner,3369,0,9683353040293,9683353040313
planner,3370,0,9683353040333,9683353040353
planner,3371,0,9683353040373,9683353040383
planner,3372,0,9683353040403,9683353040423
planner,3373,0,9683353040443,9683353040463
planner,3374,0,9683353040483,9683353040503
planner,3375,0,9683353040523,9683353040543
planner,3376,0,9683353040563,9683353040573
planner,3377,0,9683353040593,9683353040613
planner,3378,0,9683353040633,9683353040653
planner,3379,0,9683353040673,9683353040693
planner,3380,0,9683353040713,9683353040733
planner,3381,0,9683353040753,9683353040773
planner,3382,0,9683353040793,9683353040803
planner,3383,0,9683353040823,9683353040843
planner,3384,0,9683353040863,9683353040883
planner,3385,0,9683353040903,9683353040923
planner,3386,0,9683353040943,9683353040963
planner,3387,0,9683353040983,9683353040993
planner,3388,0,9683353041013,9683353041033
planner,3389,0,9683353041053,9683353041073
planner,3390,0,9683353041093,9683353041113
planner,3391,0,9683353041133,9683353041153
planner,3392,0,9683353041173,9683353041193
planner,3393,0,9683353041213,9683353041223
planner,3394,0,9683353041243,9683353041263
planner,3395,0,9683353041283,9683353041303
planner,3396,0,9683353041323,9683353041343
planner,3397,0,9683353041363,9683353041383
planner,3398,0,9683353041403,9683353041413
planner,3399,0,9683353041433,9683353041453
planner,3400,0,9683353041473,9683353041493
planner,3401,0,9683353041513,9683353041533
planner,3402,0,9683353041553,9683353041573
planner,3403,0,9683353041593,9683353041603
planner,3404,0,9683353041633,9683353041643
planner,3405,0,9683353041663,9683353041683
planner,3406,0,9683353041703,9683353041723
planner,3407,0,9683353041743,9683353041763
planner,3408,0,9683353041783,9683353041803
planner,3409,0,9683353041823,9683353041833
planner,3410,0,9683353041853,9683353041873
planner,3411,0,9683353041893,9683353041913
planner,3412,0,9683353041933,9683353041953
planner,3413,0,9683353041973,9683353041993
planner,3414,0,9683353042013,9683353042023
planner,3415,0,9683353042053,9683353042063
planner,3416,0,9683353042083,9683353042103
planner,3417,0,9683353042123,9683353042143
planner,3418,0,9683353042163,9683353042183
planner,3419,0,9683353042203,9683353042223
planner,3420,0,9683353042243,9683353042253
planner,3421,0,9683353042273,9683353042293
planner,3422,0,9683353042313,9683353042333
planner,3423,0,9683353042353,9683353042373
planner,3424,0,9683353042393,9683353042413
planner,3425,0,9683353042433,9683353042443
planner,3426,0,9683353042463,9683353042483
planner,3427,0,9683353042503,9683353042523
planner,3428,0,9683353042543,9683353042563
planner,3429,0,9683353042583,9683353042603
planner,3430,0,9683353042623,9683353042643
planner,3431,0,9683353042663,9683353042673
planner,3432,0,9683353042693,9683353042713
planner,3433,0,9683353042733,9683353042753
planner,3434,0,9683353042773,9683353042793
planner,3435,0,9683353042813,9683353042833
planner,3436,0,9683353042853,9683353042863
planner,3437,0,9683353042883,9683353042903
planner,3438,0,9683353042923,9683353042943
planner,3439,0,9683353042963,9683353042983
planner,3440,0,9683353043003,9683353043023
planner,3441,0,9683353043043,9683353043063
planner,3442,0,9683353043083,9683353043093
planner,3443,0,9683353043113,9683353043133
planner,3444,0,9683353043153,9683353043173
planner,3445,0,9683353043193,9683353043213
planner,3446,0,9683353043233,9683353043253
planner,3447,0,9683353043273,9683353043283
planner,3448,0,9683353043303,9683353043323
planner,3449,0,9683353043343,9683353043363
planner,3450,0,9683353043383,9683353043403
planner,3451,0,9683353043423,9683353043443
planner,3452,0,9683353043463,9683353043473
planner,3453,0,9683353043503,9683353043513
planner,3454,0,9683353043533,9683353043553
planner,3455,0,9683353043573,9683353043593
planner,3456,0,9683353044043,9683353044053
planner,3457,0,9683353044083,9683353044093
planner,3458,0,9683353044113,9683353044133
planner,3459,0,9683353044153,9683353044173
planner,3460,0,9683353044193,9683353044213
planner,3461,0,9683353044233,9683353044253
planner,3462,0,9683353044273,9683353044293
planner,3463,0,9683353044313,9683353044323
planner,3464,0,9683353044353,9683353044363
planner,3465,0,9683353044383,9683353044403
planner,3466,0,9683353044423,9683353044443
planner,3467,0,9683353044463,9683353044483
planner,3468,0,9683353044503,9683353044523
planner,3469,0,9683353044543,9683353044553
planner,3470,0,9683353044573,9683353044593
planner,3471,0,9683353044613,9683353044633
planner,3472,0,9683353044653,9683353044673
planner,3473,0,9683353044693,9683353044713
planner,3474,0,9683353044733,9683353044743
planner,3475,0,9683353044763,9683353044783
planner,3476,0,9683353044803,9683353044823
planner,3477,0,9683353044843,9683353044863
planner,3478,0,9683353044883,9683353044903
planner,3479,0,9683353044923,9683353044943
planner,3480,0,9683353044963,9683353044973
planner,3481,0,9683353044993,9683353045013
planner,3482,0,9683353045033,9683353045053
planner,3483,0,9683353045073,9683353045093
planner,3484,0,9683353045113,9683353045133
planner,3485,0,9683353045153,9683353045163
planner,3486,0,9683353045183,9683353045203
planner,3487,0,9683353045223,9683353045243
planner,3488,0,9683353045263,9683353045283
planner,3489,0,9683353045303,9683353045323
planner,3490,0,9683353045343,9683353045353
planner,3491,0,9683353045373,9683353045393
planner,3492,0,9683353045413,9683353045433
planner,3493,0,9683353045453,9683353045473
planner,3494,0,9683353045493,9683353045513
planner,3495,0,9683353045533,9683353045553
planner,3496,0,9683353045573,9683353045583
planner,3497,0,9683353045603,9683353045623
planner,3498,0,9683353045643,9683353045663
planner,3499,0,9683353045683,9683353045703
planner,3500,0,9683353045723,9683353045743
planner,3501,0,9683353045763,9683353045773
planner,3502,0,9683353045793,9683353045813
planner,3503,0,9683353045833,9683353045853
planner,3504,0,9683353045873,9683353045893
planner,3505,0,9683353045913,9683353045933
planner,3506,0,9683353045953,9683353045963
planner,3507,0,9683353045983,9683353046003
planner,3508,0,9683353046023,9683353046043
planner,3509,0,9683353046063,9683353046083
planner,3510,0,9683353046103,9683353046123
planner,3511,0,9683353046143,9683353046163
planner,3512,0,9683353046183,9683353046193
planner,3513,0,9683353046213,9683353046233
planner,3514,0,9683353046253,9683353046273
planner,3515,0,9683353046293,9683353046313
planner,3516,0,9683353046333,9683353046353
planner,3517,0,9683353046373,9683353046383
planner,3518,0,9683353046403,9683353046423
planner,3519,0,9683353046443,9683353046463
planner,3520,0,9683353046483,9683353046503
planner,3521,0,9683353046523,9683353046543
planner,3522,0,9683353046563,9683353046573
planner,3523,0,9683353046603,9683353046613
planner,3524,0,9683353046633,9683353046653
planner,3525,0,9683353046673,9683353046693
planner,3526,0,9683353046713,9683353046733
planner,3527,0,9683353046753,9683353046773
planner,3528,0,9683353046793,9683353046803
planner,3529,0,9683353046823,9683353046843
planner,3530,0,9683353046863,9683353046883
planner,3531,0,9683353046903,9683353046923
planner,3532,0,9683353046943,9683353046963
planner,3533,0,9683353046983,9683353046993
planner,3534,0,9683353047013,9683353047033
planner,3535,0,9683353047053,9683353047073
planner,3536,0,9683353047093,9683353047113
planner,3537,0,9683353047133,9683353047153
planner,3538,0,9683353047173,9683353047183
planner,3539,0,9683353047213,9683353047223
planner,3540,0,9683353047243,9683353047263
planner,3541,0,9683353047283,9683353047303
planner,3542,0,9683353047323,9683353047343
planner,3543,0,9683353047363,9683353047383
planner,3544,0,9683353047403,9683353047413
planner,3545,0,9683353047433,9683353047453
planner,3546,0,9683353047473,9683353047493
planner,3547,0,9683353047513,9683353047533
planner,3548,0,9683353047553,9683353047573
planner,3549,0,9683353047593,9683353047603
planner,3550,0,9683353047623,9683353047643
planner,3551,0,9683353047663,9683353047683
planner,3552,0,9683353047703,9683353047723
planner,3553,0,9683353047743,9683353047763
planner,3554,0,9683353047783,9683353047793
planner,3555,0,9683353047823,9683353047833
planner,3556,0,9683353047853,9683353047873
planner,3557,0,9683353047893,9683353047913
planner,3558,0,9683353047933,9683353047953
planner,3559,0,9683353047973,9683353047993
planner,3560,0,9683353048013,9683353048023
planner,3561,0,9683353048043,9683353048063
planner,3562,0,9683353048083,9683353048103
planner,3563,0,9683353048123,9683353048143
planner,3564,0,9683353048163,9683353048183
planner,3565,0,9683353048203,9683353048213
planner,3566,0,9683353048233,9683353048253
planner,3567,0,9683353048273,9683353048293
planner,3568,0,9683353048313,9683353048333
planner,3569,0,9683353048353,9683353048373
planner,3570,0,9683353048393,9683353048413
planner,3571,0,9683353048433,9683353048443
planner,3572,0,9683353048463,9683353048483
planner,3573,0,9683353048503,9683353048523
planner,3574,0,9683353048543,9683353048563
planner,3575,0,9683353048583,9683353048603
planner,3576,0,9683353048623,9683353048633
planner,3577,0,9683353048653,9683353048673
planner,3578,0,9683353048693,9683353048713
planner,3579,0,9683353048733,9683353048753
planner,3580,0,9683353048773,9683353048793
planner,3581,0,9683353048813,9683353048823
planner,3582,0,9683353048853,9683353048863
planner,3583,0,9683353048883,9683353048903
planner,3584,0,9683353049363,9683353049383
planner,3585,0,9683353049403,9683353049423
planner,3586,0,9683353049443,9683353049463
planner,3587,0,9683353049583,9683353049593
planner,3588,0,9683353049623,9683353049643
planner,3589,0,9683353049663,9683353049683
planner,3590,0,9683353049703,9683353049723
planner,3591,0,9683353049743,9683353049763
planner,3592,0,9683353049783,9683353049803
planner,3593,0,9683353049823,9683353049843
planner,3594,0,9683353049863,9683353049883
planner,3595,0,9683353049903,9683353049923
planner,3596,0,9683353049943,9683353049963
planner,3597,0,9683353049983,9683353050003
planner,3598,0,9683353050023,9683353050043
planner,3599,0,9683353050063,9683353050083
planner,3600,0,9683353050103,9683353050113
planner,3601,0,9683353050133,9683353050153
planner,3602,0,9683353050173,9683353050193
planner,3603,0,9683353050213,9683353050233
planner,3604,0,9683353050253,9683353050273
planner,3605,0,9683353050293,9683353050313
planner,3606,0,9683353050333,9683353050343
planner,3607,0,9683353050373,9683353050383
planner,3608,0,9683353050403,9683353050423
planner,3609,0,9683353050443,9683353050463
planner,3610,0,9683353050483,9683353050503
planner,3611,0,9683353050523,9683353050543
planner,3612,0,9683353050563,9683353050583
planner,3613,0,9683353050603,9683353050613
planner,3614,0,9683353050633,9683353050653
planner,3615,0,9683353050673,9683353050693
planner,3616,0,9683353050713,9683353050733
planner,3617,0,9683353050753,9683353050773
planner,3618,0,9683353050793,9683353050803
planner,3619,0,9683353050823,9683353050843
planner,3620,0,9683353050863,9683353050883
planner,3621,0,9683353050903,9683353050923
planner,3622,0,9683353050943,9683353050963
planner,3623,0,9683353050983,9683353050993
planner,3624,0,9683353051013,9683353051033
planner,3625,0,9683353051053,9683353051073
planner,3626,0,9683353051093,9683353051113
planner,3627,0,9683353051133,9683353051153
planner,3628,0,9683353051173,9683353051193
planner,3629,0,9683353051213,9683353051223
planner,3630,0,9683353051243,9683353051263
planner,3631,0,9683353051283,9683353051303
planner,3632,0,9683353051323,9683353051343
planner,3633,0,9683353051363,9683353051383
planner,3634,0,9683353051403,9683353051413
planner,3635,0,9683353051433,9683353051453
planner,3636,0,9683353051473,9683353051493
planner,3637,0,9683353051513,9683353051533
planner,3638,0,9683353051553,9683353051573
planner,3639,0,9683353051593,9683353051603
planner,3640,0,9683353051633,9683353051643
planner,3641,0,9683353051663,9683353051683
planner,3642,0,9683353051703,9683353051723
planner,3643,0,9683353051743,9683353051763
planner,3644,0,9683353051783,9683353051803
planner,3645,0,9683353051833,9683353051853
planner,3646,0,9683353051873,9683353051893
planner,3647,0,9683353051913,9683353051933
planner,3648,0,9683353051953,9683353051973
planner,3649,0,9683353051993,9683353052013
planner,3650,0,9683353052033,9683353052043
planner,3651,0,9683353052073,9683353052083
planner,3652,0,9683353052103,9683353052123
planner,3653,0,9683353052143,9683353052163
planner,3654,0,9683353052183,9683353052203
planner,3655,0,9683353052223,9683353052243
planner,3656,0,9683353052263,9683353052283
planner,3657,0,9683353052303,9683353052323
planner,3658,0,9683353052353,9683353052363
planner,3659,0,9683353052393,9683353052403
planner,3660,0,9683353052433,9683353052443
planner,3661,0,9683353052463,9683353052483
planner,3662,0,9683353052503,9683353052523
planner,3663,0,9683353052543,9683353052563
planner,3664,0,9683353052593,9683353052603
planner,3665,0,9683353052633,9683353052643
planner,3666,0,9683353052673,9683353052683
planner,3667,0,9683353052703,9683353052723
planner,3668,0,9683353052743,9683353052763
planner,3669,0,9683353052783,9683353052803
planner,3670,0,9683353052823,9683353052843
planner,3671,0,9683353052863,9683353052883
planner,3672,0,9683353052903,9683353052923
planner,3673,0,9683353052943,9683353052963
planner,3674,0,9683353052983,9683353053003
planner,3675,0,9683353053083,9683353053103
planner,3676,0,9683353053123,9683353053133
planner,3677,0,9683353053163,9683353053173
planner,3678,0,9683353053193,9683353053213
planner,3679,0,9683353053233,9683353053253
planner,3680,0,9683353053273,9683353053293
planner,3681,0,9683353053313,9683353053333
planner,3682,0,9683353053353,9683353053373
planner,3683,0,9683353053393,9683353053413
planner,3684,0,9683353053433,9683353053443
planner,3685,0,9683353053463,9683353053483
planner,3686,0,9683353053503,9683353053523
planner,3687,0,9683353053543,9683353053563
planner,3688,0,9683353053583,9683353053603
planner,3689,0,9683353053623,9683353053633
planner,3690,0,9683353053653,9683353053673
planner,3691,0,9683353053693,9683353053713
planner,3692,0,9683353053733,9683353053753
planner,3693,0,9683353053773,9683353053793
planner,3694,0,9683353053813,9683353053823
planner,3695,0,9683353053843,9683353053863
planner,3696,0,9683353053883,9683353053903
planner,3697,0,9683353053923,9683353053943
planner,3698,0,9683353053963,9683353053983
planner,3699,0,9683353054003,9683353054023
planner,3700,0,9683353054043,9683353054053
planner,3701,0,9683353054073,9683353054093
planner,3702,0,9683353054113,9683353054133
planner,3703,0,9683353054153,9683353054173
planner,3704,0,9683353054193,9683353054213
planner,3705,0,9683353054233,9683353054243
planner,3706,0,9683353054263,9683353054283
planner,3707,0,9683353054303,9683353054323
planner,3708,0,9683353054343,9683353054363
planner,3709,0,9683353054383,9683353054403
planner,3710,0,9683353054423,9683353054433
planner,3711,0,9683353054453,9683353054473
planner,3712,0,9683353054963,9683353054983
planner,3713,0,9683353055003,9683353055023
planner,3714,0,9683353055043,9683353055063
planner,3715,0,9683353055083,9683353055103
planner,3716,0,9683353055123,9683353055143
planner,3717,0,9683353055163,9683353055173
planner,3718,0,9683353055193,9683353055213
planner,3719,0,9683353055233,9683353055253
planner,3720,0,9683353055273,9683353055293
planner,3721,0,9683353055313,9683353055333
planner,3722,0,9683353055353,9683353055363
planner,3723,0,9683353055383,9683353055403
planner,3724,0,9683353055423,9683353055443
planner,3725,0,9683353055463,9683353055483
planner,3726,0,9683353055503,9683353055523
planner,3727,0,9683353055543,9683353055563
planner,3728,0,9683353055583,9683353055593
planner,3729,0,9683353055613,9683353055633
planner,3730,0,9683353055653,9683353055673
planner,3731,0,9683353055693,9683353055713
planner,3732,0,9683353055733,9683353055753
planner,3733,0,9683353055773,9683353055783
planner,3734,0,9683353055803,9683353055823
planner,3735,0,9683353055843,9683353055863
planner,3736,0,9683353055883,9683353055903
planner,3737,0,9683353055923,9683353055943
planner,3738,0,9683353055963,9683353055973
planner,3739,0,9683353055993,9683353056013
planner,3740,0,9683353056033,9683353056053
planner,3741,0,9683353056073,9683353056093
planner,3742,0,9683353056113,9683353056133
planner,3743,0,9683353056153,9683353056173
planner,3744,0,9683353056193,9683353056203
planner,3745,0,9683353056223,9683353056243
planner,3746,0,9683353056263,9683353056283
planner,3747,0,9683353056303,9683353056323
planner,3748,0,9683353056343,9683353056363
planner,3749,0,9683353056383,9683353056393
planner,3750,0,9683353056413,9683353056433
planner,3751,0,9683353056453,9683353056473
planner,3752,0,9683353056493,9683353056513
planner,3753,0,9683353056533,9683353056553
planner,3754,0,9683353056573,9683353056583
planner,3755,0,9683353056613,9683353056623
planner,3756,0,9683353056643,9683353056663
planner,3757,0,9683353056683,9683353056703
planner,3758,0,9683353056723,9683353056743
planner,3759,0,9683353056763,9683353056783
planner,3760,0,9683353056803,9683353056813
planner,3761,0,9683353056833,9683353056853
planner,3762,0,9683353056873,9683353056893
planner,3763,0,9683353056913,9683353056933
planner,3764,0,9683353056953,9683353056973
planner,3765,0,9683353056993,9683353057003
planner,3766,0,9683353057033,9683353057043
planner,3767,0,9683353057063,9683353057083
planner,3768,0,9683353057103,9683353057123
planner,3769,0,9683353057143,9683353057163
planner,3770,0,9683353057183,9683353057203
planner,3771,0,9683353057223,9683353057233
planner,3772,0,9683353057253,9683353057273
planner,3773,0,9683353057293,9683353057313
planner,3774,0,9683353057333,9683353057353
planner,3775,0,9683353057373,9683353057393
planner,3776,0,9683353057413,9683353057423
planner,3777,0,9683353057443,9683353057463
planner,3778,0,9683353057483,9683353057503
planner,3779,0,9683353057523,9683353057543
planner,3780,0,9683353057563,9683353057583
planner,3781,0,9683353057603,9683353057623
planner,3782,0,9683353057643,9683353057653
planner,3783,0,9683353057673,9683353057693
planner,3784,0,9683353057713,9683353057733
planner,3785,0,9683353057753,9683353057773
planner,3786,0,9683353057793,9683353057813
planner,3787,0,9683353057833,9683353057843
planner,3788,0,9683353057863,9683353057883
planner,3789,0,9683353057903,9683353057923
planner,3790,0,9683353057943,9683353057963
planner,3791,0,9683353057983,9683353058003
planner,3792,0,9683353058023,9683353058043
planner,3793,0,9683353058063,9683353058073
planner,3794,0,9683353058093,9683353058113
planner,3795,0,9683353058133,9683353058153
planner,3796,0,9683353058173,9683353058193
planner,3797,0,9683353058213,9683353058233
planner,3798,0,9683353058253,9683353058263
planner,3799,0,9683353058283,9683353058303
planner,3800,0,9683353058323,9683353058343
planner,3801,0,9683353058363,9683353058383
planner,3802,0,9683353058403,9683353058423
planner,3803,0,9683353058443,9683353058453
planner,3804,0,9683353058483,9683353058493
planner,3805,0,9683353058513,9683353058533
planner,3806,0,9683353058553,9683353058573
planner,3807,0,9683353058593,9683353058613
planner,3808,0,9683353058633,9683353058653
planner,3809,0,9683353058673,9683353058683
planner,3810,0,9683353058703,9683353058723
planner,3811,0,9683353058743,9683353058763
planner,3812,0,9683353058783,9683353058803
planner,3813,0,9683353058823,9683353058843
planner,3814,0,9683353058863,9683353058873
planner,3815,0,9683353058893,9683353058913
planner,3816,0,9683353058933,9683353058953
planner,3817,0,9683353058973,9683353058993
planner,3818,0,9683353059013,9683353059033
planner,3819,0,9683353059053,9683353059073
planner,3820,0,9683353059093,9683353059103
planner,3821,0,9683353059123,9683353059143
planner,3822,0,9683353059163,9683353059183
planner,3823,0,9683353059203,9683353059223
planner,3824,0,9683353059243,9683353059263
planner,3825,0,9683353059283,9683353059293
planner,3826,0,9683353059313,9683353059333
planner,3827,0,9683353059353,9683353059373
planner,3828,0,9683353059393,9683353059413
planner,3829,0,9683353059433,9683353059453
planner,3830,0,9683353059473,9683353059483
planner,3831,0,9683353059503,9683353059523
planner,3832,0,9683353059543,9683353059563
planner,3833,0,9683353059583,9683353059603
planner,3834,0,9683353059623,9683353059643
planner,3835,0,9683353059663,9683353059683
planner,3836,0,9683353059703,9683353059713
planner,3837,0,9683353059733,9683353059753
planner,3838,0,9683353059773,9683353059793
planner,3839,0,9683353059813,9683353059833
planner,3840,0,9683353060293,9683353060313
planner,3841,0,9683353060333,9683353060353
planner,3842,0,9683353060373,9683353060393
planner,3843,0,9683353060413,9683353060433
planner,3844,0,9683353060453,9683353060473
planner,3845,0,9683353060493,9683353060513
planner,3846,0,9683353060533,9683353060543
planner,3847,0,9683353060573,9683353060583
planner,3848,0,9683353060603,9683353060623
planner,3849,0,9683353060643,9683353060663
planner,3850,0,9683353060683,9683353060703
planner,3851,0,9683353060723,9683353060743
planner,3852,0,9683353060763,9683353060773
planner,3853,0,9683353060793,9683353060813
planner,3854,0,9683353060833,9683353060853
planner,3855,0,9683353060873,9683353060893
planner,3856,0,9683353060913,9683353060933
planner,3857,0,9683353060953,9683353060963
planner,3858,0,9683353060983,9683353061003
planner,3859,0,9683353061023,9683353061043
planner,3860,0,9683353061063,9683353061083
planner,3861,0,9683353061103,9683353061123
planner,3862,0,9683353061143,9683353061163
planner,3863,0,9683353061183,9683353061193
planner,3864,0,9683353061213,9683353061233
planner,3865,0,9683353061253,9683353061273
planner,3866,0,9683353061293,9683353061313
planner,3867,0,9683353061333,9683353061353
planner,3868,0,9683353061373,9683353061383
planner,3869,0,9683353061403,9683353061423
planner,3870,0,9683353061443,9683353061463
planner,3871,0,9683353061483,9683353061503
planner,3872,0,9683353061523,9683353061543
planner,3873,0,9683353061563,9683353061573
planner,3874,0,9683353061593,9683353061613
planner,3875,0,9683353061633,9683353061653
planner,3876,0,9683353061673,9683353061693
planner,3877,0,9683353061713,9683353061733
planner,3878,0,9683353061753,9683353061773
planner,3879,0,9683353061793,9683353061803
planner,3880,0,9683353061823,9683353061843
planner,3881,0,9683353061863,9683353061883
planner,3882,0,9683353061903,9683353061923
planner,3883,0,9683353061943,9683353061963
planner,3884,0,9683353061983,9683353061993
planner,3885,0,9683353062013,9683353062033
planner,3886,0,9683353062053,9683353062073
planner,3887,0,9683353062093,9683353062113
planner,3888,0,9683353062133,9683353062153
planner,3889,0,9683353062173,9683353062183
planner,3890,0,9683353062203,9683353062223
planner,3891,0,9683353062243,9683353062263
planner,3892,0,9683353062283,9683353062303
planner,3893,0,9683353062323,9683353062343
planner,3894,0,9683353062363,9683353062373
planner,3895,0,9683353062403,9683353062413
planner,3896,0,9683353062433,9683353062453
planner,3897,0,9683353062473,9683353062493
planner,3898,0,9683353062513,9683353062533
planner,3899,0,9683353062553,9683353062573
planner,3900,0,9683353062593,9683353062603
planner,3901,0,9683353062623,9683353062643
planner,3902,0,9683353062663,9683353062683
planner,3903,0,9683353062703,9683353062723
planner,3904,0,9683353062743,9683353062763
planner,3905,0,9683353062783,9683353062793
planner,3906,0,9683353062813,9683353062833
planner,3907,0,9683353062853,9683353062873
planner,3908,0,9683353062893,9683353062913
planner,3909,0,9683353062933,9683353062953
planner,3910,0,9683353062973,9683353062983
planner,3911,0,9683353063003,9683353063023
planner,3912,0,9683353063043,9683353063063
planner,3913,0,9683353063083,9683353063103
planner,3914,0,9683353063123,9683353063143
planner,3915,0,9683353063163,9683353063173
planner,3916,0,9683353063203,9683353063213
planner,3917,0,9683353063233,9683353063253
planner,3918,0,9683353063273,9683353063293
planner,3919,0,9683353063313,9683353063333
planner,3920,0,9683353063353,9683353063373
planner,3921,0,9683353063393,9683353063403
planner,3922,0,9683353063423,9683353063443
planner,3923,0,9683353063463,9683353063483
planner,3924,0,9683353063503,9683353063523
planner,3925,0,9683353063543,9683353063563
planner,3926,0,9683353063583,9683353063593
planner,3927,0,9683353063613,9683353063633
planner,3928,0,9683353063653,9683353063673
planner,3929,0,9683353063693,9683353063713
planner,3930,0,9683353063733,9683353063753
planner,3931,0,9683353063773,9683353063783
planner,3932,0,9683353063803,9683353063823
planner,3933,0,9683353063843,9683353063863
planner,3934,0,9683353063883,9683353063903
planner,3935,0,9683353063923,9683353063943
planner,3936,0,9683353063963,9683353063983
planner,3937,0,9683353064003,9683353064013
planner,3938,0,9683353064033,9683353064053
planner,3939,0,9683353064073,9683353064093
planner,3940,0,9683353064113,9683353064133
planner,3941,0,9683353064153,9683353064173
planner,3942,0,9683353064193,9683353064203
planner,3943,0,9683353064223,9683353064243
planner,3944,0,9683353064263,9683353064283
planner,3945,0,9683353064303,9683353064323
planner,3946,0,9683353064343,9683353064363
planner,3947,0,9683353064383,9683353064393
planner,3948,0,9683353064413,9683353064433
planner,3949,0,9683353064453,9683353064473
planner,3950,0,9683353064493,9683353064513
planner,3951,0,9683353064533,9683353064553
planner,3952,0,9683353064573,9683353064593
planner,3953,0,9683353064613,9683353064623
planner,3954,0,9683353064643,9683353064663
planner,3955,0,9683353064683,9683353064703
planner,3956,0,9683353064723,9683353064743
planner,3957,0,9683353064763,9683353064783
planner,3958,0,9683353064803,9683353064813
planner,3959,0,9683353064833,9683353064853
planner,3960,0,9683353064873,9683353064893
planner,3961,0,9683353064913,9683353064933
planner,3962,0,9683353064953,9683353064973
planner,3963,0,9683353064993,9683353065003
planner,3964,0,9683353065033,9683353065043
planner,3965,0,9683353065063,9683353065083
planner,3966,0,9683353065103,9683353065123
planner,3967,0,9683353065143,9683353065163
planner,3968,0,9683353065693,9683353065713
planner,3969,0,9683353065733,9683353065743
planner,3970,0,9683353065773,9683353065783
planner,3971,0,9683353065803,9683353065823
planner,3972,0,9683353065843,9683353065863
planner,3973,0,9683353065883,9683353065903
planner,3974,0,9683353065923,9683353065943
planner,3975,0,9683353065963,9683353065983
planner,3976,0,9683353066003,9683353066023
planner,3977,0,9683353066043,9683353066053
planner,3978,0,9683353066073,9683353066093
planner,3979,0,9683353066113,9683353066133
planner,3980,0,9683353066153,9683353066173
planner,3981,0,9683353066193,9683353066213
planner,3982,0,9683353066233,9683353066243
planner,3983,0,9683353066263,9683353066283
planner,3984,0,9683353066303,9683353066323
planner,3985,0,9683353066343,9683353066363
planner,3986,0,9683353066383,9683353066403
planner,3987,0,9683353066423,9683353066433
planner,3988,0,9683353066463,9683353066473
planner,3989,0,9683353066493,9683353066513
planner,3990,0,9683353066533,9683353066553
planner,3991,0,9683353066573,9683353066593
planner,3992,0,9683353066613,9683353066633
planner,3993,0,9683353066653,9683353066663
planner,3994,0,9683353066683,9683353066703
planner,3995,0,9683353066723,9683353066743
planner,3996,0,9683353066763,9683353066783
planner,3997,0,9683353066803,9683353066823
planner,3998,0,9683353066843,9683353066853
planner,3999,0,9683353066883,9683353066893
planner,4000,0,9683353066913,9683353066933
planner,4001,0,9683353066953,9683353066973
planner,4002,0,9683353066993,9683353067013
planner,4003,0,9683353067033,9683353067053
planner,4004,0,9683353067073,9683353067083
planner,4005,0,9683353067103,9683353067123
planner,4006,0,9683353067143,9683353067163
planner,4007,0,9683353067183,9683353067203
planner,4008,0,9683353067223,9683353067243
planner,4009,0,9683353067263,9683353067273
planner,4010,0,9683353067293,9683353067313
planner,4011,0,9683353067333,9683353067353
planner,4012,0,9683353067373,9683353067393
planner,4013,0,9683353067413,9683353067433
planner,4014,0,9683353067453,9683353067463
planner,4015,0,9683353067493,9683353067503
planner,4016,0,9683353067523,9683353067543
planner,4017,0,9683353067563,9683353067583
planner,4018,0,9683353067603,9683353067623
planner,4019,0,9683353067643,9683353067663
planner,4020,0,9683353067683,9683353067693
planner,4021,0,9683353067713,9683353067733
planner,4022,0,9683353067753,9683353067773
planner,4023,0,9683353067793,9683353067813
planner,4024,0,9683353067833,9683353067853
planner,4025,0,9683353067873,9683353067883
planner,4026,0,9683353067913,9683353067923
planner,4027,0,9683353067943,9683353067963
planner,4028,0,9683353067983,9683353068003
planner,4029,0,9683353068023,9683353068043
planner,4030,0,9683353068063,9683353068083
planner,4031,0,9683353068103,9683353068113
planner,4032,0,9683353068133,9683353068153
planner,4033,0,9683353068173,9683353068193
planner,4034,0,9683353068213,9683353068233
planner,4035,0,9683353068253,9683353068273
planner,4036,0,9683353068293,9683353068303
planner,4037,0,9683353068323,9683353068343
planner,4038,0,9683353068363,9683353068383
planner,4039,0,9683353068403,9683353068423
planner,4040,0,9683353068443,9683353068463
planner,4041,0,9683353068483,9683353068493
planner,4042,0,9683353068523,9683353068533
planner,4043,0,9683353068553,9683353068573
planner,4044,0,9683353068593,9683353068613
planner,4045,0,9683353068633,9683353068653
planner,4046,0,9683353068673,9683353068693
planner,4047,0,9683353068713,9683353068723
planner,4048,0,9683353068743,9683353068763
planner,4049,0,9683353068783,9683353068803
planner,4050,0,9683353068823,9683353068843
planner,4051,0,9683353068863,9683353068883
planner,4052,0,9683353068903,9683353068923
planner,4053,0,9683353068943,9683353068953
planner,4054,0,9683353068973,9683353068993
planner,4055,0,9683353069013,9683353069033
planner,4056,0,9683353069053,9683353069073
planner,4057,0,9683353069093,9683353069113
planner,4058,0,9683353069133,9683353069143
planner,4059,0,9683353069163,9683353069183
planner,4060,0,9683353069203,9683353069223
planner,4061,0,9683353069243,9683353069263
planner,4062,0,9683353069283,9683353069303
planner,4063,0,9683353069323,9683353069343
planner,4064,0,9683353069363,9683353069373
planner,4065,0,9683353069393,9683353069413
planner,4066,0,9683353069433,9683353069453
planner,4067,0,9683353069473,9683353069493
planner,4068,0,9683353069513,9683353069533
planner,4069,0,9683353069553,9683353069563
planner,4070,0,9683353069593,9683353069603
planner,4071,0,9683353069623,9683353069643
planner,4072,0,9683353069663,9683353069683
planner,4073,0,9683353069703,9683353069723
planner,4074,0,9683353069743,9683353069763
planner,4075,0,9683353069783,9683353069793
planner,4076,0,9683353069813,9683353069833
planner,4077,0,9683353069853,9683353069873
planner,4078,0,9683353069893,9683353069913
planner,4079,0,9683353069933,9683353069953
planner,4080,0,9683353069973,9683353069983
planner,4081,0,9683353070003,9683353070023
planner,4082,0,9683353070043,9683353070063
planner,4083,0,9683353070083,9683353070103
planner,4084,0,9683353070123,9683353070143
planner,4085,0,9683353070163,9683353070183
planner,4086,0,9683353070203,9683353070213
planner,4087,0,9683353070233,9683353070253
planner,4088,0,9683353070273,9683353070293
planner,4089,0,9683353070313,9683353070333
planner,4090,0,9683353070353,9683353070373
planner,4091,0,9683353070393,9683353070403
planner,4092,0,9683353070423,9683353070443
planner,4093,0,9683353070463,9683353070483
planner,4094,0,9683353070503,9683353070523
planner,4095,0,9683353070543,9683353070563
planner,4096,0,9683353070933,9683353070953
planner,4097,0,9683353070973,9683353070983
planner,4098,0,9683353071013,9683353071023
planner,4099,0,9683353071043,9683353071063
planner,4100,0,9683353071083,9683353071103
planner,4101,0,9683353071123,9683353071143
planner,4102,0,9683353071163,9683353071183
planner,4103,0,9683353071203,9683353071223
planner,4104,0,9683353071243,9683353071253
planner,4105,0,9683353071273,9683353071293
planner,4106,0,9683353071313,9683353071333
planner,4107,0,9683353071353,9683353071373
planner,4108,0,9683353071393,9683353071413
planner,4109,0,9683353071433,9683353071443
planner,4110,0,9683353071473,9683353071483
planner,4111,0,9683353071503,9683353071523
planner,4112,0,9683353071543,9683353071563
planner,4113,0,9683353071583,9683353071603
planner,4114,0,9683353071623,9683353071643
planner,4115,0,9683353071663,9683353071673
planner,4116,0,9683353071693,9683353071713
planner,4117,0,9683353071733,9683353071753
planner,4118,0,9683353071773,9683353071793
planner,4119,0,9683353071813,9683353071833
planner,4120,0,9683353071853,9683353071863
planner,4121,0,9683353071883,9683353071903
planner,4122,0,9683353071923,9683353071943
planner,4123,0,9683353071963,9683353071983
planner,4124,0,9683353072003,9683353072023
planner,4125,0,9683353072043,9683353072063
planner,4126,0,9683353072083,9683353072093
planner,4127,0,9683353072113,9683353072133
planner,4128,0,9683353072153,9683353072173
planner,4129,0,9683353072193,9683353072213
planner,4130,0,9683353072233,9683353072253
planner,4131,0,9683353072273,9683353072283
planner,4132,0,9683353072303,9683353072323
planner,4133,0,9683353072343,9683353072363
planner,4134,0,9683353072383,9683353072403
planner,4135,0,9683353072423,9683353072443
planner,4136,0,9683353072463,9683353072483
planner,4137,0,9683353072503,9683353072513
planner,4138,0,9683353072533,9683353072553
planner,4139,0,9683353072573,9683353072593
planner,4140,0,9683353072613,9683353072633
planner,4141,0,9683353072653,9683353072673
planner,4142,0,9683353072693,9683353072703
planner,4143,0,9683353072723,9683353072743
planner,4144,0,9683353072763,9683353072783
planner,4145,0,9683353072803,9683353072823
planner,4146,0,9683353072843,9683353072863
planner,4147,0,9683353072883,9683353072893
planner,4148,0,9683353072923,9683353072933
planner,4149,0,9683353072953,9683353072973
planner,4150,0,9683353072993,9683353073013
planner,4151,0,9683353073033,9683353073053
planner,4152,0,9683353073073,9683353073093
planner,4153,0,9683353073113,9683353073123
planner,4154,0,9683353073143,9683353073163
planner,4155,0,9683353073183,9683353073203
planner,4156,0,9683353073223,9683353073243
planner,4157,0,9683353073263,9683353073283
planner,4158,0,9683353073303,9683353073313
planner,4159,0,9683353073333,9683353073353
planner,4160,0,9683353073373,9683353073393
planner,4161,0,9683353073413,9683353073433
planner,4162,0,9683353073453,9683353073473
planner,4163,0,9683353073493,9683353073513
planner,4164,0,9683353073533,9683353073543
planner,4165,0,9683353073563,9683353073583
planner,4166,0,9683353073603,9683353073623
planner,4167,0,9683353073643,9683353073663
planner,4168,0,9683353073683,9683353073703
planner,4169,0,9683353073723,9683353073733
planner,4170,0,9683353073753,9683353073773
planner,4171,0,9683353073793,9683353073813
planner,4172,0,9683353073833,9683353073853
planner,4173,0,9683353073873,9683353073893
planner,4174,0,9683353073913,9683353073923
planner,4175,0,9683353073953,9683353073963
planner,4176,0,9683353073983,9683353074003
planner,4177,0,9683353074023,9683353074043
planner,4178,0,9683353074063,9683353074083
planner,4179,0,9683353074103,9683353074123
planner,4180,0,9683353074143,9683353074153
planner,4181,0,9683353074173,9683353074193
planner,4182,0,9683353074213,9683353074233
planner,4183,0,9683353074253,9683353074273
planner,4184,0,9683353074293,9683353074313
planner,4185,0,9683353074333,9683353074343
planner,4186,0,9683353074363,9683353074383
planner,4187,0,9683353074403,9683353074423
planner,4188,0,9683353074443,9683353074463
planner,4189,0,9683353074483,9683353074503
planner,4190,0,9683353074523,9683353074533
planner,4191,0,9683353074563,9683353074573
planner,4192,0,9683353074593,9683353074613
planner,4193,0,9683353074633,9683353074653
planner,4194,0,9683353074673,9683353074693
planner,4195,0,9683353074713,9683353074733
planner,4196,0,9683353074753,9683353074763
planner,4197,0,9683353074783,9683353074803
planner,4198,0,9683353074823,9683353074843
planner,4199,0,9683353074863,9683353074883
planner,4200,0,9683353074903,9683353074923
planner,4201,0,9683353074943,9683353074953
planner,4202,0,9683353074973,9683353074993
planner,4203,0,9683353075013,9683353075033
planner,4204,0,9683353075053,9683353075073
planner,4205,0,9683353075093,9683353075113
planner,4206,0,9683353075133,9683353075143
planner,4207,0,9683353075163,9683353075183
planner,4208,0,9683353075203,9683353075223
planner,4209,0,9683353075243,9683353075263
planner,4210,0,9683353075283,9683353075303
planner,4211,0,9683353075323,9683353075333
planner,4212,0,9683353075353,9683353075373
planner,4213,0,9683353075393,9683353075413
planner,4214,0,9683353075433,9683353075453
planner,4215,0,9683353075473,9683353075493
planner,4216,0,9683353075513,9683353075523
planner,4217,0,9683353075553,9683353075563
planner,4218,0,9683353075583,9683353075603
planner,4219,0,9683353075623,9683353075643
planner,4220,0,9683353075663,9683353075683
planner,4221,0,9683353075703,9683353075723
planner,4222,0,9683353075743,9683353075753
planner,4223,0,9683353075773,9683353075793
planner,4224,0,9683353076253,9683353076273
planner,4225,0,9683353076293,9683353076313
planner,4226,0,9683353076333,9683353076343
planner,4227,0,9683353076373,9683353076383
planner,4228,0,9683353076403,9683353076423
planner,4229,0,9683353076443,9683353076463
planner,4230,0,9683353076483,9683353076503
planner,4231,0,9683353076523,9683353076543
planner,4232,0,9683353076563,9683353076573
planner,4233,0,9683353076603,9683353076613
planner,4234,0,9683353076633,9683353076653
planner,4235,0,9683353076673,9683353076693
planner,4236,0,9683353076713,9683353076733
planner,4237,0,9683353076753,9683353076773
planner,4238,0,9683353076793,9683353076803
planner,4239,0,9683353076823,9683353076843
planner,4240,0,9683353076863,9683353076883
planner,4241,0,9683353076903,9683353076923
planner,4242,0,9683353076943,9683353076963
planner,4243,0,9683353076983,9683353076993
planner,4244,0,9683353077013,9683353077033
planner,4245,0,9683353077053,9683353077073
planner,4246,0,9683353077093,9683353077113
planner,4247,0,9683353077133,9683353077153
planner,4248,0,9683353077173,9683353077183
planner,4249,0,9683353077213,9683353077223
planner,4250,0,9683353077243,9683353077263
planner,4251,0,9683353077283,9683353077303
planner,4252,0,9683353077323,9683353077343
planner,4253,0,9683353077363,9683353077383
planner,4254,0,9683353077403,9683353077413
planner,4255,0,9683353077433,9683353077453
planner,4256,0,9683353077473,9683353077493
planner,4257,0,9683353077513,9683353077533
planner,4258,0,9683353077553,9683353077573
planner,4259,0,9683353077593,9683353077603
planner,4260,0,9683353077623,9683353077643
planner,4261,0,9683353077663,9683353077683
planner,4262,0,9683353077703,9683353077723
planner,4263,0,9683353077743,9683353077763
planner,4264,0,9683353077783,9683353077793
planner,4265,0,9683353077823,9683353077833
planner,4266,0,9683353077853,9683353077873
planner,4267,0,9683353077893,9683353077913
planner,4268,0,9683353077933,9683353077953
planner,4269,0,9683353077973,9683353077993
planner,4270,0,9683353078013,9683353078023
planner,4271,0,9683353078043,9683353078063
planner,4272,0,9683353078083,9683353078103
planner,4273,0,9683353078123,9683353078143
planner,4274,0,9683353078163,9683353078183
planner,4275,0,9683353078203,9683353078213
planner,4276,0,9683353078233,9683353078253
planner,4277,0,9683353078273,9683353078293
planner,4278,0,9683353078313,9683353078333
planner,4279,0,9683353078353,9683353078373
planner,4280,0,9683353078393,9683353078413
planner,4281,0,9683353078433,9683353078443
planner,4282,0,9683353078463,9683353078483
planner,4283,0,9683353078503,9683353078523
planner,4284,0,9683353078543,9683353078563
planner,4285,0,9683353078583,9683353078603
planner,4286,0,9683353078623,9683353078633
planner,4287,0,9683353078653,9683353078673
planner,4288,0,9683353078693,9683353078713
planner,4289,0,9683353078733,9683353078753
planner,4290,0,9683353078773,9683353078793
planner,4291,0,9683353078813,9683353078823
planner,4292,0,9683353078853,9683353078863
planner,4293,0,9683353078883,9683353078903
planner,4294,0,9683353078923,9683353078943
planner,4295,0,9683353078963,9683353078983
planner,4296,0,9683353079003,9683353079023
planner,4297,0,9683353079043,9683353079053
planner,4298,0,9683353079073,9683353079093
planner,4299,0,9683353079113,9683353079133
planner,4300,0,9683353079153,9683353079173
planner,4301,0,9683353079193,9683353079213
planner,4302,0,9683353079233,9683353079243
planner,4303,0,9683353079263,9683353079283
planner,4304,0,9683353079303,9683353079323
planner,4305,0,9683353079343,9683353079363
planner,4306,0,9683353079383,9683353079403
planner,4307,0,9683353079423,9683353079443
planner,4308,0,9683353079463,9683353079473
planner,4309,0,9683353079493,9683353079513
planner,4310,0,9683353079533,9683353079553
planner,4311,0,9683353079573,9683353079593
planner,4312,0,9683353079613,9683353079633
planner,4313,0,9683353079653,9683353079663
planner,4314,0,9683353079683,9683353079703
planner,4315,0,9683353079723,9683353079743
planner,4316,0,9683353079763,9683353079783
planner,4317,0,9683353079803,9683353079823
planner,4318,0,9683353079843,9683353079853
planner,4319,0,9683353079883,9683353079893
planner,4320,0,9683353079913,9683353079933
planner,4321,0,9683353079953,9683353079973
planner,4322,0,9683353079993,9683353080013
planner,4323,0,9683353080033,9683353080053
planner,4324,0,9683353080073,9683353080083
planner,4325,0,9683353080103,9683353080123
planner,4326,0,9683353080143,9683353080163
planner,4327,0,9683353080183,9683353080203
planner,4328,0,9683353080223,9683353080243
planner,4329,0,9683353080263,9683353080273
planner,4330,0,9683353080293,9683353080313
planner,4331,0,9683353080333,9683353080353
planner,4332,0,9683353080373,9683353080393
planner,4333,0,9683353080413,9683353080433
planner,4334,0,9683353080453,9683353080463
planner,4335,0,9683353080493,9683353080503
planner,4336,0,9683353080523,9683353080543
planner,4337,0,9683353080563,9683353080583
planner,4338,0,9683353080603,9683353080623
planner,4339,0,9683353080643,9683353080663
planner,4340,0,9683353080683,9683353080693
planner,4341,0,9683353080713,9683353080733
planner,4342,0,9683353080753,9683353080773
planner,4343,0,9683353080793,9683353080813
planner,4344,0,9683353080833,9683353080853
planner,4345,0,9683353080873,9683353080883
planner,4346,0,9683353080903,9683353080923
planner,4347,0,9683353080943,9683353080963
planner,4348,0,9683353080983,9683353081003
planner,4349,0,9683353081023,9683353081043
planner,4350,0,9683353081063,9683353081073
planner,4351,0,9683353081093,9683353081113
planner,4352,0,9683353082053,9683353082073
planner,4353,0,9683353082093,9683353082113
planner,4354,0,9683353082133,9683353082153
planner,4355,0,9683353082173,9683353082183
planner,4356,0,9683353082213,9683353082223
planner,4357,0,9683353082243,9683353082263
planner,4358,0,9683353082283,9683353082303
planner,4359,0,9683353082323,9683353082343
planner,4360,0,9683353082363,9683353082383
planner,4361,0,9683353082403,9683353082423
planner,4362,0,9683353082443,9683353082453
planner,4363,0,9683353082473,9683353082493
planner,4364,0,9683353082513,9683353082533
planner,4365,0,9683353082553,9683353082573
planner,4366,0,9683353082593,9683353082613
planner,4367,0,9683353082633,9683353082643
planner,4368,0,9683353082663,9683353082683
planner,4369,0,9683353082703,9683353082723
planner,4370,0,9683353082743,9683353082763
planner,4371,0,9683353082783,9683353082803
planner,4372,0,9683353082823,9683353082833
planner,4373,0,9683353082863,9683353082873
planner,4374,0,9683353082893,9683353082913
planner,4375,0,9683353082933,9683353082953
planner,4376,0,9683353082973,9683353082993
planner,4377,0,9683353083013,9683353083033
planner,4378,0,9683353083053,9683353083063
planner,4379,0,9683353083083,9683353083103
planner,4380,0,9683353083123,9683353083143
planner,4381,0,9683353083163,9683353083183
planner,4382,0,9683353083203,9683353083223
planner,4383,0,9683353083243,9683353083253
planner,4384,0,9683353083273,9683353083293
planner,4385,0,9683353083313,9683353083333
planner,4386,0,9683353083353,9683353083373
planner,4387,0,9683353083393,9683353083413
planner,4388,0,9683353083433,9683353083443
planner,4389,0,9683353083473,9683353083483
planner,4390,0,9683353083503,9683353083523
planner,4391,0,9683353083543,9683353083563
planner,4392,0,9683353083583,9683353083603
planner,4393,0,9683353083623,9683353083643
planner,4394,0,9683353083663,9683353083673
planner,4395,0,9683353083693,9683353083713
planner,4396,0,9683353083733,9683353083753
planner,4397,0,9683353083773,9683353083793
planner,4398,0,9683353083813,9683353083833
planner,4399,0,9683353083853,9683353083863
planner,4400,0,9683353083883,9683353083903
planner,4401,0,9683353083923,9683353083943
planner,4402,0,9683353083963,9683353083983
planner,4403,0,9683353084003,9683353084023
planner,4404,0,9683353084043,9683353084063
planner,4405,0,9683353084083,9683353084093
planner,4406,0,9683353084113,9683353084133
planner,4407,0,9683353084153,9683353084173
planner,4408,0,9683353084193,9683353084213
planner,4409,0,9683353084233,9683353084253
planner,4410,0,9683353084273,9683353084283
planner,4411,0,9683353084303,9683353084323
planner,4412,0,9683353084343,9683353084363
planner,4413,0,9683353084383,9683353084403
planner,4414,0,9683353084423,9683353084443
planner,4415,0,9683353084463,9683353084473
planner,4416,0,9683353084493,9683353084513
planner,4417,0,9683353084533,9683353084553
planner,4418,0,9683353084573,9683353084593
planner,4419,0,9683353084613,9683353084633
planner,4420,0,9683353084653,9683353084673
planner,4421,0,9683353084693,9683353084703
planner,4422,0,9683353084723,9683353084743
planner,4423,0,9683353084763,9683353084783
planner,4424,0,9683353084803,9683353084823
planner,4425,0,9683353084843,9683353084863
planner,4426,0,9683353084883,9683353084893
planner,4427,0,9683353084913,9683353084933
planner,4428,0,9683353084953,9683353084973
planner,4429,0,9683353084993,9683353085013
planner,4430,0,9683353085033,9683353085053
planner,4431,0,9683353085073,9683353085083
planner,4432,0,9683353085103,9683353085123
planner,4433,0,9683353085143,9683353085163
planner,4434,0,9683353085183,9683353085203
planner,4435,0,9683353085223,9683353085243
planner,4436,0,9683353085263,9683353085273
planner,4437,0,9683353085303,9683353085313
planner,4438,0,9683353085333,9683353085353
planner,4439,0,9683353085373,9683353085393
planner,4440,0,9683353085413,9683353085433
planner,4441,0,9683353085453,9683353085473
planner,4442,0,9683353085493,9683353085503
planner,4443,0,9683353085523,9683353085543
planner,4444,0,9683353085563,9683353085583
planner,4445,0,9683353085603,9683353085623
planner,4446,0,9683353085643,9683353085663
planner,4447,0,9683353085683,9683353085693
planner,4448,0,9683353085713,9683353085733
planner,4449,0,9683353085753,9683353085773
planner,4450,0,9683353085793,9683353085813
planner,4451,0,9683353085833,9683353085853
planner,4452,0,9683353085873,9683353085883
planner,4453,0,9683353085903,9683353085923
planner,4454,0,9683353085943,9683353085963
planner,4455,0,9683353085983,9683353086003
planner,4456,0,9683353086023,9683353086043
planner,4457,0,9683353086063,9683353086083
planner,4458,0,9683353086103,9683353086113
planner,4459,0,9683353086133,9683353086153
planner,4460,0,9683353086173,9683353086193
planner,4461,0,9683353086213,9683353086233
planner,4462,0,9683353086253,9683353086273
planner,4463,0,9683353086293,9683353086303
planner,4464,0,9683353086323,9683353086343
planner,4465,0,9683353086363,9683353086383
planner,4466,0,9683353086403,9683353086423
planner,4467,0,9683353086443,9683353086463
planner,4468,0,9683353086483,9683353086493
planner,4469,0,9683353086523,9683353086533
planner,4470,0,9683353086553,9683353086573
planner,4471,0,9683353086593,9683353086613
planner,4472,0,9683353086633,9683353086653
planner,4473,0,9683353086673,9683353086693
planner,4474,0,9683353086713,9683353086723
planner,4475,0,9683353086743,9683353086763
planner,4476,0,9683353086783,9683353086803
planner,4477,0,9683353086823,9683353086843
planner,4478,0,9683353086863,9683353086883
planner,4479,0,9683353086903,9683353086913
planner,4480,0,9683353087373,9683353087383
planner,4481,0,9683353087413,9683353087423
planner,4482,0,9683353087443,9683353087463
planner,4483,0,9683353087483,9683353087503
planner,4484,0,9683353087523,9683353087543
planner,4485,0,9683353087563,9683353087583
planner,4486,0,9683353087603,9683353087623
planner,4487,0,9683353087643,9683353087663
planner,4488,0,9683353087683,9683353087693
planner,4489,0,9683353087713,9683353087733
planner,4490,0,9683353087753,9683353087773
planner,4491,0,9683353087793,9683353087813
planner,4492,0,9683353087833,9683353087853
planner,4493,0,9683353087873,9683353087883
planner,4494,0,9683353087903,9683353087923
planner,4495,0,9683353087943,9683353087963
planner,4496,0,9683353087983,9683353088003
planner,4497,0,9683353088023,9683353088043
planner,4498,0,9683353088063,9683353088083
planner,4499,0,9683353088103,9683353088113
planner,4500,0,9683353088133,9683353088153
planner,4501,0,9683353088173,9683353088193
planner,4502,0,9683353088213,9683353088233
planner,4503,0,9683353088253,9683353088273
planner,4504,0,9683353088293,9683353088303
planner,4505,0,9683353088323,9683353088343
planner,4506,0,9683353088363,9683353088383
planner,4507,0,9683353088403,9683353088423
planner,4508,0,9683353088443,9683353088463
planner,4509,0,9683353088483,9683353088493
planner,4510,0,9683353088523,9683353088533
planner,4511,0,9683353088553,9683353088573
planner,4512,0,9683353088593,9683353088613
planner,4513,0,9683353088633,9683353088653
planner,4514,0,9683353088673,9683353088693
planner,4515,0,9683353088713,9683353088723
planner,4516,0,9683353088743,9683353088763
planner,4517,0,9683353088783,9683353088803
planner,4518,0,9683353088823,9683353088843
planner,4519,0,9683353088863,9683353088883
planner,4520,0,9683353088903,9683353088913
planner,4521,0,9683353088933,9683353088953
planner,4522,0,9683353088973,9683353088993
planner,4523,0,9683353089013,9683353089033
planner,4524,0,9683353089053,9683353089073
planner,4525,0,9683353089093,9683353089103
planner,4526,0,9683353089123,9683353089143
planner,4527,0,9683353089163,9683353089183
planner,4528,0,9683353089203,9683353089223
planner,4529,0,9683353089243,9683353089263
planner,4530,0,9683353089283,9683353089303
planner,4531,0,9683353089323,9683353089333
planner,4532,0,9683353089353,9683353089373
planner,4533,0,9683353089393,9683353089413
planner,4534,0,9683353089433,9683353089453
planner,4535,0,9683353089473,9683353089493
planner,4536,0,9683353089513,9683353089523
planner,4537,0,9683353089543,9683353089563
planner,4538,0,9683353089583,9683353089603
planner,4539,0,9683353089623,9683353089643
planner,4540,0,9683353089663,9683353089683
planner,4541,0,9683353089703,9683353089713
planner,4542,0,9683353089733,9683353089753
planner,4543,0,9683353089773,9683353089793
planner,4544,0,9683353089813,9683353089833
planner,4545,0,9683353089853,9683353089873
planner,4546,0,9683353089893,9683353089913
planner,4547,0,9683353089933,9683353089943
planner,4548,0,9683353089963,9683353089983
planner,4549,0,9683353090003,9683353090023
planner,4550,0,9683353090043,9683353090063
planner,4551,0,9683353090083,9683353090103
planner,4552,0,9683353090123,9683353090133
planner,4553,0,9683353090153,9683353090173
planner,4554,0,9683353090193,9683353090213
planner,4555,0,9683353090233,9683353090253
planner,4556,0,9683353090273,9683353090293
planner,4557,0,9683353090313,9683353090323
planner,4558,0,9683353090353,9683353090363
planner,4559,0,9683353090383,9683353090403
planner,4560,0,9683353090423,9683353090443
planner,4561,0,9683353090463,9683353090483
planner,4562,0,9683353090503,9683353090523
planner,4563,0,9683353090543,9683353090553
planner,4564,0,9683353090573,9683353090593
planner,4565,0,9683353090613,9683353090633
planner,4566,0,9683353090653,9683353090673
planner,4567,0,9683353090693,9683353090713
planner,4568,0,9683353090733,9683353090743
planner,4569,0,9683353090763,9683353090783
planner,4570,0,9683353090803,9683353090823
planner,4571,0,9683353090843,9683353090863
planner,4572,0,9683353090883,9683353090903
planner,4573,0,9683353090923,9683353090943
planner,4574,0,9683353090963,9683353090973
planner,4575,0,9683353090993,9683353091013
planner,4576,0,9683353091033,9683353091053
planner,4577,0,9683353091073,9683353091093
planner,4578,0,9683353091113,9683353091133
planner,4579,0,9683353091153,9683353091163
planner,4580,0,9683353091183,9683353091203
planner,4581,0,9683353091223,9683353091243
planner,4582,0,9683353091263,9683353091283
planner,4583,0,9683353091303,9683353091323
planner,4584,0,9683353091343,9683353091353
planner,4585,0,9683353091383,9683353091393
planner,4586,0,9683353091413,9683353091433
planner,4587,0,9683353091453,9683353091473
planner,4588,0,9683353091493,9683353091513
planner,4589,0,9683353091533,9683353091553
planner,4590,0,9683353091573,9683353091583
planner,4591,0,9683353091603,9683353091623
planner,4592,0,9683353091643,9683353091663
planner,4593,0,9683353091683,9683353091703
planner,4594,0,9683353091723,9683353091743
planner,4595,0,9683353091763,9683353091773
planner,4596,0,9683353091793,9683353091813
planner,4597,0,9683353091833,9683353091853
planner,4598,0,9683353091873,9683353091893
planner,4599,0,9683353091913,9683353091933
planner,4600,0,9683353091953,9683353091963
planner,4601,0,9683353091983,9683353092003
planner,4602,0,9683353092023,9683353092043
planner,4603,0,9683353092063,9683353092083
planner,4604,0,9683353092103,9683353092123
planner,4605,0,9683353092143,9683353092153
planner,4606,0,9683353092183,9683353092193
planner,4607,0,9683353092213,9683353092233
planner,4608,0,9683353092883,9683353092903
planner,4609,0,9683353092923,9683353092943
planner,4610,0,9683353092963,9683353092983
planner,4611,0,9683353093003,9683353093013
planner,4612,0,9683353093043,9683353093053
planner,4613,0,9683353093073,9683353093093
planner,4614,0,9683353093113,9683353093133
planner,4615,0,9683353093153,9683353093173
planner,4616,0,9683353093193,9683353093213
planner,4617,0,9683353093233,9683353093253
planner,4618,0,9683353093273,9683353093283
planner,4619,0,9683353093303,9683353093323
planner,4620,0,9683353093343,9683353093363
planner,4621,0,9683353093383,9683353093403
planner,4622,0,9683353093423,9683353093443
planner,4623,0,9683353093463,9683353093473
planner,4624,0,9683353093493,9683353093513
planner,4625,0,9683353093533,9683353093553
planner,4626,0,9683353093573,9683353093593
planner,4627,0,9683353093613,9683353093633
planner,4628,0,9683353093653,9683353093663
planner,4629,0,9683353093683,9683353093703
planner,4630,0,9683353093723,9683353093743
planner,4631,0,9683353093763,9683353093783
planner,4632,0,9683353093803,9683353093823
planner,4633,0,9683353093843,9683353093863
planner,4634,0,9683353093883,9683353093893
planner,4635,0,9683353093913,9683353093933
planner,4636,0,9683353093953,9683353093973
planner,4637,0,9683353093993,9683353094013
planner,4638,0,9683353094033,9683353094053
planner,4639,0,9683353094073,9683353094083
planner,4640,0,9683353094113,9683353094123
planner,4641,0,9683353094143,9683353094163
planner,4642,0,9683353094183,9683353094203
planner,4643,0,9683353094223,9683353094243
planner,4644,0,9683353094263,9683353094283
planner,4645,0,9683353094303,9683353094313
planner,4646,0,9683353094333,9683353094353
planner,4647,0,9683353094373,9683353094393
planner,4648,0,9683353094413,9683353094433
planner,4649,0,9683353094453,9683353094473
planner,4650,0,9683353094493,9683353094503
planner,4651,0,9683353094533,9683353094543
planner,4652,0,9683353094563,9683353094583
planner,4653,0,9683353094603,9683353094623
planner,4654,0,9683353094643,9683353094663
planner,4655,0,9683353094683,9683353094703
planner,4656,0,9683353094723,9683353094733
planner,4657,0,9683353094753,9683353094773
planner,4658,0,9683353094793,9683353094813
planner,4659,0,9683353094833,9683353094853
planner,4660,0,9683353094873,9683353094893
planner,4661,0,9683353094913,9683353094923
planner,4662,0,9683353094943,9683353094963
planner,4663,0,9683353094983,9683353095003
planner,4664,0,9683353095023,9683353095043
planner,4665,0,9683353095063,9683353095083
planner,4666,0,9683353095103,9683353095123
planner,4667,0,9683353095143,9683353095153
planner,4668,0,9683353095173,9683353095193
planner,4669,0,9683353095213,9683353095233
planner,4670,0,9683353095253,9683353095273
planner,4671,0,9683353095293,9683353095313
planner,4672,0,9683353095333,9683353095343
planner,4673,0,9683353095363,9683353095383
planner,4674,0,9683353095403,9683353095423
planner,4675,0,9683353095443,9683353095463
planner,4676,0,9683353095483,9683353095503
planner,4677,0,9683353095523,9683353095533
planner,4678,0,9683353095563,9683353095573
planner,4679,0,9683353095593,9683353095613
planner,4680,0,9683353095633,9683353095653
planner,4681,0,9683353095673,9683353095693
planner,4682,0,9683353095713,9683353095733
planner,4683,0,9683353095753,9683353095763
planner,4684,0,9683353095783,9683353095803
planner,4685,0,9683353095823,9683353095843
planner,4686,0,9683353095863,9683353095883
planner,4687,0,9683353095903,9683353095923
planner,4688,0,9683353095943,9683353095953
planner,4689,0,9683353095973,9683353095993
planner,4690,0,9683353096013,9683353096033
planner,4691,0,9683353096053,9683353096073
planner,4692,0,9683353096093,9683353096113
planner,4693,0,9683353096133,9683353096153
planner,4694,0,9683353096173,9683353096183
planner,4695,0,9683353096203,9683353096223
planner,4696,0,9683353096243,9683353096263
planner,4697,0,9683353096283,9683353096303
planner,4698,0,9683353096323,9683353096343
planner,4699,0,9683353096363,9683353096373
planner,4700,0,9683353096393,9683353096413
planner,4701,0,9683353096433,9683353096453
planner,4702,0,9683353096473,9683353096493
planner,4703,0,9683353096513,9683353096533
planner,4704,0,9683353096553,9683353096563
planner,4705,0,9683353096593,9683353096603
planner,4706,0,9683353096623,9683353096643
planner,4707,0,9683353096663,9683353096683
planner,4708,0,9683353096703,9683353096723
planner,4709,0,9683353096743,9683353096763
planner,4710,0,9683353096783,9683353096793
planner,4711,0,9683353096813,9683353096833
planner,4712,0,9683353096853,9683353096873
planner,4713,0,9683353096893,9683353096913
planner,4714,0,9683353096933,9683353096953
planner,4715,0,9683353096973,9683353096983
planner,4716,0,9683353097003,9683353097023
planner,4717,0,9683353097043,9683353097063
planner,4718,0,9683353097083,9683353097103
planner,4719,0,9683353097123,9683353097143
planner,4720,0,9683353097163,9683353097173
planner,4721,0,9683353097203,9683353097213
planner,4722,0,9683353097233,9683353097253
planner,4723,0,9683353097273,9683353097293
planner,4724,0,9683353097313,9683353097333
planner,4725,0,9683353097353,9683353097373
planner,4726,0,9683353097393,9683353097403
planner,4727,0,9683353097423,9683353097443
planner,4728,0,9683353097463,9683353097483
planner,4729,0,9683353097503,9683353097523
planner,4730,0,9683353097543,9683353097563
planner,4731,0,9683353097583,9683353097593
planner,4732,0,9683353097613,9683353097633
planner,4733,0,9683353097653,9683353097673
planner,4734,0,9683353097693,9683353097713
planner,4735,0,9683353097733,9683353097753
planner,4736,0,9683353098223,9683353098243
planner,4737,0,9683353098263,9683353098273
planner,4738,0,9683353098303,9683353098313
planner,4739,0,9683353098333,9683353098353
planner,4740,0,9683353098373,9683353098393
planner,4741,0,9683353098413,9683353098433
planner,4742,0,9683353098453,9683353098473
planner,4743,0,9683353098493,9683353098513
planner,4744,0,9683353098533,9683353098543
planner,4745,0,9683353098563,9683353098583
planner,4746,0,9683353098603,9683353098623
planner,4747,0,9683353098643,9683353098663
planner,4748,0,9683353098683,9683353098703
planner,4749,0,9683353098723,9683353098733
planner,4750,0,9683353098753,9683353098773
planner,4751,0,9683353098793,9683353098813
planner,4752,0,9683353098833,9683353098853
planner,4753,0,9683353098873,9683353098893
planner,4754,0,9683353098913,9683353098933
planner,4755,0,9683353098953,9683353098963
planner,4756,0,9683353098983,9683353099003
planner,4757,0,9683353099023,9683353099043
planner,4758,0,9683353099063,9683353099083
planner,4759,0,9683353099103,9683353099123
planner,4760,0,9683353099143,9683353099153
planner,4761,0,9683353099173,9683353099193
planner,4762,0,9683353099213,9683353099233
planner,4763,0,9683353099253,9683353099273
planner,4764,0,9683353099293,9683353099313
planner,4765,0,9683353099333,9683353099343
planner,4766,0,9683353099363,9683353099383
planner,4767,0,9683353099403,9683353099423
planner,4768,0,9683353099443,9683353099463
planner,4769,0,9683353099483,9683353099503
planner,4770,0,9683353099523,9683353099543
planner,4771,0,9683353099563,9683353099573
planner,4772,0,9683353099593,9683353099613
planner,4773,0,9683353099633,9683353099653
planner,4774,0,9683353099673,9683353099693
planner,4775,0,9683353099713,9683353099733
planner,4776,0,9683353099753,9683353099763
planner,4777,0,9683353099783,9683353099803
planner,4778,0,9683353099823,9683353099843
planner,4779,0,9683353099863,9683353099883
planner,4780,0,9683353099903,9683353099923
planner,4781,0,9683353099943,9683353099953
planner,4782,0,9683353099973,9683353099993
planner,4783,0,9683353100013,9683353100033
planner,4784,0,9683353100053,9683353100073
planner,4785,0,9683353100093,9683353100113
planner,4786,0,9683353100133,9683353100153
planner,4787,0,9683353100173,9683353100183
planner,4788,0,9683353100203,9683353100223
planner,4789,0,9683353100243,9683353100263
planner,4790,0,9683353100283,9683353100303
planner,4791,0,9683353100323,9683353100343
planner,4792,0,9683353100363,9683353100373
planner,4793,0,9683353100393,9683353100413
planner,4794,0,9683353100433,9683353100453
planner,4795,0,9683353100473,9683353100493
planner,4796,0,9683353100513,9683353100533
planner,4797,0,9683353100553,9683353100563
planner,4798,0,9683353100583,9683353100603
planner,4799,0,9683353100623,9683353100643
planner,4800,0,9683353100663,9683353100683
planner,4801,0,9683353100703,9683353100723
planner,4802,0,9683353100743,9683353100763
planner,4803,0,9683353100783,9683353100793
planner,4804,0,9683353100813,9683353100833
planner,4805,0,9683353100853,9683353100873
planner,4806,0,9683353100893,9683353100913
planner,4807,0,9683353100933,9683353100953
planner,4808,0,9683353100973,9683353100983
planner,4809,0,9683353101003,9683353101023
planner,4810,0,9683353101043,9683353101063
planner,4811,0,9683353101083,9683353101103
planner,4812,0,9683353101123,9683353101143
planner,4813,0,9683353101163,9683353101173
planner,4814,0,9683353101193,9683353101213
planner,4815,0,9683353101233,9683353101253
planner,4816,0,9683353101273,9683353101293
planner,4817,0,9683353101313,9683353101333
planner,4818,0,9683353101353,9683353101363
planner,4819,0,9683353101393,9683353101403
planner,4820,0,9683353101423,9683353101443
planner,4821,0,9683353101463,9683353101483
planner,4822,0,9683353101503,9683353101523
planner,4823,0,9683353101543,9683353101563
planner,4824,0,9683353101583,9683353101593
planner,4825,0,9683353101613,9683353101633
planner,4826,0,9683353101653,9683353101673
planner,4827,0,9683353101693,9683353101713
planner,4828,0,9683353101733,9683353101753
planner,4829,0,9683353101773,9683353101783
planner,4830,0,9683353101803,9683353101823
planner,4831,0,9683353101843,9683353101863
planner,4832,0,9683353101883,9683353101903
planner,4833,0,9683353101923,9683353101943
planner,4834,0,9683353101963,9683353101983
planner,4835,0,9683353102003,9683353102013
planner,4836,0,9683353102033,9683353102053
planner,4837,0,9683353102073,9683353102093
planner,4838,0,9683353102113,9683353102133
planner,4839,0,9683353102153,9683353102173
planner,4840,0,9683353102193,9683353102203
planner,4841,0,9683353102223,9683353102243
planner,4842,0,9683353102263,9683353102283
planner,4843,0,9683353102303,9683353102323
planner,4844,0,9683353102343,9683353102363
planner,4845,0,9683353102383,9683353102393
planner,4846,0,9683353102413,9683353102433
planner,4847,0,9683353102453,9683353102473
planner,4848,0,9683353102493,9683353102513
planner,4849,0,9683353102533,9683353102553
planner,4850,0,9683353102573,9683353102583
planner,4851,0,9683353102613,9683353102623
planner,4852,0,9683353102643,9683353102663
planner,4853,0,9683353102683,9683353102703
planner,4854,0,9683353102723,9683353102743
planner,4855,0,9683353102763,9683353102783
planner,4856,0,9683353102803,9683353102813
planner,4857,0,9683353102833,9683353102853
planner,4858,0,9683353102873,9683353102893
planner,4859,0,9683353102913,9683353102933
planner,4860,0,9683353102953,9683353102973
planner,4861,0,9683353102993,9683353103003
planner,4862,0,9683353103023,9683353103043
planner,4863,0,9683353103063,9683353103083
planner,4864,0,9683353103543,9683353103563
planner,4865,0,9683353103583,9683353103593
planner,4866,0,9683353103613,9683353103633
planner,4867,0,9683353103653,9683353103673
planner,4868,0,9683353103693,9683353103713
planner,4869,0,9683353103733,9683353103753
planner,4870,0,9683353103773,9683353103793
planner,4871,0,9683353103813,9683353103833
planner,4872,0,9683353103853,9683353103863
planner,4873,0,9683353103883,9683353103903
planner,4874,0,9683353103923,9683353103943
planner,4875,0,9683353103963,9683353103983
planner,4876,0,9683353104003,9683353104023
planner,4877,0,9683353104043,9683353104053
planner,4878,0,9683353104083,9683353104093
planner,4879,0,9683353104113,9683353104133
planner,4880,0,9683353104153,9683353104173
planner,4881,0,9683353104193,9683353104213
planner,4882,0,9683353104233,9683353104253
planner,4883,0,9683353104273,9683353104283
planner,4884,0,9683353104303,9683353104323
planner,4885,0,9683353104343,9683353104363
planner,4886,0,9683353104383,9683353104403
planner,4887,0,9683353104423,9683353104443
planner,4888,0,9683353104463,9683353104473
planner,4889,0,9683353104493,9683353104513
planner,4890,0,9683353104533,9683353104553
planner,4891,0,9683353104573,9683353104593
planner,4892,0,9683353104613,9683353104633
planner,4893,0,9683353104653,9683353104663
planner,4894,0,9683353104683,9683353104703
planner,4895,0,9683353104723,9683353104743
planner,4896,0,9683353104763,9683353104783
planner,4897,0,9683353104803,9683353104823
planner,4898,0,9683353104843,9683353104863
planner,4899,0,9683353104883,9683353104893
planner,4900,0,9683353104913,9683353104933
planner,4901,0,9683353104953,9683353104973
planner,4902,0,9683353104993,9683353105013
planner,4903,0,9683353105033,9683353105053
planner,4904,0,9683353105073,9683353105083
planner,4905,0,9683353105103,9683353105123
planner,4906,0,9683353105143,9683353105163
planner,4907,0,9683353105183,9683353105203
planner,4908,0,9683353105223,9683353105243
planner,4909,0,9683353105263,9683353105273
planner,4910,0,9683353105293,9683353105313
planner,4911,0,9683353105333,9683353105353
planner,4912,0,9683353105373,9683353105393
planner,4913,0,9683353105413,9683353105433
planner,4914,0,9683353105453,9683353105463
planner,4915,0,9683353105483,9683353105503
planner,4916,0,9683353105523,9683353105543
planner,4917,0,9683353105563,9683353105583
planner,4918,0,9683353105603,9683353105623
planner,4919,0,9683353105643,9683353105653
planner,4920,0,9683353105683,9683353105693
planner,4921,0,9683353105713,9683353105733
planner,4922,0,9683353105753,9683353105773
planner,4923,0,9683353105793,9683353105813
planner,4924,0,9683353105833,9683353105853
planner,4925,0,9683353105873,9683353105883
planner,4926,0,9683353105903,9683353105923
planner,4927,0,9683353105943,9683353105963
planner,4928,0,9683353105983,9683353106003
planner,4929,0,9683353106023,9683353106043
planner,4930,0,9683353106063,9683353106073
planner,4931,0,9683353106093,9683353106113
planner,4932,0,9683353106133,9683353106153
planner,4933,0,9683353106173,9683353106193
planner,4934,0,9683353106213,9683353106233
planner,4935,0,9683353106253,9683353106263
planner,4936,0,9683353106293,9683353106303
planner,4937,0,9683353106323,9683353106343
planner,4938,0,9683353106363,9683353106383
planner,4939,0,9683353106403,9683353106423
planner,4940,0,9683353106443,9683353106463
planner,4941,0,9683353106483,9683353106493
planner,4942,0,9683353106513,9683353106533
planner,4943,0,9683353106553,9683353106573
planner,4944,0,9683353106593,9683353106613
planner,4945,0,9683353106633,9683353106653
planner,4946,0,9683353106673,9683353106683
planner,4947,0,9683353106703,9683353106723
planner,4948,0,9683353106743,9683353106763
planner,4949,0,9683353106783,9683353106803
planner,4950,0,9683353106823,9683353106843
planner,4951,0,9683353106863,9683353106873
planner,4952,0,9683353106893,9683353106913
planner,4953,0,9683353106933,9683353106953
planner,4954,0,9683353106973,9683353106993
planner,4955,0,9683353107013,9683353107033
planner,4956,0,9683353107053,9683353107073
planner,4957,0,9683353107093,9683353107103
planner,4958,0,9683353107123,9683353107143
planner,4959,0,9683353107163,9683353107183
planner,4960,0,9683353107203,9683353107223
planner,4961,0,9683353107243,9683353107263
planner,4962,0,9683353107283,9683353107293
planner,4963,0,9683353107313,9683353107333
planner,4964,0,9683353107353,9683353107373
planner,4965,0,9683353107393,9683353107413
planner,4966,0,9683353107433,9683353107453
planner,4967,0,9683353107473,9683353107483
planner,4968,0,9683353107503,9683353107523
planner,4969,0,9683353107543,9683353107563
planner,4970,0,9683353107583,9683353107603
planner,4971,0,9683353107623,9683353107643
planner,4972,0,9683353107663,9683353107683
planner,4973,0,9683353107703,9683353107713
planner,4974,0,9683353107733,9683353107753
planner,4975,0,9683353107773,9683353107793
planner,4976,0,9683353107813,9683353107833
planner,4977,0,9683353107853,9683353107873
planner,4978,0,9683353107893,9683353107903
planner,4979,0,9683353107923,9683353107943
planner,4980,0,9683353107963,9683353107983
planner,4981,0,9683353108003,9683353108023
planner,4982,0,9683353108043,9683353108063
planner,4983,0,9683353108083,9683353108093
planner,4984,0,9683353108113,9683353108133
planner,4985,0,9683353108153,9683353108173
planner,4986,0,9683353108193,9683353108213
planner,4987,0,9683353108233,9683353108253
planner,4988,0,9683353108273,9683353108283
planner,4989,0,9683353108303,9683353108323
planner,4990,0,9683353108343,9683353108363
planner,4991,0,9683353108383,9683353108403
planner,4992,0,9683353108883,9683353108893
planner,4993,0,9683353108923,9683353108933
planner,4994,0,9683353108953,9683353108973
planner,4995,0,9683353108993,9683353109013
planner,4996,0,9683353109033,9683353109053
planner,4997,0,9683353109073,9683353109093
planner,4998,0,9683353109113,9683353109133
planner,4999,0,9683353109153,9683353109173
planner,5000,0,9683353109193,9683353109203
planner,5001,0,9683353109223,9683353109243
planner,5002,0,9683353109263,9683353109283
planner,5003,0,9683353109303,9683353109323
planner,5004,0,9683353109343,9683353109363
planner,5005,0,9683353109383,9683353109393
planner,5006,0,9683353109413,9683353109433
planner,5007,0,9683353109453,9683353109473
planner,5008,0,9683353109493,9683353109513
planner,5009,0,9683353109533,9683353109553
planner,5010,0,9683353109573,9683353109583
planner,5011,0,9683353109603,9683353109623
planner,5012,0,9683353109643,9683353109663
planner,5013,0,9683353109683,9683353109703
planner,5014,0,9683353109723,9683353109743
planner,5015,0,9683353109763,9683353109773
planner,5016,0,9683353109793,9683353109813
planner,5017,0,9683353109833,9683353109853
planner,5018,0,9683353109873,9683353109893
planner,5019,0,9683353109913,9683353109933
planner,5020,0,9683353109953,9683353109973
planner,5021,0,9683353109993,9683353110003
planner,5022,0,9683353110023,9683353110043
planner,5023,0,9683353110063,9683353110083
planner,5024,0,9683353110103,9683353110123
planner,5025,0,9683353110143,9683353110163
planner,5026,0,9683353110183,9683353110193
planner,5027,0,9683353110213,9683353110233
planner,5028,0,9683353110253,9683353110273
planner,5029,0,9683353110293,9683353110313
planner,5030,0,9683353110333,9683353110353
planner,5031,0,9683353110373,9683353110383
planner,5032,0,9683353110403,9683353110423
planner,5033,0,9683353110443,9683353110463
planner,5034,0,9683353110483,9683353110503
planner,5035,0,9683353110523,9683353110543
planner,5036,0,9683353110563,9683353110573
planner,5037,0,9683353110593,9683353110613
planner,5038,0,9683353110633,9683353110653
planner,5039,0,9683353110673,9683353110693
planner,5040,0,9683353110713,9683353110733
planner,5041,0,9683353110753,9683353110763
planner,5042,0,9683353110783,9683353110803
planner,5043,0,9683353110823,9683353110843
planner,5044,0,9683353110863,9683353110883
planner,5045,0,9683353110903,9683353110923
planner,5046,0,9683353110943,9683353110963
planner,5047,0,9683353110983,9683353110993
planner,5048,0,9683353111013,9683353111033
planner,5049,0,9683353111053,9683353111073
planner,5050,0,9683353111093,9683353111113
planner,5051,0,9683353111133,9683353111153
planner,5052,0,9683353111173,9683353111183
planner,5053,0,9683353111203,9683353111223
planner,5054,0,9683353111243,9683353111263
planner,5055,0,9683353111283,9683353111303
planner,5056,0,9683353111323,9683353111343
planner,5057,0,9683353111363,9683353111373
planner,5058,0,9683353111393,9683353111413
planner,5059,0,9683353111433,9683353111453
planner,5060,0,9683353111473,9683353111493
planner,5061,0,9683353111513,9683353111533
planner,5062,0,9683353111553,9683353111573
planner,5063,0,9683353111593,9683353111603
planner,5064,0,9683353111623,9683353111643
planner,5065,0,9683353111663,9683353111683
planner,5066,0,9683353111703,9683353111723
planner,5067,0,9683353111743,9683353111763
planner,5068,0,9683353111783,9683353111793
planner,5069,0,9683353111813,9683353111833
planner,5070,0,9683353111853,9683353111873
planner,5071,0,9683353111893,9683353111913
planner,5072,0,9683353111933,9683353111953
planner,5073,0,9683353111973,9683353111983
planner,5074,0,9683353112003,9683353112023
planner,5075,0,9683353112043,9683353112063
planner,5076,0,9683353112083,9683353112103
planner,5077,0,9683353112123,9683353112143
planner,5078,0,9683353112163,9683353112173
planner,5079,0,9683353112193,9683353112213
planner,5080,0,9683353112233,9683353112253
planner,5081,0,9683353112273,9683353112293
planner,5082,0,9683353112313,9683353112333
planner,5083,0,9683353112353,9683353112363
planner,5084,0,9683353112393,9683353112403
planner,5085,0,9683353112423,9683353112443
planner,5086,0,9683353112463,9683353112483
planner,5087,0,9683353112503,9683353112523
planner,5088,0,9683353112543,9683353112563
planner,5089,0,9683353112583,9683353112593
planner,5090,0,9683353112613,9683353112633
planner,5091,0,9683353112653,9683353112673
planner,5092,0,9683353112693,9683353112713
planner,5093,0,9683353112733,9683353112753
planner,5094,0,9683353112773,9683353112783
planner,5095,0,9683353112803,9683353112823
planner,5096,0,9683353112843,9683353112863
planner,5097,0,9683353112883,9683353112903
planner,5098,0,9683353112923,9683353112943
planner,5099,0,9683353112963,9683353112973
planner,5100,0,9683353112993,9683353113013
planner,5101,0,9683353113033,9683353113053
planner,5102,0,9683353113073,9683353113093
planner,5103,0,9683353113113,9683353113133
planner,5104,0,9683353113153,9683353113163
planner,5105,0,9683353113193,9683353113203
planner,5106,0,9683353113223,9683353113243
planner,5107,0,9683353113263,9683353113283
planner,5108,0,9683353113303,9683353113323
planner,5109,0,9683353113343,9683353113363
planner,5110,0,9683353113383,9683353113393
planner,5111,0,9683353113413,9683353113433
planner,5112,0,9683353113453,9683353113473
planner,5113,0,9683353113493,9683353113513
planner,5114,0,9683353113533,9683353113553
planner,5115,0,9683353113573,9683353113583
planner,5116,0,9683353113603,9683353113623
planner,5117,0,9683353113643,9683353113663
planner,5118,0,9683353113683,9683353113703
planner,5119,0,9683353113723,9683353113743
planner,5120,0,9683353114193,9683353114203
planner,5121,0,9683353114223,9683353114243
planner,5122,0,9683353114263,9683353114283
planner,5123,0,9683353114303,9683353114323
planner,5124,0,9683353114343,9683353114363
planner,5125,0,9683353114383,9683353114403
planner,5126,0,9683353114423,9683353114443
planner,5127,0,9683353114463,9683353114473
planner,5128,0,9683353114493,9683353114513
planner,5129,0,9683353114533,9683353114553
planner,5130,0,9683353114573,9683353114593
planner,5131,0,9683353114613,9683353114633
planner,5132,0,9683353114653,9683353114663
planner,5133,0,9683353114683,9683353114703
planner,5134,0,9683353114723,9683353114743
planner,5135,0,9683353114763,9683353114783
planner,5136,0,9683353114803,9683353114823
planner,5137,0,9683353114843,9683353114863
planner,5138,0,9683353114883,9683353114893
planner,5139,0,9683353114913,9683353114933
planner,5140,0,9683353114953,9683353114973
planner,5141,0,9683353114993,9683353115013
planner,5142,0,9683353115033,9683353115053
planner,5143,0,9683353115073,9683353115083
planner,5144,0,9683353115103,9683353115123
planner,5145,0,9683353115143,9683353115163
planner,5146,0,9683353115183,9683353115203
planner,5147,0,9683353115223,9683353115243
planner,5148,0,9683353115263,9683353115273
planner,5149,0,9683353115303,9683353115313
planner,5150,0,9683353115333,9683353115353
planner,5151,0,9683353115373,9683353115393
planner,5152,0,9683353115413,9683353115433
planner,5153,0,9683353115453,9683353115473
planner,5154,0,9683353115493,9683353115503
planner,5155,0,9683353115523,9683353115543
planner,5156,0,9683353115563,9683353115583
planner,5157,0,9683353115603,9683353115623
planner,5158,0,9683353115643,9683353115663
planner,5159,0,9683353115683,9683353115693
planner,5160,0,9683353115713,9683353115733
planner,5161,0,9683353115753,9683353115773
planner,5162,0,9683353115793,9683353115813
planner,5163,0,9683353115833,9683353115853
planner,5164,0,9683353115873,9683353115893
planner,5165,0,9683353115913,9683353115923
planner,5166,0,9683353115943,9683353115963
planner,5167,0,9683353115983,9683353116003
planner,5168,0,9683353116023,9683353116043
planner,5169,0,9683353116063,9683353116083
planner,5170,0,9683353116103,9683353116113
planner,5171,0,9683353116133,9683353116153
planner,5172,0,9683353116173,9683353116193
planner,5173,0,9683353116213,9683353116233
planner,5174,0,9683353116253,9683353116273
planner,5175,0,9683353116293,9683353116303
planner,5176,0,9683353116323,9683353116343
planner,5177,0,9683353116363,9683353116383
planner,5178,0,9683353116403,9683353116423
planner,5179,0,9683353116443,9683353116463
planner,5180,0,9683353116483,9683353116503
planner,5181,0,9683353116523,9683353116533
planner,5182,0,9683353116553,9683353116573
planner,5183,0,9683353116593,9683353116613
planner,5184,0,9683353116633,9683353116653
planner,5185,0,9683353116673,9683353116693
planner,5186,0,9683353116713,9683353116723
planner,5187,0,9683353116743,9683353116763
planner,5188,0,9683353116783,9683353116803
planner,5189,0,9683353116823,9683353116843
planner,5190,0,9683353116863,9683353116883
planner,5191,0,9683353116903,9683353116913
planner,5192,0,9683353116933,9683353116953
planner,5193,0,9683353116973,9683353116993
planner,5194,0,9683353117013,9683353117033
planner,5195,0,9683353117053,9683353117073
planner,5196,0,9683353117093,9683353117113
planner,5197,0,9683353117133,9683353117143
planner,5198,0,9683353117163,9683353117183
planner,5199,0,9683353117203,9683353117223
planner,5200,0,9683353117243,9683353117263
planner,5201,0,9683353117283,9683353117303
planner,5202,0,9683353117323,9683353117333
planner,5203,0,9683353117353,9683353117373
planner,5204,0,9683353117393,9683353117413
planner,5205,0,9683353117433,9683353117453
planner,5206,0,9683353117473,9683353117493
planner,5207,0,9683353117513,9683353117523
planner,5208,0,9683353117543,9683353117563
planner,5209,0,9683353117583,9683353117603
planner,5210,0,9683353117623,9683353117643
planner,5211,0,9683353117663,9683353117683
planner,5212,0,9683353117703,9683353117713
planner,5213,0,9683353117743,9683353117753
planner,5214,0,9683353117773,9683353117793
planner,5215,0,9683353117813,9683353117833
planner,5216,0,9683353117853,9683353117873
planner,5217,0,9683353117893,9683353117913
planner,5218,0,9683353117933,9683353117943
planner,5219,0,9683353117963,9683353117983
planner,5220,0,9683353118003,9683353118023
planner,5221,0,9683353118043,9683353118063
planner,5222,0,9683353118083,9683353118103
planner,5223,0,9683353118123,9683353118133
planner,5224,0,9683353118153,9683353118173
planner,5225,0,9683353118193,9683353118213
planner,5226,0,9683353118233,9683353118253
planner,5227,0,9683353118273,9683353118293
planner,5228,0,9683353118313,9683353118323
planner,5229,0,9683353118343,9683353118363
planner,5230,0,9683353118383,9683353118403
planner,5231,0,9683353118423,9683353118443
planner,5232,0,9683353118463,9683353118483
planner,5233,0,9683353118503,9683353118523
planner,5234,0,9683353118543,9683353118553
planner,5235,0,9683353118573,9683353118593
planner,5236,0,9683353118613,9683353118633
planner,5237,0,9683353118653,9683353118673
planner,5238,0,9683353118693,9683353118713
planner,5239,0,9683353118733,9683353118743
planner,5240,0,9683353118763,9683353118783
planner,5241,0,9683353118803,9683353118823
planner,5242,0,9683353118843,9683353118863
planner,5243,0,9683353118883,9683353118903
planner,5244,0,9683353118923,9683353118933
planner,5245,0,9683353118953,9683353118973
planner,5246,0,9683353118993,9683353119013
planner,5247,0,9683353119033,9683353119053
planner,5248,0,9683353119503,9683353119513
planner,5249,0,9683353119533,9683353119553
planner,5250,0,9683353119573,9683353119593
planner,5251,0,9683353119613,9683353119633
planner,5252,0,9683353119653,9683353119673
planner,5253,0,9683353119693,9683353119713
planner,5254,0,9683353119733,9683353119753
planner,5255,0,9683353119773,9683353119783
planner,5256,0,9683353119803,9683353119823
planner,5257,0,9683353119843,9683353119863
planner,5258,0,9683353119883,9683353119903
planner,5259,0,9683353119923,9683353119943
planner,5260,0,9683353119963,9683353119973
planner,5261,0,9683353119993,9683353120013
planner,5262,0,9683353120033,9683353120053
planner,5263,0,9683353120073,9683353120093
planner,5264,0,9683353120113,9683353120133
planner,5265,0,9683353120153,9683353120173
planner,5266,0,9683353120193,9683353120203
planner,5267,0,9683353120223,9683353120243
planner,5268,0,9683353120263,9683353120283
planner,5269,0,9683353120303,9683353120323
planner,5270,0,9683353120343,9683353120363
planner,5271,0,9683353120383,9683353120393
planner,5272,0,9683353120413,9683353120433
planner,5273,0,9683353120453,9683353120473
planner,5274,0,9683353120493,9683353120513
planner,5275,0,9683353120533,9683353120553
planner,5276,0,9683353120573,9683353120583
planner,5277,0,9683353120603,9683353120623
planner,5278,0,9683353120643,9683353120663
planner,5279,0,9683353120683,9683353120703
planner,5280,0,9683353120723,9683353120743
planner,5281,0,9683353120763,9683353120773
planner,5282,0,9683353120793,9683353120813
planner,5283,0,9683353120833,9683353120853
planner,5284,0,9683353120873,9683353120893
planner,5285,0,9683353120913,9683353120933
planner,5286,0,9683353120953,9683353120973
planner,5287,0,9683353120993,9683353121003
planner,5288,0,9683353121023,9683353121043
planner,5289,0,9683353121063,9683353121083
planner,5290,0,9683353121103,9683353121123
planner,5291,0,9683353121143,9683353121163
planner,5292,0,9683353121183,9683353121193
planner,5293,0,9683353121213,9683353121233
planner,5294,0,9683353121253,9683353121273
planner,5295,0,9683353121293,9683353121313
planner,5296,0,9683353121333,9683353121353
planner,5297,0,9683353121373,9683353121383
planner,5298,0,9683353121403,9683353121423
planner,5299,0,9683353121443,9683353121463
planner,5300,0,9683353121483,9683353121503
planner,5301,0,9683353121523,9683353121543
planner,5302,0,9683353121563,9683353121573
planner,5303,0,9683353121603,9683353121613
planner,5304,0,9683353121633,9683353121653
planner,5305,0,9683353121673,9683353121693
planner,5306,0,9683353121713,9683353121733
planner,5307,0,9683353121753,9683353121773
planner,5308,0,9683353121793,9683353121803
planner,5309,0,9683353121823,9683353121843
planner,5310,0,9683353121863,9683353121883
planner,5311,0,9683353121903,9683353121923
planner,5312,0,9683353121943,9683353121963
planner,5313,0,9683353121983,9683353121993
planner,5314,0,9683353122013,9683353122033
planner,5315,0,9683353122053,9683353122073
planner,5316,0,9683353122093,9683353122113
planner,5317,0,9683353122133,9683353122153
planner,5318,0,9683353122173,9683353122183
planner,5319,0,9683353122203,9683353122223
planner,5320,0,9683353122243,9683353122263
planner,5321,0,9683353122283,9683353122303
planner,5322,0,9683353122323,9683353122343
planner,5323,0,9683353122363,9683353122383
planner,5324,0,9683353122403,9683353122413
planner,5325,0,9683353122433,9683353122453
planner,5326,0,9683353122473,9683353122493
planner,5327,0,9683353122513,9683353122533
planner,5328,0,9683353122553,9683353122573
planner,5329,0,9683353122593,9683353122603
planner,5330,0,9683353122623,9683353122643
planner,5331,0,9683353122663,9683353122683
planner,5332,0,9683353122703,9683353122723
planner,5333,0,9683353122743,9683353122763
planner,5334,0,9683353122783,9683353122793
planner,5335,0,9683353122813,9683353122833
planner,5336,0,9683353122853,9683353122873
planner,5337,0,9683353122893,9683353122913
planner,5338,0,9683353122933,9683353122953
planner,5339,0,9683353122973,9683353122983
planner,5340,0,9683353123003,9683353123023
planner,5341,0,9683353123043,9683353123063
planner,5342,0,9683353123083,9683353123103
planner,5343,0,9683353123123,9683353123143
planner,5344,0,9683353123163,9683353123173
planner,5345,0,9683353123203,9683353123213
planner,5346,0,9683353123233,9683353123253
planner,5347,0,9683353123273,9683353123293
planner,5348,0,9683353123313,9683353123333
planner,5349,0,9683353123353,9683353123373
planner,5350,0,9683353123393,9683353123403
planner,5351,0,9683353123423,9683353123443
planner,5352,0,9683353123463,9683353123483
planner,5353,0,9683353123503,9683353123523
planner,5354,0,9683353123543,9683353123563
planner,5355,0,9683353123583,9683353123593
planner,5356,0,9683353123613,9683353123633
planner,5357,0,9683353123653,9683353123673
planner,5358,0,9683353123693,9683353123713
planner,5359,0,9683353123733,9683353123753
planner,5360,0,9683353123773,9683353123783
planner,5361,0,9683353123803,9683353123823
planner,5362,0,9683353123843,9683353123863
planner,5363,0,9683353123883,9683353123903
planner,5364,0,9683353123923,9683353123943
planner,5365,0,9683353123963,9683353123973
planner,5366,0,9683353124003,9683353124013
planner,5367,0,9683353124033,9683353124053
planner,5368,0,9683353124073,9683353124093
planner,5369,0,9683353124113,9683353124133
planner,5370,0,9683353124153,9683353124173
planner,5371,0,9683353124193,9683353124203
planner,5372,0,9683353124223,9683353124243
planner,5373,0,9683353124263,9683353124283
planner,5374,0,9683353124303,9683353124323
planner,5375,0,9683353124343,9683353124363
planner,5376,0,9683353124813,9683353124823
planner,5377,0,9683353124843,9683353124863
planner,5378,0,9683353124883,9683353124903
planner,5379,0,9683353124923,9683353124943
planner,5380,0,9683353124963,9683353124983
planner,5381,0,9683353125003,9683353125023
planner,5382,0,9683353125043,9683353125063
planner,5383,0,9683353125083,9683353125093
planner,5384,0,9683353125113,9683353125133
planner,5385,0,9683353125153,9683353125173
planner,5386,0,9683353125193,9683353125213
planner,5387,0,9683353125233,9683353125253
planner,5388,0,9683353125273,9683353125283
planner,5389,0,9683353125313,9683353125323
planner,5390,0,9683353125343,9683353125363
planner,5391,0,9683353125383,9683353125403
planner,5392,0,9683353125423,9683353125443
planner,5393,0,9683353125463,9683353125483
planner,5394,0,9683353125503,9683353125513
planner,5395,0,9683353125533,9683353125553
planner,5396,0,9683353125573,9683353125593
planner,5397,0,9683353125613,9683353125633
planner,5398,0,9683353125653,9683353125673
planner,5399,0,9683353125693,9683353125703
planner,5400,0,9683353125723,9683353125743
planner,5401,0,9683353125763,9683353125783
planner,5402,0,9683353125803,9683353125823
planner,5403,0,9683353125843,9683353125863
planner,5404,0,9683353125883,9683353125893
planner,5405,0,9683353125913,9683353125933
planner,5406,0,9683353125953,9683353125973
planner,5407,0,9683353125993,9683353126013
planner,5408,0,9683353126033,9683353126053
planner,5409,0,9683353126073,9683353126093
planner,5410,0,9683353126113,9683353126123
planner,5411,0,9683353126143,9683353126163
planner,5412,0,9683353126183,9683353126203
planner,5413,0,9683353126223,9683353126243
planner,5414,0,9683353126263,9683353126283
planner,5415,0,9683353126303,9683353126313
planner,5416,0,9683353126333,9683353126353
planner,5417,0,9683353126373,9683353126393
planner,5418,0,9683353126413,9683353126433
planner,5419,0,9683353126453,9683353126473
planner,5420,0,9683353126493,9683353126503
planner,5421,0,9683353126523,9683353126543
planner,5422,0,9683353126563,9683353126583
planner,5423,0,9683353126603,9683353126623
planner,5424,0,9683353126643,9683353126663
planner,5425,0,9683353126683,9683353126693
planner,5426,0,9683353126713,9683353126733
planner,5427,0,9683353126753,9683353126773
planner,5428,0,9683353126793,9683353126813
planner,5429,0,9683353126833,9683353126853
planner,5430,0,9683353126873,9683353126893
planner,5431,0,9683353126913,9683353126923
planner,5432,0,9683353126943,9683353126963
planner,5433,0,9683353126983,9683353127003
planner,5434,0,9683353127023,9683353127043
planner,5435,0,9683353127063,9683353127083
planner,5436,0,9683353127103,9683353127113
planner,5437,0,9683353127133,9683353127153
planner,5438,0,9683353127173,9683353127193
planner,5439,0,9683353127213,9683353127233
planner,5440,0,9683353127253,9683353127273
planner,5441,0,9683353127293,9683353127303
planner,5442,0,9683353127323,9683353127343
planner,5443,0,9683353127363,9683353127383
planner,5444,0,9683353127403,9683353127423
planner,5445,0,9683353127443,9683353127463
planner,5446,0,9683353127483,9683353127493
planner,5447,0,9683353127523,9683353127533
planner,5448,0,9683353127553,9683353127573
planner,5449,0,9683353127593,9683353127613
planner,5450,0,9683353127633,9683353127653
planner,5451,0,9683353127673,9683353127693
planner,5452,0,9683353127713,9683353127723
planner,5453,0,9683353127743,9683353127763
planner,5454,0,9683353127783,9683353127803
planner,5455,0,9683353127823,9683353127843
planner,5456,0,9683353127863,9683353127883
planner,5457,0,9683353127903,9683353127913
planner,5458,0,9683353127933,9683353127953
planner,5459,0,9683353127973,9683353127993
planner,5460,0,9683353128013,9683353128033
planner,5461,0,9683353128053,9683353128073
planner,5462,0,9683353128093,9683353128103
planner,5463,0,9683353128123,9683353128143
planner,5464,0,9683353128163,9683353128183
planner,5465,0,9683353128203,9683353128223
planner,5466,0,9683353128243,9683353128263
planner,5467,0,9683353128283,9683353128303
planner,5468,0,9683353128323,9683353128333
planner,5469,0,9683353128353,9683353128373
planner,5470,0,9683353128393,9683353128413
planner,5471,0,9683353128433,9683353128453
planner,5472,0,9683353128473,9683353128493
planner,5473,0,9683353128513,9683353128523
planner,5474,0,9683353128543,9683353128563
planner,5475,0,9683353128583,9683353128603
planner,5476,0,9683353128623,9683353128643
planner,5477,0,9683353128663,9683353128683
planner,5478,0,9683353128703,9683353128723
planner,5479,0,9683353128743,9683353128753
planner,5480,0,9683353128773,9683353128793
planner,5481,0,9683353128813,9683353128833
planner,5482,0,9683353128853,9683353128873
planner,5483,0,9683353128893,9683353128913
planner,5484,0,9683353128933,9683353128943
planner,5485,0,9683353128963,9683353128983
planner,5486,0,9683353129003,9683353129023
planner,5487,0,9683353129043,9683353129063
planner,5488,0,9683353129083,9683353129103
planner,5489,0,9683353129123,9683353129133
planner,5490,0,9683353129163,9683353129173
planner,5491,0,9683353129193,9683353129213
planner,5492,0,9683353129233,9683353129253
planner,5493,0,9683353129273,9683353129293
planner,5494,0,9683353129313,9683353129333
planner,5495,0,9683353129353,9683353129363
planner,5496,0,9683353129383,9683353129403
planner,5497,0,9683353129423,9683353129443
planner,5498,0,9683353129463,9683353129483
planner,5499,0,9683353129503,9683353129523
planner,5500,0,9683353129543,9683353129553
planner,5501,0,9683353129573,9683353129593
planner,5502,0,9683353129613,9683353129633
planner,5503,0,9683353129653,9683353129673
planner,5504,0,9683353130113,9683353130133
planner,5505,0,9683353130153,9683353130173
planner,5506,0,9683353130193,9683353130213
planner,5507,0,9683353130233,9683353130243
planner,5508,0,9683353130273,9683353130283
planner,5509,0,9683353130303,9683353130323
planner,5510,0,9683353130343,9683353130363
planner,5511,0,9683353130383,9683353130403
planner,5512,0,9683353130423,9683353130443
planner,5513,0,9683353130463,9683353130473
planner,5514,0,9683353130503,9683353130513
planner,5515,0,9683353130533,9683353130553
planner,5516,0,9683353130573,9683353130593
planner,5517,0,9683353130613,9683353130633
planner,5518,0,9683353130653,9683353130673
planner,5519,0,9683353130693,9683353130703
planner,5520,0,9683353130723,9683353130743
planner,5521,0,9683353130763,9683353130783
planner,5522,0,9683353130803,9683353130823
planner,5523,0,9683353130843,9683353130863
planner,5524,0,9683353130883,9683353130893
planner,5525,0,9683353130913,9683353130933
planner,5526,0,9683353130953,9683353130973
planner,5527,0,9683353130993,9683353131013
planner,5528,0,9683353131033,9683353131053
planner,5529,0,9683353131073,9683353131083
planner,5530,0,9683353131113,9683353131123
planner,5531,0,9683353131143,9683353131163
planner,5532,0,9683353131183,9683353131203
planner,5533,0,9683353131223,9683353131243
planner,5534,0,9683353131263,9683353131283
planner,5535,0,9683353131303,9683353131313
planner,5536,0,9683353131333,9683353131353
planner,5537,0,9683353131373,9683353131393
planner,5538,0,9683353131413,9683353131433
planner,5539,0,9683353131453,9683353131473
planner,5540,0,9683353131493,9683353131503
planner,5541,0,9683353131523,9683353131543
planner,5542,0,9683353131563,9683353131583
planner,5543,0,9683353131603,9683353131623
planner,5544,0,9683353131643,9683353131663
planner,5545,0,9683353131683,9683353131693
planner,5546,0,9683353131713,9683353131733
planner,5547,0,9683353131753,9683353131773
planner,5548,0,9683353131793,9683353131813
planner,5549,0,9683353131833,9683353131853
planner,5550,0,9683353131873,9683353131893
planner,5551,0,9683353131913,9683353131923
planner,5552,0,9683353131943,9683353131963
planner,5553,0,9683353131983,9683353132003
planner,5554,0,9683353132023,9683353132043
planner,5555,0,9683353132063,9683353132083
planner,5556,0,9683353132103,9683353132113
planner,5557,0,9683353132133,9683353132153
planner,5558,0,9683353132173,9683353132193
planner,5559,0,9683353132213,9683353132233
planner,5560,0,9683353132253,9683353132273
planner,5561,0,9683353132293,9683353132303
planner,5562,0,9683353132323,9683353132343
planner,5563,0,9683353132363,9683353132383
planner,5564,0,9683353132403,9683353132423
planner,5565,0,9683353132443,9683353132463
planner,5566,0,9683353132483,9683353132503
planner,5567,0,9683353132523,9683353132533
planner,5568,0,9683353132553,9683353132573
planner,5569,0,9683353132593,9683353132613
planner,5570,0,9683353132633,9683353132653
planner,5571,0,9683353132673,9683353132693
planner,5572,0,9683353132713,9683353132723
planner,5573,0,9683353132743,9683353132763
planner,5574,0,9683353132783,9683353132803
planner,5575,0,9683353132823,9683353132843
planner,5576,0,9683353132863,9683353132883
planner,5577,0,9683353132903,9683353132913
planner,5578,0,9683353132933,9683353132953
planner,5579,0,9683353132973,9683353132993
planner,5580,0,9683353133013,9683353133033
planner,5581,0,9683353133053,9683353133073
planner,5582,0,9683353133093,9683353133113
planner,5583,0,9683353133133,9683353133143
planner,5584,0,9683353133163,9683353133183
planner,5585,0,9683353133203,9683353133223
planner,5586,0,9683353133243,9683353133263
planner,5587,0,9683353133283,9683353133303
planner,5588,0,9683353133323,9683353133333
planner,5589,0,9683353133353,9683353133373
planner,5590,0,9683353133393,9683353133413
planner,5591,0,9683353133433,9683353133453
planner,5592,0,9683353133473,9683353133493
planner,5593,0,9683353133513,9683353133523
planner,5594,0,9683353133543,9683353133563
planner,5595,0,9683353133583,9683353133603
planner,5596,0,9683353133623,9683353133643
planner,5597,0,9683353133663,9683353133683
planner,5598,0,9683353133703,9683353133723
planner,5599,0,9683353133743,9683353133753
planner,5600,0,9683353133773,9683353133793
planner,5601,0,9683353133813,9683353133833
planner,5602,0,9683353133853,9683353133873
planner,5603,0,9683353133893,9683353133913
planner,5604,0,9683353133933,9683353133943
planner,5605,0,9683353133963,9683353133983
planner,5606,0,9683353134003,9683353134023
planner,5607,0,9683353134043,9683353134063
planner,5608,0,9683353134083,9683353134103
planner,5609,0,9683353134123,9683353134133
planner,5610,0,9683353134153,9683353134173
planner,5611,0,9683353134193,9683353134213
planner,5612,0,9683353134233,9683353134253
planner,5613,0,9683353134273,9683353134293
planner,5614,0,9683353134313,9683353134323
planner,5615,0,9683353134343,9683353134363
planner,5616,0,9683353134383,9683353134403
planner,5617,0,9683353134423,9683353134443
planner,5618,0,9683353134463,9683353134483
planner,5619,0,9683353134503,9683353134523
planner,5620,0,9683353134543,9683353134553
planner,5621,0,9683353134573,9683353134593
planner,5622,0,9683353134613,9683353134633
planner,5623,0,9683353134653,9683353134673
planner,5624,0,9683353134693,9683353134713
planner,5625,0,9683353134733,9683353134743
planner,5626,0,9683353134763,9683353134783
planner,5627,0,9683353134803,9683353134823
planner,5628,0,9683353134843,9683353134863
planner,5629,0,9683353134883,9683353134903
planner,5630,0,9683353134923,9683353134933
planner,5631,0,9683353134953,9683353134973
planner,5632,0,9683353135683,9683353135703
planner,5633,0,9683353135723,9683353135743
planner,5634,0,9683353135763,9683353135783
planner,5635,0,9683353135803,9683353135823
planner,5636,0,9683353135843,9683353135863
planner,5637,0,9683353135883,9683353135903
planner,5638,0,9683353135923,9683353135933
planner,5639,0,9683353135963,9683353135973
planner,5640,0,9683353135993,9683353136013
planner,5641,0,9683353136033,9683353136053
planner,5642,0,9683353136073,9683353136093
planner,5643,0,9683353136113,9683353136133
planner,5644,0,9683353136153,9683353136163
planner,5645,0,9683353136183,9683353136203
planner,5646,0,9683353136223,9683353136243
planner,5647,0,9683353136263,9683353136283
planner,5648,0,9683353136303,9683353136323
planner,5649,0,9683353136343,9683353136353
planner,5650,0,9683353136373,9683353136393
planner,5651,0,9683353136413,9683353136433
planner,5652,0,9683353136453,9683353136473
planner,5653,0,9683353136493,9683353136513
planner,5654,0,9683353136533,9683353136543
planner,5655,0,9683353136573,9683353136583
planner,5656,0,9683353136603,9683353136623
planner,5657,0,9683353136643,9683353136663
planner,5658,0,9683353136683,9683353136703
planner,5659,0,9683353136723,9683353136743
planner,5660,0,9683353136763,9683353136773
planner,5661,0,9683353136793,9683353136813
planner,5662,0,9683353136833,9683353136853
planner,5663,0,9683353136873,9683353136893
planner,5664,0,9683353136913,9683353136933
planner,5665,0,9683353136953,9683353136963
planner,5666,0,9683353136983,9683353137003
planner,5667,0,9683353137023,9683353137043
planner,5668,0,9683353137063,9683353137083
planner,5669,0,9683353137103,9683353137123
planner,5670,0,9683353137143,9683353137153
planner,5671,0,9683353137173,9683353137193
planner,5672,0,9683353137213,9683353137233
planner,5673,0,9683353137253,9683353137273
planner,5674,0,9683353137293,9683353137313
planner,5675,0,9683353137333,9683353137353
planner,5676,0,9683353137373,9683353137383
planner,5677,0,9683353137403,9683353137423
planner,5678,0,9683353137443,9683353137463
planner,5679,0,9683353137483,9683353137503
planner,5680,0,9683353137523,9683353137543
planner,5681,0,9683353137563,9683353137573
planner,5682,0,9683353137593,9683353137613
planner,5683,0,9683353137633,9683353137653
planner,5684,0,9683353137673,9683353137693
planner,5685,0,9683353137713,9683353137733
planner,5686,0,9683353137753,9683353137763
planner,5687,0,9683353137783,9683353137803
planner,5688,0,9683353137823,9683353137843
planner,5689,0,9683353137863,9683353137883
planner,5690,0,9683353137903,9683353137923
planner,5691,0,9683353137943,9683353137953
planner,5692,0,9683353137973,9683353137993
planner,5693,0,9683353138013,9683353138033
planner,5694,0,9683353138053,9683353138073
planner,5695,0,9683353138093,9683353138113
planner,5696,0,9683353138133,9683353138143
planner,5697,0,9683353138173,9683353138183
planner,5698,0,9683353138203,9683353138223
planner,5699,0,9683353138243,9683353138263
planner,5700,0,9683353138283,9683353138303
planner,5701,0,9683353138323,9683353138343
planner,5702,0,9683353138363,9683353138373
planner,5703,0,9683353138393,9683353138413
planner,5704,0,9683353138433,9683353138453
planner,5705,0,9683353138473,9683353138493
planner,5706,0,9683353138513,9683353138533
planner,5707,0,9683353138553,9683353138563
planner,5708,0,9683353138583,9683353138603
planner,5709,0,9683353138623,9683353138643
planner,5710,0,9683353138663,9683353138683
planner,5711,0,9683353138703,9683353138723
planner,5712,0,9683353138743,9683353138753
planner,5713,0,9683353138773,9683353138793
planner,5714,0,9683353138813,9683353138833
planner,5715,0,9683353138853,9683353138873
planner,5716,0,9683353138893,9683353138913
planner,5717,0,9683353138933,9683353138943
planner,5718,0,9683353138973,9683353138983
planner,5719,0,9683353139003,9683353139023
planner,5720,0,9683353139043,9683353139063
planner,5721,0,9683353139083,9683353139103
planner,5722,0,9683353139123,9683353139143
planner,5723,0,9683353139163,9683353139173
planner,5724,0,9683353139193,9683353139213
planner,5725,0,9683353139233,9683353139253
planner,5726,0,9683353139273,9683353139293
planner,5727,0,9683353139313,9683353139333
planner,5728,0,9683353139353,9683353139363
planner,5729,0,9683353139383,9683353139403
planner,5730,0,9683353139423,9683353139443
planner,5731,0,9683353139463,9683353139483
planner,5732,0,9683353139503,9683353139523
planner,5733,0,9683353139543,9683353139553
planner,5734,0,9683353139573,9683353139593
planner,5735,0,9683353139613,9683353139633
planner,5736,0,9683353139653,9683353139673
planner,5737,0,9683353139693,9683353139713
planner,5738,0,9683353139733,9683353139753
planner,5739,0,9683353139773,9683353139783
planner,5740,0,9683353139803,9683353139823
planner,5741,0,9683353139843,9683353139863
planner,5742,0,9683353139883,9683353139903
planner,5743,0,9683353139923,9683353139943
planner,5744,0,9683353139963,9683353139973
planner,5745,0,9683353139993,9683353140013
planner,5746,0,9683353140033,9683353140053
planner,5747,0,9683353140073,9683353140093
planner,5748,0,9683353140113,9683353140133
planner,5749,0,9683353140153,9683353140163
planner,5750,0,9683353140183,9683353140203
planner,5751,0,9683353140223,9683353140243
planner,5752,0,9683353140263,9683353140283
planner,5753,0,9683353140303,9683353140323
planner,5754,0,9683353140343,9683353140353
planner,5755,0,9683353140373,9683353140393
planner,5756,0,9683353140413,9683353140433
planner,5757,0,9683353140453,9683353140473
planner,5758,0,9683353140493,9683353140513
planner,5759,0,9683353140533,9683353140543
planner,5760,0,9683353143493,9683353143503
planner,5761,0,9683353143523,9683353143543
planner,5762,0,9683353143563,9683353143583
planner,5763,0,9683353143603,9683353143623
planner,5764,0,9683353143643,9683353143663
planner,5765,0,9683353143683,9683353143703
planner,5766,0,9683353143723,9683353143743
planner,5767,0,9683353143763,9683353143773
planner,5768,0,9683353143793,9683353143813
planner,5769,0,9683353143833,9683353143853
planner,5770,0,9683353143873,9683353143893
planner,5771,0,9683353143913,9683353143933
planner,5772,0,9683353143953,9683353143963
planner,5773,0,9683353143993,9683353144003
planner,5774,0,9683353144023,9683353144043
planner,5775,0,9683353144063,9683353144083
planner,5776,0,9683353144103,9683353144123
planner,5777,0,9683353144143,9683353144163
planner,5778,0,9683353144183,9683353144193
planner,5779,0,9683353144213,9683353144233
planner,5780,0,9683353144253,9683353144273
planner,5781,0,9683353144293,9683353144313
planner,5782,0,9683353144333,9683353144353
planner,5783,0,9683353144373,9683353144383
planner,5784,0,9683353144403,9683353144423
planner,5785,0,9683353144443,9683353144463
planner,5786,0,9683353144483,9683353144503
planner,5787,0,9683353144523,9683353144543
planner,5788,0,9683353144563,9683353144573
planner,5789,0,9683353144593,9683353144613
planner,5790,0,9683353144633,9683353144653
planner,5791,0,9683353144673,9683353144693
planner,5792,0,9683353144713,9683353144733
planner,5793,0,9683353144753,9683353144763
planner,5794,0,9683353144783,9683353144803
planner,5795,0,9683353144823,9683353144843
planner,5796,0,9683353144863,9683353144883
planner,5797,0,9683353144903,9683353144923
planner,5798,0,9683353144943,9683353144953
planner,5799,0,9683353144983,9683353144993
planner,5800,0,9683353145013,9683353145033
planner,5801,0,9683353145053,9683353145073
planner,5802,0,9683353145093,9683353145113
planner,5803,0,9683353145133,9683353145143
planner,5804,0,9683353145173,9683353145183
planner,5805,0,9683353145203,9683353145223
planner,5806,0,9683353145243,9683353145263
planner,5807,0,9683353145283,9683353145303
planner,5808,0,9683353145323,9683353145343
planner,5809,0,9683353145363,9683353145373
planner,5810,0,9683353145393,9683353145413
planner,5811,0,9683353145433,9683353145453
planner,5812,0,9683353145473,9683353145493
planner,5813,0,9683353145513,9683353145533
planner,5814,0,9683353145553,9683353145563
planner,5815,0,9683353145583,9683353145603
planner,5816,0,9683353145623,9683353145643
planner,5817,0,9683353145663,9683353145683
planner,5818,0,9683353145703,9683353145723
planner,5819,0,9683353145743,9683353145753
planner,5820,0,9683353145773,9683353145793
planner,5821,0,9683353145813,9683353145833
planner,5822,0,9683353145853,9683353145873
planner,5823,0,9683353145893,9683353145913
planner,5824,0,9683353145933,9683353145943
planner,5825,0,9683353145963,9683353145983
planner,5826,0,9683353146003,9683353146023
planner,5827,0,9683353146043,9683353146063
planner,5828,0,9683353146083,9683353146103
planner,5829,0,9683353146123,9683353146133
planner,5830,0,9683353146163,9683353146173
planner,5831,0,9683353146193,9683353146213
planner,5832,0,9683353146233,9683353146253
planner,5833,0,9683353146273,9683353146293
planner,5834,0,9683353146313,9683353146333
planner,5835,0,9683353146353,9683353146363
planner,5836,0,9683353146383,9683353146403
planner,5837,0,9683353146423,9683353146443
planner,5838,0,9683353146463,9683353146483
planner,5839,0,9683353146503,9683353146523
planner,5840,0,9683353146543,9683353146553
planner,5841,0,9683353146573,9683353146593
planner,5842,0,9683353146613,9683353146633
planner,5843,0,9683353146653,9683353146673
planner,5844,0,9683353146693,9683353146713
planner,5845,0,9683353146733,9683353146743
planner,5846,0,9683353146763,9683353146783
planner,5847,0,9683353146803,9683353146823
planner,5848,0,9683353146843,9683353146863
planner,5849,0,9683353146883,9683353146903
planner,5850,0,9683353146923,9683353146933
planner,5851,0,9683353146953,9683353146973
planner,5852,0,9683353146993,9683353147013
planner,5853,0,9683353147033,9683353147053
planner,5854,0,9683353147073,9683353147093
planner,5855,0,9683353147113,9683353147123
planner,5856,0,9683353147143,9683353147163
planner,5857,0,9683353147183,9683353147203
planner,5858,0,9683353147223,9683353147243
planner,5859,0,9683353147263,9683353147283
planner,5860,0,9683353147303,9683353147313
planner,5861,0,9683353147343,9683353147353
planner,5862,0,9683353147373,9683353147393
planner,5863,0,9683353147413,9683353147433
planner,5864,0,9683353147453,9683353147473
planner,5865,0,9683353147493,9683353147513
planner,5866,0,9683353147533,9683353147543
planner,5867,0,9683353147563,9683353147583
planner,5868,0,9683353147603,9683353147623
planner,5869,0,9683353147643,9683353147663
planner,5870,0,9683353147683,9683353147703
planner,5871,0,9683353147723,9683353147733
planner,5872,0,9683353147753,9683353147773
planner,5873,0,9683353147793,9683353147813
planner,5874,0,9683353147833,9683353147853
planner,5875,0,9683353147873,9683353147893
planner,5876,0,9683353147913,9683353147923
planner,5877,0,9683353147943,9683353147963
planner,5878,0,9683353147983,9683353148003
planner,5879,0,9683353148023,9683353148043
planner,5880,0,9683353148063,9683353148083
planner,5881,0,9683353148103,9683353148113
planner,5882,0,9683353148133,9683353148153
planner,5883,0,9683353148173,9683353148193
planner,5884,0,9683353148213,9683353148233
planner,5885,0,9683353148253,9683353148273
planner,5886,0,9683353148293,9683353148313
planner,5887,0,9683353148333,9683353148343
planner,5888,0,9683353148803,9683353148823
planner,5889,0,9683353148843,9683353148853
planner,5890,0,9683353148883,9683353148893
planner,5891,0,9683353148913,9683353148933
planner,5892,0,9683353148953,9683353148973
planner,5893,0,9683353148993,9683353149013
planner,5894,0,9683353149033,9683353149053
planner,5895,0,9683353149073,9683353149093
planner,5896,0,9683353149113,9683353149123
planner,5897,0,9683353149143,9683353149163
planner,5898,0,9683353149183,9683353149203
planner,5899,0,9683353149223,9683353149243
planner,5900,0,9683353149263,9683353149283
planner,5901,0,9683353149303,9683353149313
planner,5902,0,9683353149343,9683353149353
planner,5903,0,9683353149373,9683353149393
planner,5904,0,9683353149413,9683353149433
planner,5905,0,9683353149453,9683353149473
planner,5906,0,9683353149493,9683353149513
planner,5907,0,9683353149533,9683353149543
planner,5908,0,9683353149563,9683353149583
planner,5909,0,9683353149603,9683353149623
planner,5910,0,9683353149643,9683353149663
planner,5911,0,9683353149683,9683353149703
planner,5912,0,9683353149723,9683353149733
planner,5913,0,9683353149753,9683353149773
planner,5914,0,9683353149793,9683353149813
planner,5915,0,9683353149833,9683353149853
planner,5916,0,9683353149873,9683353149893
planner,5917,0,9683353149913,9683353149923
planner,5918,0,9683353149943,9683353149963
planner,5919,0,9683353149983,9683353150003
planner,5920,0,9683353150023,9683353150043
planner,5921,0,9683353150063,9683353150083
planner,5922,0,9683353150103,9683353150113
planner,5923,0,9683353150143,9683353150153
planner,5924,0,9683353150173,9683353150193
planner,5925,0,9683353150213,9683353150233
planner,5926,0,9683353150253,9683353150273
planner,5927,0,9683353150293,9683353150313
planner,5928,0,9683353150333,9683353150343
planner,5929,0,9683353150363,9683353150383
planner,5930,0,9683353150403,9683353150423
planner,5931,0,9683353150443,9683353150463
planner,5932,0,9683353150483,9683353150503
planner,5933,0,9683353150523,9683353150533
planner,5934,0,9683353150553,9683353150573
planner,5935,0,9683353150593,9683353150613
planner,5936,0,9683353150633,9683353150653
planner,5937,0,9683353150673,9683353150693
planner,5938,0,9683353150713,9683353150723
planner,5939,0,9683353150743,9683353150763
planner,5940,0,9683353150783,9683353150803
planner,5941,0,9683353150823,9683353150843
planner,5942,0,9683353150863,9683353150883
planner,5943,0,9683353150903,9683353150913
planner,5944,0,9683353150933,9683353150953
planner,5945,0,9683353150973,9683353150993
planner,5946,0,9683353151013,9683353151033
planner,5947,0,9683353151053,9683353151073
planner,5948,0,9683353151093,9683353151113
planner,5949,0,9683353151133,9683353151143
planner,5950,0,9683353151163,9683353151183
planner,5951,0,9683353151203,9683353151223
planner,5952,0,9683353151243,9683353151263
planner,5953,0,9683353151283,9683353151303
planner,5954,0,9683353151323,9683353151333
planner,5955,0,9683353151353,9683353151373
planner,5956,0,9683353151393,9683353151413
planner,5957,0,9683353151433,9683353151453
planner,5958,0,9683353151473,9683353151493
planner,5959,0,9683353151513,9683353151523
planner,5960,0,9683353151543,9683353151563
planner,5961,0,9683353151583,9683353151603
planner,5962,0,9683353151623,9683353151643
planner,5963,0,9683353151663,9683353151683
planner,5964,0,9683353151703,9683353151713
planner,5965,0,9683353151743,9683353151753
planner,5966,0,9683353151773,9683353151793
planner,5967,0,9683353151813,9683353151833
planner,5968,0,9683353151853,9683353151873
planner,5969,0,9683353151893,9683353151913
planner,5970,0,9683353151933,9683353151943
planner,5971,0,9683353151963,9683353151983
planner,5972,0,9683353152003,9683353152023
planner,5973,0,9683353152043,9683353152063
planner,5974,0,9683353152083,9683353152103
planner,5975,0,9683353152123,9683353152133
planner,5976,0,9683353152153,9683353152173
planner,5977,0,9683353152193,9683353152213
planner,5978,0,9683353152233,9683353152253
planner,5979,0,9683353152273,9683353152293
planner,5980,0,9683353152313,9683353152323
planner,5981,0,9683353152343,9683353152363
planner,5982,0,9683353152383,9683353152403
planner,5983,0,9683353152423,9683353152443
planner,5984,0,9683353152463,9683353152483
planner,5985,0,9683353152503,9683353152513
planner,5986,0,9683353152543,9683353152553
planner,5987,0,9683353152573,9683353152593
planner,5988,0,9683353152613,9683353152633
planner,5989,0,9683353152653,9683353152673
planner,5990,0,9683353152693,9683353152713
planner,5991,0,9683353152733,9683353152743
planner,5992,0,9683353152763,9683353152783
planner,5993,0,9683353152803,9683353152823
planner,5994,0,9683353152843,9683353152863
planner,5995,0,9683353152883,9683353152903
planner,5996,0,9683353152923,9683353152933
planner,5997,0,9683353152953,9683353152973
planner,5998,0,9683353152993,9683353153013
planner,5999,0,9683353153033,9683353153053
planner,6000,0,9683353153073,9683353153093
planner,6001,0,9683353153113,9683353153123
planner,6002,0,9683353153143,9683353153163
planner,6003,0,9683353153183,9683353153203
planner,6004,0,9683353153223,9683353153243
planner,6005,0,9683353153263,9683353153283
planner,6006,0,9683353153303,9683353153313
planner,6007,0,9683353153333,9683353153353
planner,6008,0,9683353153373,9683353153393
planner,6009,0,9683353153413,9683353153433
planner,6010,0,9683353153453,9683353153473
planner,6011,0,9683353153493,9683353153503
planner,6012,0,9683353153523,9683353153543
planner,6013,0,9683353153563,9683353153583
planner,6014,0,9683353153603,9683353153623
planner,6015,0,9683353153643,9683353153663
planner,6016,0,9683353154213,9683353154223
planner,6017,0,9683353154253,9683353154263
planner,6018,0,9683353154283,9683353154303
planner,6019,0,9683353154323,9683353154343
planner,6020,0,9683353154363,9683353154383
planner,6021,0,9683353154403,9683353154423
planner,6022,0,9683353154443,9683353154463
planner,6023,0,9683353154483,9683353154493
planner,6024,0,9683353154513,9683353154533
planner,6025,0,9683353154553,9683353154573
planner,6026,0,9683353154593,9683353154613
planner,6027,0,9683353154633,9683353154653
planner,6028,0,9683353154673,9683353154693
planner,6029,0,9683353154713,9683353154723
planner,6030,0,9683353154743,9683353154763
planner,6031,0,9683353154783,9683353154803
planner,6032,0,9683353154823,9683353154843
planner,6033,0,9683353154863,9683353154883
planner,6034,0,9683353154903,9683353154913
planner,6035,0,9683353154933,9683353154953
planner,6036,0,9683353154973,9683353154993
planner,6037,0,9683353155013,9683353155033
planner,6038,0,9683353155053,9683353155073
planner,6039,0,9683353155093,9683353155103
planner,6040,0,9683353155123,9683353155143
planner,6041,0,9683353155163,9683353155183
planner,6042,0,9683353155203,9683353155223
planner,6043,0,9683353155243,9683353155263
planner,6044,0,9683353155283,9683353155293
planner,6045,0,9683353155313,9683353155333
planner,6046,0,9683353155353,9683353155373
planner,6047,0,9683353155393,9683353155413
planner,6048,0,9683353155433,9683353155453
planner,6049,0,9683353155473,9683353155483
planner,6050,0,9683353155513,9683353155523
planner,6051,0,9683353155543,9683353155563
planner,6052,0,9683353155583,9683353155603
planner,6053,0,9683353155623,9683353155643
planner,6054,0,9683353155663,9683353155683
planner,6055,0,9683353155703,9683353155713
planner,6056,0,9683353155733,9683353155753
planner,6057,0,9683353155773,9683353155793
planner,6058,0,9683353155813,9683353155833
planner,6059,0,9683353155853,9683353155873
planner,6060,0,9683353155893,9683353155903
planner,6061,0,9683353155923,9683353155943
planner,6062,0,9683353155963,9683353155983
planner,6063,0,9683353156003,9683353156023
planner,6064,0,9683353156043,9683353156063
planner,6065,0,9683353156083,9683353156093
planner,6066,0,9683353156113,9683353156133
planner,6067,0,9683353156153,9683353156173
planner,6068,0,9683353156193,9683353156213
planner,6069,0,9683353156233,9683353156253
planner,6070,0,9683353156273,9683353156283
planner,6071,0,9683353156313,9683353156323
planner,6072,0,9683353156343,9683353156363
planner,6073,0,9683353156383,9683353156403
planner,6074,0,9683353156423,9683353156443
planner,6075,0,9683353156463,9683353156483
planner,6076,0,9683353156503,9683353156513
planner,6077,0,9683353156533,9683353156553
planner,6078,0,9683353156573,9683353156593
planner,6079,0,9683353156613,9683353156633
planner,6080,0,9683353156653,9683353156673
planner,6081,0,9683353156693,9683353156703
planner,6082,0,9683353156723,9683353156743
planner,6083,0,9683353156763,9683353156783
planner,6084,0,9683353156803,9683353156823
planner,6085,0,9683353156843,9683353156863
planner,6086,0,9683353156883,9683353156893
planner,6087,0,9683353156913,9683353156933
planner,6088,0,9683353156953,9683353156973
planner,6089,0,9683353156993,9683353157013
planner,6090,0,9683353157033,9683353157053
planner,6091,0,9683353157073,9683353157083
planner,6092,0,9683353157103,9683353157123
planner,6093,0,9683353157143,9683353157163
planner,6094,0,9683353157183,9683353157203
planner,6095,0,9683353157223,9683353157243
planner,6096,0,9683353157263,9683353157273
planner,6097,0,9683353157293,9683353157313
planner,6098,0,9683353157333,9683353157353
planner,6099,0,9683353157373,9683353157393
planner,6100,0,9683353157413,9683353157433
planner,6101,0,9683353157453,9683353157473
planner,6102,0,9683353157493,9683353157503
planner,6103,0,9683353157523,9683353157543
planner,6104,0,9683353157563,9683353157583
planner,6105,0,9683353157603,9683353157623
planner,6106,0,9683353157643,9683353157663
planner,6107,0,9683353157683,9683353157693
planner,6108,0,9683353157713,9683353157733
planner,6109,0,9683353157753,9683353157773
planner,6110,0,9683353157793,9683353157813
planner,6111,0,9683353157833,9683353157853
planner,6112,0,9683353157873,9683353157883
planner,6113,0,9683353157903,9683353157923
planner,6114,0,9683353157943,9683353157963
planner,6115,0,9683353157983,9683353158003
planner,6116,0,9683353158023,9683353158043
planner,6117,0,9683353158063,9683353158073
planner,6118,0,9683353158093,9683353158113
planner,6119,0,9683353158133,9683353158153
planner,6120,0,9683353158173,9683353158193
planner,6121,0,9683353158213,9683353158233
planner,6122,0,9683353158253,9683353158263
planner,6123,0,9683353158293,9683353158303
planner,6124,0,9683353158323,9683353158343
planner,6125,0,9683353158363,9683353158383
planner,6126,0,9683353158403,9683353158423
planner,6127,0,9683353158443,9683353158463
planner,6128,0,9683353158483,9683353158493
planner,6129,0,9683353158513,9683353158533
planner,6130,0,9683353158553,9683353158573
planner,6131,0,9683353158593,9683353158613
planner,6132,0,9683353158633,9683353158653
planner,6133,0,9683353158673,9683353158683
planner,6134,0,9683353158703,9683353158723
planner,6135,0,9683353158743,9683353158763
planner,6136,0,9683353158783,9683353158803
planner,6137,0,9683353158823,9683353158843
planner,6138,0,9683353158863,9683353158873
planner,6139,0,9683353158893,9683353158913
planner,6140,0,9683353158933,9683353158953
planner,6141,0,9683353158973,9683353158993
planner,6142,0,9683353159013,9683353159033
planner,6143,0,9683353159053,9683353159063
planner,6144,0,9683353159493,9683353159513
planner,6145,0,9683353159533,9683353159543
planner,6146,0,9683353159573,9683353159583
planner,6147,0,9683353159603,9683353159623
planner,6148,0,9683353159643,9683353159663
planner,6149,0,9683353159683,9683353159703
planner,6150,0,9683353159723,9683353159743
planner,6151,0,9683353159763,9683353159783
planner,6152,0,9683353159803,9683353159813
planner,6153,0,9683353159833,9683353159853
planner,6154,0,9683353159873,9683353159893
planner,6155,0,9683353159913,9683353159933
planner,6156,0,9683353159953,9683353159973
planner,6157,0,9683353159993,9683353160003
planner,6158,0,9683353160023,9683353160043
planner,6159,0,9683353160063,9683353160083
planner,6160,0,9683353160103,9683353160123
planner,6161,0,9683353160143,9683353160163
planner,6162,0,9683353160183,9683353160193
planner,6163,0,9683353160213,9683353160233
planner,6164,0,9683353160253,9683353160273
planner,6165,0,9683353160293,9683353160313
planner,6166,0,9683353160333,9683353160353
planner,6167,0,9683353160373,9683353160383
planner,6168,0,9683353160413,9683353160423
planner,6169,0,9683353160443,9683353160463
planner,6170,0,9683353160483,9683353160503
planner,6171,0,9683353160523,9683353160543
planner,6172,0,9683353160563,9683353160583
planner,6173,0,9683353160603,9683353160613
planner,6174,0,9683353160633,9683353160653
planner,6175,0,9683353160673,9683353160693
planner,6176,0,9683353160713,9683353160733
planner,6177,0,9683353160753,9683353160773
planner,6178,0,9683353160793,9683353160803
planner,6179,0,9683353160823,9683353160843
planner,6180,0,9683353160863,9683353160883
planner,6181,0,9683353160903,9683353160923
planner,6182,0,9683353160943,9683353160963
planner,6183,0,9683353160983,9683353160993
planner,6184,0,9683353161013,9683353161033
planner,6185,0,9683353161053,9683353161073
planner,6186,0,9683353161093,9683353161113
planner,6187,0,9683353161133,9683353161153
planner,6188,0,9683353161173,9683353161183
planner,6189,0,9683353161203,9683353161223
planner,6190,0,9683353161243,9683353161263
planner,6191,0,9683353161283,9683353161303
planner,6192,0,9683353161323,9683353161343
planner,6193,0,9683353161363,9683353161373
planner,6194,0,9683353161393,9683353161413
planner,6195,0,9683353161433,9683353161453
planner,6196,0,9683353161473,9683353161493
planner,6197,0,9683353161513,9683353161533
planner,6198,0,9683353161553,9683353161573
planner,6199,0,9683353161593,9683353161603
planner,6200,0,9683353161623,9683353161643
planner,6201,0,9683353161663,9683353161683
planner,6202,0,9683353161703,9683353161723
planner,6203,0,9683353161743,9683353161763
planner,6204,0,9683353161783,9683353161793
planner,6205,0,9683353161813,9683353161833
planner,6206,0,9683353161853,9683353161873
planner,6207,0,9683353161893,9683353161913
planner,6208,0,9683353161933,9683353161953
planner,6209,0,9683353161973,9683353161983
planner,6210,0,9683353162003,9683353162023
planner,6211,0,9683353162043,9683353162063
planner,6212,0,9683353162083,9683353162103
planner,6213,0,9683353162123,9683353162143
planner,6214,0,9683353162163,9683353162173
planner,6215,0,9683353162193,9683353162213
planner,6216,0,9683353162233,9683353162253
planner,6217,0,9683353162273,9683353162293
planner,6218,0,9683353162313,9683353162333
planner,6219,0,9683353162353,9683353162363
planner,6220,0,9683353162383,9683353162403
planner,6221,0,9683353162423,9683353162443
planner,6222,0,9683353162463,9683353162483
planner,6223,0,9683353162503,9683353162523
planner,6224,0,9683353162543,9683353162553
planner,6225,0,9683353162583,9683353162593
planner,6226,0,9683353162613,9683353162633
planner,6227,0,9683353162653,9683353162673
planner,6228,0,9683353162693,9683353162713
planner,6229,0,9683353162733,9683353162753
planner,6230,0,9683353162773,9683353162783
planner,6231,0,9683353162803,9683353162823
planner,6232,0,9683353162843,9683353162863
planner,6233,0,9683353162883,9683353162903
planner,6234,0,9683353162923,9683353162943
planner,6235,0,9683353162963,9683353162973
planner,6236,0,9683353162993,9683353163013
planner,6237,0,9683353163033,9683353163053
planner,6238,0,9683353163073,9683353163093
planner,6239,0,9683353163113,9683353163133
planner,6240,0,9683353163153,9683353163163
planner,6241,0,9683353163183,9683353163203
planner,6242,0,9683353163223,9683353163243
planner,6243,0,9683353163263,9683353163283
planner,6244,0,9683353163303,9683353163323
planner,6245,0,9683353163343,9683353163353
planner,6246,0,9683353163373,9683353163393
planner,6247,0,9683353163413,9683353163433
planner,6248,0,9683353163453,9683353163473
planner,6249,0,9683353163493,9683353163513
planner,6250,0,9683353163533,9683353163543
planner,6251,0,9683353163573,9683353163583
planner,6252,0,9683353163603,9683353163623
planner,6253,0,9683353163643,9683353163663
planner,6254,0,9683353163683,9683353163703
planner,6255,0,9683353163723,9683353163743
planner,6256,0,9683353163763,9683353163773
planner,6257,0,9683353163793,9683353163813
planner,6258,0,9683353163833,9683353163853
planner,6259,0,9683353163873,9683353163893
planner,6260,0,9683353163913,9683353163933
planner,6261,0,9683353163953,9683353163963
planner,6262,0,9683353163983,9683353164003
planner,6263,0,9683353164023,9683353164043
planner,6264,0,9683353164063,9683353164083
planner,6265,0,9683353164103,9683353164123
planner,6266,0,9683353164143,9683353164153
planner,6267,0,9683353164173,9683353164193
planner,6268,0,9683353164213,9683353164233
planner,6269,0,9683353164253,9683353164273
planner,6270,0,9683353164293,9683353164313
planner,6271,0,9683353164333,9683353164343
planner,6272,0,9683353165243,9683353165263
planner,6273,0,9683353165283,9683353165303
planner,6274,0,9683353165323,9683353165343
planner,6275,0,9683353165363,9683353165383
planner,6276,0,9683353165403,9683353165423
planner,6277,0,9683353165443,9683353165453
planner,6278,0,9683353165473,9683353165493
planner,6279,0,9683353165513,9683353165533
planner,6280,0,9683353165553,9683353165573
planner,6281,0,9683353165593,9683353165613
planner,6282,0,9683353165633,9683353165643
planner,6283,0,9683353165673,9683353165683
planner,6284,0,9683353165703,9683353165723
planner,6285,0,9683353165743,9683353165763
planner,6286,0,9683353165783,9683353165803
planner,6287,0,9683353165823,9683353165843
planner,6288,0,9683353165863,9683353165873
planner,6289,0,9683353165893,9683353165913
planner,6290,0,9683353165933,9683353165953
planner,6291,0,9683353165973,9683353165993
planner,6292,0,9683353166013,9683353166033
planner,6293,0,9683353166053,9683353166063
planner,6294,0,9683353166083,9683353166103
planner,6295,0,9683353166123,9683353166143
planner,6296,0,9683353166163,9683353166183
planner,6297,0,9683353166203,9683353166223
planner,6298,0,9683353166243,9683353166253
planner,6299,0,9683353166273,9683353166293
planner,6300,0,9683353166313,9683353166333
planner,6301,0,9683353166353,9683353166373
planner,6302,0,9683353166393,9683353166413
planner,6303,0,9683353166433,9683353166443
planner,6304,0,9683353166473,9683353166483
planner,6305,0,9683353166503,9683353166523
planner,6306,0,9683353166543,9683353166563
planner,6307,0,9683353166583,9683353166603
planner,6308,0,9683353166623,9683353166643
planner,6309,0,9683353166663,9683353166673
planner,6310,0,9683353166693,9683353166713
planner,6311,0,9683353166733,9683353166753
planner,6312,0,9683353166773,9683353166793
planner,6313,0,9683353166813,9683353166833
planner,6314,0,9683353166853,9683353166863
planner,6315,0,9683353166883,9683353166903
planner,6316,0,9683353166923,9683353166943
planner,6317,0,9683353166963,9683353166983
planner,6318,0,9683353167003,9683353167023
planner,6319,0,9683353167043,9683353167053
planner,6320,0,9683353167073,9683353167093
planner,6321,0,9683353167113,9683353167133
planner,6322,0,9683353167153,9683353167173
planner,6323,0,9683353167193,9683353167213
planner,6324,0,9683353167233,9683353167243
planner,6325,0,9683353167263,9683353167283
planner,6326,0,9683353167303,9683353167323
planner,6327,0,9683353167343,9683353167363
planner,6328,0,9683353167383,9683353167403
planner,6329,0,9683353167423,9683353167433
planner,6330,0,9683353167453,9683353167473
planner,6331,0,9683353167493,9683353167513
planner,6332,0,9683353167533,9683353167553
planner,6333,0,9683353167573,9683353167593
planner,6334,0,9683353167613,9683353167623
planner,6335,0,9683353167643,9683353167663
planner,6336,0,9683353167683,9683353167703
planner,6337,0,9683353167723,9683353167743
planner,6338,0,9683353167763,9683353167783
planner,6339,0,9683353167803,9683353167813
planner,6340,0,9683353167833,9683353167853
planner,6341,0,9683353167873,9683353167893
planner,6342,0,9683353167913,9683353167933
planner,6343,0,9683353167953,9683353167973
planner,6344,0,9683353167993,9683353168003
planner,6345,0,9683353168033,9683353168043
planner,6346,0,9683353168063,9683353168083
planner,6347,0,9683353168103,9683353168123
planner,6348,0,9683353168143,9683353168163
planner,6349,0,9683353168183,9683353168193
planner,6350,0,9683353168223,9683353168233
planner,6351,0,9683353168253,9683353168273
planner,6352,0,9683353168293,9683353168313
planner,6353,0,9683353168333,9683353168353
planner,6354,0,9683353168373,9683353168393
planner,6355,0,9683353168413,9683353168423
planner,6356,0,9683353168443,9683353168463
planner,6357,0,9683353168483,9683353168503
planner,6358,0,9683353168523,9683353168543
planner,6359,0,9683353168563,9683353168583
planner,6360,0,9683353168603,9683353168613
planner,6361,0,9683353168633,9683353168653
planner,6362,0,9683353168673,9683353168693
planner,6363,0,9683353168713,9683353168733
planner,6364,0,9683353168753,9683353168773
planner,6365,0,9683353168793,9683353168803
planner,6366,0,9683353168823,9683353168843
planner,6367,0,9683353168863,9683353168883
planner,6368,0,9683353168903,9683353168923
planner,6369,0,9683353168943,9683353168963
planner,6370,0,9683353168983,9683353168993
planner,6371,0,9683353169013,9683353169033
planner,6372,0,9683353169053,9683353169073
planner,6373,0,9683353169093,9683353169113
planner,6374,0,9683353169133,9683353169153
planner,6375,0,9683353169173,9683353169183
planner,6376,0,9683353169203,9683353169223
planner,6377,0,9683353169243,9683353169263
planner,6378,0,9683353169283,9683353169303
planner,6379,0,9683353169323,9683353169343
planner,6380,0,9683353169363,9683353169373
planner,6381,0,9683353169403,9683353169413
planner,6382,0,9683353169433,9683353169453
planner,6383,0,9683353169473,9683353169493
planner,6384,0,9683353169513,9683353169533
planner,6385,0,9683353169553,9683353169573
planner,6386,0,9683353169593,9683353169603
planner,6387,0,9683353169623,9683353169643
planner,6388,0,9683353169663,9683353169683
planner,6389,0,9683353169703,9683353169723
planner,6390,0,9683353169743,9683353169763
planner,6391,0,9683353169783,9683353169793
planner,6392,0,9683353169813,9683353169833
planner,6393,0,9683353169853,9683353169873
planner,6394,0,9683353169893,9683353169913
planner,6395,0,9683353169933,9683353169953
planner,6396,0,9683353169973,9683353169983
planner,6397,0,9683353170003,9683353170023
planner,6398,0,9683353170043,9683353170063
planner,6399,0,9683353170083,9683353170103
planner,6400,0,9683353170743,9683353170763
planner,6401,0,9683353170783,9683353170803
planner,6402,0,9683353170823,9683353170843
planner,6403,0,9683353170863,9683353170883
planner,6404,0,9683353170903,9683353170923
planner,6405,0,9683353170943,9683353170963
planner,6406,0,9683353170983,9683353170993
planner,6407,0,9683353171013,9683353171033
planner,6408,0,9683353171053,9683353171073
planner,6409,0,9683353171093,9683353171113
planner,6410,0,9683353171133,9683353171153
planner,6411,0,9683353171173,9683353171183
planner,6412,0,9683353171203,9683353171223
planner,6413,0,9683353171243,9683353171263
planner,6414,0,9683353171283,9683353171303
planner,6415,0,9683353171323,9683353171343
planner,6416,0,9683353171363,9683353171373
planner,6417,0,9683353171393,9683353171413
planner,6418,0,9683353171433,9683353171453
planner,6419,0,9683353171473,9683353171493
planner,6420,0,9683353171513,9683353171533
planner,6421,0,9683353171553,9683353171563
planner,6422,0,9683353171593,9683353171603
planner,6423,0,9683353171623,9683353171643
planner,6424,0,9683353171663,9683353171683
planner,6425,0,9683353171703,9683353171723
planner,6426,0,9683353171743,9683353171763
planner,6427,0,9683353171783,9683353171793
planner,6428,0,9683353171813,9683353171833
planner,6429,0,9683353171853,9683353171873
planner,6430,0,9683353171893,9683353171913
planner,6431,0,9683353171933,9683353171953
planner,6432,0,9683353171973,9683353171983
planner,6433,0,9683353172003,9683353172023
planner,6434,0,9683353172043,9683353172063
planner,6435,0,9683353172083,9683353172103
planner,6436,0,9683353172123,9683353172143
planner,6437,0,9683353172163,9683353172173
planner,6438,0,9683353172193,9683353172213
planner,6439,0,9683353172233,9683353172253
planner,6440,0,9683353172273,9683353172293
planner,6441,0,9683353172313,9683353172333
planner,6442,0,9683353172353,9683353172363
planner,6443,0,9683353172383,9683353172403
planner,6444,0,9683353172423,9683353172443
planner,6445,0,9683353172463,9683353172483
planner,6446,0,9683353172503,9683353172523
planner,6447,0,9683353172543,9683353172553
planner,6448,0,9683353172583,9683353172593
planner,6449,0,9683353172613,9683353172633
planner,6450,0,9683353172653,9683353172673
planner,6451,0,9683353172693,9683353172713
planner,6452,0,9683353172733,9683353172753
planner,6453,0,9683353172773,9683353172783
planner,6454,0,9683353172803,9683353172823
planner,6455,0,9683353172843,9683353172863
planner,6456,0,9683353172883,9683353172903
planner,6457,0,9683353172923,9683353172943
planner,6458,0,9683353172963,9683353172973
planner,6459,0,9683353172993,9683353173013
planner,6460,0,9683353173033,9683353173053
planner,6461,0,9683353173073,9683353173093
planner,6462,0,9683353173113,9683353173133
planner,6463,0,9683353173153,9683353173163
planner,6464,0,9683353173183,9683353173203
planner,6465,0,9683353173223,9683353173243
planner,6466,0,9683353173263,9683353173283
planner,6467,0,9683353173303,9683353173323
planner,6468,0,9683353173343,9683353173353
planner,6469,0,9683353173373,9683353173393
planner,6470,0,9683353173413,9683353173433
planner,6471,0,9683353173453,9683353173473
planner,6472,0,9683353173493,9683353173513
planner,6473,0,9683353173533,9683353173543
planner,6474,0,9683353173573,9683353173583
planner,6475,0,9683353173603,9683353173623
planner,6476,0,9683353173643,9683353173663
planner,6477,0,9683353173683,9683353173703
planner,6478,0,9683353173723,9683353173743
planner,6479,0,9683353173763,9683353173773
planner,6480,0,9683353173793,9683353173813
planner,6481,0,9683353173833,9683353173853
planner,6482,0,9683353173873,9683353173893
planner,6483,0,9683353173913,9683353173933
planner,6484,0,9683353173953,9683353173963
planner,6485,0,9683353173983,9683353174003
planner,6486,0,9683353174023,9683353174043
planner,6487,0,9683353174063,9683353174083
planner,6488,0,9683353174103,9683353174123
planner,6489,0,9683353174143,9683353174153
planner,6490,0,9683353174173,9683353174193
planner,6491,0,9683353174213,9683353174233
planner,6492,0,9683353174253,9683353174273
planner,6493,0,9683353174293,9683353174313
planner,6494,0,9683353174333,9683353174343
planner,6495,0,9683353174363,9683353174383
planner,6496,0,9683353174403,9683353174423
planner,6497,0,9683353174443,9683353174463
planner,6498,0,9683353174483,9683353174503
planner,6499,0,9683353174523,9683353174533
planner,6500,0,9683353174553,9683353174573
planner,6501,0,9683353174593,9683353174613
planner,6502,0,9683353174633,9683353174653
planner,6503,0,9683353174673,9683353174693
planner,6504,0,9683353174713,9683353174723
planner,6505,0,9683353174743,9683353174763
planner,6506,0,9683353174783,9683353174803
planner,6507,0,9683353174823,9683353174843
planner,6508,0,9683353174863,9683353174883
planner,6509,0,9683353174903,9683353174913
planner,6510,0,9683353174943,9683353174953
planner,6511,0,9683353174973,9683353174993
planner,6512,0,9683353175013,9683353175033
planner,6513,0,9683353175053,9683353175073
planner,6514,0,9683353175093,9683353175113
planner,6515,0,9683353175133,9683353175143
planner,6516,0,9683353175163,9683353175183
planner,6517,0,9683353175203,9683353175223
planner,6518,0,9683353175243,9683353175263
planner,6519,0,9683353175283,9683353175303
planner,6520,0,9683353175323,9683353175333
planner,6521,0,9683353175353,9683353175373
planner,6522,0,9683353175393,9683353175413
planner,6523,0,9683353175433,9683353175453
planner,6524,0,9683353175473,9683353175493
planner,6525,0,9683353175513,9683353175523
planner,6526,0,9683353175543,9683353175563
planner,6527,0,9683353175583,9683353175603
planner,6528,0,9683353176233,9683353176253
planner,6529,0,9683353176273,9683353176293
planner,6530,0,9683353176313,9683353176333
planner,6531,0,9683353176363,9683353176383
planner,6532,0,9683353176403,9683353176423
planner,6533,0,9683353176443,9683353176463
planner,6534,0,9683353176483,9683353176503
planner,6535,0,9683353176523,9683353176543
planner,6536,0,9683353176563,9683353176583
planner,6537,0,9683353176603,9683353176623
planner,6538,0,9683353176643,9683353176663
planner,6539,0,9683353176683,9683353176693
planner,6540,0,9683353176723,9683353176733
planner,6541,0,9683353176763,9683353176783
planner,6542,0,9683353176803,9683353176823
planner,6543,0,9683353176843,9683353176863
planner,6544,0,9683353176883,9683353176903
planner,6545,0,9683353176923,9683353176943
planner,6546,0,9683353176963,9683353176983
planner,6547,0,9683353177003,9683353177023
planner,6548,0,9683353177053,9683353177073
planner,6549,0,9683353177093,9683353177113
planner,6550,0,9683353177133,9683353177153
planner,6551,0,9683353177173,9683353177193
planner,6552,0,9683353177213,9683353177233
planner,6553,0,9683353177253,9683353177273
planner,6554,0,9683353177293,9683353177313
planner,6555,0,9683353177333,9683353177353
planner,6556,0,9683353177373,9683353177393
planner,6557,0,9683353177413,9683353177433
planner,6558,0,9683353177453,9683353177473
planner,6559,0,9683353177493,9683353177513
planner,6560,0,9683353177533,9683353177543
planner,6561,0,9683353177563,9683353177583
planner,6562,0,9683353177613,9683353177633
planner,6563,0,9683353177653,9683353177673
planner,6564,0,9683353177693,9683353177713
planner,6565,0,9683353177733,9683353177753
planner,6566,0,9683353177773,9683353177793
planner,6567,0,9683353177813,9683353177823
planner,6568,0,9683353177853,9683353177863
planner,6569,0,9683353177883,9683353177903
planner,6570,0,9683353177923,9683353177943
planner,6571,0,9683353177983,9683353178003
planner,6572,0,9683353178023,9683353178043
planner,6573,0,9683353178063,9683353178083
planner,6574,0,9683353178103,9683353178123
planner,6575,0,9683353178143,9683353178163
planner,6576,0,9683353178183,9683353178193
planner,6577,0,9683353178223,9683353178233
planner,6578,0,9683353178263,9683353178273
planner,6579,0,9683353178303,9683353178313
planner,6580,0,9683353178343,9683353178363
planner,6581,0,9683353178383,9683353178403
planner,6582,0,9683353178423,9683353178443
planner,6583,0,9683353178463,9683353178483
planner,6584,0,9683353178503,9683353178523
planner,6585,0,9683353178543,9683353178563
planner,6586,0,9683353178583,9683353178603
planner,6587,0,9683353178623,9683353178643
planner,6588,0,9683353178663,9683353178683
planner,6589,0,9683353178703,9683353178723
planner,6590,0,9683353178743,9683353178763
planner,6591,0,9683353178783,9683353178803
planner,6592,0,9683353178833,9683353178853
planner,6593,0,9683353178873,9683353178893
planner,6594,0,9683353178913,9683353178933
planner,6595,0,9683353178953,9683353178973
planner,6596,0,9683353178993,9683353179013
planner,6597,0,9683353179033,9683353179053
planner,6598,0,9683353179073,9683353179093
planner,6599,0,9683353179113,9683353179133
planner,6600,0,9683353179153,9683353179173
planner,6601,0,9683353179203,9683353179213
planner,6602,0,9683353179243,9683353179253
planner,6603,0,9683353179283,9683353179293
planner,6604,0,9683353179323,9683353179333
planner,6605,0,9683353179353,9683353179373
planner,6606,0,9683353179393,9683353179413
planner,6607,0,9683353179443,9683353179463
planner,6608,0,9683353179483,9683353179493
planner,6609,0,9683353179513,9683353179533
planner,6610,0,9683353179553,9683353179573
planner,6611,0,9683353179593,9683353179613
planner,6612,0,9683353179633,9683353179653
planner,6613,0,9683353179673,9683353179693
planner,6614,0,9683353179713,9683353179733
planner,6615,0,9683353179753,9683353179773
planner,6616,0,9683353179853,9683353179873
planner,6617,0,9683353179893,9683353179913
planner,6618,0,9683353179933,9683353179953
planner,6619,0,9683353179973,9683353179993
planner,6620,0,9683353180013,9683353180033
planner,6621,0,9683353180053,9683353180063
planner,6622,0,9683353180083,9683353180103
planner,6623,0,9683353180123,9683353180143
planner,6624,0,9683353180163,9683353180183
planner,6625,0,9683353180203,9683353180223
planner,6626,0,9683353180243,9683353180263
planner,6627,0,9683353180283,9683353180293
planner,6628,0,9683353180313,9683353180333
planner,6629,0,9683353180353,9683353180373
planner,6630,0,9683353180393,9683353180413
planner,6631,0,9683353180433,9683353180453
planner,6632,0,9683353180473,9683353180483
planner,6633,0,9683353180503,9683353180523
planner,6634,0,9683353180543,9683353180563
planner,6635,0,9683353180583,9683353180603
planner,6636,0,9683353180623,9683353180643
planner,6637,0,9683353180663,9683353180673
planner,6638,0,9683353180693,9683353180713
planner,6639,0,9683353180733,9683353180753
planner,6640,0,9683353180773,9683353180793
planner,6641,0,9683353180813,9683353180833
planner,6642,0,9683353180853,9683353180863
planner,6643,0,9683353180883,9683353180903
planner,6644,0,9683353180923,9683353180943
planner,6645,0,9683353180963,9683353180983
planner,6646,0,9683353181003,9683353181023
planner,6647,0,9683353181043,9683353181053
planner,6648,0,9683353181073,9683353181093
planner,6649,0,9683353181113,9683353181133
planner,6650,0,9683353181153,9683353181173
planner,6651,0,9683353181193,9683353181213
planner,6652,0,9683353181233,9683353181243
planner,6653,0,9683353181263,9683353181283
planner,6654,0,9683353181303,9683353181323
planner,6655,0,9683353181343,9683353181363
planner,6656,0,9683353181853,9683353181873
planner,6657,0,9683353181893,9683353181913
planner,6658,0,9683353181933,9683353181953
planner,6659,0,9683353181973,9683353181993
planner,6660,0,9683353182013,9683353182033
planner,6661,0,9683353182053,9683353182073
planner,6662,0,9683353182093,9683353182103
planner,6663,0,9683353182123,9683353182143
planner,6664,0,9683353182163,9683353182183
planner,6665,0,9683353182203,9683353182223
planner,6666,0,9683353182243,9683353182263
planner,6667,0,9683353182283,9683353182293
planner,6668,0,9683353182313,9683353182333
planner,6669,0,9683353182353,9683353182373
planner,6670,0,9683353182393,9683353182413
planner,6671,0,9683353182433,9683353182453
planner,6672,0,9683353182473,9683353182483
planner,6673,0,9683353182503,9683353182523
planner,6674,0,9683353182543,9683353182563
planner,6675,0,9683353182583,9683353182603
planner,6676,0,9683353182623,9683353182643
planner,6677,0,9683353182663,9683353182673
planner,6678,0,9683353182693,9683353182713
planner,6679,0,9683353182733,9683353182753
planner,6680,0,9683353182773,9683353182793
planner,6681,0,9683353182813,9683353182833
planner,6682,0,9683353182853,9683353182873
planner,6683,0,9683353182893,9683353182903
planner,6684,0,9683353182923,9683353182943
planner,6685,0,9683353182963,9683353182983
planner,6686,0,9683353183003,9683353183023
planner,6687,0,9683353183043,9683353183063
planner,6688,0,9683353183083,9683353183093
planner,6689,0,9683353183113,9683353183133
planner,6690,0,9683353183153,9683353183173
planner,6691,0,9683353183193,9683353183213
planner,6692,0,9683353183233,9683353183253
planner,6693,0,9683353183273,9683353183283
planner,6694,0,9683353183303,9683353183323
planner,6695,0,9683353183343,9683353183363
planner,6696,0,9683353183383,9683353183403
planner,6697,0,9683353183423,9683353183443
planner,6698,0,9683353183463,9683353183473
planner,6699,0,9683353183493,9683353183513
planner,6700,0,9683353183533,9683353183553
planner,6701,0,9683353183573,9683353183593
planner,6702,0,9683353183613,9683353183633
planner,6703,0,9683353183653,9683353183663
planner,6704,0,9683353183683,9683353183703
planner,6705,0,9683353183723,9683353183743
planner,6706,0,9683353183763,9683353183783
planner,6707,0,9683353183803,9683353183823
planner,6708,0,9683353183843,9683353183863
planner,6709,0,9683353183883,9683353183893
planner,6710,0,9683353183913,9683353183933
planner,6711,0,9683353183953,9683353183973
planner,6712,0,9683353183993,9683353184013
planner,6713,0,9683353184033,9683353184053
planner,6714,0,9683353184073,9683353184083
planner,6715,0,9683353184103,9683353184123
planner,6716,0,9683353184143,9683353184163
planner,6717,0,9683353184183,9683353184203
planner,6718,0,9683353184223,9683353184243
planner,6719,0,9683353184263,9683353184273
planner,6720,0,9683353184293,9683353184313
planner,6721,0,9683353184333,9683353184353
planner,6722,0,9683353184373,9683353184393
planner,6723,0,9683353184413,9683353184433
planner,6724,0,9683353184453,9683353184463
planner,6725,0,9683353184483,9683353184503
planner,6726,0,9683353184523,9683353184543
planner,6727,0,9683353184563,9683353184583
planner,6728,0,9683353184603,9683353184623
planner,6729,0,9683353184643,9683353184653
planner,6730,0,9683353184673,9683353184693
planner,6731,0,9683353184713,9683353184733
planner,6732,0,9683353184753,9683353184773
planner,6733,0,9683353184793,9683353184813
planner,6734,0,9683353184833,9683353184853
planner,6735,0,9683353184873,9683353184883
planner,6736,0,9683353184903,9683353184923
planner,6737,0,9683353184943,9683353184963
planner,6738,0,9683353184983,9683353185003
planner,6739,0,9683353185023,9683353185043
planner,6740,0,9683353185063,9683353185073
planner,6741,0,9683353185093,9683353185113
planner,6742,0,9683353185133,9683353185153
planner,6743,0,9683353185173,9683353185193
planner,6744,0,9683353185213,9683353185233
planner,6745,0,9683353185253,9683353185263
planner,6746,0,9683353185283,9683353185303
planner,6747,0,9683353185323,9683353185343
planner,6748,0,9683353185363,9683353185383
planner,6749,0,9683353185403,9683353185423
planner,6750,0,9683353185443,9683353185453
planner,6751,0,9683353185473,9683353185493
planner,6752,0,9683353185513,9683353185533
planner,6753,0,9683353185553,9683353185573
planner,6754,0,9683353185593,9683353185613
planner,6755,0,9683353185633,9683353185643
planner,6756,0,9683353185673,9683353185683
planner,6757,0,9683353185703,9683353185723
planner,6758,0,9683353185743,9683353185763
planner,6759,0,9683353185783,9683353185803
planner,6760,0,9683353185823,9683353185843
planner,6761,0,9683353185863,9683353185873
planner,6762,0,9683353185893,9683353185913
planner,6763,0,9683353185933,9683353185953
planner,6764,0,9683353185973,9683353185993
planner,6765,0,9683353186013,9683353186033
planner,6766,0,9683353186053,9683353186063
planner,6767,0,9683353186083,9683353186103
planner,6768,0,9683353186123,9683353186143
planner,6769,0,9683353186163,9683353186183
planner,6770,0,9683353186203,9683353186223
planner,6771,0,9683353186243,9683353186253
planner,6772,0,9683353186273,9683353186293
planner,6773,0,9683353186313,9683353186333
planner,6774,0,9683353186353,9683353186373
planner,6775,0,9683353186393,9683353186413
planner,6776,0,9683353186433,9683353186453
planner,6777,0,9683353186473,9683353186483
planner,6778,0,9683353186503,9683353186523
planner,6779,0,9683353186543,9683353186563
planner,6780,0,9683353186583,9683353186603
planner,6781,0,9683353186623,9683353186643
planner,6782,0,9683353186663,9683353186673
planner,6783,0,9683353186693,9683353186713
planner,6784,0,9683353187163,9683353187183
planner,6785,0,9683353187203,9683353187223
planner,6786,0,9683353187243,9683353187263
planner,6787,0,9683353187283,9683353187303
planner,6788,0,9683353187323,9683353187333
planner,6789,0,9683353187363,9683353187373
planner,6790,0,9683353187393,9683353187413
planner,6791,0,9683353187433,9683353187453
planner,6792,0,9683353187473,9683353187493
planner,6793,0,9683353187513,9683353187533
planner,6794,0,9683353187553,9683353187563
planner,6795,0,9683353187583,9683353187603
planner,6796,0,9683353187623,9683353187643
planner,6797,0,9683353187663,9683353187683
planner,6798,0,9683353187703,9683353187723
planner,6799,0,9683353187743,9683353187753
planner,6800,0,9683353187773,9683353187793
planner,6801,0,9683353187813,9683353187833
planner,6802,0,9683353187853,9683353187873
planner,6803,0,9683353187893,9683353187913
planner,6804,0,9683353187933,9683353187943
planner,6805,0,9683353187973,9683353187983
planner,6806,0,9683353188003,9683353188023
planner,6807,0,9683353188043,9683353188063
planner,6808,0,9683353188083,9683353188103
planner,6809,0,9683353188123,9683353188143
planner,6810,0,9683353188163,9683353188173
planner,6811,0,9683353188193,9683353188213
planner,6812,0,9683353188233,9683353188253
planner,6813,0,9683353188273,9683353188293
planner,6814,0,9683353188313,9683353188333
planner,6815,0,9683353188353,9683353188363
planner,6816,0,9683353188383,9683353188403
planner,6817,0,9683353188423,9683353188443
planner,6818,0,9683353188463,9683353188483
planner,6819,0,9683353188503,9683353188523
planner,6820,0,9683353188543,9683353188553
planner,6821,0,9683353188573,9683353188593
planner,6822,0,9683353188613,9683353188633
planner,6823,0,9683353188653,9683353188673
planner,6824,0,9683353188693,9683353188713
planner,6825,0,9683353188733,9683353188743
planner,6826,0,9683353188763,9683353188783
planner,6827,0,9683353188803,9683353188823
planner,6828,0,9683353188843,9683353188863
planner,6829,0,9683353188883,9683353188903
planner,6830,0,9683353188923,9683353188943
planner,6831,0,9683353188963,9683353188973
planner,6832,0,9683353188993,9683353189013
planner,6833,0,9683353189033,9683353189053
planner,6834,0,9683353189073,9683353189093
planner,6835,0,9683353189113,9683353189133
planner,6836,0,9683353189153,9683353189163
planner,6837,0,9683353189183,9683353189203
planner,6838,0,9683353189223,9683353189243
planner,6839,0,9683353189263,9683353189283
planner,6840,0,9683353189303,9683353189323
planner,6841,0,9683353189343,9683353189353
planner,6842,0,9683353189373,9683353189393
planner,6843,0,9683353189413,9683353189433
planner,6844,0,9683353189453,9683353189473
planner,6845,0,9683353189493,9683353189513
planner,6846,0,9683353189533,9683353189543
planner,6847,0,9683353189563,9683353189583
planner,6848,0,9683353189603,9683353189623
planner,6849,0,9683353189643,9683353189663
planner,6850,0,9683353189683,9683353189703
planner,6851,0,9683353189723,9683353189743
planner,6852,0,9683353189763,9683353189773
planner,6853,0,9683353189793,9683353189813
planner,6854,0,9683353189833,9683353189853
planner,6855,0,9683353189873,9683353189893
planner,6856,0,9683353189913,9683353189933
planner,6857,0,9683353189953,9683353189963
planner,6858,0,9683353189983,9683353190003
planner,6859,0,9683353190023,9683353190043
planner,6860,0,9683353190063,9683353190083
planner,6861,0,9683353190103,9683353190123
planner,6862,0,9683353190143,9683353190153
planner,6863,0,9683353190173,9683353190193
planner,6864,0,9683353190213,9683353190233
planner,6865,0,9683353190253,9683353190273
planner,6866,0,9683353190293,9683353190313
planner,6867,0,9683353190333,9683353190343
planner,6868,0,9683353190363,9683353190383
planner,6869,0,9683353190403,9683353190423
planner,6870,0,9683353190443,9683353190463
planner,6871,0,9683353190483,9683353190503
planner,6872,0,9683353190523,9683353190543
planner,6873,0,9683353190563,9683353190573
planner,6874,0,9683353190593,9683353190613
planner,6875,0,9683353190633,9683353190653
planner,6876,0,9683353190673,9683353190693
planner,6877,0,9683353190713,9683353190733
planner,6878,0,9683353190753,9683353190763
planner,6879,0,9683353190783,9683353190803
planner,6880,0,9683353190823,9683353190843
planner,6881,0,9683353190863,9683353190883
planner,6882,0,9683353190903,9683353190923
planner,6883,0,9683353190943,9683353190953
planner,6884,0,9683353190973,9683353190993
planner,6885,0,9683353191013,9683353191033
planner,6886,0,9683353191053,9683353191073
planner,6887,0,9683353191093,9683353191113
planner,6888,0,9683353191133,9683353191143
planner,6889,0,9683353191163,9683353191183
planner,6890,0,9683353191203,9683353191223
planner,6891,0,9683353191243,9683353191263
planner,6892,0,9683353191283,9683353191303
planner,6893,0,9683353191323,9683353191343
planner,6894,0,9683353191363,9683353191373
planner,6895,0,9683353191393,9683353191413
planner,6896,0,9683353191433,9683353191453
planner,6897,0,9683353191473,9683353191493
planner,6898,0,9683353191513,9683353191533
planner,6899,0,9683353191553,9683353191563
planner,6900,0,9683353191583,9683353191603
planner,6901,0,9683353191623,9683353191643
planner,6902,0,9683353191663,9683353191683
planner,6903,0,9683353191703,9683353191723
planner,6904,0,9683353191743,9683353191753
planner,6905,0,9683353191773,9683353191793
planner,6906,0,9683353191813,9683353191833
planner,6907,0,9683353191853,9683353191873
planner,6908,0,9683353191893,9683353191913
planner,6909,0,9683353191933,9683353191953
planner,6910,0,9683353191973,9683353191983
planner,6911,0,9683353192003,9683353192023
planner,6912,0,9683353192473,9683353192493
planner,6913,0,9683353192513,9683353192523
planner,6914,0,9683353192553,9683353192563
planner,6915,0,9683353192583,9683353192603
planner,6916,0,9683353192623,9683353192643
planner,6917,0,9683353192663,9683353192683
planner,6918,0,9683353192703,9683353192723
planner,6919,0,9683353192743,9683353192763
planner,6920,0,9683353192783,9683353192793
planner,6921,0,9683353192813,9683353192833
planner,6922,0,9683353192853,9683353192873
planner,6923,0,9683353192893,9683353192913
planner,6924,0,9683353192933,9683353192953
planner,6925,0,9683353192973,9683353192983
planner,6926,0,9683353193013,9683353193023
planner,6927,0,9683353193043,9683353193063
planner,6928,0,9683353193083,9683353193103
planner,6929,0,9683353193123,9683353193143
planner,6930,0,9683353193163,9683353193183
planner,6931,0,9683353193203,9683353193213
planner,6932,0,9683353193233,9683353193253
planner,6933,0,9683353193273,9683353193293
planner,6934,0,9683353193313,9683353193333
planner,6935,0,9683353193353,9683353193373
planner,6936,0,9683353193393,9683353193403
planner,6937,0,9683353193423,9683353193443
planner,6938,0,9683353193463,9683353193483
planner,6939,0,9683353193503,9683353193523
planner,6940,0,9683353193543,9683353193563
planner,6941,0,9683353193583,9683353193593
planner,6942,0,9683353193613,9683353193633
planner,6943,0,9683353193653,9683353193673
planner,6944,0,9683353193693,9683353193713
planner,6945,0,9683353193733,9683353193753
planner,6946,0,9683353193773,9683353193783
planner,6947,0,9683353193803,9683353193823
planner,6948,0,9683353193843,9683353193863
planner,6949,0,9683353193883,9683353193903
planner,6950,0,9683353193923,9683353193943
planner,6951,0,9683353193963,9683353193973
planner,6952,0,9683353194003,9683353194013
planner,6953,0,9683353194033,9683353194053
planner,6954,0,9683353194073,9683353194093
planner,6955,0,9683353194112,9683353194132
planner,6956,0,9683353194152,9683353194172
planner,6957,0,9683353194192,9683353194202
planner,6958,0,9683353194222,9683353194242
planner,6959,0,9683353194262,9683353194282
planner,6960,0,9683353194302,9683353194322
planner,6961,0,9683353194342,9683353194362
planner,6962,0,9683353194382,9683353194392
planner,6963,0,9683353194412,9683353194432
planner,6964,0,9683353194452,9683353194472
planner,6965,0,9683353194492,9683353194512
planner,6966,0,9683353194532,9683353194552
planner,6967,0,9683353194572,9683353194582
planner,6968,0,9683353194602,9683353194622
planner,6969,0,9683353194642,9683353194662
planner,6970,0,9683353194682,9683353194702
planner,6971,0,9683353194722,9683353194742
planner,6972,0,9683353194762,9683353194772
planner,6973,0,9683353194802,9683353194812
planner,6974,0,9683353194832,9683353194852
planner,6975,0,9683353194872,9683353194892
planner,6976,0,9683353194912,9683353194932
planner,6977,0,9683353194952,9683353194972
planner,6978,0,9683353194992,9683353195002
planner,6979,0,9683353195022,9683353195042
planner,6980,0,9683353195062,9683353195082
planner,6981,0,9683353195102,9683353195122
planner,6982,0,9683353195142,9683353195162
planner,6983,0,9683353195182,9683353195192
planner,6984,0,9683353195212,9683353195232
planner,6985,0,9683353195252,9683353195272
planner,6986,0,9683353195292,9683353195312
planner,6987,0,9683353195332,9683353195352
planner,6988,0,9683353195372,9683353195382
planner,6989,0,9683353195402,9683353195422
planner,6990,0,9683353195442,9683353195462
planner,6991,0,9683353195482,9683353195502
planner,6992,0,9683353195522,9683353195542
planner,6993,0,9683353195562,9683353195572
planner,6994,0,9683353195592,9683353195612
planner,6995,0,9683353195632,9683353195652
planner,6996,0,9683353195672,9683353195692
planner,6997,0,9683353195712,9683353195732
planner,6998,0,9683353195752,9683353195772
planner,6999,0,9683353195792,9683353195802
planner,7000,0,9683353195822,9683353195842
planner,7001,0,9683353195862,9683353195882
planner,7002,0,9683353195902,9683353195922
planner,7003,0,9683353195942,9683353195962
planner,7004,0,9683353195982,9683353195992
planner,7005,0,9683353196012,9683353196032
planner,7006,0,9683353196052,9683353196072
planner,7007,0,9683353196092,9683353196112
planner,7008,0,9683353196132,9683353196152
planner,7009,0,9683353196172,9683353196182
planner,7010,0,9683353196202,9683353196222
planner,7011,0,9683353196242,9683353196262
planner,7012,0,9683353196282,9683353196302
planner,7013,0,9683353196322,9683353196342
planner,7014,0,9683353196362,9683353196372
planner,7015,0,9683353196402,9683353196412
planner,7016,0,9683353196432,9683353196452
planner,7017,0,9683353196472,9683353196492
planner,7018,0,9683353196512,9683353196532
planner,7019,0,9683353196552,9683353196572
planner,7020,0,9683353196592,9683353196602
planner,7021,0,9683353196622,9683353196642
planner,7022,0,9683353196662,9683353196682
planner,7023,0,9683353196702,9683353196722
planner,7024,0,9683353196742,9683353196762
planner,7025,0,9683353196782,9683353196792
planner,7026,0,9683353196812,9683353196832
planner,7027,0,9683353196852,9683353196872
planner,7028,0,9683353196892,9683353196912
planner,7029,0,9683353196932,9683353196952
planner,7030,0,9683353196972,9683353196982
planner,7031,0,9683353197002,9683353197022
planner,7032,0,9683353197042,9683353197062
planner,7033,0,9683353197082,9683353197102
planner,7034,0,9683353197122,9683353197142
planner,7035,0,9683353197162,9683353197172
planner,7036,0,9683353197192,9683353197212
planner,7037,0,9683353197232,9683353197252
planner,7038,0,9683353197272,9683353197292
planner,7039,0,9683353197312,9683353197332
planner,7040,0,9683353197972,9683353197992
planner,7041,0,9683353198012,9683353198032
planner,7042,0,9683353198052,9683353198072
planner,7043,0,9683353198092,9683353198102
planner,7044,0,9683353198132,9683353198142
planner,7045,0,9683353198162,9683353198182
planner,7046,0,9683353198202,9683353198222
planner,7047,0,9683353198242,9683353198262
planner,7048,0,9683353198282,9683353198302
planner,7049,0,9683353198322,9683353198332
planner,7050,0,9683353198352,9683353198372
planner,7051,0,9683353198392,9683353198412
planner,7052,0,9683353198432,9683353198452
planner,7053,0,9683353198472,9683353198492
planner,7054,0,9683353198512,9683353198522
planner,7055,0,9683353198542,9683353198562
planner,7056,0,9683353198582,9683353198602
planner,7057,0,9683353198622,9683353198642
planner,7058,0,9683353198662,9683353198682
planner,7059,0,9683353198702,9683353198712
planner,7060,0,9683353198742,9683353198752
planner,7061,0,9683353198772,9683353198792
planner,7062,0,9683353198812,9683353198832
planner,7063,0,9683353198852,9683353198872
planner,7064,0,9683353198892,9683353198912
planner,7065,0,9683353198932,9683353198942
planner,7066,0,9683353198962,9683353198982
planner,7067,0,9683353199002,9683353199022
planner,7068,0,9683353199042,9683353199062
planner,7069,0,9683353199082,9683353199102
planner,7070,0,9683353199122,9683353199132
planner,7071,0,9683353199152,9683353199172
planner,7072,0,9683353199192,9683353199212
planner,7073,0,9683353199232,9683353199252
planner,7074,0,9683353199272,9683353199292
planner,7075,0,9683353199312,9683353199322
planner,7076,0,9683353199342,9683353199362
planner,7077,0,9683353199382,9683353199402
planner,7078,0,9683353199422,9683353199442
planner,7079,0,9683353199462,9683353199482
planner,7080,0,9683353199502,9683353199512
planner,7081,0,9683353199532,9683353199552
planner,7082,0,9683353199572,9683353199592
planner,7083,0,9683353199612,9683353199632
planner,7084,0,9683353199652,9683353199672
planner,7085,0,9683353199692,9683353199702
planner,7086,0,9683353199722,9683353199742
planner,7087,0,9683353199762,9683353199782
planner,7088,0,9683353199802,9683353199822
planner,7089,0,9683353199842,9683353199862
planner,7090,0,9683353199882,9683353199892
planner,7091,0,9683353199912,9683353199932
planner,7092,0,9683353199952,9683353199972
planner,7093,0,9683353199992,9683353200012
planner,7094,0,9683353200032,9683353200052
planner,7095,0,9683353200072,9683353200092
planner,7096,0,9683353200112,9683353200122
planner,7097,0,9683353200142,9683353200162
planner,7098,0,9683353200182,9683353200202
planner,7099,0,9683353200222,9683353200242
planner,7100,0,9683353200262,9683353200282
planner,7101,0,9683353200302,9683353200312
planner,7102,0,9683353200332,9683353200352
planner,7103,0,9683353200372,9683353200392
planner,7104,0,9683353200412,9683353200432
planner,7105,0,9683353200452,9683353200472
planner,7106,0,9683353200492,9683353200502
planner,7107,0,9683353200522,9683353200542
planner,7108,0,9683353200562,9683353200582
planner,7109,0,9683353200602,9683353200622
planner,7110,0,9683353200642,9683353200662
planner,7111,0,9683353200682,9683353200692
planner,7112,0,9683353200712,9683353200732
planner,7113,0,9683353200752,9683353200772
planner,7114,0,9683353200792,9683353200812
planner,7115,0,9683353200832,9683353200852
planner,7116,0,9683353200872,9683353200882
planner,7117,0,9683353200902,9683353200922
planner,7118,0,9683353200942,9683353200962
planner,7119,0,9683353200982,9683353201002
planner,7120,0,9683353201022,9683353201042
planner,7121,0,9683353201062,9683353201072
planner,7122,0,9683353201092,9683353201112
planner,7123,0,9683353201132,9683353201152
planner,7124,0,9683353201172,9683353201192
planner,7125,0,9683353201212,9683353201232
planner,7126,0,9683353201252,9683353201262
planner,7127,0,9683353201292,9683353201302
planner,7128,0,9683353201322,9683353201342
planner,7129,0,9683353201362,9683353201382
planner,7130,0,9683353201402,9683353201422
planner,7131,0,9683353201442,9683353201462
planner,7132,0,9683353201482,9683353201492
planner,7133,0,9683353201512,9683353201532
planner,7134,0,9683353201552,9683353201572
planner,7135,0,9683353201592,9683353201612
planner,7136,0,9683353201632,9683353201652
planner,7137,0,9683353201672,9683353201682
planner,7138,0,9683353201702,9683353201722
planner,7139,0,9683353201742,9683353201762
planner,7140,0,9683353201782,9683353201802
planner,7141,0,9683353201822,9683353201842
planner,7142,0,9683353201862,9683353201872
planner,7143,0,9683353201892,9683353201912
planner,7144,0,9683353201932,9683353201952
planner,7145,0,9683353201972,9683353201992
planner,7146,0,9683353202012,9683353202032
planner,7147,0,9683353202052,9683353202062
planner,7148,0,9683353202082,9683353202102
planner,7149,0,9683353202122,9683353202142
planner,7150,0,9683353202162,9683353202182
planner,7151,0,9683353202202,9683353202222
planner,7152,0,9683353202242,9683353202262
planner,7153,0,9683353202282,9683353202292
planner,7154,0,9683353202312,9683353202332
planner,7155,0,9683353202352,9683353202372
planner,7156,0,9683353202392,9683353202412
planner,7157,0,9683353202432,9683353202452
planner,7158,0,9683353202472,9683353202482
planner,7159,0,9683353202502,9683353202522
planner,7160,0,9683353202542,9683353202562
planner,7161,0,9683353202582,9683353202602
planner,7162,0,9683353202622,9683353202642
planner,7163,0,9683353202662,9683353202672
planner,7164,0,9683353202692,9683353202712
planner,7165,0,9683353202732,9683353202752
planner,7166,0,9683353202772,9683353202792
planner,7167,0,9683353202812,9683353202832
planner,7168,0,9683353203272,9683353203292
planner,7169,0,9683353203312,9683353203332
planner,7170,0,9683353203352,9683353203372
planner,7171,0,9683353203392,9683353203412
planner,7172,0,9683353203432,9683353203452
planner,7173,0,9683353203472,9683353203492
planner,7174,0,9683353203512,9683353203522
planner,7175,0,9683353203542,9683353203562
planner,7176,0,9683353203582,9683353203602
planner,7177,0,9683353203622,9683353203642
planner,7178,0,9683353203662,9683353203682
planner,7179,0,9683353203702,9683353203712
planner,7180,0,9683353203742,9683353203752
planner,7181,0,9683353203772,9683353203792
planner,7182,0,9683353203812,9683353203832
planner,7183,0,9683353203852,9683353203872
planner,7184,0,9683353203892,9683353203912
planner,7185,0,9683353203932,9683353203942
planner,7186,0,9683353203962,9683353203982
planner,7187,0,9683353204002,9683353204022
planner,7188,0,9683353204042,9683353204062
planner,7189,0,9683353204082,9683353204102
planner,7190,0,9683353204122,9683353204132
planner,7191,0,9683353204152,9683353204172
planner,7192,0,9683353204192,9683353204212
planner,7193,0,9683353204232,9683353204252
planner,7194,0,9683353204272,9683353204292
planner,7195,0,9683353204312,9683353204322
planner,7196,0,9683353204342,9683353204362
planner,7197,0,9683353204382,9683353204402
planner,7198,0,9683353204422,9683353204442
planner,7199,0,9683353204462,9683353204482
planner,7200,0,9683353204502,9683353204512
planner,7201,0,9683353204532,9683353204552
planner,7202,0,9683353204572,9683353204592
planner,7203,0,9683353204612,9683353204632
planner,7204,0,9683353204652,9683353204672
planner,7205,0,9683353204692,9683353204702
planner,7206,0,9683353204732,9683353204742
planner,7207,0,9683353204762,9683353204782
planner,7208,0,9683353204802,9683353204822
planner,7209,0,9683353204842,9683353204862
planner,7210,0,9683353204882,9683353204902
planner,7211,0,9683353204922,9683353204932
planner,7212,0,9683353204952,9683353204972
planner,7213,0,9683353204992,9683353205012
planner,7214,0,9683353205032,9683353205052
planner,7215,0,9683353205072,9683353205092
planner,7216,0,9683353205112,9683353205122
planner,7217,0,9683353205142,9683353205162
planner,7218,0,9683353205182,9683353205202
planner,7219,0,9683353205222,9683353205242
planner,7220,0,9683353205262,9683353205282
planner,7221,0,9683353205302,9683353205312
planner,7222,0,9683353205332,9683353205352
planner,7223,0,9683353205372,9683353205392
planner,7224,0,9683353205412,9683353205432
planner,7225,0,9683353205452,9683353205472
planner,7226,0,9683353205492,9683353205502
planner,7227,0,9683353205532,9683353205542
planner,7228,0,9683353205562,9683353205582
planner,7229,0,9683353205602,9683353205622
planner,7230,0,9683353205642,9683353205662
planner,7231,0,9683353205682,9683353205702
planner,7232,0,9683353205722,9683353205732
planner,7233,0,9683353205752,9683353205772
planner,7234,0,9683353205792,9683353205812
planner,7235,0,9683353205832,9683353205852
planner,7236,0,9683353205872,9683353205892
planner,7237,0,9683353205912,9683353205922
planner,7238,0,9683353205942,9683353205962
planner,7239,0,9683353205982,9683353206002
planner,7240,0,9683353206022,9683353206042
planner,7241,0,9683353206062,9683353206082
planner,7242,0,9683353206102,9683353206112
planner,7243,0,9683353206142,9683353206152
planner,7244,0,9683353206172,9683353206192
planner,7245,0,9683353206212,9683353206232
planner,7246,0,9683353206252,9683353206272
planner,7247,0,9683353206292,9683353206312
planner,7248,0,9683353206332,9683353206342
planner,7249,0,9683353206362,9683353206382
planner,7250,0,9683353206402,9683353206422
planner,7251,0,9683353206442,9683353206462
planner,7252,0,9683353206482,9683353206502
planner,7253,0,9683353206522,9683353206532
planner,7254,0,9683353206552,9683353206572
planner,7255,0,9683353206592,9683353206612
planner,7256,0,9683353206632,9683353206652
planner,7257,0,9683353206672,9683353206692
planner,7258,0,9683353206712,9683353206722
planner,7259,0,9683353206742,9683353206762
planner,7260,0,9683353206782,9683353206802
planner,7261,0,9683353206822,9683353206842
planner,7262,0,9683353206862,9683353206882
planner,7263,0,9683353206902,9683353206912
planner,7264,0,9683353206932,9683353206952
planner,7265,0,9683353206972,9683353206992
planner,7266,0,9683353207012,9683353207032
planner,7267,0,9683353207052,9683353207072
planner,7268,0,9683353207092,9683353207102
planner,7269,0,9683353207132,9683353207142
planner,7270,0,9683353207162,9683353207182
planner,7271,0,9683353207202,9683353207222
planner,7272,0,9683353207242,9683353207262
planner,7273,0,9683353207282,9683353207302
planner,7274,0,9683353207322,9683353207332
planner,7275,0,9683353207352,9683353207372
planner,7276,0,9683353207392,9683353207412
planner,7277,0,9683353207432,9683353207452
planner,7278,0,9683353207472,9683353207492
planner,7279,0,9683353207512,9683353207522
planner,7280,0,9683353207542,9683353207562
planner,7281,0,9683353207582,9683353207602
planner,7282,0,9683353207622,9683353207642
planner,7283,0,9683353207662,9683353207682
planner,7284,0,9683353207702,9683353207712
planner,7285,0,9683353207732,9683353207752
planner,7286,0,9683353207772,9683353207792
planner,7287,0,9683353207812,9683353207832
planner,7288,0,9683353207852,9683353207872
planner,7289,0,9683353207892,9683353207902
planner,7290,0,9683353207932,9683353207942
planner,7291,0,9683353207962,9683353207982
planner,7292,0,9683353208002,9683353208022
planner,7293,0,9683353208042,9683353208062
planner,7294,0,9683353208082,9683353208102
planner,7295,0,9683353208122,9683353208132
planner,7296,0,9683353208742,9683353208762
planner,7297,0,9683353208782,9683353208802
planner,7298,0,9683353208822,9683353208832
planner,7299,0,9683353208862,9683353208872
planner,7300,0,9683353208892,9683353208912
planner,7301,0,9683353208932,9683353208952
planner,7302,0,9683353208972,9683353208992
planner,7303,0,9683353209012,9683353209032
planner,7304,0,9683353209052,9683353209072
planner,7305,0,9683353209092,9683353209102
planner,7306,0,9683353209122,9683353209142
planner,7307,0,9683353209162,9683353209182
planner,7308,0,9683353209202,9683353209222
planner,7309,0,9683353209242,9683353209262
planner,7310,0,9683353209282,9683353209292
planner,7311,0,9683353209312,9683353209332
planner,7312,0,9683353209352,9683353209372
planner,7313,0,9683353209392,9683353209412
planner,7314,0,9683353209432,9683353209452
planner,7315,0,9683353209472,9683353209482
planner,7316,0,9683353209502,9683353209522
planner,7317,0,9683353209542,9683353209562
planner,7318,0,9683353209582,9683353209602
planner,7319,0,9683353209622,9683353209642
planner,7320,0,9683353209662,9683353209672
planner,7321,0,9683353209692,9683353209712
planner,7322,0,9683353209732,9683353209752
planner,7323,0,9683353209772,9683353209792
planner,7324,0,9683353209812,9683353209832
planner,7325,0,9683353209852,9683353209862
planner,7326,0,9683353209892,9683353209902
planner,7327,0,9683353209922,9683353209942
planner,7328,0,9683353209962,9683353209982
planner,7329,0,9683353210002,9683353210022
planner,7330,0,9683353210042,9683353210062
planner,7331,0,9683353210082,9683353210092
planner,7332,0,9683353210112,9683353210132
planner,7333,0,9683353210152,9683353210172
planner,7334,0,9683353210192,9683353210212
planner,7335,0,9683353210232,9683353210252
planner,7336,0,9683353210272,9683353210282
planner,7337,0,9683353210302,9683353210322
planner,7338,0,9683353210342,9683353210362
planner,7339,0,9683353210382,9683353210402
planner,7340,0,9683353210422,9683353210442
planner,7341,0,9683353210462,9683353210472
planner,7342,0,9683353210492,9683353210512
planner,7343,0,9683353210532,9683353210552
planner,7344,0,9683353210572,9683353210592
planner,7345,0,9683353210612,9683353210632
planner,7346,0,9683353210652,9683353210662
planner,7347,0,9683353210682,9683353210702
planner,7348,0,9683353210722,9683353210742
planner,7349,0,9683353210762,9683353210782
planner,7350,0,9683353210802,9683353210822
planner,7351,0,9683353210842,9683353210862
planner,7352,0,9683353210882,9683353210892
planner,7353,0,9683353210912,9683353210932
planner,7354,0,9683353210952,9683353210972
planner,7355,0,9683353210992,9683353211012
planner,7356,0,9683353211032,9683353211052
planner,7357,0,9683353211072,9683353211082
planner,7358,0,9683353211102,9683353211122
planner,7359,0,9683353211142,9683353211162
planner,7360,0,9683353211182,9683353211202
planner,7361,0,9683353211222,9683353211242
planner,7362,0,9683353211262,9683353211272
planner,7363,0,9683353211292,9683353211312
planner,7364,0,9683353211332,9683353211352
planner,7365,0,9683353211372,9683353211392
planner,7366,0,9683353211412,9683353211432
planner,7367,0,9683353211452,9683353211472
planner,7368,0,9683353211492,9683353211502
planner,7369,0,9683353211522,9683353211542
planner,7370,0,9683353211562,9683353211582
planner,7371,0,9683353211602,9683353211622
planner,7372,0,9683353211642,9683353211662
planner,7373,0,9683353211682,9683353211692
planner,7374,0,9683353211712,9683353211732
planner,7375,0,9683353211752,9683353211772
planner,7376,0,9683353211792,9683353211812
planner,7377,0,9683353211832,9683353211852
planner,7378,0,9683353211872,9683353211882
planner,7379,0,9683353211902,9683353211922
planner,7380,0,9683353211942,9683353211962
planner,7381,0,9683353211982,9683353212002
planner,7382,0,9683353212022,9683353212042
planner,7383,0,9683353212062,9683353212072
planner,7384,0,9683353212092,9683353212112
planner,7385,0,9683353212132,9683353212152
planner,7386,0,9683353212172,9683353212192
planner,7387,0,9683353212212,9683353212232
planner,7388,0,9683353212252,9683353212272
planner,7389,0,9683353212292,9683353212302
planner,7390,0,9683353212322,9683353212342
planner,7391,0,9683353212362,9683353212382
planner,7392,0,9683353212402,9683353212422
planner,7393,0,9683353212442,9683353212462
planner,7394,0,9683353212482,9683353212492
planner,7395,0,9683353212512,9683353212532
planner,7396,0,9683353212552,9683353212572
planner,7397,0,9683353212592,9683353212612
planner,7398,0,9683353212632,9683353212652
planner,7399,0,9683353212672,9683353212682
planner,7400,0,9683353212702,9683353212722
planner,7401,0,9683353212742,9683353212762
planner,7402,0,9683353212782,9683353212802
planner,7403,0,9683353212822,9683353212842
planner,7404,0,9683353212862,9683353212872
planner,7405,0,9683353212902,9683353212912
planner,7406,0,9683353212932,9683353212952
planner,7407,0,9683353212972,9683353212992
planner,7408,0,9683353213012,9683353213032
planner,7409,0,9683353213052,9683353213072
planner,7410,0,9683353213092,9683353213102
planner,7411,0,9683353213122,9683353213142
planner,7412,0,9683353213162,9683353213182
planner,7413,0,9683353213202,9683353213222
planner,7414,0,9683353213242,9683353213262
planner,7415,0,9683353213282,9683353213292
planner,7416,0,9683353213312,9683353213332
planner,7417,0,9683353213352,9683353213372
planner,7418,0,9683353213392,9683353213412
planner,7419,0,9683353213432,9683353213452
planner,7420,0,9683353213472,9683353213482
planner,7421,0,9683353213512,9683353213522
planner,7422,0,9683353213542,9683353213562
planner,7423,0,9683353213582,9683353213602
planner,7424,0,9683353214042,9683353214062
planner,7425,0,9683353214082,9683353214102
planner,7426,0,9683353214122,9683353214142
planner,7427,0,9683353214162,9683353214172
planner,7428,0,9683353214202,9683353214212
planner,7429,0,9683353214232,9683353214252
planner,7430,0,9683353214272,9683353214292
planner,7431,0,9683353214312,9683353214332
planner,7432,0,9683353214352,9683353214372
planner,7433,0,9683353214392,9683353214402
planner,7434,0,9683353214432,9683353214442
planner,7435,0,9683353214462,9683353214482
planner,7436,0,9683353214502,9683353214522
planner,7437,0,9683353214542,9683353214562
planner,7438,0,9683353214582,9683353214602
planner,7439,0,9683353214622,9683353214632
planner,7440,0,9683353214652,9683353214672
planner,7441,0,9683353214692,9683353214712
planner,7442,0,9683353214732,9683353214752
planner,7443,0,9683353214772,9683353214792
planner,7444,0,9683353214812,9683353214822
planner,7445,0,9683353214842,9683353214862
planner,7446,0,9683353214882,9683353214902
planner,7447,0,9683353214922,9683353214942
planner,7448,0,9683353214962,9683353214982
planner,7449,0,9683353215002,9683353215012
planner,7450,0,9683353215032,9683353215052
planner,7451,0,9683353215072,9683353215092
planner,7452,0,9683353215112,9683353215132
planner,7453,0,9683353215152,9683353215172
planner,7454,0,9683353215192,9683353215202
planner,7455,0,9683353215232,9683353215242
planner,7456,0,9683353215262,9683353215282
planner,7457,0,9683353215302,9683353215322
planner,7458,0,9683353215342,9683353215362
planner,7459,0,9683353215382,9683353215392
planner,7460,0,9683353215422,9683353215432
planner,7461,0,9683353215452,9683353215472
planner,7462,0,9683353215492,9683353215512
planner,7463,0,9683353215532,9683353215552
planner,7464,0,9683353215572,9683353215592
planner,7465,0,9683353215612,9683353215622
planner,7466,0,9683353215642,9683353215662
planner,7467,0,9683353215682,9683353215702
planner,7468,0,9683353215722,9683353215742
planner,7469,0,9683353215762,9683353215782
planner,7470,0,9683353215802,9683353215812
planner,7471,0,9683353215832,9683353215852
planner,7472,0,9683353215872,9683353215892
planner,7473,0,9683353215912,9683353215932
planner,7474,0,9683353215952,9683353215972
planner,7475,0,9683353215992,9683353216002
planner,7476,0,9683353216022,9683353216042
planner,7477,0,9683353216062,9683353216082
planner,7478,0,9683353216102,9683353216122
planner,7479,0,9683353216142,9683353216162
planner,7480,0,9683353216182,9683353216192
planner,7481,0,9683353216212,9683353216232
planner,7482,0,9683353216252,9683353216272
planner,7483,0,9683353216292,9683353216312
planner,7484,0,9683353216332,9683353216352
planner,7485,0,9683353216372,9683353216382
planner,7486,0,9683353216412,9683353216422
planner,7487,0,9683353216442,9683353216462
planner,7488,0,9683353216482,9683353216502
planner,7489,0,9683353216522,9683353216542
planner,7490,0,9683353216562,9683353216582
planner,7491,0,9683353216602,9683353216612
planner,7492,0,9683353216632,9683353216652
planner,7493,0,9683353216672,9683353216692
planner,7494,0,9683353216712,9683353216732
planner,7495,0,9683353216752,9683353216772
planner,7496,0,9683353216792,9683353216802
planner,7497,0,9683353216822,9683353216842
planner,7498,0,9683353216862,9683353216882
planner,7499,0,9683353216902,9683353216922
planner,7500,0,9683353216942,9683353216962
planner,7501,0,9683353216982,9683353216992
planner,7502,0,9683353217012,9683353217032
planner,7503,0,9683353217052,9683353217072
planner,7504,0,9683353217092,9683353217112
planner,7505,0,9683353217132,9683353217152
planner,7506,0,9683353217172,9683353217182
planner,7507,0,9683353217212,9683353217222
planner,7508,0,9683353217242,9683353217262
planner,7509,0,9683353217282,9683353217302
planner,7510,0,9683353217322,9683353217342
planner,7511,0,9683353217362,9683353217382
planner,7512,0,9683353217402,9683353217412
planner,7513,0,9683353217432,9683353217452
planner,7514,0,9683353217472,9683353217492
planner,7515,0,9683353217512,9683353217532
planner,7516,0,9683353217552,9683353217572
planner,7517,0,9683353217592,9683353217602
planner,7518,0,9683353217622,9683353217642
planner,7519,0,9683353217662,9683353217682
planner,7520,0,9683353217702,9683353217722
planner,7521,0,9683353217742,9683353217762
planner,7522,0,9683353217782,9683353217792
planner,7523,0,9683353217812,9683353217832
planner,7524,0,9683353217852,9683353217872
planner,7525,0,9683353217892,9683353217912
planner,7526,0,9683353217932,9683353217952
planner,7527,0,9683353217972,9683353217982
planner,7528,0,9683353218012,9683353218022
planner,7529,0,9683353218042,9683353218062
planner,7530,0,9683353218082,9683353218102
planner,7531,0,9683353218122,9683353218142
planner,7532,0,9683353218162,9683353218182
planner,7533,0,9683353218202,9683353218212
planner,7534,0,9683353218232,9683353218252
planner,7535,0,9683353218272,9683353218292
planner,7536,0,9683353218312,9683353218332
planner,7537,0,9683353218352,9683353218372
planner,7538,0,9683353218392,9683353218402
planner,7539,0,9683353218422,9683353218442
planner,7540,0,9683353218462,9683353218482
planner,7541,0,9683353218502,9683353218522
planner,7542,0,9683353218542,9683353218562
planner,7543,0,9683353218582,9683353218592
planner,7544,0,9683353218612,9683353218632
planner,7545,0,9683353218652,9683353218672
planner,7546,0,9683353218692,9683353218712
planner,7547,0,9683353218732,9683353218752
planner,7548,0,9683353218772,9683353218792
planner,7549,0,9683353218812,9683353218822
planner,7550,0,9683353218842,9683353218862
planner,7551,0,9683353218882,9683353218902
planner,7552,0,9683353219352,9683353219372
planner,7553,0,9683353219392,9683353219412
planner,7554,0,9683353219432,9683353219442
planner,7555,0,9683353219472,9683353219482
planner,7556,0,9683353219502,9683353219522
planner,7557,0,9683353219542,9683353219562
planner,7558,0,9683353219582,9683353219602
planner,7559,0,9683353219622,9683353219642
planner,7560,0,9683353219662,9683353219682
planner,7561,0,9683353219702,9683353219712
planner,7562,0,9683353219732,9683353219752
planner,7563,0,9683353219772,9683353219792
planner,7564,0,9683353219812,9683353219832
planner,7565,0,9683353219852,9683353219872
planner,7566,0,9683353219892,9683353219902
planner,7567,0,9683353219922,9683353219942
planner,7568,0,9683353219962,9683353219982
planner,7569,0,9683353220002,9683353220022
planner,7570,0,9683353220042,9683353220062
planner,7571,0,9683353220082,9683353220092
planner,7572,0,9683353220122,9683353220132
planner,7573,0,9683353220152,9683353220172
planner,7574,0,9683353220192,9683353220212
planner,7575,0,9683353220232,9683353220252
planner,7576,0,9683353220272,9683353220292
planner,7577,0,9683353220312,9683353220322
planner,7578,0,9683353220342,9683353220362
planner,7579,0,9683353220382,9683353220402
planner,7580,0,9683353220422,9683353220442
planner,7581,0,9683353220462,9683353220482
planner,7582,0,9683353220502,9683353220512
planner,7583,0,9683353220532,9683353220552
planner,7584,0,9683353220572,9683353220592
planner,7585,0,9683353220612,9683353220632
planner,7586,0,9683353220652,9683353220672
planner,7587,0,9683353220692,9683353220702
planner,7588,0,9683353220722,9683353220742
planner,7589,0,9683353220762,9683353220782
planner,7590,0,9683353220802,9683353220822
planner,7591,0,9683353220842,9683353220862
planner,7592,0,9683353220882,9683353220892
planner,7593,0,9683353220922,9683353220932
planner,7594,0,9683353220952,9683353220972
planner,7595,0,9683353220992,9683353221012
planner,7596,0,9683353221032,9683353221052
planner,7597,0,9683353221072,9683353221092
planner,7598,0,9683353221112,9683353221122
planner,7599,0,9683353221142,9683353221162
planner,7600,0,9683353221182,9683353221202
planner,7601,0,9683353221222,9683353221242
planner,7602,0,9683353221262,9683353221282
planner,7603,0,9683353221302,9683353221312
planner,7604,0,9683353221332,9683353221352
planner,7605,0,9683353221372,9683353221392
planner,7606,0,9683353221412,9683353221432
planner,7607,0,9683353221452,9683353221472
planner,7608,0,9683353221492,9683353221502
planner,7609,0,9683353221522,9683353221542
planner,7610,0,9683353221562,9683353221582
planner,7611,0,9683353221602,9683353221622
planner,7612,0,9683353221642,9683353221662
planner,7613,0,9683353221682,9683353221692
planner,7614,0,9683353221712,9683353221732
planner,7615,0,9683353221752,9683353221772
planner,7616,0,9683353221792,9683353221812
planner,7617,0,9683353221832,9683353221852
planner,7618,0,9683353221872,9683353221892
planner,7619,0,9683353221912,9683353221922
planner,7620,0,9683353221942,9683353221962
planner,7621,0,9683353221982,9683353222002
planner,7622,0,9683353222022,9683353222042
planner,7623,0,9683353222062,9683353222082
planner,7624,0,9683353222102,9683353222112
planner,7625,0,9683353222132,9683353222152
planner,7626,0,9683353222172,9683353222192
planner,7627,0,9683353222212,9683353222232
planner,7628,0,9683353222252,9683353222272
planner,7629,0,9683353222292,9683353222302
planner,7630,0,9683353222322,9683353222342
planner,7631,0,9683353222362,9683353222382
planner,7632,0,9683353222402,9683353222422
planner,7633,0,9683353222442,9683353222462
planner,7634,0,9683353222482,9683353222492
planner,7635,0,9683353222512,9683353222532
planner,7636,0,9683353222552,9683353222572
planner,7637,0,9683353222592,9683353222612
planner,7638,0,9683353222632,9683353222652
planner,7639,0,9683353222672,9683353222682
planner,7640,0,9683353222712,9683353222722
planner,7641,0,9683353222742,9683353222762
planner,7642,0,9683353222782,9683353222802
planner,7643,0,9683353222822,9683353222842
planner,7644,0,9683353222862,9683353222882
planner,7645,0,9683353222902,9683353222912
planner,7646,0,9683353222932,9683353222952
planner,7647,0,9683353222972,9683353222992
planner,7648,0,9683353223012,9683353223032
planner,7649,0,9683353223052,9683353223072
planner,7650,0,9683353223092,9683353223102
planner,7651,0,9683353223122,9683353223142
planner,7652,0,9683353223162,9683353223182
planner,7653,0,9683353223202,9683353223222
planner,7654,0,9683353223242,9683353223262
planner,7655,0,9683353223282,9683353223292
planner,7656,0,9683353223312,9683353223332
planner,7657,0,9683353223352,9683353223372
planner,7658,0,9683353223392,9683353223412
planner,7659,0,9683353223432,9683353223452
planner,7660,0,9683353223472,9683353223482
planner,7661,0,9683353223512,9683353223522
planner,7662,0,9683353223542,9683353223562
planner,7663,0,9683353223582,9683353223602
planner,7664,0,9683353223622,9683353223642
planner,7665,0,9683353223662,9683353223682
planner,7666,0,9683353223702,9683353223712
planner,7667,0,9683353223732,9683353223752
planner,7668,0,9683353223772,9683353223792
planner,7669,0,9683353223812,9683353223832
planner,7670,0,9683353223852,9683353223872
planner,7671,0,9683353223892,9683353223902
planner,7672,0,9683353223922,9683353223942
planner,7673,0,9683353223962,9683353223982
planner,7674,0,9683353224002,9683353224022
planner,7675,0,9683353224042,9683353224062
planner,7676,0,9683353224082,9683353224092
planner,7677,0,9683353224112,9683353224132
planner,7678,0,9683353224152,9683353224172
planner,7679,0,9683353224192,9683353224212
planner,7680,0,9683353224652,9683353224672
planner,7681,0,9683353224692,9683353224712
planner,7682,0,9683353224732,9683353224742
planner,7683,0,9683353224762,9683353224782
planner,7684,0,9683353224802,9683353224822
planner,7685,0,9683353224842,9683353224862
planner,7686,0,9683353224882,9683353224902
planner,7687,0,9683353224922,9683353224942
planner,7688,0,9683353224962,9683353224972
planner,7689,0,9683353224992,9683353225012
planner,7690,0,9683353225032,9683353225052
planner,7691,0,9683353225072,9683353225092
planner,7692,0,9683353225112,9683353225132
planner,7693,0,9683353225152,9683353225172
planner,7694,0,9683353225192,9683353225202
planner,7695,0,9683353225222,9683353225242
planner,7696,0,9683353225262,9683353225282
planner,7697,0,9683353225302,9683353225322
planner,7698,0,9683353225342,9683353225362
planner,7699,0,9683353225382,9683353225392
planner,7700,0,9683353225412,9683353225432
planner,7701,0,9683353225452,9683353225472
planner,7702,0,9683353225492,9683353225512
planner,7703,0,9683353225532,9683353225552
planner,7704,0,9683353225572,9683353225582
planner,7705,0,9683353225602,9683353225622
planner,7706,0,9683353225642,9683353225662
planner,7707,0,9683353225682,9683353225702
planner,7708,0,9683353225722,9683353225742
planner,7709,0,9683353225762,9683353225772
planner,7710,0,9683353225792,9683353225812
planner,7711,0,9683353225832,9683353225852
planner,7712,0,9683353225872,9683353225892
planner,7713,0,9683353225912,9683353225932
planner,7714,0,9683353225952,9683353225962
planner,7715,0,9683353225982,9683353226002
planner,7716,0,9683353226022,9683353226042
planner,7717,0,9683353226062,9683353226082
planner,7718,0,9683353226102,9683353226122
planner,7719,0,9683353226142,9683353226152
planner,7720,0,9683353226182,9683353226192
planner,7721,0,9683353226212,9683353226232
planner,7722,0,9683353226252,9683353226272
planner,7723,0,9683353226292,9683353226312
planner,7724,0,9683353226332,9683353226352
planner,7725,0,9683353226372,9683353226382
planner,7726,0,9683353226402,9683353226422
planner,7727,0,9683353226442,9683353226462
planner,7728,0,9683353226482,9683353226502
planner,7729,0,9683353226522,9683353226542
planner,7730,0,9683353226562,9683353226572
planner,7731,0,9683353226592,9683353226612
planner,7732,0,9683353226632,9683353226652
planner,7733,0,9683353226672,9683353226692
planner,7734,0,9683353226712,9683353226732
planner,7735,0,9683353226752,9683353226762
planner,7736,0,9683353226782,9683353226802
planner,7737,0,9683353226822,9683353226842
planner,7738,0,9683353226862,9683353226882
planner,7739,0,9683353226902,9683353226922
planner,7740,0,9683353226942,9683353226952
planner,7741,0,9683353226972,9683353226992
planner,7742,0,9683353227012,9683353227032
planner,7743,0,9683353227052,9683353227072
planner,7744,0,9683353227092,9683353227112
planner,7745,0,9683353227132,9683353227142
planner,7746,0,9683353227162,9683353227182
planner,7747,0,9683353227202,9683353227222
planner,7748,0,9683353227242,9683353227262
planner,7749,0,9683353227282,9683353227302
planner,7750,0,9683353227322,9683353227332
planner,7751,0,9683353227352,9683353227372
planner,7752,0,9683353227392,9683353227412
planner,7753,0,9683353227432,9683353227452
planner,7754,0,9683353227472,9683353227492
planner,7755,0,9683353227512,9683353227522
planner,7756,0,9683353227542,9683353227562
planner,7757,0,9683353227582,9683353227602
planner,7758,0,9683353227622,9683353227642
planner,7759,0,9683353227662,9683353227682
planner,7760,0,9683353227702,9683353227712
planner,7761,0,9683353227732,9683353227752
planner,7762,0,9683353227772,9683353227792
planner,7763,0,9683353227812,9683353227832
planner,7764,0,9683353227852,9683353227872
planner,7765,0,9683353227892,9683353227902
planner,7766,0,9683353227922,9683353227942
planner,7767,0,9683353227962,9683353227982
planner,7768,0,9683353228002,9683353228022
planner,7769,0,9683353228042,9683353228062
planner,7770,0,9683353228082,9683353228092
planner,7771,0,9683353228112,9683353228132
planner,7772,0,9683353228152,9683353228172
planner,7773,0,9683353228192,9683353228212
planner,7774,0,9683353228232,9683353228252
planner,7775,0,9683353228272,9683353228282
planner,7776,0,9683353228312,9683353228322
planner,7777,0,9683353228342,9683353228362
planner,7778,0,9683353228382,9683353228402
planner,7779,0,9683353228422,9683353228442
planner,7780,0,9683353228462,9683353228482
planner,7781,0,9683353228502,9683353228512
planner,7782,0,9683353228532,9683353228552
planner,7783,0,9683353228572,9683353228592
planner,7784,0,9683353228612,9683353228632
planner,7785,0,9683353228652,9683353228672
planner,7786,0,9683353228692,9683353228702
planner,7787,0,9683353228722,9683353228742
planner,7788,0,9683353228762,9683353228782
planner,7789,0,9683353228802,9683353228822
planner,7790,0,9683353228842,9683353228862
planner,7791,0,9683353228882,9683353228892
planner,7792,0,9683353228912,9683353228932
planner,7793,0,9683353228952,9683353228972
planner,7794,0,9683353228992,9683353229012
planner,7795,0,9683353229032,9683353229052
planner,7796,0,9683353229072,9683353229082
planner,7797,0,9683353229112,9683353229122
planner,7798,0,9683353229142,9683353229162
planner,7799,0,9683353229182,9683353229202
planner,7800,0,9683353229222,9683353229242
planner,7801,0,9683353229262,9683353229282
planner,7802,0,9683353229302,9683353229312
planner,7803,0,9683353229332,9683353229352
planner,7804,0,9683353229372,9683353229392
planner,7805,0,9683353229412,9683353229432
planner,7806,0,9683353229452,9683353229472
planner,7807,0,9683353229492,9683353229502
planner,7808,0,9683353229952,9683353229962
planner,7809,0,9683353229982,9683353230002
planner,7810,0,9683353230022,9683353230042
planner,7811,0,9683353230062,9683353230082
planner,7812,0,9683353230102,9683353230122
planner,7813,0,9683353230142,9683353230162
planner,7814,0,9683353230182,9683353230202
planner,7815,0,9683353230222,9683353230232
planner,7816,0,9683353230252,9683353230272
planner,7817,0,9683353230292,9683353230312
planner,7818,0,9683353230332,9683353230352
planner,7819,0,9683353230372,9683353230392
planner,7820,0,9683353230412,9683353230422
planner,7821,0,9683353230442,9683353230462
planner,7822,0,9683353230482,9683353230502
planner,7823,0,9683353230522,9683353230542
planner,7824,0,9683353230562,9683353230582
planner,7825,0,9683353230602,9683353230622
planner,7826,0,9683353230642,9683353230652
planner,7827,0,9683353230672,9683353230692
planner,7828,0,9683353230712,9683353230732
planner,7829,0,9683353230752,9683353230772
planner,7830,0,9683353230792,9683353230812
planner,7831,0,9683353230832,9683353230842
planner,7832,0,9683353230862,9683353230882
planner,7833,0,9683353230902,9683353230922
planner,7834,0,9683353230942,9683353230962
planner,7835,0,9683353230982,9683353231002
planner,7836,0,9683353231022,9683353231032
planner,7837,0,9683353231052,9683353231072
planner,7838,0,9683353231092,9683353231112
planner,7839,0,9683353231132,9683353231152
planner,7840,0,9683353231172,9683353231192
planner,7841,0,9683353231212,9683353231222
planner,7842,0,9683353231242,9683353231262
planner,7843,0,9683353231282,9683353231302
planner,7844,0,9683353231322,9683353231342
planner,7845,0,9683353231362,9683353231382
planner,7846,0,9683353231402,9683353231422
planner,7847,0,9683353231442,9683353231452
planner,7848,0,9683353231472,9683353231492
planner,7849,0,9683353231512,9683353231532
planner,7850,0,9683353231552,9683353231572
planner,7851,0,9683353231592,9683353231612
planner,7852,0,9683353231632,9683353231642
planner,7853,0,9683353231662,9683353231682
planner,7854,0,9683353231702,9683353231722
planner,7855,0,9683353231742,9683353231762
planner,7856,0,9683353231782,9683353231802
planner,7857,0,9683353231822,9683353231832
planner,7858,0,9683353231852,9683353231872
planner,7859,0,9683353231892,9683353231912
planner,7860,0,9683353231932,9683353231952
planner,7861,0,9683353231972,9683353231992
planner,7862,0,9683353232012,9683353232022
planner,7863,0,9683353232052,9683353232062
planner,7864,0,9683353232082,9683353232102
planner,7865,0,9683353232122,9683353232142
planner,7866,0,9683353232162,9683353232182
planner,7867,0,9683353232202,9683353232222
planner,7868,0,9683353232242,9683353232252
planner,7869,0,9683353232272,9683353232292
planner,7870,0,9683353232312,9683353232332
planner,7871,0,9683353232352,9683353232372
planner,7872,0,9683353232392,9683353232412
planner,7873,0,9683353232432,9683353232442
planner,7874,0,9683353232462,9683353232482
planner,7875,0,9683353232502,9683353232522
planner,7876,0,9683353232542,9683353232562
planner,7877,0,9683353232582,9683353232602
planner,7878,0,9683353232622,9683353232632
planner,7879,0,9683353232652,9683353232672
planner,7880,0,9683353232692,9683353232712
planner,7881,0,9683353232732,9683353232752
planner,7882,0,9683353232772,9683353232792
planner,7883,0,9683353232812,9683353232822
planner,7884,0,9683353232842,9683353232862
planner,7885,0,9683353232882,9683353232902
planner,7886,0,9683353232922,9683353232942
planner,7887,0,9683353232962,9683353232982
planner,7888,0,9683353233002,9683353233022
planner,7889,0,9683353233042,9683353233052
planner,7890,0,9683353233072,9683353233092
planner,7891,0,9683353233112,9683353233132
planner,7892,0,9683353233152,9683353233172
planner,7893,0,9683353233192,9683353233212
planner,7894,0,9683353233232,9683353233242
planner,7895,0,9683353233262,9683353233282
planner,7896,0,9683353233302,9683353233322
planner,7897,0,9683353233342,9683353233362
planner,7898,0,9683353233382,9683353233402
planner,7899,0,9683353233422,9683353233432
planner,7900,0,9683353233452,9683353233472
planner,7901,0,9683353233492,9683353233512
planner,7902,0,9683353233532,9683353233552
planner,7903,0,9683353233572,9683353233592
planner,7904,0,9683353233612,9683353233622
planner,7905,0,9683353233652,9683353233662
planner,7906,0,9683353233682,9683353233702
planner,7907,0,9683353233722,9683353233742
planner,7908,0,9683353233762,9683353233782
planner,7909,0,9683353233802,9683353233822
planner,7910,0,9683353233842,9683353233852
planner,7911,0,9683353233872,9683353233892
planner,7912,0,9683353233912,9683353233932
planner,7913,0,9683353233952,9683353233972
planner,7914,0,9683353233992,9683353234012
planner,7915,0,9683353234032,9683353234042
planner,7916,0,9683353234062,9683353234082
planner,7917,0,9683353234102,9683353234122
planner,7918,0,9683353234142,9683353234162
planner,7919,0,9683353234182,9683353234202
planner,7920,0,9683353234222,9683353234232
planner,7921,0,9683353234252,9683353234272
planner,7922,0,9683353234292,9683353234312
planner,7923,0,9683353234332,9683353234352
planner,7924,0,9683353234372,9683353234392
planner,7925,0,9683353234412,9683353234422
planner,7926,0,9683353234442,9683353234462
planner,7927,0,9683353234482,9683353234502
planner,7928,0,9683353234522,9683353234542
planner,7929,0,9683353234562,9683353234582
planner,7930,0,9683353234602,9683353234612
planner,7931,0,9683353234642,9683353234652
planner,7932,0,9683353234672,9683353234692
planner,7933,0,9683353234712,9683353234732
planner,7934,0,9683353234752,9683353234772
planner,7935,0,9683353234792,9683353234812
planner,7936,0,9683353235242,9683353235262
planner,7937,0,9683353235282,9683353235302
planner,7938,0,9683353235322,9683353235342
planner,7939,0,9683353235362,9683353235382
planner,7940,0,9683353235402,9683353235422
planner,7941,0,9683353235442,9683353235452
planner,7942,0,9683353235472,9683353235492
planner,7943,0,9683353235512,9683353235532
planner,7944,0,9683353235552,9683353235572
planner,7945,0,9683353235592,9683353235612
planner,7946,0,9683353235632,9683353235642
planner,7947,0,9683353235662,9683353235682
planner,7948,0,9683353235702,9683353235722
planner,7949,0,9683353235742,9683353235762
planner,7950,0,9683353235782,9683353235802
planner,7951,0,9683353235822,9683353235842
planner,7952,0,9683353235862,9683353235872
planner,7953,0,9683353235892,9683353235912
planner,7954,0,9683353235932,9683353235952
planner,7955,0,9683353235972,9683353235992
planner,7956,0,9683353236012,9683353236032
planner,7957,0,9683353236052,9683353236062
planner,7958,0,9683353236082,9683353236102
planner,7959,0,9683353236122,9683353236142
planner,7960,0,9683353236162,9683353236182
planner,7961,0,9683353236202,9683353236222
planner,7962,0,9683353236242,9683353236252
planner,7963,0,9683353236272,9683353236292
planner,7964,0,9683353236312,9683353236332
planner,7965,0,9683353236352,9683353236372
planner,7966,0,9683353236392,9683353236412
planner,7967,0,9683353236432,9683353236442
planner,7968,0,9683353236462,9683353236482
planner,7969,0,9683353236502,9683353236522
planner,7970,0,9683353236542,9683353236562
planner,7971,0,9683353236582,9683353236602
planner,7972,0,9683353236622,9683353236632
planner,7973,0,9683353236652,9683353236672
planner,7974,0,9683353236692,9683353236712
planner,7975,0,9683353236732,9683353236752
planner,7976,0,9683353236772,9683353236792
planner,7977,0,9683353236812,9683353236822
planner,7978,0,9683353236852,9683353236862
planner,7979,0,9683353236882,9683353236902
planner,7980,0,9683353236922,9683353236942
planner,7981,0,9683353236962,9683353236982
planner,7982,0,9683353237002,9683353237022
planner,7983,0,9683353237042,9683353237052
planner,7984,0,9683353237072,9683353237092
planner,7985,0,9683353237112,9683353237132
planner,7986,0,9683353237152,9683353237172
planner,7987,0,9683353237192,9683353237212
planner,7988,0,9683353237232,9683353237242
planner,7989,0,9683353237262,9683353237282
planner,7990,0,9683353237302,9683353237322
planner,7991,0,9683353237342,9683353237362
planner,7992,0,9683353237382,9683353237402
planner,7993,0,9683353237422,9683353237432
planner,7994,0,9683353237452,9683353237472
planner,7995,0,9683353237492,9683353237512
planner,7996,0,9683353237532,9683353237552
planner,7997,0,9683353237572,9683353237592
planner,7998,0,9683353237612,9683353237622
planner,7999,0,9683353237642,9683353237662
planner,8000,0,9683353237682,9683353237702
planner,8001,0,9683353237722,9683353237742
planner,8002,0,9683353237762,9683353237782
planner,8003,0,9683353237802,9683353237822
planner,8004,0,9683353237842,9683353237852
planner,8005,0,9683353237872,9683353237892
planner,8006,0,9683353237912,9683353237932
planner,8007,0,9683353237952,9683353237972
planner,8008,0,9683353237992,9683353238012
planner,8009,0,9683353238032,9683353238042
planner,8010,0,9683353238062,9683353238082
planner,8011,0,9683353238102,9683353238122
planner,8012,0,9683353238142,9683353238162
planner,8013,0,9683353238182,9683353238202
planner,8014,0,9683353238222,9683353238232
planner,8015,0,9683353238252,9683353238272
planner,8016,0,9683353238292,9683353238312
planner,8017,0,9683353238332,9683353238352
planner,8018,0,9683353238372,9683353238392
planner,8019,0,9683353238412,9683353238422
planner,8020,0,9683353238442,9683353238462
planner,8021,0,9683353238482,9683353238502
planner,8022,0,9683353238522,9683353238542
planner,8023,0,9683353238562,9683353238582
planner,8024,0,9683353238602,9683353238622
planner,8025,0,9683353238642,9683353238652
planner,8026,0,9683353238672,9683353238692
planner,8027,0,9683353238712,9683353238732
planner,8028,0,9683353238752,9683353238772
planner,8029,0,9683353238792,9683353238812
planner,8030,0,9683353238832,9683353238842
planner,8031,0,9683353238862,9683353238882
planner,8032,0,9683353238902,9683353238922
planner,8033,0,9683353238942,9683353238962
planner,8034,0,9683353238982,9683353239002
planner,8035,0,9683353239022,9683353239032
planner,8036,0,9683353239052,9683353239072
planner,8037,0,9683353239092,9683353239112
planner,8038,0,9683353239132,9683353239152
planner,8039,0,9683353239172,9683353239192
planner,8040,0,9683353239212,9683353239222
planner,8041,0,9683353239252,9683353239262
planner,8042,0,9683353239282,9683353239302
planner,8043,0,9683353239322,9683353239342
planner,8044,0,9683353239362,9683353239382
planner,8045,0,9683353239402,9683353239422
planner,8046,0,9683353239442,9683353239452
planner,8047,0,9683353239472,9683353239492
planner,8048,0,9683353239512,9683353239532
planner,8049,0,9683353239552,9683353239572
planner,8050,0,9683353239592,9683353239612
planner,8051,0,9683353239632,9683353239642
planner,8052,0,9683353239662,9683353239682
planner,8053,0,9683353239702,9683353239722
planner,8054,0,9683353239742,9683353239762
planner,8055,0,9683353239782,9683353239802
planner,8056,0,9683353239822,9683353239832
planner,8057,0,9683353239852,9683353239872
planner,8058,0,9683353239892,9683353239912
planner,8059,0,9683353239932,9683353239952
planner,8060,0,9683353239972,9683353239992
planner,8061,0,9683353240012,9683353240032
planner,8062,0,9683353240052,9683353240062
planner,8063,0,9683353240082,9683353240102
planner,8064,0,9683353240792,9683353240812
planner,8065,0,9683353240832,9683353240842
planner,8066,0,9683353240872,9683353240882
planner,8067,0,9683353240902,9683353240922
planner,8068,0,9683353240942,9683353240962
planner,8069,0,9683353240982,9683353241002
planner,8070,0,9683353241022,9683353241042
planner,8071,0,9683353241062,9683353241082
planner,8072,0,9683353241102,9683353241112
planner,8073,0,9683353241132,9683353241152
planner,8074,0,9683353241172,9683353241192
planner,8075,0,9683353241212,9683353241232
planner,8076,0,9683353241252,9683353241272
planner,8077,0,9683353241292,9683353241302
planner,8078,0,9683353241332,9683353241342
planner,8079,0,9683353241362,9683353241382
planner,8080,0,9683353241402,9683353241422
planner,8081,0,9683353241442,9683353241462
planner,8082,0,9683353241482,9683353241502
planner,8083,0,9683353241522,9683353241532
planner,8084,0,9683353241552,9683353241572
planner,8085,0,9683353241592,9683353241612
planner,8086,0,9683353241632,9683353241652
planner,8087,0,9683353241672,9683353241692
planner,8088,0,9683353241712,9683353241722
planner,8089,0,9683353241742,9683353241762
planner,8090,0,9683353241782,9683353241802
planner,8091,0,9683353241822,9683353241842
planner,8092,0,9683353241862,9683353241882
planner,8093,0,9683353241902,9683353241912
planner,8094,0,9683353241932,9683353241952
planner,8095,0,9683353241972,9683353241992
planner,8096,0,9683353242012,9683353242032
planner,8097,0,9683353242052,9683353242072
planner,8098,0,9683353242092,9683353242102
planner,8099,0,9683353242122,9683353242142
planner,8100,0,9683353242162,9683353242182
planner,8101,0,9683353242202,9683353242222
planner,8102,0,9683353242242,9683353242262
planner,8103,0,9683353242282,9683353242292
planner,8104,0,9683353242322,9683353242332
planner,8105,0,9683353242352,9683353242372
planner,8106,0,9683353242392,9683353242412
planner,8107,0,9683353242432,9683353242452
planner,8108,0,9683353242472,9683353242492
planner,8109,0,9683353242512,9683353242522
planner,8110,0,9683353242542,9683353242562
planner,8111,0,9683353242582,9683353242602
planner,8112,0,9683353242622,9683353242642
planner,8113,0,9683353242662,9683353242682
planner,8114,0,9683353242702,9683353242712
planner,8115,0,9683353242732,9683353242752
planner,8116,0,9683353242772,9683353242792
planner,8117,0,9683353242812,9683353242832
planner,8118,0,9683353242852,9683353242872
planner,8119,0,9683353242892,9683353242902
planner,8120,0,9683353242922,9683353242942
planner,8121,0,9683353242962,9683353242982
planner,8122,0,9683353243002,9683353243022
planner,8123,0,9683353243042,9683353243062
planner,8124,0,9683353243082,9683353243092
planner,8125,0,9683353243122,9683353243132
planner,8126,0,9683353243152,9683353243172
planner,8127,0,9683353243192,9683353243212
planner,8128,0,9683353243232,9683353243252
planner,8129,0,9683353243272,9683353243292
planner,8130,0,9683353243312,9683353243322
planner,8131,0,9683353243342,9683353243362
planner,8132,0,9683353243382,9683353243402
planner,8133,0,9683353243422,9683353243442
planner,8134,0,9683353243462,9683353243482
planner,8135,0,9683353243502,9683353243512
planner,8136,0,9683353243532,9683353243552
planner,8137,0,9683353243572,9683353243592
planner,8138,0,9683353243612,9683353243632
planner,8139,0,9683353243652,9683353243672
planner,8140,0,9683353243692,9683353243702
planner,8141,0,9683353243722,9683353243742
planner,8142,0,9683353243762,9683353243782
planner,8143,0,9683353243802,9683353243822
planner,8144,0,9683353243842,9683353243862
planner,8145,0,9683353243882,9683353243902
planner,8146,0,9683353243922,9683353243932
planner,8147,0,9683353243952,9683353243972
planner,8148,0,9683353243992,9683353244012
planner,8149,0,9683353244032,9683353244052
planner,8150,0,9683353244072,9683353244092
planner,8151,0,9683353244112,9683353244122
planner,8152,0,9683353244142,9683353244162
planner,8153,0,9683353244182,9683353244202
planner,8154,0,9683353244222,9683353244242
planner,8155,0,9683353244262,9683353244282
planner,8156,0,9683353244302,9683353244312
planner,8157,0,9683353244332,9683353244352
planner,8158,0,9683353244372,9683353244392
planner,8159,0,9683353244412,9683353244432
planner,8160,0,9683353244452,9683353244472
planner,8161,0,9683353244492,9683353244502
planner,8162,0,9683353244522,9683353244542
planner,8163,0,9683353244562,9683353244582
planner,8164,0,9683353244602,9683353244622
planner,8165,0,9683353244642,9683353244662
planner,8166,0,9683353244682,9683353244692
planner,8167,0,9683353244722,9683353244732
planner,8168,0,9683353244752,9683353244772
planner,8169,0,9683353244792,9683353244812
planner,8170,0,9683353244832,9683353244852
planner,8171,0,9683353244872,9683353244892
planner,8172,0,9683353244912,9683353244922
planner,8173,0,9683353244942,9683353244962
planner,8174,0,9683353244982,9683353245002
planner,8175,0,9683353245022,9683353245042
planner,8176,0,9683353245062,9683353245082
planner,8177,0,9683353245102,9683353245112
planner,8178,0,9683353245132,9683353245152
planner,8179,0,9683353245172,9683353245192
planner,8180,0,9683353245212,9683353245232
planner,8181,0,9683353245252,9683353245272
planner,8182,0,9683353245292,9683353245302
planner,8183,0,9683353245322,9683353245342
planner,8184,0,9683353245362,9683353245382
planner,8185,0,9683353245402,9683353245422
planner,8186,0,9683353245442,9683353245462
planner,8187,0,9683353245482,9683353245492
planner,8188,0,9683353245522,9683353245532
planner,8189,0,9683353245552,9683353245572
planner,8190,0,9683353245592,9683353245612
planner,8191,0,9683353245632,9683353245652
planner,8192,0,9683353246552,9683353246562
planner,8193,0,9683353246582,9683353246602
planner,8194,0,9683353246622,9683353246642
planner,8195,0,9683353246662,9683353246682
planner,8196,0,9683353246702,9683353246722
planner,8197,0,9683353246742,9683353246762
planner,8198,0,9683353246782,9683353246802
planner,8199,0,9683353246822,9683353246832
planner,8200,0,9683353246852,9683353246872
planner,8201,0,9683353246892,9683353246912
planner,8202,0,9683353246932,9683353246952
planner,8203,0,9683353246972,9683353246992
planner,8204,0,9683353247012,9683353247022
planner,8205,0,9683353247042,9683353247062
planner,8206,0,9683353247082,9683353247102
planner,8207,0,9683353247122,9683353247142
planner,8208,0,9683353247162,9683353247182
planner,8209,0,9683353247202,9683353247212
planner,8210,0,9683353247242,9683353247252
planner,8211,0,9683353247272,9683353247292
planner,8212,0,9683353247312,9683353247332
planner,8213,0,9683353247352,9683353247372
planner,8214,0,9683353247392,9683353247412
planner,8215,0,9683353247432,9683353247442
planner,8216,0,9683353247462,9683353247482
planner,8217,0,9683353247502,9683353247522
planner,8218,0,9683353247542,9683353247562
planner,8219,0,9683353247582,9683353247602
planner,8220,0,9683353247622,9683353247632
planner,8221,0,9683353247652,9683353247672
planner,8222,0,9683353247692,9683353247712
planner,8223,0,9683353247732,9683353247752
planner,8224,0,9683353247772,9683353247792
planner,8225,0,9683353247812,9683353247822
planner,8226,0,9683353247842,9683353247862
planner,8227,0,9683353247882,9683353247902
planner,8228,0,9683353247922,9683353247942
planner,8229,0,9683353247962,9683353247982
planner,8230,0,9683353248002,9683353248012
planner,8231,0,9683353248042,9683353248052
planner,8232,0,9683353248072,9683353248092
planner,8233,0,9683353248112,9683353248132
planner,8234,0,9683353248152,9683353248172
planner,8235,0,9683353248192,9683353248212
planner,8236,0,9683353248232,9683353248242
planner,8237,0,9683353248262,9683353248282
planner,8238,0,9683353248302,9683353248322
planner,8239,0,9683353248342,9683353248362
planner,8240,0,9683353248382,9683353248402
planner,8241,0,9683353248422,9683353248432
planner,8242,0,9683353248452,9683353248472
planner,8243,0,9683353248492,9683353248512
planner,8244,0,9683353248532,9683353248552
planner,8245,0,9683353248572,9683353248592
planner,8246,0,9683353248612,9683353248622
planner,8247,0,9683353248642,9683353248662
planner,8248,0,9683353248682,9683353248702
planner,8249,0,9683353248722,9683353248742
planner,8250,0,9683353248762,9683353248782
planner,8251,0,9683353248802,9683353248812
planner,8252,0,9683353248832,9683353248852
planner,8253,0,9683353248872,9683353248892
planner,8254,0,9683353248912,9683353248932
planner,8255,0,9683353248952,9683353248972
planner,8256,0,9683353248992,9683353249002
planner,8257,0,9683353249022,9683353249042
planner,8258,0,9683353249062,9683353249082
planner,8259,0,9683353249102,9683353249122
planner,8260,0,9683353249142,9683353249162
planner,8261,0,9683353249182,9683353249192
planner,8262,0,9683353249222,9683353249232
planner,8263,0,9683353249252,9683353249272
planner,8264,0,9683353249292,9683353249312
planner,8265,0,9683353249332,9683353249352
planner,8266,0,9683353249372,9683353249392
planner,8267,0,9683353249412,9683353249422
planner,8268,0,9683353249442,9683353249462
planner,8269,0,9683353249482,9683353249502
planner,8270,0,9683353249522,9683353249542
planner,8271,0,9683353249562,9683353249582
planner,8272,0,9683353249602,9683353249612
planner,8273,0,9683353249632,9683353249652
planner,8274,0,9683353249672,9683353249692
planner,8275,0,9683353249712,9683353249732
planner,8276,0,9683353249752,9683353249772
planner,8277,0,9683353249792,9683353249802
planner,8278,0,9683353249822,9683353249842
planner,8279,0,9683353249862,9683353249882
planner,8280,0,9683353249902,9683353249922
planner,8281,0,9683353249942,9683353249962
planner,8282,0,9683353249982,9683353249992
planner,8283,0,9683353250012,9683353250032
planner,8284,0,9683353250052,9683353250072
planner,8285,0,9683353250092,9683353250112
planner,8286,0,9683353250132,9683353250152
planner,8287,0,9683353250172,9683353250182
planner,8288,0,9683353250202,9683353250222
planner,8289,0,9683353250242,9683353250262
planner,8290,0,9683353250282,9683353250302
planner,8291,0,9683353250322,9683353250342
planner,8292,0,9683353250362,9683353250372
planner,8293,0,9683353250392,9683353250412
planner,8294,0,9683353250432,9683353250452
planner,8295,0,9683353250472,9683353250492
planner,8296,0,9683353250512,9683353250532
planner,8297,0,9683353250552,9683353250562
planner,8298,0,9683353250592,9683353250602
planner,8299,0,9683353250622,9683353250642
planner,8300,0,9683353250662,9683353250682
planner,8301,0,9683353250702,9683353250722
planner,8302,0,9683353250742,9683353250762
planner,8303,0,9683353250782,9683353250792
planner,8304,0,9683353250812,9683353250832
planner,8305,0,9683353250852,9683353250872
planner,8306,0,9683353250892,9683353250912
planner,8307,0,9683353250932,9683353250952
planner,8308,0,9683353250972,9683353250982
planner,8309,0,9683353251002,9683353251022
planner,8310,0,9683353251042,9683353251062
planner,8311,0,9683353251082,9683353251102
planner,8312,0,9683353251122,9683353251142
planner,8313,0,9683353251162,9683353251172
planner,8314,0,9683353251192,9683353251212
planner,8315,0,9683353251232,9683353251252
planner,8316,0,9683353251272,9683353251292
planner,8317,0,9683353251312,9683353251332
planner,8318,0,9683353251352,9683353251362
planner,8319,0,9683353251382,9683353251402
planner,8320,0,9683353251832,9683353251852
planner,8321,0,9683353251872,9683353251892
planner,8322,0,9683353251912,9683353251932
planner,8323,0,9683353251952,9683353251972
planner,8324,0,9683353251992,9683353252012
planner,8325,0,9683353252032,9683353252042
planner,8326,0,9683353252062,9683353252082
planner,8327,0,9683353252102,9683353252122
planner,8328,0,9683353252142,9683353252162
planner,8329,0,9683353252182,9683353252202
planner,8330,0,9683353252222,9683353252232
planner,8331,0,9683353252252,9683353252272
planner,8332,0,9683353252292,9683353252312
planner,8333,0,9683353252332,9683353252352
planner,8334,0,9683353252372,9683353252392
planner,8335,0,9683353252412,9683353252432
planner,8336,0,9683353252452,9683353252462
planner,8337,0,9683353252482,9683353252502
planner,8338,0,9683353252522,9683353252542
planner,8339,0,9683353252562,9683353252582
planner,8340,0,9683353252602,9683353252622
planner,8341,0,9683353252642,9683353252652
planner,8342,0,9683353252672,9683353252692
planner,8343,0,9683353252712,9683353252732
planner,8344,0,9683353252752,9683353252772
planner,8345,0,9683353252792,9683353252812
planner,8346,0,9683353252832,9683353252842
planner,8347,0,9683353252862,9683353252882
planner,8348,0,9683353252902,9683353252922
planner,8349,0,9683353252942,9683353252962
planner,8350,0,9683353252982,9683353253002
planner,8351,0,9683353253022,9683353253032
planner,8352,0,9683353253052,9683353253072
planner,8353,0,9683353253092,9683353253112
planner,8354,0,9683353253132,9683353253152
planner,8355,0,9683353253172,9683353253192
planner,8356,0,9683353253212,9683353253222
planner,8357,0,9683353253242,9683353253262
planner,8358,0,9683353253282,9683353253302
planner,8359,0,9683353253322,9683353253342
planner,8360,0,9683353253362,9683353253382
planner,8361,0,9683353253402,9683353253412
planner,8362,0,9683353253442,9683353253452
planner,8363,0,9683353253472,9683353253492
planner,8364,0,9683353253512,9683353253532
planner,8365,0,9683353253552,9683353253572
planner,8366,0,9683353253592,9683353253612
planner,8367,0,9683353253632,9683353253642
planner,8368,0,9683353253662,9683353253682
planner,8369,0,9683353253702,9683353253722
planner,8370,0,9683353253742,9683353253762
planner,8371,0,9683353253782,9683353253802
planner,8372,0,9683353253822,9683353253832
planner,8373,0,9683353253852,9683353253872
planner,8374,0,9683353253892,9683353253912
planner,8375,0,9683353253932,9683353253952
planner,8376,0,9683353253972,9683353253992
planner,8377,0,9683353254012,9683353254022
planner,8378,0,9683353254042,9683353254062
planner,8379,0,9683353254082,9683353254102
planner,8380,0,9683353254122,9683353254142
planner,8381,0,9683353254162,9683353254182
planner,8382,0,9683353254202,9683353254212
planner,8383,0,9683353254232,9683353254252
planner,8384,0,9683353254272,9683353254292
planner,8385,0,9683353254312,9683353254332
planner,8386,0,9683353254352,9683353254372
planner,8387,0,9683353254392,9683353254402
planner,8388,0,9683353254422,9683353254442
planner,8389,0,9683353254462,9683353254482
planner,8390,0,9683353254502,9683353254522
planner,8391,0,9683353254542,9683353254562
planner,8392,0,9683353254582,9683353254592
planner,8393,0,9683353254612,9683353254632
planner,8394,0,9683353254652,9683353254672
planner,8395,0,9683353254692,9683353254712
planner,8396,0,9683353254732,9683353254752
planner,8397,0,9683353254772,9683353254782
planner,8398,0,9683353254802,9683353254822
planner,8399,0,9683353254842,9683353254862
planner,8400,0,9683353254882,9683353254902
planner,8401,0,9683353254922,9683353254942
planner,8402,0,9683353254962,9683353254972
planner,8403,0,9683353254992,9683353255012
planner,8404,0,9683353255032,9683353255052
planner,8405,0,9683353255072,9683353255092
planner,8406,0,9683353255112,9683353255132
planner,8407,0,9683353255152,9683353255162
planner,8408,0,9683353255192,9683353255202
planner,8409,0,9683353255222,9683353255242
planner,8410,0,9683353255262,9683353255282
planner,8411,0,9683353255302,9683353255322
planner,8412,0,9683353255342,9683353255362
planner,8413,0,9683353255382,9683353255392
planner,8414,0,9683353255412,9683353255432
planner,8415,0,9683353255452,9683353255472
planner,8416,0,9683353255492,9683353255512
planner,8417,0,9683353255532,9683353255552
planner,8418,0,9683353255572,9683353255582
planner,8419,0,9683353255602,9683353255622
planner,8420,0,9683353255642,9683353255662
planner,8421,0,9683353255682,9683353255702
planner,8422,0,9683353255722,9683353255742
planner,8423,0,9683353255762,9683353255772
planner,8424,0,9683353255792,9683353255812
planner,8425,0,9683353255832,9683353255852
planner,8426,0,9683353255872,9683353255892
planner,8427,0,9683353255912,9683353255932
planner,8428,0,9683353255952,9683353255962
planner,8429,0,9683353255982,9683353256002
planner,8430,0,9683353256022,9683353256042
planner,8431,0,9683353256062,9683353256082
planner,8432,0,9683353256102,9683353256122
planner,8433,0,9683353256142,9683353256152
planner,8434,0,9683353256172,9683353256192
planner,8435,0,9683353256212,9683353256232
planner,8436,0,9683353256252,9683353256272
planner,8437,0,9683353256292,9683353256312
planner,8438,0,9683353256332,9683353256342
planner,8439,0,9683353256372,9683353256382
planner,8440,0,9683353256402,9683353256422
planner,8441,0,9683353256442,9683353256462
planner,8442,0,9683353256482,9683353256502
planner,8443,0,9683353256522,9683353256542
planner,8444,0,9683353256562,9683353256572
planner,8445,0,9683353256592,9683353256612
planner,8446,0,9683353256632,9683353256652
planner,8447,0,9683353256672,9683353256692
planner,8448,0,9683353257122,9683353257142
planner,8449,0,9683353257162,9683353257182
planner,8450,0,9683353257202,9683353257222
planner,8451,0,9683353257242,9683353257262
planner,8452,0,9683353257282,9683353257302
planner,8453,0,9683353257322,9683353257342
planner,8454,0,9683353257362,9683353257372
planner,8455,0,9683353257402,9683353257412
planner,8456,0,9683353257432,9683353257452
planner,8457,0,9683353257472,9683353257492
planner,8458,0,9683353257512,9683353257532
planner,8459,0,9683353257552,9683353257572
planner,8460,0,9683353257592,9683353257602
planner,8461,0,9683353257622,9683353257642
planner,8462,0,9683353257662,9683353257682
planner,8463,0,9683353257702,9683353257722
planner,8464,0,9683353257742,9683353257762
planner,8465,0,9683353257782,9683353257792
planner,8466,0,9683353257812,9683353257832
planner,8467,0,9683353257852,9683353257872
planner,8468,0,9683353257892,9683353257912
planner,8469,0,9683353257932,9683353257952
planner,8470,0,9683353257972,9683353257982
planner,8471,0,9683353258002,9683353258022
planner,8472,0,9683353258042,9683353258062
planner,8473,0,9683353258082,9683353258102
planner,8474,0,9683353258122,9683353258142
planner,8475,0,9683353258162,9683353258172
planner,8476,0,9683353258192,9683353258212
planner,8477,0,9683353258232,9683353258252
planner,8478,0,9683353258272,9683353258292
planner,8479,0,9683353258312,9683353258332
planner,8480,0,9683353258352,9683353258362
planner,8481,0,9683353258392,9683353258402
planner,8482,0,9683353258422,9683353258442
planner,8483,0,9683353258462,9683353258482
planner,8484,0,9683353258502,9683353258522
planner,8485,0,9683353258542,9683353258562
planner,8486,0,9683353258582,9683353258592
planner,8487,0,9683353258612,9683353258632
planner,8488,0,9683353258652,9683353258672
planner,8489,0,9683353258692,9683353258712
planner,8490,0,9683353258732,9683353258752
planner,8491,0,9683353258772,9683353258782
planner,8492,0,9683353258802,9683353258822
planner,8493,0,9683353258842,9683353258862
planner,8494,0,9683353258882,9683353258902
planner,8495,0,9683353258922,9683353258942
planner,8496,0,9683353258962,9683353258972
planner,8497,0,9683353258992,9683353259012
planner,8498,0,9683353259032,9683353259052
planner,8499,0,9683353259072,9683353259092
planner,8500,0,9683353259112,9683353259132
planner,8501,0,9683353259152,9683353259162
planner,8502,0,9683353259182,9683353259202
planner,8503,0,9683353259222,9683353259242
planner,8504,0,9683353259262,9683353259282
planner,8505,0,9683353259302,9683353259322
planner,8506,0,9683353259342,9683353259352
planner,8507,0,9683353259372,9683353259392
planner,8508,0,9683353259412,9683353259432
planner,8509,0,9683353259452,9683353259472
planner,8510,0,9683353259492,9683353259512
planner,8511,0,9683353259532,9683353259542
planner,8512,0,9683353259562,9683353259582
planner,8513,0,9683353259602,9683353259622
planner,8514,0,9683353259642,9683353259662
planner,8515,0,9683353259682,9683353259702
planner,8516,0,9683353259722,9683353259742
planner,8517,0,9683353259762,9683353259772
planner,8518,0,9683353259792,9683353259812
planner,8519,0,9683353259832,9683353259852
planner,8520,0,9683353259872,9683353259892
planner,8521,0,9683353259912,9683353259932
planner,8522,0,9683353259952,9683353259962
planner,8523,0,9683353259982,9683353260002
planner,8524,0,9683353260022,9683353260042
planner,8525,0,9683353260062,9683353260082
planner,8526,0,9683353260102,9683353260122
planner,8527,0,9683353260142,9683353260152
planner,8528,0,9683353260172,9683353260192
planner,8529,0,9683353260212,9683353260232
planner,8530,0,9683353260252,9683353260272
planner,8531,0,9683353260292,9683353260312
planner,8532,0,9683353260332,9683353260342
planner,8533,0,9683353260362,9683353260382
planner,8534,0,9683353260402,9683353260422
planner,8535,0,9683353260442,9683353260462
planner,8536,0,9683353260482,9683353260502
planner,8537,0,9683353260522,9683353260532
planner,8538,0,9683353260552,9683353260572
planner,8539,0,9683353260592,9683353260612
planner,8540,0,9683353260632,9683353260652
planner,8541,0,9683353260672,9683353260692
planner,8542,0,9683353260712,9683353260722
planner,8543,0,9683353260742,9683353260762
planner,8544,0,9683353260782,9683353260802
planner,8545,0,9683353260822,9683353260842
planner,8546,0,9683353260862,9683353260882
planner,8547,0,9683353260902,9683353260922
planner,8548,0,9683353260942,9683353260952
planner,8549,0,9683353260972,9683353260992
planner,8550,0,9683353261012,9683353261032
planner,8551,0,9683353261052,9683353261072
planner,8552,0,9683353261092,9683353261112
planner,8553,0,9683353261132,9683353261142
planner,8554,0,9683353261162,9683353261182
planner,8555,0,9683353261202,9683353261222
planner,8556,0,9683353261242,9683353261262
planner,8557,0,9683353261282,9683353261302
planner,8558,0,9683353261322,9683353261332
planner,8559,0,9683353261352,9683353261372
planner,8560,0,9683353261392,9683353261412
planner,8561,0,9683353261432,9683353261452
planner,8562,0,9683353261472,9683353261492
planner,8563,0,9683353261512,9683353261522
planner,8564,0,9683353261552,9683353261562
planner,8565,0,9683353261582,9683353261602
planner,8566,0,9683353261622,9683353261642
planner,8567,0,9683353261662,9683353261682
planner,8568,0,9683353261702,9683353261712
planner,8569,0,9683353261742,9683353261752
planner,8570,0,9683353261772,9683353261792
planner,8571,0,9683353261812,9683353261832
planner,8572,0,9683353261852,9683353261872
planner,8573,0,9683353261892,9683353261912
planner,8574,0,9683353261932,9683353261942
planner,8575,0,9683353261962,9683353261982
planner,8576,0,9683353262452,9683353262472
planner,8577,0,9683353262492,9683353262512
planner,8578,0,9683353262532,9683353262552
planner,8579,0,9683353262572,9683353262592
planner,8580,0,9683353262612,9683353262632
planner,8581,0,9683353262652,9683353262672
planner,8582,0,9683353262692,9683353262702
planner,8583,0,9683353262722,9683353262742
planner,8584,0,9683353262762,9683353262782
planner,8585,0,9683353262802,9683353262822
planner,8586,0,9683353262842,9683353262862
planner,8587,0,9683353262882,9683353262892
planner,8588,0,9683353262912,9683353262932
planner,8589,0,9683353262952,9683353262972
planner,8590,0,9683353262992,9683353263012
planner,8591,0,9683353263032,9683353263052
planner,8592,0,9683353263072,9683353263092
planner,8593,0,9683353263112,9683353263122
planner,8594,0,9683353263142,9683353263162
planner,8595,0,9683353263182,9683353263202
planner,8596,0,9683353263222,9683353263242
planner,8597,0,9683353263262,9683353263282
planner,8598,0,9683353263302,9683353263312
planner,8599,0,9683353263332,9683353263352
planner,8600,0,9683353263372,9683353263392
planner,8601,0,9683353263412,9683353263432
planner,8602,0,9683353263452,9683353263472
planner,8603,0,9683353263492,9683353263502
planner,8604,0,9683353263522,9683353263542
planner,8605,0,9683353263562,9683353263582
planner,8606,0,9683353263602,9683353263622
planner,8607,0,9683353263642,9683353263662
planner,8608,0,9683353263682,9683353263692
planner,8609,0,9683353263712,9683353263732
planner,8610,0,9683353263752,9683353263772
planner,8611,0,9683353263792,9683353263812
planner,8612,0,9683353263832,9683353263852
planner,8613,0,9683353263872,9683353263882
planner,8614,0,9683353263902,9683353263922
planner,8615,0,9683353263942,9683353263962
planner,8616,0,9683353263982,9683353264002
planner,8617,0,9683353264022,9683353264042
planner,8618,0,9683353264062,9683353264072
planner,8619,0,9683353264092,9683353264112
planner,8620,0,9683353264132,9683353264152
planner,8621,0,9683353264172,9683353264192
planner,8622,0,9683353264212,9683353264232
planner,8623,0,9683353264252,9683353264262
planner,8624,0,9683353264292,9683353264302
planner,8625,0,9683353264322,9683353264342
planner,8626,0,9683353264362,9683353264382
planner,8627,0,9683353264402,9683353264422
planner,8628,0,9683353264442,9683353264462
planner,8629,0,9683353264482,9683353264492
planner,8630,0,9683353264512,9683353264532
planner,8631,0,9683353264552,9683353264572
planner,8632,0,9683353264592,9683353264612
planner,8633,0,9683353264632,9683353264652
planner,8634,0,9683353264672,9683353264682
planner,8635,0,9683353264702,9683353264722
planner,8636,0,9683353264742,9683353264762
planner,8637,0,9683353264782,9683353264802
planner,8638,0,9683353264822,9683353264842
planner,8639,0,9683353264862,9683353264872
planner,8640,0,9683353264892,9683353264912
planner,8641,0,9683353264932,9683353264952
planner,8642,0,9683353264972,9683353264992
planner,8643,0,9683353265012,9683353265032
planner,8644,0,9683353265052,9683353265062
planner,8645,0,9683353265082,9683353265102
planner,8646,0,9683353265122,9683353265142
planner,8647,0,9683353265162,9683353265182
planner,8648,0,9683353265202,9683353265222
planner,8649,0,9683353265242,9683353265252
planner,8650,0,9683353265282,9683353265292
planner,8651,0,9683353265312,9683353265332
planner,8652,0,9683353265352,9683353265372
planner,8653,0,9683353265392,9683353265412
planner,8654,0,9683353265432,9683353265452
planner,8655,0,9683353265472,9683353265482
planner,8656,0,9683353265502,9683353265522
planner,8657,0,9683353265542,9683353265562
planner,8658,0,9683353265582,9683353265602
planner,8659,0,9683353265622,9683353265642
planner,8660,0,9683353265662,9683353265672
planner,8661,0,9683353265692,9683353265712
planner,8662,0,9683353265732,9683353265752
planner,8663,0,9683353265772,9683353265792
planner,8664,0,9683353265812,9683353265832
planner,8665,0,9683353265852,9683353265862
planner,8666,0,9683353265882,9683353265902
planner,8667,0,9683353265922,9683353265942
planner,8668,0,9683353265962,9683353265982
planner,8669,0,9683353266002,9683353266022
planner,8670,0,9683353266042,9683353266052
planner,8671,0,9683353266082,9683353266092
planner,8672,0,9683353266112,9683353266132
planner,8673,0,9683353266152,9683353266172
planner,8674,0,9683353266192,9683353266212
planner,8675,0,9683353266232,9683353266252
planner,8676,0,9683353266272,9683353266282
planner,8677,0,9683353266302,9683353266322
planner,8678,0,9683353266342,9683353266362
planner,8679,0,9683353266382,9683353266402
planner,8680,0,9683353266422,9683353266442
planner,8681,0,9683353266462,9683353266472
planner,8682,0,9683353266492,9683353266512
planner,8683,0,9683353266532,9683353266552
planner,8684,0,9683353266572,9683353266592
planner,8685,0,9683353266612,9683353266632
planner,8686,0,9683353266652,9683353266662
planner,8687,0,9683353266682,9683353266702
planner,8688,0,9683353266722,9683353266742
planner,8689,0,9683353266762,9683353266782
planner,8690,0,9683353266802,9683353266822
planner,8691,0,9683353266842,9683353266852
planner,8692,0,9683353266872,9683353266892
planner,8693,0,9683353266912,9683353266932
planner,8694,0,9683353266952,9683353266972
planner,8695,0,9683353266992,9683353267012
planner,8696,0,9683353267032,9683353267052
planner,8697,0,9683353267072,9683353267082
planner,8698,0,9683353267102,9683353267122
planner,8699,0,9683353267142,9683353267162
planner,8700,0,9683353267182,9683353267202
planner,8701,0,9683353267222,9683353267242
planner,8702,0,9683353267262,9683353267272
planner,8703,0,9683353267292,9683353267312
planner,8704,0,9683353267752,9683353267772
planner,8705,0,9683353267792,9683353267812
planner,8706,0,9683353267832,9683353267852
planner,8707,0,9683353267872,9683353267892
planner,8708,0,9683353267912,9683353267932
planner,8709,0,9683353267952,9683353267962
planner,8710,0,9683353267982,9683353268002
planner,8711,0,9683353268022,9683353268042
planner,8712,0,9683353268062,9683353268082
planner,8713,0,9683353268102,9683353268122
planner,8714,0,9683353268142,9683353268162
planner,8715,0,9683353268182,9683353268192
planner,8716,0,9683353268212,9683353268232
planner,8717,0,9683353268252,9683353268272
planner,8718,0,9683353268292,9683353268312
planner,8719,0,9683353268332,9683353268352
planner,8720,0,9683353268372,9683353268382
planner,8721,0,9683353268402,9683353268422
planner,8722,0,9683353268442,9683353268462
planner,8723,0,9683353268482,9683353268502
planner,8724,0,9683353268522,9683353268542
planner,8725,0,9683353268562,9683353268572
planner,8726,0,9683353268592,9683353268612
planner,8727,0,9683353268632,9683353268652
planner,8728,0,9683353268672,9683353268692
planner,8729,0,9683353268712,9683353268732
planner,8730,0,9683353268752,9683353268762
planner,8731,0,9683353268782,9683353268802
planner,8732,0,9683353268822,9683353268842
planner,8733,0,9683353268862,9683353268882
planner,8734,0,9683353268902,9683353268922
planner,8735,0,9683353268942,9683353268952
planner,8736,0,9683353268972,9683353268992
planner,8737,0,9683353269012,9683353269032
planner,8738,0,9683353269052,9683353269072
planner,8739,0,9683353269092,9683353269112
planner,8740,0,9683353269132,9683353269142
planner,8741,0,9683353269162,9683353269182
planner,8742,0,9683353269202,9683353269222
planner,8743,0,9683353269242,9683353269262
planner,8744,0,9683353269282,9683353269302
planner,8745,0,9683353269322,9683353269332
planner,8746,0,9683353269352,9683353269372
planner,8747,0,9683353269392,9683353269412
planner,8748,0,9683353269432,9683353269452
planner,8749,0,9683353269472,9683353269492
planner,8750,0,9683353269512,9683353269522
planner,8751,0,9683353269542,9683353269562
planner,8752,0,9683353269582,9683353269602
planner,8753,0,9683353269622,9683353269642
planner,8754,0,9683353269662,9683353269682
planner,8755,0,9683353269702,9683353269722
planner,8756,0,9683353269742,9683353269752
planner,8757,0,9683353269772,9683353269792
planner,8758,0,9683353269812,9683353269832
planner,8759,0,9683353269852,9683353269872
planner,8760,0,9683353269892,9683353269912
planner,8761,0,9683353269932,9683353269942
planner,8762,0,9683353269962,9683353269982
planner,8763,0,9683353270002,9683353270022
planner,8764,0,9683353270042,9683353270062
planner,8765,0,9683353270082,9683353270102
planner,8766,0,9683353270122,9683353270132
planner,8767,0,9683353270152,9683353270172
planner,8768,0,9683353270192,9683353270212
planner,8769,0,9683353270232,9683353270252
planner,8770,0,9683353270272,9683353270292
planner,8771,0,9683353270312,9683353270322
planner,8772,0,9683353270342,9683353270362
planner,8773,0,9683353270382,9683353270402
planner,8774,0,9683353270422,9683353270442
planner,8775,0,9683353270462,9683353270482
planner,8776,0,9683353270502,9683353270522
planner,8777,0,9683353270542,9683353270552
planner,8778,0,9683353270572,9683353270592
planner,8779,0,9683353270612,9683353270632
planner,8780,0,9683353270652,9683353270672
planner,8781,0,9683353270692,9683353270712
planner,8782,0,9683353270732,9683353270742
planner,8783,0,9683353270762,9683353270782
planner,8784,0,9683353270802,9683353270822
planner,8785,0,9683353270842,9683353270862
planner,8786,0,9683353270882,9683353270902
planner,8787,0,9683353270922,9683353270932
planner,8788,0,9683353270952,9683353270972
planner,8789,0,9683353270992,9683353271012
planner,8790,0,9683353271032,9683353271052
planner,8791,0,9683353271072,9683353271092
planner,8792,0,9683353271112,9683353271122
planner,8793,0,9683353271152,9683353271162
planner,8794,0,9683353271182,9683353271202
planner,8795,0,9683353271222,9683353271242
planner,8796,0,9683353271262,9683353271282
planner,8797,0,9683353271302,9683353271322
planner,8798,0,9683353271342,9683353271352
planner,8799,0,9683353271372,9683353271392
planner,8800,0,9683353271412,9683353271432
planner,8801,0,9683353271452,9683353271472
planner,8802,0,9683353271492,9683353271512
planner,8803,0,9683353271532,9683353271542
planner,8804,0,9683353271562,9683353271582
planner,8805,0,9683353271602,9683353271622
planner,8806,0,9683353271642,9683353271662
planner,8807,0,9683353271682,9683353271702
planner,8808,0,9683353271722,9683353271732
planner,8809,0,9683353271752,9683353271772
planner,8810,0,9683353271792,9683353271812
planner,8811,0,9683353271832,9683353271852
planner,8812,0,9683353271872,9683353271892
planner,8813,0,9683353271912,9683353271922
planner,8814,0,9683353271942,9683353271962
planner,8815,0,9683353271982,9683353272002
planner,8816,0,9683353272022,9683353272042
planner,8817,0,9683353272062,9683353272082
planner,8818,0,9683353272102,9683353272112
planner,8819,0,9683353272132,9683353272152
planner,8820,0,9683353272172,9683353272192
planner,8821,0,9683353272212,9683353272232
planner,8822,0,9683353272252,9683353272272
planner,8823,0,9683353272292,9683353272302
planner,8824,0,9683353272332,9683353272342
planner,8825,0,9683353272362,9683353272382
planner,8826,0,9683353272402,9683353272422
planner,8827,0,9683353272442,9683353272462
planner,8828,0,9683353272482,9683353272502
planner,8829,0,9683353272522,9683353272532
planner,8830,0,9683353272552,9683353272572
planner,8831,0,9683353272592,9683353272612
planner,8832,0,9683353273092,9683353273102
planner,8833,0,9683353273122,9683353273142
planner,8834,0,9683353273162,9683353273182
planner,8835,0,9683353273202,9683353273222
planner,8836,0,9683353273242,9683353273262
planner,8837,0,9683353273282,9683353273302
planner,8838,0,9683353273322,9683353273342
planner,8839,0,9683353273362,9683353273372
planner,8840,0,9683353273392,9683353273412
planner,8841,0,9683353273432,9683353273452
planner,8842,0,9683353273472,9683353273492
planner,8843,0,9683353273512,9683353273532
planner,8844,0,9683353273552,9683353273562
planner,8845,0,9683353273582,9683353273602
planner,8846,0,9683353273622,9683353273642
planner,8847,0,9683353273662,9683353273682
planner,8848,0,9683353273702,9683353273722
planner,8849,0,9683353273742,9683353273752
planner,8850,0,9683353273772,9683353273792
planner,8851,0,9683353273812,9683353273832
planner,8852,0,9683353273852,9683353273872
planner,8853,0,9683353273892,9683353273912
planner,8854,0,9683353273932,9683353273942
planner,8855,0,9683353273962,9683353273982
planner,8856,0,9683353274002,9683353274022
planner,8857,0,9683353274042,9683353274062
planner,8858,0,9683353274082,9683353274102
planner,8859,0,9683353274122,9683353274132
planner,8860,0,9683353274162,9683353274172
planner,8861,0,9683353274192,9683353274212
planner,8862,0,9683353274232,9683353274252
planner,8863,0,9683353274272,9683353274292
planner,8864,0,9683353274312,9683353274332
planner,8865,0,9683353274352,9683353274362
planner,8866,0,9683353274382,9683353274402
planner,8867,0,9683353274422,9683353274442
planner,8868,0,9683353274462,9683353274482
planner,8869,0,9683353274502,9683353274522
planner,8870,0,9683353274542,9683353274552
planner,8871,0,9683353274572,9683353274592
planner,8872,0,9683353274612,9683353274632
planner,8873,0,9683353274652,9683353274672
planner,8874,0,9683353274692,9683353274712
planner,8875,0,9683353274732,9683353274742
planner,8876,0,9683353274762,9683353274782
planner,8877,0,9683353274802,9683353274822
planner,8878,0,9683353274842,9683353274862
planner,8879,0,9683353274882,9683353274902
planner,8880,0,9683353274922,9683353274932
planner,8881,0,9683353274952,9683353274972
planner,8882,0,9683353274992,9683353275012
planner,8883,0,9683353275032,9683353275052
planner,8884,0,9683353275072,9683353275092
planner,8885,0,9683353275112,9683353275122
planner,8886,0,9683353275152,9683353275162
planner,8887,0,9683353275182,9683353275202
planner,8888,0,9683353275222,9683353275242
planner,8889,0,9683353275262,9683353275282
planner,8890,0,9683353275302,9683353275322
planner,8891,0,9683353275342,9683353275352
planner,8892,0,9683353275372,9683353275392
planner,8893,0,9683353275412,9683353275432
planner,8894,0,9683353275452,9683353275472
planner,8895,0,9683353275492,9683353275512
planner,8896,0,9683353275532,9683353275542
planner,8897,0,9683353275562,9683353275582
planner,8898,0,9683353275602,9683353275622
planner,8899,0,9683353275642,9683353275662
planner,8900,0,9683353275682,9683353275702
planner,8901,0,9683353275722,9683353275732
planner,8902,0,9683353275752,9683353275772
planner,8903,0,9683353275792,9683353275812
planner,8904,0,9683353275832,9683353275852
planner,8905,0,9683353275872,9683353275892
planner,8906,0,9683353275912,9683353275922
planner,8907,0,9683353275942,9683353275962
planner,8908,0,9683353275982,9683353276002
planner,8909,0,9683353276022,9683353276042
planner,8910,0,9683353276062,9683353276082
planner,8911,0,9683353276102,9683353276112
planner,8912,0,9683353276132,9683353276152
planner,8913,0,9683353276172,9683353276192
planner,8914,0,9683353276212,9683353276232
planner,8915,0,9683353276252,9683353276272
planner,8916,0,9683353276292,9683353276312
planner,8917,0,9683353276332,9683353276342
planner,8918,0,9683353276362,9683353276382
planner,8919,0,9683353276402,9683353276422
planner,8920,0,9683353276442,9683353276462
planner,8921,0,9683353276482,9683353276502
planner,8922,0,9683353276522,9683353276532
planner,8923,0,9683353276552,9683353276572
planner,8924,0,9683353276592,9683353276612
planner,8925,0,9683353276632,9683353276652
planner,8926,0,9683353276672,9683353276692
planner,8927,0,9683353276712,9683353276722
planner,8928,0,9683353276742,9683353276762
planner,8929,0,9683353276782,9683353276802
planner,8930,0,9683353276822,9683353276842
planner,8931,0,9683353276862,9683353276882
planner,8932,0,9683353276902,9683353276912
planner,8933,0,9683353276932,9683353276952
planner,8934,0,9683353276972,9683353276992
planner,8935,0,9683353277012,9683353277032
planner,8936,0,9683353277052,9683353277072
planner,8937,0,9683353277092,9683353277102
planner,8938,0,9683353277132,9683353277142
planner,8939,0,9683353277162,9683353277182
planner,8940,0,9683353277202,9683353277222
planner,8941,0,9683353277242,9683353277262
planner,8942,0,9683353277282,9683353277302
planner,8943,0,9683353277322,9683353277332
planner,8944,0,9683353277352,9683353277372
planner,8945,0,9683353277392,9683353277412
planner,8946,0,9683353277432,9683353277452
planner,8947,0,9683353277472,9683353277492
planner,8948,0,9683353277512,9683353277522
planner,8949,0,9683353277542,9683353277562
planner,8950,0,9683353277582,9683353277602
planner,8951,0,9683353277622,9683353277642
planner,8952,0,9683353277662,9683353277682
planner,8953,0,9683353277702,9683353277712
planner,8954,0,9683353277732,9683353277752
planner,8955,0,9683353277772,9683353277792
planner,8956,0,9683353277812,9683353277832
planner,8957,0,9683353277852,9683353277872
planner,8958,0,9683353277892,9683353277902
planner,8959,0,9683353277922,9683353277942
planner,8960,0,9683353278382,9683353278402
planner,8961,0,9683353278422,9683353278442
planner,8962,0,9683353278462,9683353278482
planner,8963,0,9683353278502,9683353278522
planner,8964,0,9683353278542,9683353278562
planner,8965,0,9683353278582,9683353278592
planner,8966,0,9683353278622,9683353278632
planner,8967,0,9683353278652,9683353278672
planner,8968,0,9683353278692,9683353278712
planner,8969,0,9683353278732,9683353278752
planner,8970,0,9683353278772,9683353278792
planner,8971,0,9683353278812,9683353278822
planner,8972,0,9683353278842,9683353278862
planner,8973,0,9683353278882,9683353278902
planner,8974,0,9683353278922,9683353278942
planner,8975,0,9683353278962,9683353278982
planner,8976,0,9683353279002,9683353279012
planner,8977,0,9683353279032,9683353279052
planner,8978,0,9683353279072,9683353279092
planner,8979,0,9683353279112,9683353279132
planner,8980,0,9683353279152,9683353279172
planner,8981,0,9683353279192,9683353279202
planner,8982,0,9683353279222,9683353279242
planner,8983,0,9683353279262,9683353279282
planner,8984,0,9683353279302,9683353279322
planner,8985,0,9683353279342,9683353279362
planner,8986,0,9683353279382,9683353279392
planner,8987,0,9683353279412,9683353279432
planner,8988,0,9683353279452,9683353279472
planner,8989,0,9683353279492,9683353279512
planner,8990,0,9683353279532,9683353279552
planner,8991,0,9683353279572,9683353279592
planner,8992,0,9683353279612,9683353279622
planner,8993,0,9683353279642,9683353279662
planner,8994,0,9683353279682,9683353279702
planner,8995,0,9683353279722,9683353279742
planner,8996,0,9683353279762,9683353279782
planner,8997,0,9683353279802,9683353279812
planner,8998,0,9683353279832,9683353279852
planner,8999,0,9683353279872,9683353279892
planner,9000,0,9683353279912,9683353279932
planner,9001,0,9683353279952,9683353279972
planner,9002,0,9683353279992,9683353280002
planner,9003,0,9683353280022,9683353280042
planner,9004,0,9683353280062,9683353280082
planner,9005,0,9683353280102,9683353280122
planner,9006,0,9683353280142,9683353280162
planner,9007,0,9683353280182,9683353280192
planner,9008,0,9683353280222,9683353280232
planner,9009,0,9683353280252,9683353280272
planner,9010,0,9683353280292,9683353280312
planner,9011,0,9683353280332,9683353280352
planner,9012,0,9683353280372,9683353280392
planner,9013,0,9683353280412,9683353280422
planner,9014,0,9683353280442,9683353280462
planner,9015,0,9683353280482,9683353280502
planner,9016,0,9683353280522,9683353280542
planner,9017,0,9683353280562,9683353280582
planner,9018,0,9683353280602,9683353280612
planner,9019,0,9683353280632,9683353280652
planner,9020,0,9683353280672,9683353280692
planner,9021,0,9683353280712,9683353280732
planner,9022,0,9683353280752,9683353280772
planner,9023,0,9683353280792,9683353280802
planner,9024,0,9683353280832,9683353280842
planner,9025,0,9683353280862,9683353280882
planner,9026,0,9683353280902,9683353280922
planner,9027,0,9683353280942,9683353280962
planner,9028,0,9683353280982,9683353281002
planner,9029,0,9683353281022,9683353281032
planner,9030,0,9683353281052,9683353281072
planner,9031,0,9683353281092,9683353281112
planner,9032,0,9683353281132,9683353281152
planner,9033,0,9683353281172,9683353281192
planner,9034,0,9683353281212,9683353281222
planner,9035,0,9683353281242,9683353281262
planner,9036,0,9683353281282,9683353281302
planner,9037,0,9683353281322,9683353281342
planner,9038,0,9683353281362,9683353281382
planner,9039,0,9683353281402,9683353281412
planner,9040,0,9683353281442,9683353281452
planner,9041,0,9683353281472,9683353281492
planner,9042,0,9683353281512,9683353281532
planner,9043,0,9683353281552,9683353281572
planner,9044,0,9683353281592,9683353281612
planner,9045,0,9683353281632,9683353281642
planner,9046,0,9683353281662,9683353281682
planner,9047,0,9683353281702,9683353281722
planner,9048,0,9683353281742,9683353281762
planner,9049,0,9683353281782,9683353281802
planner,9050,0,9683353281822,9683353281832
planner,9051,0,9683353281852,9683353281872
planner,9052,0,9683353281892,9683353281912
planner,9053,0,9683353281932,9683353281952
planner,9054,0,9683353281972,9683353281992
planner,9055,0,9683353282012,9683353282022
planner,9056,0,9683353282042,9683353282062
planner,9057,0,9683353282082,9683353282102
planner,9058,0,9683353282122,9683353282142
planner,9059,0,9683353282162,9683353282182
planner,9060,0,9683353282202,9683353282212
planner,9061,0,9683353282232,9683353282252
planner,9062,0,9683353282272,9683353282292
planner,9063,0,9683353282312,9683353282332
planner,9064,0,9683353282352,9683353282372
planner,9065,0,9683353282392,9683353282402
planner,9066,0,9683353282432,9683353282442
planner,9067,0,9683353282462,9683353282482
planner,9068,0,9683353282502,9683353282522
planner,9069,0,9683353282542,9683353282562
planner,9070,0,9683353282582,9683353282592
planner,9071,0,9683353282622,9683353282632
planner,9072,0,9683353282652,9683353282672
planner,9073,0,9683353282692,9683353282712
planner,9074,0,9683353282732,9683353282752
planner,9075,0,9683353282772,9683353282792
planner,9076,0,9683353282812,9683353282822
planner,9077,0,9683353282842,9683353282862
planner,9078,0,9683353282882,9683353282902
planner,9079,0,9683353282922,9683353282942
planner,9080,0,9683353282962,9683353282982
planner,9081,0,9683353283002,9683353283012
planner,9082,0,9683353283032,9683353283052
planner,9083,0,9683353283072,9683353283092
planner,9084,0,9683353283112,9683353283132
planner,9085,0,9683353283152,9683353283172
planner,9086,0,9683353283192,9683353283202
planner,9087,0,9683353283222,9683353283242
planner,9088,0,9683353283682,9683353283692
planner,9089,0,9683353283712,9683353283732
planner,9090,0,9683353283752,9683353283772
planner,9091,0,9683353283792,9683353283812
planner,9092,0,9683353283832,9683353283852
planner,9093,0,9683353283872,9683353283892
planner,9094,0,9683353283912,9683353283922
planner,9095,0,9683353283952,9683353283962
planner,9096,0,9683353283982,9683353284002
planner,9097,0,9683353284022,9683353284042
planner,9098,0,9683353284062,9683353284082
planner,9099,0,9683353284102,9683353284112
planner,9100,0,9683353284142,9683353284152
planner,9101,0,9683353284172,9683353284192
planner,9102,0,9683353284212,9683353284232
planner,9103,0,9683353284252,9683353284272
planner,9104,0,9683353284292,9683353284312
planner,9105,0,9683353284332,9683353284342
planner,9106,0,9683353284362,9683353284382
planner,9107,0,9683353284402,9683353284422
planner,9108,0,9683353284442,9683353284462
planner,9109,0,9683353284482,9683353284502
planner,9110,0,9683353284522,9683353284532
planner,9111,0,9683353284552,9683353284572
planner,9112,0,9683353284592,9683353284612
planner,9113,0,9683353284632,9683353284652
planner,9114,0,9683353284672,9683353284692
planner,9115,0,9683353284712,9683353284722
planner,9116,0,9683353284742,9683353284762
planner,9117,0,9683353284782,9683353284802
planner,9118,0,9683353284822,9683353284842
planner,9119,0,9683353284862,9683353284882
planner,9120,0,9683353284902,9683353284912
planner,9121,0,9683353284932,9683353284952
planner,9122,0,9683353284972,9683353284992
planner,9123,0,9683353285012,9683353285032
planner,9124,0,9683353285052,9683353285072
planner,9125,0,9683353285092,9683353285102
planner,9126,0,9683353285122,9683353285142
planner,9127,0,9683353285162,9683353285182
planner,9128,0,9683353285202,9683353285222
planner,9129,0,9683353285242,9683353285262
planner,9130,0,9683353285282,9683353285292
planner,9131,0,9683353285312,9683353285332
planner,9132,0,9683353285352,9683353285372
planner,9133,0,9683353285392,9683353285412
planner,9134,0,9683353285432,9683353285452
planner,9135,0,9683353285472,9683353285482
planner,9136,0,9683353285502,9683353285522
planner,9137,0,9683353285542,9683353285562
planner,9138,0,9683353285582,9683353285602
planner,9139,0,9683353285622,9683353285642
planner,9140,0,9683353285662,9683353285672
planner,9141,0,9683353285702,9683353285712
planner,9142,0,9683353285732,9683353285752
planner,9143,0,9683353285772,9683353285792
planner,9144,0,9683353285812,9683353285832
planner,9145,0,9683353285852,9683353285872
planner,9146,0,9683353285892,9683353285902
planner,9147,0,9683353285922,9683353285942
planner,9148,0,9683353285962,9683353285982
planner,9149,0,9683353286002,9683353286022
planner,9150,0,9683353286042,9683353286062
planner,9151,0,9683353286082,9683353286092
planner,9152,0,9683353286112,9683353286132
planner,9153,0,9683353286152,9683353286172
planner,9154,0,9683353286192,9683353286212
planner,9155,0,9683353286232,9683353286252
planner,9156,0,9683353286272,9683353286282
planner,9157,0,9683353286302,9683353286322
planner,9158,0,9683353286342,9683353286362
planner,9159,0,9683353286382,9683353286402
planner,9160,0,9683353286422,9683353286442
planner,9161,0,9683353286462,9683353286472
planner,9162,0,9683353286492,9683353286512
planner,9163,0,9683353286532,9683353286552
planner,9164,0,9683353286572,9683353286592
planner,9165,0,9683353286612,9683353286632
planner,9166,0,9683353286652,9683353286662
planner,9167,0,9683353286682,9683353286702
planner,9168,0,9683353286722,9683353286742
planner,9169,0,9683353286762,9683353286782
planner,9170,0,9683353286802,9683353286822
planner,9171,0,9683353286842,9683353286862
planner,9172,0,9683353286882,9683353286892
planner,9173,0,9683353286912,9683353286932
planner,9174,0,9683353286952,9683353286972
planner,9175,0,9683353286992,9683353287012
planner,9176,0,9683353287032,9683353287052
planner,9177,0,9683353287072,9683353287082
planner,9178,0,9683353287102,9683353287122
planner,9179,0,9683353287142,9683353287162
planner,9180,0,9683353287182,9683353287202
planner,9181,0,9683353287222,9683353287242
planner,9182,0,9683353287262,9683353287272
planner,9183,0,9683353287292,9683353287312
planner,9184,0,9683353287332,9683353287352
planner,9185,0,9683353287372,9683353287392
planner,9186,0,9683353287412,9683353287432
planner,9187,0,9683353287452,9683353287462
planner,9188,0,9683353287482,9683353287502
planner,9189,0,9683353287522,9683353287542
planner,9190,0,9683353287562,9683353287582
planner,9191,0,9683353287602,9683353287622
planner,9192,0,9683353287642,9683353287652
planner,9193,0,9683353287672,9683353287692
planner,9194,0,9683353287712,9683353287732
planner,9195,0,9683353287752,9683353287772
planner,9196,0,9683353287792,9683353287812
planner,9197,0,9683353287832,9683353287852
planner,9198,0,9683353287872,9683353287882
planner,9199,0,9683353287902,9683353287922
planner,9200,0,9683353287942,9683353287962
planner,9201,0,9683353287982,9683353288002
planner,9202,0,9683353288022,9683353288042
planner,9203,0,9683353288062,9683353288072
planner,9204,0,9683353288092,9683353288112
planner,9205,0,9683353288132,9683353288152
planner,9206,0,9683353288172,9683353288192
planner,9207,0,9683353288212,9683353288232
planner,9208,0,9683353288252,9683353288262
planner,9209,0,9683353288282,9683353288302
planner,9210,0,9683353288322,9683353288342
planner,9211,0,9683353288362,9683353288382
planner,9212,0,9683353288402,9683353288422
planner,9213,0,9683353288442,9683353288452
planner,9214,0,9683353288472,9683353288492
planner,9215,0,9683353288512,9683353288532
planner,9216,0,9683353289062,9683353289072
planner,9217,0,9683353289092,9683353289112
planner,9218,0,9683353289132,9683353289152
planner,9219,0,9683353289172,9683353289192
planner,9220,0,9683353289212,9683353289232
planner,9221,0,9683353289252,9683353289272
planner,9222,0,9683353289292,9683353289312
planner,9223,0,9683353289332,9683353289342
planner,9224,0,9683353289362,9683353289382
planner,9225,0,9683353289402,9683353289422
planner,9226,0,9683353289442,9683353289462
planner,9227,0,9683353289482,9683353289502
planner,9228,0,9683353289522,9683353289532
planner,9229,0,9683353289552,9683353289572
planner,9230,0,9683353289592,9683353289612
planner,9231,0,9683353289632,9683353289652
planner,9232,0,9683353289672,9683353289692
planner,9233,0,9683353289712,9683353289722
planner,9234,0,9683353289742,9683353289762
planner,9235,0,9683353289782,9683353289802
planner,9236,0,9683353289822,9683353289842
planner,9237,0,9683353289862,9683353289882
planner,9238,0,9683353289902,9683353289912
planner,9239,0,9683353289932,9683353289952
planner,9240,0,9683353289972,9683353289992
planner,9241,0,9683353290012,9683353290032
planner,9242,0,9683353290052,9683353290072
planner,9243,0,9683353290092,9683353290102
planner,9244,0,9683353290132,9683353290142
planner,9245,0,9683353290162,9683353290182
planner,9246,0,9683353290202,9683353290222
planner,9247,0,9683353290242,9683353290262
planner,9248,0,9683353290282,9683353290302
planner,9249,0,9683353290322,9683353290332
planner,9250,0,9683353290352,9683353290372
planner,9251,0,9683353290392,9683353290412
planner,9252,0,9683353290432,9683353290452
planner,9253,0,9683353290472,9683353290492
planner,9254,0,9683353290512,9683353290522
planner,9255,0,9683353290542,9683353290562
planner,9256,0,9683353290582,9683353290602
planner,9257,0,9683353290622,9683353290642
planner,9258,0,9683353290662,9683353290682
planner,9259,0,9683353290702,9683353290712
planner,9260,0,9683353290732,9683353290752
planner,9261,0,9683353290772,9683353290792
planner,9262,0,9683353290812,9683353290832
planner,9263,0,9683353290852,9683353290872
planner,9264,0,9683353290892,9683353290902
planner,9265,0,9683353290922,9683353290942
planner,9266,0,9683353290962,9683353290982
planner,9267,0,9683353291002,9683353291022
planner,9268,0,9683353291042,9683353291062
planner,9269,0,9683353291082,9683353291092
planner,9270,0,9683353291112,9683353291132
planner,9271,0,9683353291152,9683353291172
planner,9272,0,9683353291192,9683353291212
planner,9273,0,9683353291232,9683353291252
planner,9274,0,9683353291272,9683353291282
planner,9275,0,9683353291302,9683353291322
planner,9276,0,9683353291342,9683353291362
planner,9277,0,9683353291382,9683353291402
planner,9278,0,9683353291422,9683353291442
planner,9279,0,9683353291462,9683353291472
planner,9280,0,9683353291492,9683353291512
planner,9281,0,9683353291532,9683353291552
planner,9282,0,9683353291572,9683353291592
planner,9283,0,9683353291612,9683353291632
planner,9284,0,9683353291652,9683353291662
planner,9285,0,9683353291682,9683353291702
planner,9286,0,9683353291722,9683353291742
planner,9287,0,9683353291762,9683353291782
planner,9288,0,9683353291802,9683353291822
planner,9289,0,9683353291842,9683353291862
planner,9290,0,9683353291882,9683353291892
planner,9291,0,9683353291912,9683353291932
planner,9292,0,9683353291952,9683353291972
planner,9293,0,9683353291992,9683353292012
planner,9294,0,9683353292032,9683353292052
planner,9295,0,9683353292072,9683353292082
planner,9296,0,9683353292102,9683353292122
planner,9297,0,9683353292142,9683353292162
planner,9298,0,9683353292182,9683353292202
planner,9299,0,9683353292222,9683353292242
planner,9300,0,9683353292262,9683353292272
planner,9301,0,9683353292292,9683353292312
planner,9302,0,9683353292332,9683353292352
planner,9303,0,9683353292372,9683353292392
planner,9304,0,9683353292412,9683353292432
planner,9305,0,9683353292452,9683353292462
planner,9306,0,9683353292482,9683353292502
planner,9307,0,9683353292522,9683353292542
planner,9308,0,9683353292562,9683353292582
planner,9309,0,9683353292602,9683353292622
planner,9310,0,9683353292642,9683353292662
planner,9311,0,9683353292682,9683353292692
planner,9312,0,9683353292712,9683353292732
planner,9313,0,9683353292752,9683353292772
planner,9314,0,9683353292792,9683353292812
planner,9315,0,9683353292832,9683353292852
planner,9316,0,9683353292872,9683353292882
planner,9317,0,9683353292902,9683353292922
planner,9318,0,9683353292942,9683353292962
planner,9319,0,9683353292982,9683353293002
planner,9320,0,9683353293022,9683353293042
planner,9321,0,9683353293062,9683353293072
planner,9322,0,9683353293092,9683353293112
planner,9323,0,9683353293132,9683353293152
planner,9324,0,9683353293172,9683353293192
planner,9325,0,9683353293212,9683353293232
planner,9326,0,9683353293252,9683353293262
planner,9327,0,9683353293282,9683353293302
planner,9328,0,9683353293322,9683353293342
planner,9329,0,9683353293362,9683353293382
planner,9330,0,9683353293402,9683353293422
planner,9331,0,9683353293442,9683353293452
planner,9332,0,9683353293472,9683353293492
planner,9333,0,9683353293512,9683353293532
planner,9334,0,9683353293552,9683353293572
planner,9335,0,9683353293592,9683353293612
planner,9336,0,9683353293632,9683353293642
planner,9337,0,9683353293672,9683353293682
planner,9338,0,9683353293702,9683353293722
planner,9339,0,9683353293742,9683353293762
planner,9340,0,9683353293782,9683353293802
planner,9341,0,9683353293822,9683353293842
planner,9342,0,9683353293862,9683353293872
planner,9343,0,9683353293892,9683353293912
planner,9344,0,9683353294362,9683353294382
planner,9345,0,9683353294402,9683353294412
planner,9346,0,9683353294442,9683353294452
planner,9347,0,9683353294472,9683353294492
planner,9348,0,9683353294512,9683353294532
planner,9349,0,9683353294552,9683353294572
planner,9350,0,9683353294592,9683353294612
planner,9351,0,9683353294632,9683353294652
planner,9352,0,9683353294672,9683353294682
planner,9353,0,9683353294702,9683353294722
planner,9354,0,9683353294742,9683353294762
planner,9355,0,9683353294782,9683353294802
planner,9356,0,9683353294822,9683353294842
planner,9357,0,9683353294862,9683353294872
planner,9358,0,9683353294892,9683353294912
planner,9359,0,9683353294932,9683353294952
planner,9360,0,9683353294972,9683353294992
planner,9361,0,9683353295012,9683353295032
planner,9362,0,9683353295052,9683353295072
planner,9363,0,9683353295092,9683353295102
planner,9364,0,9683353295122,9683353295142
planner,9365,0,9683353295162,9683353295182
planner,9366,0,9683353295202,9683353295222
planner,9367,0,9683353295242,9683353295262
planner,9368,0,9683353295282,9683353295292
planner,9369,0,9683353295312,9683353295332
planner,9370,0,9683353295352,9683353295372
planner,9371,0,9683353295392,9683353295412
planner,9372,0,9683353295432,9683353295452
planner,9373,0,9683353295472,9683353295482
planner,9374,0,9683353295502,9683353295522
planner,9375,0,9683353295542,9683353295562
planner,9376,0,9683353295582,9683353295602
planner,9377,0,9683353295622,9683353295642
planner,9378,0,9683353295662,9683353295672
planner,9379,0,9683353295692,9683353295712
planner,9380,0,9683353295732,9683353295752
planner,9381,0,9683353295772,9683353295792
planner,9382,0,9683353295812,9683353295832
planner,9383,0,9683353295852,9683353295862
planner,9384,0,9683353295882,9683353295902
planner,9385,0,9683353295922,9683353295942
planner,9386,0,9683353295962,9683353295982
planner,9387,0,9683353296002,9683353296022
planner,9388,0,9683353296042,9683353296062
planner,9389,0,9683353296082,9683353296092
planner,9390,0,9683353296112,9683353296132
planner,9391,0,9683353296152,9683353296172
planner,9392,0,9683353296192,9683353296212
planner,9393,0,9683353296232,9683353296252
planner,9394,0,9683353296272,9683353296282
planner,9395,0,9683353296302,9683353296322
planner,9396,0,9683353296342,9683353296362
planner,9397,0,9683353296382,9683353296402
planner,9398,0,9683353296422,9683353296442
planner,9399,0,9683353296462,9683353296472
planner,9400,0,9683353296492,9683353296512
planner,9401,0,9683353296532,9683353296552
planner,9402,0,9683353296572,9683353296592
planner,9403,0,9683353296612,9683353296632
planner,9404,0,9683353296652,9683353296662
planner,9405,0,9683353296682,9683353296702
planner,9406,0,9683353296722,9683353296742
planner,9407,0,9683353296762,9683353296782
planner,9408,0,9683353296802,9683353296822
planner,9409,0,9683353296842,9683353296852
planner,9410,0,9683353296872,9683353296892
planner,9411,0,9683353296912,9683353296932
planner,9412,0,9683353296952,9683353296972
planner,9413,0,9683353296992,9683353297012
planner,9414,0,9683353297032,9683353297052
planner,9415,0,9683353297072,9683353297082
planner,9416,0,9683353297102,9683353297122
planner,9417,0,9683353297142,9683353297162
planner,9418,0,9683353297182,9683353297202
planner,9419,0,9683353297222,9683353297242
planner,9420,0,9683353297262,9683353297272
planner,9421,0,9683353297292,9683353297312
planner,9422,0,9683353297332,9683353297352
planner,9423,0,9683353297372,9683353297392
planner,9424,0,9683353297412,9683353297432
planner,9425,0,9683353297452,9683353297462
planner,9426,0,9683353297482,9683353297502
planner,9427,0,9683353297522,9683353297542
planner,9428,0,9683353297562,9683353297582
planner,9429,0,9683353297602,9683353297622
planner,9430,0,9683353297642,9683353297652
planner,9431,0,9683353297672,9683353297692
planner,9432,0,9683353297712,9683353297732
planner,9433,0,9683353297752,9683353297772
planner,9434,0,9683353297792,9683353297812
planner,9435,0,9683353297832,9683353297842
planner,9436,0,9683353297872,9683353297882
planner,9437,0,9683353297902,9683353297922
planner,9438,0,9683353297942,9683353297962
planner,9439,0,9683353297982,9683353298002
planner,9440,0,9683353298022,9683353298042
planner,9441,0,9683353298062,9683353298072
planner,9442,0,9683353298092,9683353298112
planner,9443,0,9683353298132,9683353298152
planner,9444,0,9683353298172,9683353298192
planner,9445,0,9683353298212,9683353298232
planner,9446,0,9683353298252,9683353298262
planner,9447,0,9683353298282,9683353298302
planner,9448,0,9683353298322,9683353298342
planner,9449,0,9683353298362,9683353298382
planner,9450,0,9683353298402,9683353298422
planner,9451,0,9683353298442,9683353298452
planner,9452,0,9683353298472,9683353298492
planner,9453,0,9683353298512,9683353298532
planner,9454,0,9683353298552,9683353298572
planner,9455,0,9683353298592,9683353298612
planner,9456,0,9683353298632,9683353298642
planner,9457,0,9683353298672,9683353298682
planner,9458,0,9683353298702,9683353298722
planner,9459,0,9683353298742,9683353298762
planner,9460,0,9683353298782,9683353298802
planner,9461,0,9683353298822,9683353298842
planner,9462,0,9683353298862,9683353298872
planner,9463,0,9683353298892,9683353298912
planner,9464,0,9683353298932,9683353298952
planner,9465,0,9683353298972,9683353298992
planner,9466,0,9683353299012,9683353299032
planner,9467,0,9683353299052,9683353299062
planner,9468,0,9683353299082,9683353299102
planner,9469,0,9683353299122,9683353299142
planner,9470,0,9683353299162,9683353299182
planner,9471,0,9683353299202,9683353299222
planner,9472,0,9683353299662,9683353299682
planner,9473,0,9683353299702,9683353299712
planner,9474,0,9683353299742,9683353299752
planner,9475,0,9683353299772,9683353299792
planner,9476,0,9683353299812,9683353299832
planner,9477,0,9683353299852,9683353299872
planner,9478,0,9683353299892,9683353299912
planner,9479,0,9683353299932,9683353299952
planner,9480,0,9683353299972,9683353299982
planner,9481,0,9683353300002,9683353300022
planner,9482,0,9683353300042,9683353300062
planner,9483,0,9683353300082,9683353300102
planner,9484,0,9683353300122,9683353300142
planner,9485,0,9683353300162,9683353300172
planner,9486,0,9683353300202,9683353300212
planner,9487,0,9683353300232,9683353300252
planner,9488,0,9683353300272,9683353300292
planner,9489,0,9683353300312,9683353300332
planner,9490,0,9683353300352,9683353300372
planner,9491,0,9683353300392,9683353300402
planner,9492,0,9683353300422,9683353300442
planner,9493,0,9683353300462,9683353300482
planner,9494,0,9683353300502,9683353300522
planner,9495,0,9683353300542,9683353300562
planner,9496,0,9683353300582,9683353300592
planner,9497,0,9683353300612,9683353300632
planner,9498,0,9683353300652,9683353300672
planner,9499,0,9683353300692,9683353300712
planner,9500,0,9683353300732,9683353300752
planner,9501,0,9683353300772,9683353300782
planner,9502,0,9683353300802,9683353300822
planner,9503,0,9683353300842,9683353300862
planner,9504,0,9683353300882,9683353300902
planner,9505,0,9683353300922,9683353300942
planner,9506,0,9683353300962,9683353300972
planner,9507,0,9683353300992,9683353301012
planner,9508,0,9683353301032,9683353301052
planner,9509,0,9683353301072,9683353301092
planner,9510,0,9683353301112,9683353301132
planner,9511,0,9683353301152,9683353301162
planner,9512,0,9683353301192,9683353301202
planner,9513,0,9683353301222,9683353301242
planner,9514,0,9683353301262,9683353301282
planner,9515,0,9683353301302,9683353301322
planner,9516,0,9683353301342,9683353301362
planner,9517,0,9683353301382,9683353301392
planner,9518,0,9683353301412,9683353301432
planner,9519,0,9683353301452,9683353301472
planner,9520,0,9683353301492,9683353301512
planner,9521,0,9683353301532,9683353301552
planner,9522,0,9683353301572,9683353301582
planner,9523,0,9683353301602,9683353301622
planner,9524,0,9683353301642,9683353301662
planner,9525,0,9683353301682,9683353301702
planner,9526,0,9683353301722,9683353301742
planner,9527,0,9683353301762,9683353301772
planner,9528,0,9683353301792,9683353301812
planner,9529,0,9683353301832,9683353301852
planner,9530,0,9683353301872,9683353301892
planner,9531,0,9683353301912,9683353301932
planner,9532,0,9683353301952,9683353301962
planner,9533,0,9683353301982,9683353302002
planner,9534,0,9683353302022,9683353302042
planner,9535,0,9683353302062,9683353302082
planner,9536,0,9683353302102,9683353302122
planner,9537,0,9683353302142,9683353302152
planner,9538,0,9683353302172,9683353302192
planner,9539,0,9683353302212,9683353302232
planner,9540,0,9683353302252,9683353302272
planner,9541,0,9683353302292,9683353302312
planner,9542,0,9683353302332,9683353302342
planner,9543,0,9683353302362,9683353302382
planner,9544,0,9683353302402,9683353302422
planner,9545,0,9683353302442,9683353302462
planner,9546,0,9683353302482,9683353302502
planner,9547,0,9683353302522,9683353302532
planner,9548,0,9683353302562,9683353302572
planner,9549,0,9683353302592,9683353302612
planner,9550,0,9683353302632,9683353302652
planner,9551,0,9683353302672,9683353302692
planner,9552,0,9683353302712,9683353302732
planner,9553,0,9683353302752,9683353302762
planner,9554,0,9683353302782,9683353302802
planner,9555,0,9683353302822,9683353302842
planner,9556,0,9683353302862,9683353302882
planner,9557,0,9683353302902,9683353302922
planner,9558,0,9683353302942,9683353302952
planner,9559,0,9683353302972,9683353302992
planner,9560,0,9683353303012,9683353303032
planner,9561,0,9683353303052,9683353303072
planner,9562,0,9683353303092,9683353303112
planner,9563,0,9683353303132,9683353303142
planner,9564,0,9683353303162,9683353303182
planner,9565,0,9683353303202,9683353303222
planner,9566,0,9683353303242,9683353303262
planner,9567,0,9683353303282,9683353303302
planner,9568,0,9683353303322,9683353303332
planner,9569,0,9683353303352,9683353303372
planner,9570,0,9683353303392,9683353303412
planner,9571,0,9683353303432,9683353303452
planner,9572,0,9683353303472,9683353303492
planner,9573,0,9683353303512,9683353303522
planner,9574,0,9683353303542,9683353303562
planner,9575,0,9683353303582,9683353303602
planner,9576,0,9683353303622,9683353303642
planner,9577,0,9683353303662,9683353303682
planner,9578,0,9683353303702,9683353303722
planner,9579,0,9683353303742,9683353303752
planner,9580,0,9683353303772,9683353303792
planner,9581,0,9683353303812,9683353303832
planner,9582,0,9683353303852,9683353303872
planner,9583,0,9683353303892,9683353303912
planner,9584,0,9683353303932,9683353303942
planner,9585,0,9683353303962,9683353303982
planner,9586,0,9683353304002,9683353304022
planner,9587,0,9683353304042,9683353304062
planner,9588,0,9683353304082,9683353304102
planner,9589,0,9683353304122,9683353304132
planner,9590,0,9683353304152,9683353304172
planner,9591,0,9683353304192,9683353304212
planner,9592,0,9683353304232,9683353304252
planner,9593,0,9683353304272,9683353304292
planner,9594,0,9683353304312,9683353304322
planner,9595,0,9683353304342,9683353304362
planner,9596,0,9683353304382,9683353304402
planner,9597,0,9683353304422,9683353304442
planner,9598,0,9683353304462,9683353304482
planner,9599,0,9683353304502,9683353304512
planner,9600,0,9683353305022,9683353305042
planner,9601,0,9683353305062,9683353305082
planner,9602,0,9683353305102,9683353305122
planner,9603,0,9683353305142,9683353305162
planner,9604,0,9683353305182,9683353305202
planner,9605,0,9683353305222,9683353305232
planner,9606,0,9683353305262,9683353305272
planner,9607,0,9683353305292,9683353305312
planner,9608,0,9683353305332,9683353305352
planner,9609,0,9683353305372,9683353305392
planner,9610,0,9683353305412,9683353305432
planner,9611,0,9683353305452,9683353305462
planner,9612,0,9683353305482,9683353305502
planner,9613,0,9683353305522,9683353305542
planner,9614,0,9683353305562,9683353305582
planner,9615,0,9683353305602,9683353305622
planner,9616,0,9683353305642,9683353305652
planner,9617,0,9683353305672,9683353305692
planner,9618,0,9683353305712,9683353305732
planner,9619,0,9683353305752,9683353305772
planner,9620,0,9683353305792,9683353305812
planner,9621,0,9683353305832,9683353305842
planner,9622,0,9683353305862,9683353305882
planner,9623,0,9683353305902,9683353305922
planner,9624,0,9683353305942,9683353305962
planner,9625,0,9683353305982,9683353306002
planner,9626,0,9683353306022,9683353306032
planner,9627,0,9683353306052,9683353306072
planner,9628,0,9683353306092,9683353306112
planner,9629,0,9683353306132,9683353306152
planner,9630,0,9683353306172,9683353306192
planner,9631,0,9683353306212,9683353306232
planner,9632,0,9683353306252,9683353306262
planner,9633,0,9683353306282,9683353306302
planner,9634,0,9683353306322,9683353306342
planner,9635,0,9683353306362,9683353306382
planner,9636,0,9683353306402,9683353306422
planner,9637,0,9683353306442,9683353306452
planner,9638,0,9683353306472,9683353306492
planner,9639,0,9683353306512,9683353306532
planner,9640,0,9683353306552,9683353306572
planner,9641,0,9683353306592,9683353306612
planner,9642,0,9683353306632,9683353306642
planner,9643,0,9683353306662,9683353306682
planner,9644,0,9683353306702,9683353306722
planner,9645,0,9683353306742,9683353306762
planner,9646,0,9683353306782,9683353306802
planner,9647,0,9683353306822,9683353306832
planner,9648,0,9683353306862,9683353306872
planner,9649,0,9683353306892,9683353306912
planner,9650,0,9683353306932,9683353306952
planner,9651,0,9683353306972,9683353306992
planner,9652,0,9683353307012,9683353307032
planner,9653,0,9683353307052,9683353307062
planner,9654,0,9683353307082,9683353307102
planner,9655,0,9683353307122,9683353307142
planner,9656,0,9683353307162,9683353307182
planner,9657,0,9683353307202,9683353307222
planner,9658,0,9683353307242,9683353307252
planner,9659,0,9683353307272,9683353307292
planner,9660,0,9683353307312,9683353307332
planner,9661,0,9683353307352,9683353307372
planner,9662,0,9683353307392,9683353307412
planner,9663,0,9683353307432,9683353307442
planner,9664,0,9683353307462,9683353307482
planner,9665,0,9683353307502,9683353307522
planner,9666,0,9683353307542,9683353307562
planner,9667,0,9683353307582,9683353307602
planner,9668,0,9683353307622,9683353307632
planner,9669,0,9683353307662,9683353307672
planner,9670,0,9683353307692,9683353307712
planner,9671,0,9683353307732,9683353307752
planner,9672,0,9683353307772,9683353307792
planner,9673,0,9683353307812,9683353307832
planner,9674,0,9683353307852,9683353307862
planner,9675,0,9683353307882,9683353307902
planner,9676,0,9683353307922,9683353307942
planner,9677,0,9683353307962,9683353307982
planner,9678,0,9683353308002,9683353308022
planner,9679,0,9683353308042,9683353308052
planner,9680,0,9683353308072,9683353308092
planner,9681,0,9683353308112,9683353308132
planner,9682,0,9683353308152,9683353308172
planner,9683,0,9683353308192,9683353308212
planner,9684,0,9683353308232,9683353308242
planner,9685,0,9683353308262,9683353308282
planner,9686,0,9683353308302,9683353308322
planner,9687,0,9683353308342,9683353308362
planner,9688,0,9683353308382,9683353308402
planner,9689,0,9683353308422,9683353308432
planner,9690,0,9683353308452,9683353308472
planner,9691,0,9683353308492,9683353308512
planner,9692,0,9683353308532,9683353308552
planner,9693,0,9683353308572,9683353308592
planner,9694,0,9683353308612,9683353308622
planner,9695,0,9683353308642,9683353308662
planner,9696,0,9683353308682,9683353308702
planner,9697,0,9683353308722,9683353308742
planner,9698,0,9683353308762,9683353308782
planner,9699,0,9683353308802,9683353308812
planner,9700,0,9683353308842,9683353308852
planner,9701,0,9683353308872,9683353308892
planner,9702,0,9683353308912,9683353308932
planner,9703,0,9683353308952,9683353308972
planner,9704,0,9683353308992,9683353309012
planner,9705,0,9683353309032,9683353309042
planner,9706,0,9683353309062,9683353309082
planner,9707,0,9683353309102,9683353309122
planner,9708,0,9683353309142,9683353309162
planner,9709,0,9683353309182,9683353309202
planner,9710,0,9683353309222,9683353309232
planner,9711,0,9683353309252,9683353309272
planner,9712,0,9683353309292,9683353309312
planner,9713,0,9683353309332,9683353309352
planner,9714,0,9683353309372,9683353309392
planner,9715,0,9683353309412,9683353309422
planner,9716,0,9683353309442,9683353309462
planner,9717,0,9683353309482,9683353309502
planner,9718,0,9683353309522,9683353309542
planner,9719,0,9683353309562,9683353309582
planner,9720,0,9683353309602,9683353309612
planner,9721,0,9683353309632,9683353309652
planner,9722,0,9683353309672,9683353309692
planner,9723,0,9683353309712,9683353309732
planner,9724,0,9683353309752,9683353309772
planner,9725,0,9683353309792,9683353309812
planner,9726,0,9683353309832,9683353309842
planner,9727,0,9683353309862,9683353309882
planner,9728,0,9683353310322,9683353310342
planner,9729,0,9683353310362,9683353310372
planner,9730,0,9683353310402,9683353310412
planner,9731,0,9683353310432,9683353310452
planner,9732,0,9683353310472,9683353310492
planner,9733,0,9683353310512,9683353310532
planner,9734,0,9683353310552,9683353310572
planner,9735,0,9683353310592,9683353310612
planner,9736,0,9683353310632,9683353310642
planner,9737,0,9683353310672,9683353310682
planner,9738,0,9683353310702,9683353310722
planner,9739,0,9683353310742,9683353310762
planner,9740,0,9683353310782,9683353310802
planner,9741,0,9683353310822,9683353310842
planner,9742,0,9683353310862,9683353310872
planner,9743,0,9683353310892,9683353310912
planner,9744,0,9683353310932,9683353310952
planner,9745,0,9683353310972,9683353310992
planner,9746,0,9683353311012,9683353311032
planner,9747,0,9683353311052,9683353311062
planner,9748,0,9683353311082,9683353311102
planner,9749,0,9683353311122,9683353311142
planner,9750,0,9683353311162,9683353311182
planner,9751,0,9683353311202,9683353311222
planner,9752,0,9683353311242,9683353311252
planner,9753,0,9683353311272,9683353311292
planner,9754,0,9683353311312,9683353311332
planner,9755,0,9683353311352,9683353311372
planner,9756,0,9683353311392,9683353311412
planner,9757,0,9683353311432,9683353311442
planner,9758,0,9683353311472,9683353311482
planner,9759,0,9683353311502,9683353311522
planner,9760,0,9683353311542,9683353311562
planner,9761,0,9683353311582,9683353311602
planner,9762,0,9683353311622,9683353311642
planner,9763,0,9683353311662,9683353311672
planner,9764,0,9683353311692,9683353311712
planner,9765,0,9683353311732,9683353311752
planner,9766,0,9683353311772,9683353311792
planner,9767,0,9683353311812,9683353311832
planner,9768,0,9683353311852,9683353311862
planner,9769,0,9683353311882,9683353311902
planner,9770,0,9683353311922,9683353311942
planner,9771,0,9683353311962,9683353311982
planner,9772,0,9683353312002,9683353312022
planner,9773,0,9683353312042,9683353312052
planner,9774,0,9683353312072,9683353312092
planner,9775,0,9683353312112,9683353312132
planner,9776,0,9683353312152,9683353312172
planner,9777,0,9683353312192,9683353312212
planner,9778,0,9683353312232,9683353312242
planner,9779,0,9683353312262,9683353312282
planner,9780,0,9683353312302,9683353312322
planner,9781,0,9683353312342,9683353312362
planner,9782,0,9683353312382,9683353312402
planner,9783,0,9683353312422,9683353312432
planner,9784,0,9683353312462,9683353312472
planner,9785,0,9683353312492,9683353312512
planner,9786,0,9683353312532,9683353312552
planner,9787,0,9683353312572,9683353312592
planner,9788,0,9683353312612,9683353312632
planner,9789,0,9683353312652,9683353312662
planner,9790,0,9683353312682,9683353312702
planner,9791,0,9683353312722,9683353312742
planner,9792,0,9683353312762,9683353312782
planner,9793,0,9683353312802,9683353312822
planner,9794,0,9683353312842,9683353312852
planner,9795,0,9683353312872,9683353312892
planner,9796,0,9683353312912,9683353312932
planner,9797,0,9683353312952,9683353312972
planner,9798,0,9683353312992,9683353313012
planner,9799,0,9683353313032,9683353313042
planner,9800,0,9683353313062,9683353313082
planner,9801,0,9683353313102,9683353313122
planner,9802,0,9683353313142,9683353313162
planner,9803,0,9683353313182,9683353313202
planner,9804,0,9683353313222,9683353313232
planner,9805,0,9683353313252,9683353313272
planner,9806,0,9683353313292,9683353313312
planner,9807,0,9683353313332,9683353313352
planner,9808,0,9683353313372,9683353313392
planner,9809,0,9683353313412,9683353313422
planner,9810,0,9683353313442,9683353313462
planner,9811,0,9683353313482,9683353313502
planner,9812,0,9683353313522,9683353313542
planner,9813,0,9683353313562,9683353313582
planner,9814,0,9683353313602,9683353313622
planner,9815,0,9683353313642,9683353313652
planner,9816,0,9683353313672,9683353313692
planner,9817,0,9683353313712,9683353313732
planner,9818,0,9683353313752,9683353313772
planner,9819,0,9683353313792,9683353313812
planner,9820,0,9683353313832,9683353313842
planner,9821,0,9683353313862,9683353313882
planner,9822,0,9683353313902,9683353313922
planner,9823,0,9683353313942,9683353313962
planner,9824,0,9683353313982,9683353314002
planner,9825,0,9683353314022,9683353314032
planner,9826,0,9683353314052,9683353314072
planner,9827,0,9683353314092,9683353314112
planner,9828,0,9683353314132,9683353314152
planner,9829,0,9683353314172,9683353314192
planner,9830,0,9683353314212,9683353314222
planner,9831,0,9683353314252,9683353314262
planner,9832,0,9683353314282,9683353314302
planner,9833,0,9683353314322,9683353314342
planner,9834,0,9683353314362,9683353314382
planner,9835,0,9683353314402,9683353314422
planner,9836,0,9683353314442,9683353314452
planner,9837,0,9683353314472,9683353314492
planner,9838,0,9683353314512,9683353314532
planner,9839,0,9683353314552,9683353314572
planner,9840,0,9683353314592,9683353314612
planner,9841,0,9683353314632,9683353314642
planner,9842,0,9683353314662,9683353314682
planner,9843,0,9683353314702,9683353314722
planner,9844,0,9683353314742,9683353314762
planner,9845,0,9683353314782,9683353314802
planner,9846,0,9683353314822,9683353314832
planner,9847,0,9683353314862,9683353314872
planner,9848,0,9683353314892,9683353314912
planner,9849,0,9683353314932,9683353314952
planner,9850,0,9683353314972,9683353314992
planner,9851,0,9683353315012,9683353315032
planner,9852,0,9683353315052,9683353315062
planner,9853,0,9683353315082,9683353315102
planner,9854,0,9683353315122,9683353315142
planner,9855,0,9683353315162,9683353315182
planner,9856,0,9683353315742,9683353315752
planner,9857,0,9683353315782,9683353315792
planner,9858,0,9683353315812,9683353315832
planner,9859,0,9683353315852,9683353315872
planner,9860,0,9683353315892,9683353315912
planner,9861,0,9683353315932,9683353315952
planner,9862,0,9683353315972,9683353315992
planner,9863,0,9683353316012,9683353316022
planner,9864,0,9683353316042,9683353316062
planner,9865,0,9683353316082,9683353316102
planner,9866,0,9683353316122,9683353316142
planner,9867,0,9683353316162,9683353316182
planner,9868,0,9683353316202,9683353316212
planner,9869,0,9683353316242,9683353316252
planner,9870,0,9683353316272,9683353316292
planner,9871,0,9683353316312,9683353316332
planner,9872,0,9683353316352,9683353316372
planner,9873,0,9683353316392,9683353316412
planner,9874,0,9683353316432,9683353316442
planner,9875,0,9683353316462,9683353316482
planner,9876,0,9683353316502,9683353316522
planner,9877,0,9683353316542,9683353316562
planner,9878,0,9683353316582,9683353316602
planner,9879,0,9683353316622,9683353316632
planner,9880,0,9683353316652,9683353316672
planner,9881,0,9683353316692,9683353316712
planner,9882,0,9683353316732,9683353316752
planner,9883,0,9683353316772,9683353316792
planner,9884,0,9683353316812,9683353316822
planner,9885,0,9683353316842,9683353316862
planner,9886,0,9683353316882,9683353316902
planner,9887,0,9683353316922,9683353316942
planner,9888,0,9683353316962,9683353316982
planner,9889,0,9683353317002,9683353317012
planner,9890,0,9683353317042,9683353317052
planner,9891,0,9683353317072,9683353317092
planner,9892,0,9683353317112,9683353317132
planner,9893,0,9683353317152,9683353317172
planner,9894,0,9683353317192,9683353317212
planner,9895,0,9683353317232,9683353317242
planner,9896,0,9683353317262,9683353317282
planner,9897,0,9683353317302,9683353317322
planner,9898,0,9683353317342,9683353317362
planner,9899,0,9683353317382,9683353317402
planner,9900,0,9683353317422,9683353317432
planner,9901,0,9683353317452,9683353317472
planner,9902,0,9683353317492,9683353317512
planner,9903,0,9683353317532,9683353317552
planner,9904,0,9683353317572,9683353317592
planner,9905,0,9683353317612,9683353317622
planner,9906,0,9683353317642,9683353317662
planner,9907,0,9683353317682,9683353317702
planner,9908,0,9683353317722,9683353317742
planner,9909,0,9683353317762,9683353317782
planner,9910,0,9683353317802,9683353317822
planner,9911,0,9683353317842,9683353317852
planner,9912,0,9683353317872,9683353317892
planner,9913,0,9683353317912,9683353317932
planner,9914,0,9683353317952,9683353317972
planner,9915,0,9683353317992,9683353318012
planner,9916,0,9683353318032,9683353318042
planner,9917,0,9683353318062,9683353318082
planner,9918,0,9683353318102,9683353318122
planner,9919,0,9683353318142,9683353318162
planner,9920,0,9683353318182,9683353318202
planner,9921,0,9683353318222,9683353318232
planner,9922,0,9683353318262,9683353318272
planner,9923,0,9683353318292,9683353318312
planner,9924,0,9683353318332,9683353318352
planner,9925,0,9683353318372,9683353318392
planner,9926,0,9683353318412,9683353318432
planner,9927,0,9683353318452,9683353318462
planner,9928,0,9683353318482,9683353318502
planner,9929,0,9683353318522,9683353318542
planner,9930,0,9683353318562,9683353318582
planner,9931,0,9683353318602,9683353318622
planner,9932,0,9683353318642,9683353318652
planner,9933,0,9683353318672,9683353318692
planner,9934,0,9683353318712,9683353318732
planner,9935,0,9683353318752,9683353318772
planner,9936,0,9683353318792,9683353318812
planner,9937,0,9683353318832,9683353318842
planner,9938,0,9683353318862,9683353318882
planner,9939,0,9683353318902,9683353318922
planner,9940,0,9683353318942,9683353318962
planner,9941,0,9683353318982,9683353319002
planner,9942,0,9683353319022,9683353319032
planner,9943,0,9683353319062,9683353319072
planner,9944,0,9683353319092,9683353319112
planner,9945,0,9683353319132,9683353319152
planner,9946,0,9683353319172,9683353319192
planner,9947,0,9683353319212,9683353319232
planner,9948,0,9683353319252,9683353319262
planner,9949,0,9683353319282,9683353319302
planner,9950,0,9683353319322,9683353319342
planner,9951,0,9683353319362,9683353319382
planner,9952,0,9683353319402,9683353319422
planner,9953,0,9683353319442,9683353319452
planner,9954,0,9683353319472,9683353319492
planner,9955,0,9683353319512,9683353319532
planner,9956,0,9683353319552,9683353319572
planner,9957,0,9683353319592,9683353319612
planner,9958,0,9683353319632,9683353319642
planner,9959,0,9683353319672,9683353319682
planner,9960,0,9683353319702,9683353319722
planner,9961,0,9683353319742,9683353319762
planner,9962,0,9683353319782,9683353319802
planner,9963,0,9683353319822,9683353319842
planner,9964,0,9683353319862,9683353319872
planner,9965,0,9683353319892,9683353319912
planner,9966,0,9683353319932,9683353319952
planner,9967,0,9683353319972,9683353319992
planner,9968,0,9683353320012,9683353320032
planner,9969,0,9683353320052,9683353320062
planner,9970,0,9683353320082,9683353320102
planner,9971,0,9683353320122,9683353320142
planner,9972,0,9683353320162,9683353320182
planner,9973,0,9683353320202,9683353320222
planner,9974,0,9683353320242,9683353320252
planner,9975,0,9683353320272,9683353320292
planner,9976,0,9683353320312,9683353320332
planner,9977,0,9683353320352,9683353320372
planner,9978,0,9683353320392,9683353320412
planner,9979,0,9683353320432,9683353320442
planner,9980,0,9683353320472,9683353320482
planner,9981,0,9683353320502,9683353320522
planner,9982,0,9683353320542,9683353320562
planner,9983,0,9683353320582,9683353320602
planner,9984,0,9683353321032,9683353321052
planner,9985,0,9683353321072,9683353321092
planner,9986,0,9683353321112,9683353321132
planner,9987,0,9683353321152,9683353321172
planner,9988,0,9683353321192,9683353321212
planner,9989,0,9683353321232,9683353321252
planner,9990,0,9683353321272,9683353321282
planner,9991,0,9683353321302,9683353321322
planner,9992,0,9683353321342,9683353321362
planner,9993,0,9683353321382,9683353321402
planner,9994,0,9683353321422,9683353321442
planner,9995,0,9683353321462,9683353321472
planner,9996,0,9683353321492,9683353321512
planner,9997,0,9683353321532,9683353321552
planner,9998,0,9683353321572,9683353321592
planner,9999,0,9683353321612,9683353321632
planner,10000,0,9683353321652,9683353321672
planner,10001,0,9683353321692,9683353321702
planner,10002,0,9683353321722,9683353321742
planner,10003,0,9683353321762,9683353321782
planner,10004,0,9683353321802,9683353321822
planner,10005,0,9683353321842,9683353321862
planner,10006,0,9683353321882,9683353321892
planner,10007,0,9683353321912,9683353321932
planner,10008,0,9683353321952,9683353321972
planner,10009,0,9683353321992,9683353322012
planner,10010,0,9683353322032,9683353322052
planner,10011,0,9683353322072,9683353322082
planner,10012,0,9683353322112,9683353322122
planner,10013,0,9683353322142,9683353322162
planner,10014,0,9683353322182,9683353322202
planner,10015,0,9683353322222,9683353322242
planner,10016,0,9683353322262,9683353322282
planner,10017,0,9683353322302,9683353322312
planner,10018,0,9683353322332,9683353322352
planner,10019,0,9683353322372,9683353322392
planner,10020,0,9683353322412,9683353322432
planner,10021,0,9683353322452,9683353322472
planner,10022,0,9683353322492,9683353322502
planner,10023,0,9683353322522,9683353322542
planner,10024,0,9683353322562,9683353322582
planner,10025,0,9683353322602,9683353322622
planner,10026,0,9683353322642,9683353322662
planner,10027,0,9683353322682,9683353322692
planner,10028,0,9683353322712,9683353322732
planner,10029,0,9683353322752,9683353322772
planner,10030,0,9683353322792,9683353322812
planner,10031,0,9683353322832,9683353322852
planner,10032,0,9683353322872,9683353322892
planner,10033,0,9683353322912,9683353322922
planner,10034,0,9683353322942,9683353322962
planner,10035,0,9683353322982,9683353323002
planner,10036,0,9683353323022,9683353323042
planner,10037,0,9683353323062,9683353323082
planner,10038,0,9683353323102,9683353323112
planner,10039,0,9683353323132,9683353323152
planner,10040,0,9683353323172,9683353323192
planner,10041,0,9683353323212,9683353323232
planner,10042,0,9683353323252,9683353323272
planner,10043,0,9683353323292,9683353323302
planner,10044,0,9683353323322,9683353323342
planner,10045,0,9683353323362,9683353323382
planner,10046,0,9683353323402,9683353323422
planner,10047,0,9683353323442,9683353323462
planner,10048,0,9683353323482,9683353323492
planner,10049,0,9683353323512,9683353323532
planner,10050,0,9683353323552,9683353323572
planner,10051,0,9683353323592,9683353323612
planner,10052,0,9683353323632,9683353323652
planner,10053,0,9683353323672,9683353323682
planner,10054,0,9683353323712,9683353323722
planner,10055,0,9683353323742,9683353323762
planner,10056,0,9683353323782,9683353323802
planner,10057,0,9683353323822,9683353323842
planner,10058,0,9683353323862,9683353323882
planner,10059,0,9683353323902,9683353323912
planner,10060,0,9683353323932,9683353323952
planner,10061,0,9683353323972,9683353323992
planner,10062,0,9683353324012,9683353324032
planner,10063,0,9683353324052,9683353324072
planner,10064,0,9683353324092,9683353324102
planner,10065,0,9683353324122,9683353324142
planner,10066,0,9683353324162,9683353324182
planner,10067,0,9683353324202,9683353324222
planner,10068,0,9683353324242,9683353324262
planner,10069,0,9683353324282,9683353324292
planner,10070,0,9683353324312,9683353324332
planner,10071,0,9683353324352,9683353324372
planner,10072,0,9683353324392,9683353324412
planner,10073,0,9683353324432,9683353324452
planner,10074,0,9683353324472,9683353324482
planner,10075,0,9683353324502,9683353324522
planner,10076,0,9683353324542,9683353324562
planner,10077,0,9683353324582,9683353324602
planner,10078,0,9683353324622,9683353324642
planner,10079,0,9683353324662,9683353324672
planner,10080,0,9683353324702,9683353324712
planner,10081,0,9683353324732,9683353324752
planner,10082,0,9683353324772,9683353324792
planner,10083,0,9683353324812,9683353324832
planner,10084,0,9683353324852,9683353324872
planner,10085,0,9683353324892,9683353324902
planner,10086,0,9683353324922,9683353324942
planner,10087,0,9683353324962,9683353324982
planner,10088,0,9683353325002,9683353325022
planner,10089,0,9683353325042,9683353325062
planner,10090,0,9683353325082,9683353325092
planner,10091,0,9683353325112,9683353325132
planner,10092,0,9683353325152,9683353325172
planner,10093,0,9683353325192,9683353325212
planner,10094,0,9683353325232,9683353325252
planner,10095,0,9683353325272,9683353325282
planner,10096,0,9683353325302,9683353325322
planner,10097,0,9683353325342,9683353325362
planner,10098,0,9683353325382,9683353325402
planner,10099,0,9683353325422,9683353325442
planner,10100,0,9683353325462,9683353325472
planner,10101,0,9683353325492,9683353325512
planner,10102,0,9683353325532,9683353325552
planner,10103,0,9683353325572,9683353325592
planner,10104,0,9683353325612,9683353325632
planner,10105,0,9683353325652,9683353325662
planner,10106,0,9683353325692,9683353325702
planner,10107,0,9683353325722,9683353325742
planner,10108,0,9683353325762,9683353325782
planner,10109,0,9683353325802,9683353325822
planner,10110,0,9683353325842,9683353325862
planner,10111,0,9683353325882,9683353325892
planner,10112,0,9683353327072,9683353327082
planner,10113,0,9683353327112,9683353327122
planner,10114,0,9683353327142,9683353327162
planner,10115,0,9683353327182,9683353327202
planner,10116,0,9683353327222,9683353327242
planner,10117,0,9683353327262,9683353327282
planner,10118,0,9683353327302,9683353327322
planner,10119,0,9683353327342,9683353327352
planner,10120,0,9683353327382,9683353327392
planner,10121,0,9683353327412,9683353327432
planner,10122,0,9683353327452,9683353327472
planner,10123,0,9683353327492,9683353327512
planner,10124,0,9683353327532,9683353327552
planner,10125,0,9683353327572,9683353327582
planner,10126,0,9683353327602,9683353327622
planner,10127,0,9683353327642,9683353327662
planner,10128,0,9683353327682,9683353327702
planner,10129,0,9683353327722,9683353327742
planner,10130,0,9683353327762,9683353327772
planner,10131,0,9683353327792,9683353327812
planner,10132,0,9683353327832,9683353327852
planner,10133,0,9683353327872,9683353327892
planner,10134,0,9683353327912,9683353327932
planner,10135,0,9683353327952,9683353327972
planner,10136,0,9683353327992,9683353328002
planner,10137,0,9683353328022,9683353328042
planner,10138,0,9683353328062,9683353328082
planner,10139,0,9683353328102,9683353328122
planner,10140,0,9683353328142,9683353328162
planner,10141,0,9683353328182,9683353328192
planner,10142,0,9683353328212,9683353328232
planner,10143,0,9683353328252,9683353328272
planner,10144,0,9683353328292,9683353328312
planner,10145,0,9683353328332,9683353328352
planner,10146,0,9683353328372,9683353328392
planner,10147,0,9683353328412,9683353328422
planner,10148,0,9683353328442,9683353328462
planner,10149,0,9683353328482,9683353328502
planner,10150,0,9683353328522,9683353328542
planner,10151,0,9683353328562,9683353328582
planner,10152,0,9683353328602,9683353328612
planner,10153,0,9683353328632,9683353328652
planner,10154,0,9683353328672,9683353328692
planner,10155,0,9683353328712,9683353328732
planner,10156,0,9683353328752,9683353328772
planner,10157,0,9683353328792,9683353328802
planner,10158,0,9683353328822,9683353328842
planner,10159,0,9683353328862,9683353328882
planner,10160,0,9683353328902,9683353328922
planner,10161,0,9683353328942,9683353328962
planner,10162,0,9683353328982,9683353328992
planner,10163,0,9683353329022,9683353329032
planner,10164,0,9683353329052,9683353329072
planner,10165,0,9683353329092,9683353329112
planner,10166,0,9683353329132,9683353329152
planner,10167,0,9683353329172,9683353329192
planner,10168,0,9683353329212,9683353329222
planner,10169,0,9683353329242,9683353329262
planner,10170,0,9683353329282,9683353329302
planner,10171,0,9683353329322,9683353329342
planner,10172,0,9683353329362,9683353329382
planner,10173,0,9683353329402,9683353329412
planner,10174,0,9683353329432,9683353329452
planner,10175,0,9683353329472,9683353329492
planner,10176,0,9683353329512,9683353329532
planner,10177,0,9683353329552,9683353329572
planner,10178,0,9683353329592,9683353329602
planner,10179,0,9683353329622,9683353329642
planner,10180,0,9683353329662,9683353329682
planner,10181,0,9683353329702,9683353329722
planner,10182,0,9683353329742,9683353329762
planner,10183,0,9683353329782,9683353329802
planner,10184,0,9683353329822,9683353329832
planner,10185,0,9683353329852,9683353329872
planner,10186,0,9683353329892,9683353329912
planner,10187,0,9683353329932,9683353329952
planner,10188,0,9683353329972,9683353329992
planner,10189,0,9683353330012,9683353330022
planner,10190,0,9683353330042,9683353330062
planner,10191,0,9683353330082,9683353330102
planner,10192,0,9683353330122,9683353330142
planner,10193,0,9683353330162,9683353330182
planner,10194,0,9683353330202,9683353330212
planner,10195,0,9683353330232,9683353330252
planner,10196,0,9683353330272,9683353330292
planner,10197,0,9683353330312,9683353330332
planner,10198,0,9683353330352,9683353330372
planner,10199,0,9683353330392,9683353330402
planner,10200,0,9683353330422,9683353330442
planner,10201,0,9683353330462,9683353330482
planner,10202,0,9683353330502,9683353330522
planner,10203,0,9683353330542,9683353330562
planner,10204,0,9683353330582,9683353330602
planner,10205,0,9683353330622,9683353330632
planner,10206,0,9683353330652,9683353330672
planner,10207,0,9683353330692,9683353330712
planner,10208,0,9683353330732,9683353330752
planner,10209,0,9683353330772,9683353330792
planner,10210,0,9683353330812,9683353330822
planner,10211,0,9683353330842,9683353330862
planner,10212,0,9683353330882,9683353330902
planner,10213,0,9683353330922,9683353330942
planner,10214,0,9683353330962,9683353330982
planner,10215,0,9683353331002,9683353331012
planner,10216,0,9683353331032,9683353331052
planner,10217,0,9683353331072,9683353331092
planner,10218,0,9683353331112,9683353331132
planner,10219,0,9683353331152,9683353331172
planner,10220,0,9683353331192,9683353331202
planner,10221,0,9683353331232,9683353331242
planner,10222,0,9683353331262,9683353331282
planner,10223,0,9683353331302,9683353331322
planner,10224,0,9683353331342,9683353331362
planner,10225,0,9683353331382,9683353331402
planner,10226,0,9683353331422,9683353331432
planner,10227,0,9683353331452,9683353331472
planner,10228,0,9683353331492,9683353331512
planner,10229,0,9683353331532,9683353331552
planner,10230,0,9683353331572,9683353331592
planner,10231,0,9683353331612,9683353331622
planner,10232,0,9683353331642,9683353331662
planner,10233,0,9683353331682,9683353331702
planner,10234,0,9683353331722,9683353331742
planner,10235,0,9683353331762,9683353331782
planner,10236,0,9683353331802,9683353331812
planner,10237,0,9683353331842,9683353331852
planner,10238,0,9683353331872,9683353331892
planner,10239,0,9683353331912,9683353331932
planner,10240,0,9683353332402,9683353332422
planner,10241,0,9683353332442,9683353332462
planner,10242,0,9683353332482,9683353332502
planner,10243,0,9683353332522,9683353332542
planner,10244,0,9683353332562,9683353332582
planner,10245,0,9683353332602,9683353332612
planner,10246,0,9683353332632,9683353332652
planner,10247,0,9683353332672,9683353332692
planner,10248,0,9683353332712,9683353332732
planner,10249,0,9683353332752,9683353332772
planner,10250,0,9683353332792,9683353332802
planner,10251,0,9683353332832,9683353332842
planner,10252,0,9683353332862,9683353332882
planner,10253,0,9683353332902,9683353332922
planner,10254,0,9683353332942,9683353332962
planner,10255,0,9683353332982,9683353333002
planner,10256,0,9683353333022,9683353333032
planner,10257,0,9683353333052,9683353333072
planner,10258,0,9683353333092,9683353333112
planner,10259,0,9683353333132,9683353333152
planner,10260,0,9683353333172,9683353333192
planner,10261,0,9683353333212,9683353333222
planner,10262,0,9683353333252,9683353333262
planner,10263,0,9683353333282,9683353333302
planner,10264,0,9683353333322,9683353333342
planner,10265,0,9683353333362,9683353333382
planner,10266,0,9683353333402,9683353333422
planner,10267,0,9683353333442,9683353333452
planner,10268,0,9683353333472,9683353333492
planner,10269,0,9683353333512,9683353333532
planner,10270,0,9683353333552,9683353333572
planner,10271,0,9683353333592,9683353333612
planner,10272,0,9683353333632,9683353333642
planner,10273,0,9683353333662,9683353333682
planner,10274,0,9683353333702,9683353333722
planner,10275,0,9683353333742,9683353333762
planner,10276,0,9683353333782,9683353333802
planner,10277,0,9683353333822,9683353333832
planner,10278,0,9683353333852,9683353333872
planner,10279,0,9683353333892,9683353333912
planner,10280,0,9683353333932,9683353333952
planner,10281,0,9683353333972,9683353333992
planner,10282,0,9683353334012,9683353334022
planner,10283,0,9683353334042,9683353334062
planner,10284,0,9683353334082,9683353334102
planner,10285,0,9683353334122,9683353334142
planner,10286,0,9683353334162,9683353334182
planner,10287,0,9683353334202,9683353334212
planner,10288,0,9683353334232,9683353334252
planner,10289,0,9683353334272,9683353334292
planner,10290,0,9683353334312,9683353334332
planner,10291,0,9683353334352,9683353334372
planner,10292,0,9683353334392,9683353334402
planner,10293,0,9683353334422,9683353334442
planner,10294,0,9683353334462,9683353334482
planner,10295,0,9683353334502,9683353334522
planner,10296,0,9683353334542,9683353334562
planner,10297,0,9683353334582,9683353334592
planner,10298,0,9683353334622,9683353334632
planner,10299,0,9683353334652,9683353334672
planner,10300,0,9683353334692,9683353334712
planner,10301,0,9683353334732,9683353334752
planner,10302,0,9683353334772,9683353334792
planner,10303,0,9683353334812,9683353334822
planner,10304,0,9683353334842,9683353334862
planner,10305,0,9683353334882,9683353334902
planner,10306,0,9683353334922,9683353334942
planner,10307,0,9683353334962,9683353334982
planner,10308,0,9683353335002,9683353335012
planner,10309,0,9683353335032,9683353335052
planner,10310,0,9683353335072,9683353335092
planner,10311,0,9683353335112,9683353335132
planner,10312,0,9683353335152,9683353335172
planner,10313,0,9683353335192,9683353335202
planner,10314,0,9683353335222,9683353335242
planner,10315,0,9683353335262,9683353335282
planner,10316,0,9683353335302,9683353335322
planner,10317,0,9683353335342,9683353335362
planner,10318,0,9683353335382,9683353335392
planner,10319,0,9683353335412,9683353335432
planner,10320,0,9683353335452,9683353335472
planner,10321,0,9683353335492,9683353335512
planner,10322,0,9683353335532,9683353335552
planner,10323,0,9683353335572,9683353335592
planner,10324,0,9683353335612,9683353335622
planner,10325,0,9683353335642,9683353335662
planner,10326,0,9683353335682,9683353335702
planner,10327,0,9683353335722,9683353335742
planner,10328,0,9683353335762,9683353335782
planner,10329,0,9683353335802,9683353335812
planner,10330,0,9683353335832,9683353335852
planner,10331,0,9683353335872,9683353335892
planner,10332,0,9683353335912,9683353335932
planner,10333,0,9683353335952,9683353335972
planner,10334,0,9683353335992,9683353336002
planner,10335,0,9683353336022,9683353336042
planner,10336,0,9683353336062,9683353336082
planner,10337,0,9683353336102,9683353336122
planner,10338,0,9683353336142,9683353336162
planner,10339,0,9683353336182,9683353336192
planner,10340,0,9683353336222,9683353336232
planner,10341,0,9683353336252,9683353336272
planner,10342,0,9683353336292,9683353336312
planner,10343,0,9683353336332,9683353336352
planner,10344,0,9683353336372,9683353336392
planner,10345,0,9683353336412,9683353336422
planner,10346,0,9683353336442,9683353336462
planner,10347,0,9683353336482,9683353336502
planner,10348,0,9683353336522,9683353336542
planner,10349,0,9683353336562,9683353336582
planner,10350,0,9683353336602,9683353336612
planner,10351,0,9683353336632,9683353336652
planner,10352,0,9683353336672,9683353336692
planner,10353,0,9683353336712,9683353336732
planner,10354,0,9683353336752,9683353336772
planner,10355,0,9683353336792,9683353336812
planner,10356,0,9683353336832,9683353336842
planner,10357,0,9683353336862,9683353336882
planner,10358,0,9683353336902,9683353336922
planner,10359,0,9683353336942,9683353336962
planner,10360,0,9683353336982,9683353337002
planner,10361,0,9683353337022,9683353337032
planner,10362,0,9683353337052,9683353337072
planner,10363,0,9683353337092,9683353337112
planner,10364,0,9683353337132,9683353337152
planner,10365,0,9683353337172,9683353337192
planner,10366,0,9683353337212,9683353337232
planner,10367,0,9683353337252,9683353337262
planner,10368,0,9683353337692,9683353337712
planner,10369,0,9683353337732,9683353337752
planner,10370,0,9683353337772,9683353337792
planner,10371,0,9683353337812,9683353337832
planner,10372,0,9683353337852,9683353337872
planner,10373,0,9683353337892,9683353337912
planner,10374,0,9683353337932,9683353337942
planner,10375,0,9683353337962,9683353337982
planner,10376,0,9683353338002,9683353338022
planner,10377,0,9683353338042,9683353338062
planner,10378,0,9683353338082,9683353338102
planner,10379,0,9683353338122,9683353338132
planner,10380,0,9683353338162,9683353338172
planner,10381,0,9683353338192,9683353338212
planner,10382,0,9683353338232,9683353338252
planner,10383,0,9683353338272,9683353338292
planner,10384,0,9683353338312,9683353338332
planner,10385,0,9683353338352,9683353338362
planner,10386,0,9683353338382,9683353338402
planner,10387,0,9683353338422,9683353338442
planner,10388,0,9683353338462,9683353338482
planner,10389,0,9683353338502,9683353338522
planner,10390,0,9683353338542,9683353338552
planner,10391,0,9683353338582,9683353338592
planner,10392,0,9683353338612,9683353338632
planner,10393,0,9683353338652,9683353338672
planner,10394,0,9683353338692,9683353338712
planner,10395,0,9683353338732,9683353338752
planner,10396,0,9683353338772,9683353338782
planner,10397,0,9683353338802,9683353338822
planner,10398,0,9683353338842,9683353338862
planner,10399,0,9683353338882,9683353338902
planner,10400,0,9683353338922,9683353338942
planner,10401,0,9683353338962,9683353338972
planner,10402,0,9683353338992,9683353339012
planner,10403,0,9683353339032,9683353339052
planner,10404,0,9683353339072,9683353339092
planner,10405,0,9683353339112,9683353339132
planner,10406,0,9683353339152,9683353339162
planner,10407,0,9683353339182,9683353339202
planner,10408,0,9683353339222,9683353339242
planner,10409,0,9683353339262,9683353339282
planner,10410,0,9683353339302,9683353339322
planner,10411,0,9683353339342,9683353339352
planner,10412,0,9683353339372,9683353339392
planner,10413,0,9683353339412,9683353339432
planner,10414,0,9683353339452,9683353339472
planner,10415,0,9683353339492,9683353339512
planner,10416,0,9683353339532,9683353339552
planner,10417,0,9683353339572,9683353339582
planner,10418,0,9683353339602,9683353339622
planner,10419,0,9683353339642,9683353339662
planner,10420,0,9683353339682,9683353339702
planner,10421,0,9683353339722,9683353339742
planner,10422,0,9683353339762,9683353339772
planner,10423,0,9683353339792,9683353339812
planner,10424,0,9683353339832,9683353339852
planner,10425,0,9683353339872,9683353339892
planner,10426,0,9683353339912,9683353339932
planner,10427,0,9683353339952,9683353339962
planner,10428,0,9683353339982,9683353340002
planner,10429,0,9683353340022,9683353340042
planner,10430,0,9683353340062,9683353340082
planner,10431,0,9683353340102,9683353340122
planner,10432,0,9683353340142,9683353340152
planner,10433,0,9683353340172,9683353340192
planner,10434,0,9683353340212,9683353340232
planner,10435,0,9683353340252,9683353340272
planner,10436,0,9683353340292,9683353340312
planner,10437,0,9683353340332,9683353340342
planner,10438,0,9683353340362,9683353340382
planner,10439,0,9683353340402,9683353340422
planner,10440,0,9683353340442,9683353340462
planner,10441,0,9683353340482,9683353340502
planner,10442,0,9683353340522,9683353340532
planner,10443,0,9683353340552,9683353340572
planner,10444,0,9683353340592,9683353340612
planner,10445,0,9683353340632,9683353340652
planner,10446,0,9683353340672,9683353340692
planner,10447,0,9683353340712,9683353340722
planner,10448,0,9683353340752,9683353340762
planner,10449,0,9683353340782,9683353340802
planner,10450,0,9683353340822,9683353340842
planner,10451,0,9683353340862,9683353340882
planner,10452,0,9683353340902,9683353340922
planner,10453,0,9683353340942,9683353340952
planner,10454,0,9683353340972,9683353340992
planner,10455,0,9683353341012,9683353341032
planner,10456,0,9683353341052,9683353341072
planner,10457,0,9683353341092,9683353341112
planner,10458,0,9683353341132,9683353341142
planner,10459,0,9683353341162,9683353341182
planner,10460,0,9683353341202,9683353341222
planner,10461,0,9683353341242,9683353341262
planner,10462,0,9683353341282,9683353341302
planner,10463,0,9683353341322,9683353341332
planner,10464,0,9683353341352,9683353341372
planner,10465,0,9683353341392,9683353341412
planner,10466,0,9683353341432,9683353341452
planner,10467,0,9683353341472,9683353341492
planner,10468,0,9683353341512,9683353341522
planner,10469,0,9683353341542,9683353341562
planner,10470,0,9683353341582,9683353341602
planner,10471,0,9683353341622,9683353341642
planner,10472,0,9683353341662,9683353341682
planner,10473,0,9683353341702,9683353341712
planner,10474,0,9683353341732,9683353341752
planner,10475,0,9683353341772,9683353341792
planner,10476,0,9683353341812,9683353341832
planner,10477,0,9683353341852,9683353341872
planner,10478,0,9683353341892,9683353341912
planner,10479,0,9683353341932,9683353341942
planner,10480,0,9683353341962,9683353341982
planner,10481,0,9683353342002,9683353342022
planner,10482,0,9683353342042,9683353342062
planner,10483,0,9683353342082,9683353342102
planner,10484,0,9683353342122,9683353342132
planner,10485,0,9683353342152,9683353342172
planner,10486,0,9683353342192,9683353342212
planner,10487,0,9683353342232,9683353342252
planner,10488,0,9683353342272,9683353342292
planner,10489,0,9683353342312,9683353342322
planner,10490,0,9683353342342,9683353342362
planner,10491,0,9683353342382,9683353342402
planner,10492,0,9683353342422,9683353342442
planner,10493,0,9683353342462,9683353342482
planner,10494,0,9683353342502,9683353342522
planner,10495,0,9683353342542,9683353342552
planner,10496,0,9683353343042,9683353343062
planner,10497,0,9683353343082,9683353343102
planner,10498,0,9683353343122,9683353343142
planner,10499,0,9683353343162,9683353343182
planner,10500,0,9683353343202,9683353343222
planner,10501,0,9683353343242,9683353343252
planner,10502,0,9683353343282,9683353343292
planner,10503,0,9683353343312,9683353343332
planner,10504,0,9683353343352,9683353343372
planner,10505,0,9683353343392,9683353343412
planner,10506,0,9683353343432,9683353343452
planner,10507,0,9683353343472,9683353343482
planner,10508,0,9683353343502,9683353343522
planner,10509,0,9683353343542,9683353343562
planner,10510,0,9683353343582,9683353343602
planner,10511,0,9683353343622,9683353343642
planner,10512,0,9683353343662,9683353343672
planner,10513,0,9683353343692,9683353343712
planner,10514,0,9683353343732,9683353343752
planner,10515,0,9683353343772,9683353343792
planner,10516,0,9683353343812,9683353343832
planner,10517,0,9683353343852,9683353343872
planner,10518,0,9683353343892,9683353343902
planner,10519,0,9683353343922,9683353343942
planner,10520,0,9683353343962,9683353343982
planner,10521,0,9683353344002,9683353344022
planner,10522,0,9683353344042,9683353344062
planner,10523,0,9683353344082,9683353344092
planner,10524,0,9683353344112,9683353344132
planner,10525,0,9683353344152,9683353344172
planner,10526,0,9683353344192,9683353344212
planner,10527,0,9683353344232,9683353344252
planner,10528,0,9683353344272,9683353344282
planner,10529,0,9683353344302,9683353344322
planner,10530,0,9683353344342,9683353344362
planner,10531,0,9683353344382,9683353344402
planner,10532,0,9683353344422,9683353344442
planner,10533,0,9683353344462,9683353344482
planner,10534,0,9683353344502,9683353344512
planner,10535,0,9683353344532,9683353344552
planner,10536,0,9683353344572,9683353344592
planner,10537,0,9683353344612,9683353344632
planner,10538,0,9683353344652,9683353344672
planner,10539,0,9683353344692,9683353344702
planner,10540,0,9683353344722,9683353344742
planner,10541,0,9683353344762,9683353344782
planner,10542,0,9683353344802,9683353344822
planner,10543,0,9683353344842,9683353344862
planner,10544,0,9683353344882,9683353344892
planner,10545,0,9683353344922,9683353344932
planner,10546,0,9683353344952,9683353344972
planner,10547,0,9683353344992,9683353345012
planner,10548,0,9683353345032,9683353345052
planner,10549,0,9683353345072,9683353345092
planner,10550,0,9683353345112,9683353345122
planner,10551,0,9683353345142,9683353345162
planner,10552,0,9683353345182,9683353345202
planner,10553,0,9683353345222,9683353345242
planner,10554,0,9683353345262,9683353345282
planner,10555,0,9683353345302,9683353345312
planner,10556,0,9683353345332,9683353345352
planner,10557,0,9683353345372,9683353345392
planner,10558,0,9683353345412,9683353345432
planner,10559,0,9683353345452,9683353345472
planner,10560,0,9683353345492,9683353345502
planner,10561,0,9683353345522,9683353345542
planner,10562,0,9683353345562,9683353345582
planner,10563,0,9683353345602,9683353345622
planner,10564,0,9683353345642,9683353345662
planner,10565,0,9683353345682,9683353345692
planner,10566,0,9683353345722,9683353345732
planner,10567,0,9683353345752,9683353345772
planner,10568,0,9683353345792,9683353345812
planner,10569,0,9683353345832,9683353345852
planner,10570,0,9683353345872,9683353345892
planner,10571,0,9683353345912,9683353345922
planner,10572,0,9683353345942,9683353345962
planner,10573,0,9683353345982,9683353346002
planner,10574,0,9683353346022,9683353346042
planner,10575,0,9683353346062,9683353346082
planner,10576,0,9683353346102,9683353346112
planner,10577,0,9683353346132,9683353346152
planner,10578,0,9683353346172,9683353346192
planner,10579,0,9683353346212,9683353346232
planner,10580,0,9683353346252,9683353346272
planner,10581,0,9683353346292,9683353346302
planner,10582,0,9683353346322,9683353346342
planner,10583,0,9683353346362,9683353346382
planner,10584,0,9683353346402,9683353346422
planner,10585,0,9683353346442,9683353346462
planner,10586,0,9683353346482,9683353346492
planner,10587,0,9683353346522,9683353346532
planner,10588,0,9683353346552,9683353346572
planner,10589,0,9683353346592,9683353346612
planner,10590,0,9683353346632,9683353346652
planner,10591,0,9683353346672,9683353346692
planner,10592,0,9683353346712,9683353346722
planner,10593,0,9683353346742,9683353346762
planner,10594,0,9683353346782,9683353346802
planner,10595,0,9683353346822,9683353346842
planner,10596,0,9683353346862,9683353346882
planner,10597,0,9683353346902,9683353346912
planner,10598,0,9683353346932,9683353346952
planner,10599,0,9683353346972,9683353346992
planner,10600,0,9683353347012,9683353347032
planner,10601,0,9683353347052,9683353347072
planner,10602,0,9683353347092,9683353347102
planner,10603,0,9683353347122,9683353347142
planner,10604,0,9683353347162,9683353347182
planner,10605,0,9683353347202,9683353347222
planner,10606,0,9683353347242,9683353347262
planner,10607,0,9683353347282,9683353347292
planner,10608,0,9683353347322,9683353347332
planner,10609,0,9683353347352,9683353347372
planner,10610,0,9683353347392,9683353347412
planner,10611,0,9683353347432,9683353347452
planner,10612,0,9683353347472,9683353347492
planner,10613,0,9683353347512,9683353347522
planner,10614,0,9683353347542,9683353347562
planner,10615,0,9683353347582,9683353347602
planner,10616,0,9683353347622,9683353347642
planner,10617,0,9683353347662,9683353347682
planner,10618,0,9683353347702,9683353347712
planner,10619,0,9683353347732,9683353347752
planner,10620,0,9683353347772,9683353347792
planner,10621,0,9683353347812,9683353347832
planner,10622,0,9683353347852,9683353347872
planner,10623,0,9683353347892,9683353347902
planner,10624,0,9683353348342,9683353348362
planner,10625,0,9683353348382,9683353348402
planner,10626,0,9683353348422,9683353348442
planner,10627,0,9683353348462,9683353348472
planner,10628,0,9683353348492,9683353348512
planner,10629,0,9683353348532,9683353348552
planner,10630,0,9683353348572,9683353348592
planner,10631,0,9683353348612,9683353348632
planner,10632,0,9683353348652,9683353348672
planner,10633,0,9683353348692,9683353348702
planner,10634,0,9683353348722,9683353348742
planner,10635,0,9683353348762,9683353348782
planner,10636,0,9683353348802,9683353348822
planner,10637,0,9683353348842,9683353348862
planner,10638,0,9683353348882,9683353348892
planner,10639,0,9683353348912,9683353348932
planner,10640,0,9683353348952,9683353348972
planner,10641,0,9683353348992,9683353349012
planner,10642,0,9683353349032,9683353349052
planner,10643,0,9683353349072,9683353349082
planner,10644,0,9683353349102,9683353349122
planner,10645,0,9683353349142,9683353349162
planner,10646,0,9683353349182,9683353349202
planner,10647,0,9683353349222,9683353349242
planner,10648,0,9683353349262,9683353349272
planner,10649,0,9683353349292,9683353349312
planner,10650,0,9683353349332,9683353349352
planner,10651,0,9683353349372,9683353349392
planner,10652,0,9683353349412,9683353349432
planner,10653,0,9683353349452,9683353349462
planner,10654,0,9683353349492,9683353349502
planner,10655,0,9683353349522,9683353349542
planner,10656,0,9683353349562,9683353349582
planner,10657,0,9683353349602,9683353349622
planner,10658,0,9683353349642,9683353349662
planner,10659,0,9683353349682,9683353349692
planner,10660,0,9683353349712,9683353349732
planner,10661,0,9683353349752,9683353349772
planner,10662,0,9683353349792,9683353349812
planner,10663,0,9683353349832,9683353349852
planner,10664,0,9683353349872,9683353349882
planner,10665,0,9683353349902,9683353349922
planner,10666,0,9683353349942,9683353349962
planner,10667,0,9683353349982,9683353350002
planner,10668,0,9683353350022,9683353350042
planner,10669,0,9683353350062,9683353350072
planner,10670,0,9683353350092,9683353350112
planner,10671,0,9683353350132,9683353350152
planner,10672,0,9683353350172,9683353350192
planner,10673,0,9683353350212,9683353350232
planner,10674,0,9683353350252,9683353350262
planner,10675,0,9683353350282,9683353350302
planner,10676,0,9683353350322,9683353350342
planner,10677,0,9683353350362,9683353350382
planner,10678,0,9683353350402,9683353350422
planner,10679,0,9683353350442,9683353350462
planner,10680,0,9683353350482,9683353350492
planner,10681,0,9683353350512,9683353350532
planner,10682,0,9683353350552,9683353350572
planner,10683,0,9683353350592,9683353350612
planner,10684,0,9683353350632,9683353350652
planner,10685,0,9683353350672,9683353350682
planner,10686,0,9683353350702,9683353350722
planner,10687,0,9683353350742,9683353350762
planner,10688,0,9683353350782,9683353350802
planner,10689,0,9683353350822,9683353350842
planner,10690,0,9683353350862,9683353350872
planner,10691,0,9683353350892,9683353350912
planner,10692,0,9683353350932,9683353350952
planner,10693,0,9683353350972,9683353350992
planner,10694,0,9683353351012,9683353351032
planner,10695,0,9683353351052,9683353351072
planner,10696,0,9683353351092,9683353351102
planner,10697,0,9683353351122,9683353351142
planner,10698,0,9683353351162,9683353351182
planner,10699,0,9683353351202,9683353351222
planner,10700,0,9683353351242,9683353351262
planner,10701,0,9683353351282,9683353351292
planner,10702,0,9683353351312,9683353351332
planner,10703,0,9683353351352,9683353351372
planner,10704,0,9683353351392,9683353351412
planner,10705,0,9683353351432,9683353351452
planner,10706,0,9683353351472,9683353351482
planner,10707,0,9683353351502,9683353351522
planner,10708,0,9683353351542,9683353351562
planner,10709,0,9683353351582,9683353351602
planner,10710,0,9683353351622,9683353351642
planner,10711,0,9683353351662,9683353351672
planner,10712,0,9683353351702,9683353351712
planner,10713,0,9683353351732,9683353351752
planner,10714,0,9683353351772,9683353351792
planner,10715,0,9683353351812,9683353351832
planner,10716,0,9683353351852,9683353351872
planner,10717,0,9683353351892,9683353351902
planner,10718,0,9683353351922,9683353351942
planner,10719,0,9683353351962,9683353351982
planner,10720,0,9683353352002,9683353352022
planner,10721,0,9683353352042,9683353352062
planner,10722,0,9683353352082,9683353352092
planner,10723,0,9683353352112,9683353352132
planner,10724,0,9683353352152,9683353352172
planner,10725,0,9683353352192,9683353352212
planner,10726,0,9683353352232,9683353352252
planner,10727,0,9683353352272,9683353352282
planner,10728,0,9683353352312,9683353352322
planner,10729,0,9683353352342,9683353352362
planner,10730,0,9683353352382,9683353352402
planner,10731,0,9683353352422,9683353352442
planner,10732,0,9683353352462,9683353352482
planner,10733,0,9683353352502,9683353352512
planner,10734,0,9683353352532,9683353352552
planner,10735,0,9683353352572,9683353352592
planner,10736,0,9683353352612,9683353352632
planner,10737,0,9683353352652,9683353352672
planner,10738,0,9683353352692,9683353352702
planner,10739,0,9683353352722,9683353352742
planner,10740,0,9683353352762,9683353352782
planner,10741,0,9683353352802,9683353352822
planner,10742,0,9683353352842,9683353352862
planner,10743,0,9683353352882,9683353352902
planner,10744,0,9683353352922,9683353352932
planner,10745,0,9683353352952,9683353352972
planner,10746,0,9683353352992,9683353353012
planner,10747,0,9683353353032,9683353353052
planner,10748,0,9683353353072,9683353353092
planner,10749,0,9683353353112,9683353353122
planner,10750,0,9683353353142,9683353353162
planner,10751,0,9683353353182,9683353353202
planner,10752,0,9683353353692,9683353353702
planner,10753,0,9683353353722,9683353353742
planner,10754,0,9683353353762,9683353353782
planner,10755,0,9683353353802,9683353353822
planner,10756,0,9683353353842,9683353353862
planner,10757,0,9683353353882,9683353353902
planner,10758,0,9683353353922,9683353353942
planner,10759,0,9683353353962,9683353353972
planner,10760,0,9683353354002,9683353354012
planner,10761,0,9683353354032,9683353354052
planner,10762,0,9683353354072,9683353354092
planner,10763,0,9683353354112,9683353354132
planner,10764,0,9683353354152,9683353354172
planner,10765,0,9683353354192,9683353354202
planner,10766,0,9683353354222,9683353354242
planner,10767,0,9683353354262,9683353354282
planner,10768,0,9683353354302,9683353354322
planner,10769,0,9683353354342,9683353354362
planner,10770,0,9683353354382,9683353354392
planner,10771,0,9683353354412,9683353354432
planner,10772,0,9683353354452,9683353354472
planner,10773,0,9683353354492,9683353354512
planner,10774,0,9683353354532,9683353354552
planner,10775,0,9683353354572,9683353354592
planner,10776,0,9683353354612,9683353354622
planner,10777,0,9683353354642,9683353354662
planner,10778,0,9683353354682,9683353354702
planner,10779,0,9683353354722,9683353354742
planner,10780,0,9683353354762,9683353354782
planner,10781,0,9683353354802,9683353354812
planner,10782,0,9683353354832,9683353354852
planner,10783,0,9683353354872,9683353354892
planner,10784,0,9683353354912,9683353354932
planner,10785,0,9683353354952,9683353354972
planner,10786,0,9683353354992,9683353355002
planner,10787,0,9683353355022,9683353355042
planner,10788,0,9683353355062,9683353355082
planner,10789,0,9683353355102,9683353355122
planner,10790,0,9683353355142,9683353355162
planner,10791,0,9683353355182,9683353355192
planner,10792,0,9683353355212,9683353355232
planner,10793,0,9683353355252,9683353355272
planner,10794,0,9683353355292,9683353355312
planner,10795,0,9683353355332,9683353355352
planner,10796,0,9683353355372,9683353355382
planner,10797,0,9683353355412,9683353355422
planner,10798,0,9683353355442,9683353355462
planner,10799,0,9683353355482,9683353355502
planner,10800,0,9683353355522,9683353355542
planner,10801,0,9683353355562,9683353355582
planner,10802,0,9683353355602,9683353355612
planner,10803,0,9683353355632,9683353355652
planner,10804,0,9683353355672,9683353355692
planner,10805,0,9683353355712,9683353355732
planner,10806,0,9683353355752,9683353355772
planner,10807,0,9683353355792,9683353355802
planner,10808,0,9683353355822,9683353355842
planner,10809,0,9683353355862,9683353355882
planner,10810,0,9683353355902,9683353355922
planner,10811,0,9683353355942,9683353355962
planner,10812,0,9683353355982,9683353355992
planner,10813,0,9683353356012,9683353356032
planner,10814,0,9683353356052,9683353356072
planner,10815,0,9683353356092,9683353356112
planner,10816,0,9683353356132,9683353356152
planner,10817,0,9683353356172,9683353356182
planner,10818,0,9683353356202,9683353356222
planner,10819,0,9683353356242,9683353356262
planner,10820,0,9683353356282,9683353356302
planner,10821,0,9683353356322,9683353356342
planner,10822,0,9683353356362,9683353356372
planner,10823,0,9683353356392,9683353356412
planner,10824,0,9683353356432,9683353356452
planner,10825,0,9683353356472,9683353356492
planner,10826,0,9683353356512,9683353356532
planner,10827,0,9683353356552,9683353356562
planner,10828,0,9683353356592,9683353356602
planner,10829,0,9683353356622,9683353356642
planner,10830,0,9683353356662,9683353356682
planner,10831,0,9683353356702,9683353356722
planner,10832,0,9683353356742,9683353356762
planner,10833,0,9683353356782,9683353356792
planner,10834,0,9683353356812,9683353356832
planner,10835,0,9683353356852,9683353356872
planner,10836,0,9683353356892,9683353356912
planner,10837,0,9683353356932,9683353356952
planner,10838,0,9683353356972,9683353356982
planner,10839,0,9683353357002,9683353357022
planner,10840,0,9683353357042,9683353357062
planner,10841,0,9683353357082,9683353357102
planner,10842,0,9683353357122,9683353357142
planner,10843,0,9683353357162,9683353357172
planner,10844,0,9683353357202,9683353357212
planner,10845,0,9683353357232,9683353357252
planner,10846,0,9683353357272,9683353357292
planner,10847,0,9683353357312,9683353357332
planner,10848,0,9683353357352,9683353357372
planner,10849,0,9683353357392,9683353357402
planner,10850,0,9683353357422,9683353357442
planner,10851,0,9683353357462,9683353357482
planner,10852,0,9683353357502,9683353357522
planner,10853,0,9683353357542,9683353357562
planner,10854,0,9683353357582,9683353357592
planner,10855,0,9683353357612,9683353357632
planner,10856,0,9683353357652,9683353357672
planner,10857,0,9683353357692,9683353357712
planner,10858,0,9683353357732,9683353357752
planner,10859,0,9683353357772,9683353357792
planner,10860,0,9683353357812,9683353357822
planner,10861,0,9683353357842,9683353357862
planner,10862,0,9683353357882,9683353357902
planner,10863,0,9683353357922,9683353357942
planner,10864,0,9683353357962,9683353357982
planner,10865,0,9683353358002,9683353358012
planner,10866,0,9683353358032,9683353358052
planner,10867,0,9683353358072,9683353358092
planner,10868,0,9683353358112,9683353358132
planner,10869,0,9683353358152,9683353358172
planner,10870,0,9683353358192,9683353358212
planner,10871,0,9683353358232,9683353358242
planner,10872,0,9683353358262,9683353358282
planner,10873,0,9683353358302,9683353358322
planner,10874,0,9683353358342,9683353358362
planner,10875,0,9683353358382,9683353358402
planner,10876,0,9683353358422,9683353358432
planner,10877,0,9683353358452,9683353358472
planner,10878,0,9683353358492,9683353358512
planner,10879,0,9683353358532,9683353358552
planner,10880,0,9683353359002,9683353359022
planner,10881,0,9683353359042,9683353359062
planner,10882,0,9683353359082,9683353359092
planner,10883,0,9683353359122,9683353359132
planner,10884,0,9683353359152,9683353359172
planner,10885,0,9683353359192,9683353359212
planner,10886,0,9683353359232,9683353359252
planner,10887,0,9683353359272,9683353359292
planner,10888,0,9683353359312,9683353359332
planner,10889,0,9683353359352,9683353359362
planner,10890,0,9683353359382,9683353359402
planner,10891,0,9683353359422,9683353359442
planner,10892,0,9683353359462,9683353359482
planner,10893,0,9683353359502,9683353359522
planner,10894,0,9683353359542,9683353359552
planner,10895,0,9683353359572,9683353359592
planner,10896,0,9683353359612,9683353359632
planner,10897,0,9683353359652,9683353359672
planner,10898,0,9683353359692,9683353359712
planner,10899,0,9683353359732,9683353359742
planner,10900,0,9683353359762,9683353359782
planner,10901,0,9683353359802,9683353359822
planner,10902,0,9683353359842,9683353359862
planner,10903,0,9683353359882,9683353359902
planner,10904,0,9683353359922,9683353359932
planner,10905,0,9683353359952,9683353359972
planner,10906,0,9683353359992,9683353360012
planner,10907,0,9683353360032,9683353360052
planner,10908,0,9683353360072,9683353360092
planner,10909,0,9683353360112,9683353360122
planner,10910,0,9683353360142,9683353360162
planner,10911,0,9683353360182,9683353360202
planner,10912,0,9683353360222,9683353360242
planner,10913,0,9683353360262,9683353360282
planner,10914,0,9683353360302,9683353360322
planner,10915,0,9683353360342,9683353360352
planner,10916,0,9683353360372,9683353360392
planner,10917,0,9683353360412,9683353360432
planner,10918,0,9683353360452,9683353360472
planner,10919,0,9683353360492,9683353360512
planner,10920,0,9683353360532,9683353360542
planner,10921,0,9683353360562,9683353360582
planner,10922,0,9683353360602,9683353360622
planner,10923,0,9683353360642,9683353360662
planner,10924,0,9683353360682,9683353360702
planner,10925,0,9683353360722,9683353360732
planner,10926,0,9683353360752,9683353360772
planner,10927,0,9683353360792,9683353360812
planner,10928,0,9683353360832,9683353360852
planner,10929,0,9683353360872,9683353360892
planner,10930,0,9683353360912,9683353360922
planner,10931,0,9683353360952,9683353360962
planner,10932,0,9683353360982,9683353361002
planner,10933,0,9683353361022,9683353361042
planner,10934,0,9683353361062,9683353361082
planner,10935,0,9683353361102,9683353361122
planner,10936,0,9683353361142,9683353361152
planner,10937,0,9683353361172,9683353361192
planner,10938,0,9683353361212,9683353361232
planner,10939,0,9683353361252,9683353361272
planner,10940,0,9683353361292,9683353361312
planner,10941,0,9683353361332,9683353361342
planner,10942,0,9683353361362,9683353361382
planner,10943,0,9683353361402,9683353361422
planner,10944,0,9683353361442,9683353361462
planner,10945,0,9683353361482,9683353361502
planner,10946,0,9683353361522,9683353361532
planner,10947,0,9683353361562,9683353361572
planner,10948,0,9683353361592,9683353361612
planner,10949,0,9683353361632,9683353361652
planner,10950,0,9683353361672,9683353361692
planner,10951,0,9683353361712,9683353361732
planner,10952,0,9683353361752,9683353361762
planner,10953,0,9683353361782,9683353361802
planner,10954,0,9683353361822,9683353361842
planner,10955,0,9683353361862,9683353361882
planner,10956,0,9683353361902,9683353361922
planner,10957,0,9683353361942,9683353361952
planner,10958,0,9683353361972,9683353361992
planner,10959,0,9683353362012,9683353362032
planner,10960,0,9683353362052,9683353362072
planner,10961,0,9683353362092,9683353362112
planner,10962,0,9683353362132,9683353362142
planner,10963,0,9683353362162,9683353362182
planner,10964,0,9683353362202,9683353362222
planner,10965,0,9683353362242,9683353362262
planner,10966,0,9683353362282,9683353362302
planner,10967,0,9683353362322,9683353362332
planner,10968,0,9683353362362,9683353362372
planner,10969,0,9683353362392,9683353362412
planner,10970,0,9683353362432,9683353362452
planner,10971,0,9683353362472,9683353362492
planner,10972,0,9683353362512,9683353362532
planner,10973,0,9683353362552,9683353362562
planner,10974,0,9683353362582,9683353362602
planner,10975,0,9683353362622,9683353362642
planner,10976,0,9683353362662,9683353362682
planner,10977,0,9683353362702,9683353362722
planner,10978,0,9683353362742,9683353362752
planner,10979,0,9683353362772,9683353362792
planner,10980,0,9683353362812,9683353362832
planner,10981,0,9683353362852,9683353362872
planner,10982,0,9683353362892,9683353362912
planner,10983,0,9683353362932,9683353362952
planner,10984,0,9683353362972,9683353362982
planner,10985,0,9683353363002,9683353363022
planner,10986,0,9683353363042,9683353363062
planner,10987,0,9683353363082,9683353363102
planner,10988,0,9683353363122,9683353363142
planner,10989,0,9683353363162,9683353363172
planner,10990,0,9683353363192,9683353363212
planner,10991,0,9683353363232,9683353363252
planner,10992,0,9683353363272,9683353363292
planner,10993,0,9683353363312,9683353363332
planner,10994,0,9683353363352,9683353363362
planner,10995,0,9683353363382,9683353363402
planner,10996,0,9683353363422,9683353363442
planner,10997,0,9683353363462,9683353363482
planner,10998,0,9683353363502,9683353363522
planner,10999,0,9683353363542,9683353363552
planner,11000,0,9683353363582,9683353363592
planner,11001,0,9683353363612,9683353363632
planner,11002,0,9683353363652,9683353363672
planner,11003,0,9683353363692,9683353363712
planner,11004,0,9683353363732,9683353363752
planner,11005,0,9683353363772,9683353363782
planner,11006,0,9683353363802,9683353363822
planner,11007,0,9683353363842,9683353363862
planner,11008,0,9683353364322,9683353364332
planner,11009,0,9683353364362,9683353364372
planner,11010,0,9683353364392,9683353364412
planner,11011,0,9683353364432,9683353364452
planner,11012,0,9683353364472,9683353364492
planner,11013,0,9683353364512,9683353364532
planner,11014,0,9683353364552,9683353364572
planner,11015,0,9683353364592,9683353364602
planner,11016,0,9683353364622,9683353364642
planner,11017,0,9683353364662,9683353364682
planner,11018,0,9683353364702,9683353364722
planner,11019,0,9683353364742,9683353364762
planner,11020,0,9683353364782,9683353364802
planner,11021,0,9683353364822,9683353364832
planner,11022,0,9683353364852,9683353364872
planner,11023,0,9683353364892,9683353364912
planner,11024,0,9683353364932,9683353364952
planner,11025,0,9683353364972,9683353364992
planner,11026,0,9683353365012,9683353365022
planner,11027,0,9683353365042,9683353365062
planner,11028,0,9683353365082,9683353365102
planner,11029,0,9683353365122,9683353365142
planner,11030,0,9683353365162,9683353365182
planner,11031,0,9683353365202,9683353365212
planner,11032,0,9683353365232,9683353365252
planner,11033,0,9683353365272,9683353365292
planner,11034,0,9683353365312,9683353365332
planner,11035,0,9683353365352,9683353365372
planner,11036,0,9683353365392,9683353365402
planner,11037,0,9683353365432,9683353365442
planner,11038,0,9683353365462,9683353365482
planner,11039,0,9683353365502,9683353365522
planner,11040,0,9683353365542,9683353365562
planner,11041,0,9683353365582,9683353365602
planner,11042,0,9683353365622,9683353365632
planner,11043,0,9683353365652,9683353365672
planner,11044,0,9683353365692,9683353365712
planner,11045,0,9683353365732,9683353365752
planner,11046,0,9683353365772,9683353365792
planner,11047,0,9683353365812,9683353365822
planner,11048,0,9683353365842,9683353365862
planner,11049,0,9683353365882,9683353365902
planner,11050,0,9683353365922,9683353365942
planner,11051,0,9683353365962,9683353365982
planner,11052,0,9683353366002,9683353366022
planner,11053,0,9683353366042,9683353366052
planner,11054,0,9683353366072,9683353366092
planner,11055,0,9683353366112,9683353366132
planner,11056,0,9683353366152,9683353366172
planner,11057,0,9683353366192,9683353366212
planner,11058,0,9683353366232,9683353366242
planner,11059,0,9683353366262,9683353366282
planner,11060,0,9683353366302,9683353366322
planner,11061,0,9683353366342,9683353366362
planner,11062,0,9683353366382,9683353366402
planner,11063,0,9683353366422,9683353366442
planner,11064,0,9683353366462,9683353366472
planner,11065,0,9683353366492,9683353366512
planner,11066,0,9683353366532,9683353366552
planner,11067,0,9683353366572,9683353366592
planner,11068,0,9683353366612,9683353366632
planner,11069,0,9683353366652,9683353366662
planner,11070,0,9683353366682,9683353366702
planner,11071,0,9683353366722,9683353366742
planner,11072,0,9683353366762,9683353366782
planner,11073,0,9683353366802,9683353366822
planner,11074,0,9683353366842,9683353366862
planner,11075,0,9683353366882,9683353366892
planner,11076,0,9683353366912,9683353366932
planner,11077,0,9683353366952,9683353366972
planner,11078,0,9683353366992,9683353367012
planner,11079,0,9683353367032,9683353367052
planner,11080,0,9683353367072,9683353367082
planner,11081,0,9683353367102,9683353367122
planner,11082,0,9683353367142,9683353367162
planner,11083,0,9683353367182,9683353367202
planner,11084,0,9683353367222,9683353367242
planner,11085,0,9683353367262,9683353367272
planner,11086,0,9683353367302,9683353367312
planner,11087,0,9683353367332,9683353367352
planner,11088,0,9683353367372,9683353367392
planner,11089,0,9683353367412,9683353367432
planner,11090,0,9683353367452,9683353367472
planner,11091,0,9683353367492,9683353367502
planner,11092,0,9683353367522,9683353367542
planner,11093,0,9683353367562,9683353367582
planner,11094,0,9683353367602,9683353367622
planner,11095,0,9683353367642,9683353367662
planner,11096,0,9683353367682,9683353367702
planner,11097,0,9683353367722,9683353367732
planner,11098,0,9683353367752,9683353367772
planner,11099,0,9683353367792,9683353367812
planner,11100,0,9683353367832,9683353367852
planner,11101,0,9683353367872,9683353367892
planner,11102,0,9683353367912,9683353367922
planner,11103,0,9683353367942,9683353367962
planner,11104,0,9683353367982,9683353368002
planner,11105,0,9683353368022,9683353368042
planner,11106,0,9683353368062,9683353368082
planner,11107,0,9683353368102,9683353368122
planner,11108,0,9683353368142,9683353368152
planner,11109,0,9683353368172,9683353368192
planner,11110,0,9683353368212,9683353368232
planner,11111,0,9683353368252,9683353368272
planner,11112,0,9683353368292,9683353368312
planner,11113,0,9683353368332,9683353368352
planner,11114,0,9683353368372,9683353368382
planner,11115,0,9683353368402,9683353368422
planner,11116,0,9683353368442,9683353368462
planner,11117,0,9683353368482,9683353368502
planner,11118,0,9683353368522,9683353368542
planner,11119,0,9683353368562,9683353368582
planner,11120,0,9683353368602,9683353368612
planner,11121,0,9683353368632,9683353368652
planner,11122,0,9683353368672,9683353368692
planner,11123,0,9683353368712,9683353368732
planner,11124,0,9683353368752,9683353368772
planner,11125,0,9683353368792,9683353368802
planner,11126,0,9683353368832,9683353368842
planner,11127,0,9683353368862,9683353368882
planner,11128,0,9683353368902,9683353368922
planner,11129,0,9683353368942,9683353368962
planner,11130,0,9683353368982,9683353369002
planner,11131,0,9683353369022,9683353369032
planner,11132,0,9683353369052,9683353369072
planner,11133,0,9683353369092,9683353369112
planner,11134,0,9683353369132,9683353369152
planner,11135,0,9683353369172,9683353369192
planner,11136,0,9683353369692,9683353369712
planner,11137,0,9683353369732,9683353369752
planner,11138,0,9683353369772,9683353369792
planner,11139,0,9683353369812,9683353369832
planner,11140,0,9683353369852,9683353369872
planner,11141,0,9683353369892,9683353369912
planner,11142,0,9683353369932,9683353369942
planner,11143,0,9683353369962,9683353369982
planner,11144,0,9683353370002,9683353370022
planner,11145,0,9683353370042,9683353370062
planner,11146,0,9683353370082,9683353370102
planner,11147,0,9683353370122,9683353370132
planner,11148,0,9683353370152,9683353370172
planner,11149,0,9683353370192,9683353370212
planner,11150,0,9683353370232,9683353370252
planner,11151,0,9683353370272,9683353370292
planner,11152,0,9683353370312,9683353370332
planner,11153,0,9683353370352,9683353370362
planner,11154,0,9683353370382,9683353370402
planner,11155,0,9683353370422,9683353370442
planner,11156,0,9683353370462,9683353370482
planner,11157,0,9683353370502,9683353370522
planner,11158,0,9683353370542,9683353370552
planner,11159,0,9683353370572,9683353370592
planner,11160,0,9683353370612,9683353370632
planner,11161,0,9683353370652,9683353370672
planner,11162,0,9683353370692,9683353370712
planner,11163,0,9683353370732,9683353370742
planner,11164,0,9683353370762,9683353370782
planner,11165,0,9683353370802,9683353370822
planner,11166,0,9683353370842,9683353370862
planner,11167,0,9683353370882,9683353370902
planner,11168,0,9683353370922,9683353370932
planner,11169,0,9683353370952,9683353370972
planner,11170,0,9683353370992,9683353371012
planner,11171,0,9683353371032,9683353371052
planner,11172,0,9683353371072,9683353371092
planner,11173,0,9683353371112,9683353371122
planner,11174,0,9683353371142,9683353371162
planner,11175,0,9683353371182,9683353371202
planner,11176,0,9683353371222,9683353371242
planner,11177,0,9683353371262,9683353371282
planner,11178,0,9683353371302,9683353371312
planner,11179,0,9683353371342,9683353371352
planner,11180,0,9683353371372,9683353371392
planner,11181,0,9683353371412,9683353371432
planner,11182,0,9683353371452,9683353371472
planner,11183,0,9683353371492,9683353371512
planner,11184,0,9683353371532,9683353371542
planner,11185,0,9683353371562,9683353371582
planner,11186,0,9683353371602,9683353371622
planner,11187,0,9683353371642,9683353371662
planner,11188,0,9683353371682,9683353371702
planner,11189,0,9683353371722,9683353371732
planner,11190,0,9683353371752,9683353371772
planner,11191,0,9683353371792,9683353371812
planner,11192,0,9683353371832,9683353371852
planner,11193,0,9683353371872,9683353371892
planner,11194,0,9683353371912,9683353371922
planner,11195,0,9683353371942,9683353371962
planner,11196,0,9683353371982,9683353372002
planner,11197,0,9683353372022,9683353372042
planner,11198,0,9683353372062,9683353372082
planner,11199,0,9683353372102,9683353372112
planner,11200,0,9683353372132,9683353372152
planner,11201,0,9683353372172,9683353372192
planner,11202,0,9683353372212,9683353372232
planner,11203,0,9683353372252,9683353372272
planner,11204,0,9683353372292,9683353372312
planner,11205,0,9683353372332,9683353372342
planner,11206,0,9683353372362,9683353372382
planner,11207,0,9683353372402,9683353372422
planner,11208,0,9683353372442,9683353372462
planner,11209,0,9683353372482,9683353372502
planner,11210,0,9683353372522,9683353372532
planner,11211,0,9683353372552,9683353372572
planner,11212,0,9683353372592,9683353372612
planner,11213,0,9683353372632,9683353372652
planner,11214,0,9683353372672,9683353372692
planner,11215,0,9683353372712,9683353372722
planner,11216,0,9683353372742,9683353372762
planner,11217,0,9683353372782,9683353372802
planner,11218,0,9683353372822,9683353372842
planner,11219,0,9683353372862,9683353372882
planner,11220,0,9683353372902,9683353372922
planner,11221,0,9683353372942,9683353372952
planner,11222,0,9683353372972,9683353372992
planner,11223,0,9683353373012,9683353373032
planner,11224,0,9683353373052,9683353373072
planner,11225,0,9683353373092,9683353373112
planner,11226,0,9683353373132,9683353373142
planner,11227,0,9683353373162,9683353373182
planner,11228,0,9683353373202,9683353373222
planner,11229,0,9683353373242,9683353373262
planner,11230,0,9683353373282,9683353373302
planner,11231,0,9683353373322,9683353373332
planner,11232,0,9683353373362,9683353373372
planner,11233,0,9683353373392,9683353373412
planner,11234,0,9683353373432,9683353373452
planner,11235,0,9683353373472,9683353373492
planner,11236,0,9683353373512,9683353373532
planner,11237,0,9683353373552,9683353373562
planner,11238,0,9683353373582,9683353373602
planner,11239,0,9683353373622,9683353373642
planner,11240,0,9683353373662,9683353373682
planner,11241,0,9683353373702,9683353373722
planner,11242,0,9683353373742,9683353373752
planner,11243,0,9683353373772,9683353373792
planner,11244,0,9683353373812,9683353373832
planner,11245,0,9683353373852,9683353373872
planner,11246,0,9683353373892,9683353373912
planner,11247,0,9683353373932,9683353373942
planner,11248,0,9683353373972,9683353373982
planner,11249,0,9683353374002,9683353374022
planner,11250,0,9683353374042,9683353374062
planner,11251,0,9683353374082,9683353374102
planner,11252,0,9683353374122,9683353374142
planner,11253,0,9683353374162,9683353374172
planner,11254,0,9683353374192,9683353374212
planner,11255,0,9683353374232,9683353374252
planner,11256,0,9683353374272,9683353374292
planner,11257,0,9683353374312,9683353374332
planner,11258,0,9683353374352,9683353374362
planner,11259,0,9683353374392,9683353374402
planner,11260,0,9683353374422,9683353374442
planner,11261,0,9683353374462,9683353374482
planner,11262,0,9683353374502,9683353374522
planner,11263,0,9683353374542,9683353374562
planner,11264,0,9683353375102,9683353375122
planner,11265,0,9683353375142,9683353375162
planner,11266,0,9683353375182,9683353375202
planner,11267,0,9683353375222,9683353375242
planner,11268,0,9683353375262,9683353375272
planner,11269,0,9683353375302,9683353375312
planner,11270,0,9683353375332,9683353375352
planner,11271,0,9683353375372,9683353375392
planner,11272,0,9683353375412,9683353375432
planner,11273,0,9683353375452,9683353375472
planner,11274,0,9683353375492,9683353375512
planner,11275,0,9683353375532,9683353375542
planner,11276,0,9683353375562,9683353375582
planner,11277,0,9683353375602,9683353375622
planner,11278,0,9683353375642,9683353375662
planner,11279,0,9683353375682,9683353375702
planner,11280,0,9683353375722,9683353375732
planner,11281,0,9683353375752,9683353375772
planner,11282,0,9683353375792,9683353375812
planner,11283,0,9683353375832,9683353375852
planner,11284,0,9683353375872,9683353375892
planner,11285,0,9683353375912,9683353375932
planner,11286,0,9683353375952,9683353375962
planner,11287,0,9683353375982,9683353376002
planner,11288,0,9683353376022,9683353376042
planner,11289,0,9683353376062,9683353376082
planner,11290,0,9683353376102,9683353376122
planner,11291,0,9683353376142,9683353376152
planner,11292,0,9683353376172,9683353376192
planner,11293,0,9683353376212,9683353376232
planner,11294,0,9683353376252,9683353376272
planner,11295,0,9683353376292,9683353376312
planner,11296,0,9683353376332,9683353376352
planner,11297,0,9683353376372,9683353376382
planner,11298,0,9683353376402,9683353376422
planner,11299,0,9683353376442,9683353376462
planner,11300,0,9683353376482,9683353376502
planner,11301,0,9683353376522,9683353376542
planner,11302,0,9683353376562,9683353376572
planner,11303,0,9683353376592,9683353376612
planner,11304,0,9683353376632,9683353376652
planner,11305,0,9683353376672,9683353376692
planner,11306,0,9683353376712,9683353376732
planner,11307,0,9683353376752,9683353376772
planner,11308,0,9683353376792,9683353376802
planner,11309,0,9683353376822,9683353376842
planner,11310,0,9683353376862,9683353376882
planner,11311,0,9683353376902,9683353376922
planner,11312,0,9683353376942,9683353376962
planner,11313,0,9683353376982,9683353376992
planner,11314,0,9683353377012,9683353377032
planner,11315,0,9683353377052,9683353377072
planner,11316,0,9683353377092,9683353377112
planner,11317,0,9683353377132,9683353377152
planner,11318,0,9683353377172,9683353377182
planner,11319,0,9683353377212,9683353377222
planner,11320,0,9683353377242,9683353377262
planner,11321,0,9683353377282,9683353377302
planner,11322,0,9683353377322,9683353377342
planner,11323,0,9683353377362,9683353377382
planner,11324,0,9683353377402,9683353377412
planner,11325,0,9683353377432,9683353377452
planner,11326,0,9683353377472,9683353377492
planner,11327,0,9683353377512,9683353377532
planner,11328,0,9683353377552,9683353377572
planner,11329,0,9683353377592,9683353377602
planner,11330,0,9683353377622,9683353377642
planner,11331,0,9683353377662,9683353377682
planner,11332,0,9683353377702,9683353377722
planner,11333,0,9683353377742,9683353377762
planner,11334,0,9683353377782,9683353377792
planner,11335,0,9683353377822,9683353377832
planner,11336,0,9683353377852,9683353377872
planner,11337,0,9683353377892,9683353377912
planner,11338,0,9683353377932,9683353377952
planner,11339,0,9683353377972,9683353377992
planner,11340,0,9683353378012,9683353378022
planner,11341,0,9683353378042,9683353378062
planner,11342,0,9683353378082,9683353378102
planner,11343,0,9683353378122,9683353378142
planner,11344,0,9683353378162,9683353378182
planner,11345,0,9683353378202,9683353378212
planner,11346,0,9683353378232,9683353378252
planner,11347,0,9683353378272,9683353378292
planner,11348,0,9683353378312,9683353378332
planner,11349,0,9683353378352,9683353378372
planner,11350,0,9683353378392,9683353378402
planner,11351,0,9683353378432,9683353378442
planner,11352,0,9683353378462,9683353378482
planner,11353,0,9683353378502,9683353378522
planner,11354,0,9683353378542,9683353378562
planner,11355,0,9683353378582,9683353378602
planner,11356,0,9683353378622,9683353378632
planner,11357,0,9683353378652,9683353378672
planner,11358,0,9683353378692,9683353378712
planner,11359,0,9683353378732,9683353378752
planner,11360,0,9683353378772,9683353378792
planner,11361,0,9683353378812,9683353378822
planner,11362,0,9683353378842,9683353378862
planner,11363,0,9683353378882,9683353378902
planner,11364,0,9683353378922,9683353378942
planner,11365,0,9683353378962,9683353378982
planner,11366,0,9683353379002,9683353379012
planner,11367,0,9683353379032,9683353379052
planner,11368,0,9683353379072,9683353379092
planner,11369,0,9683353379112,9683353379132
planner,11370,0,9683353379152,9683353379172
planner,11371,0,9683353379192,9683353379202
planner,11372,0,9683353379222,9683353379242
planner,11373,0,9683353379262,9683353379282
planner,11374,0,9683353379302,9683353379322
planner,11375,0,9683353379342,9683353379362
planner,11376,0,9683353379382,9683353379392
planner,11377,0,9683353379422,9683353379432
planner,11378,0,9683353379452,9683353379472
planner,11379,0,9683353379492,9683353379512
planner,11380,0,9683353379532,9683353379552
planner,11381,0,9683353379572,9683353379592
planner,11382,0,9683353379612,9683353379622
planner,11383,0,9683353379642,9683353379662
planner,11384,0,9683353379682,9683353379702
planner,11385,0,9683353379722,9683353379742
planner,11386,0,9683353379762,9683353379772
planner,11387,0,9683353379802,9683353379812
planner,11388,0,9683353379832,9683353379852
planner,11389,0,9683353379872,9683353379892
planner,11390,0,9683353379912,9683353379932
planner,11391,0,9683353379952,9683353379972
planner,11392,0,9683353380432,9683353380442
planner,11393,0,9683353380472,9683353380482
planner,11394,0,9683353380502,9683353380522
planner,11395,0,9683353380542,9683353380562
planner,11396,0,9683353380582,9683353380602
planner,11397,0,9683353380622,9683353380642
planner,11398,0,9683353380662,9683353380682
planner,11399,0,9683353380702,9683353380712
planner,11400,0,9683353380732,9683353380752
planner,11401,0,9683353380772,9683353380792
planner,11402,0,9683353380812,9683353380832
planner,11403,0,9683353380852,9683353380872
planner,11404,0,9683353380892,9683353380902
planner,11405,0,9683353380922,9683353380942
planner,11406,0,9683353380962,9683353380982
planner,11407,0,9683353381002,9683353381022
planner,11408,0,9683353381042,9683353381062
planner,11409,0,9683353381082,9683353381092
planner,11410,0,9683353381112,9683353381132
planner,11411,0,9683353381152,9683353381172
planner,11412,0,9683353381192,9683353381212
planner,11413,0,9683353381232,9683353381252
planner,11414,0,9683353381272,9683353381282
planner,11415,0,9683353381302,9683353381322
planner,11416,0,9683353381342,9683353381362
planner,11417,0,9683353381382,9683353381402
planner,11418,0,9683353381422,9683353381442
planner,11419,0,9683353381462,9683353381472
planner,11420,0,9683353381492,9683353381512
planner,11421,0,9683353381532,9683353381552
planner,11422,0,9683353381572,9683353381592
planner,11423,0,9683353381612,9683353381632
planner,11424,0,9683353381652,9683353381662
planner,11425,0,9683353381682,9683353381702
planner,11426,0,9683353381722,9683353381742
planner,11427,0,9683353381762,9683353381782
planner,11428,0,9683353381802,9683353381822
planner,11429,0,9683353381842,9683353381852
planner,11430,0,9683353381872,9683353381892
planner,11431,0,9683353381912,9683353381932
planner,11432,0,9683353381952,9683353381972
planner,11433,0,9683353381992,9683353382012
planner,11434,0,9683353382032,9683353382042
planner,11435,0,9683353382062,9683353382082
planner,11436,0,9683353382102,9683353382122
planner,11437,0,9683353382142,9683353382162
planner,11438,0,9683353382182,9683353382202
planner,11439,0,9683353382222,9683353382242
planner,11440,0,9683353382262,9683353382272
planner,11441,0,9683353382292,9683353382312
planner,11442,0,9683353382332,9683353382352
planner,11443,0,9683353382372,9683353382392
planner,11444,0,9683353382412,9683353382432
planner,11445,0,9683353382452,9683353382462
planner,11446,0,9683353382482,9683353382502
planner,11447,0,9683353382522,9683353382542
planner,11448,0,9683353382562,9683353382582
planner,11449,0,9683353382602,9683353382622
planner,11450,0,9683353382642,9683353382652
planner,11451,0,9683353382672,9683353382692
planner,11452,0,9683353382712,9683353382732
planner,11453,0,9683353382752,9683353382772
planner,11454,0,9683353382792,9683353382812
planner,11455,0,9683353382832,9683353382852
planner,11456,0,9683353382872,9683353382882
planner,11457,0,9683353382902,9683353382922
planner,11458,0,9683353382942,9683353382962
planner,11459,0,9683353382982,9683353383002
planner,11460,0,9683353383022,9683353383042
planner,11461,0,9683353383062,9683353383072
planner,11462,0,9683353383092,9683353383112
planner,11463,0,9683353383132,9683353383152
planner,11464,0,9683353383172,9683353383192
planner,11465,0,9683353383212,9683353383232
planner,11466,0,9683353383252,9683353383262
planner,11467,0,9683353383292,9683353383302
planner,11468,0,9683353383322,9683353383342
planner,11469,0,9683353383362,9683353383382
planner,11470,0,9683353383402,9683353383422
planner,11471,0,9683353383442,9683353383462
planner,11472,0,9683353383482,9683353383492
planner,11473,0,9683353383512,9683353383532
planner,11474,0,9683353383552,9683353383572
planner,11475,0,9683353383592,9683353383612
planner,11476,0,9683353383632,9683353383652
planner,11477,0,9683353383672,9683353383682
planner,11478,0,9683353383702,9683353383722
planner,11479,0,9683353383742,9683353383762
planner,11480,0,9683353383782,9683353383802
planner,11481,0,9683353383822,9683353383842
planner,11482,0,9683353383862,9683353383882
planner,11483,0,9683353383902,9683353383912
planner,11484,0,9683353383932,9683353383952
planner,11485,0,9683353383972,9683353383992
planner,11486,0,9683353384012,9683353384032
planner,11487,0,9683353384052,9683353384072
planner,11488,0,9683353384092,9683353384102
planner,11489,0,9683353384122,9683353384142
planner,11490,0,9683353384162,9683353384182
planner,11491,0,9683353384202,9683353384222
planner,11492,0,9683353384242,9683353384262
planner,11493,0,9683353384282,9683353384302
planner,11494,0,9683353384322,9683353384332
planner,11495,0,9683353384352,9683353384372
planner,11496,0,9683353384392,9683353384412
planner,11497,0,9683353384432,9683353384452
planner,11498,0,9683353384472,9683353384492
planner,11499,0,9683353384512,9683353384522
planner,11500,0,9683353384542,9683353384562
planner,11501,0,9683353384582,9683353384602
planner,11502,0,9683353384622,9683353384642
planner,11503,0,9683353384662,9683353384682
planner,11504,0,9683353384702,9683353384712
planner,11505,0,9683353384742,9683353384752
planner,11506,0,9683353384772,9683353384792
planner,11507,0,9683353384812,9683353384832
planner,11508,0,9683353384852,9683353384872
planner,11509,0,9683353384892,9683353384912
planner,11510,0,9683353384932,9683353384942
planner,11511,0,9683353384962,9683353384982
planner,11512,0,9683353385002,9683353385022
planner,11513,0,9683353385042,9683353385062
planner,11514,0,9683353385082,9683353385102
planner,11515,0,9683353385122,9683353385132
planner,11516,0,9683353385152,9683353385172
planner,11517,0,9683353385192,9683353385212
planner,11518,0,9683353385232,9683353385252
planner,11519,0,9683353385272,9683353385292
planner,11520,0,9683353385732,9683353385752
planner,11521,0,9683353385772,9683353385792
planner,11522,0,9683353385812,9683353385832
planner,11523,0,9683353385852,9683353385872
planner,11524,0,9683353385892,9683353385912
planner,11525,0,9683353385932,9683353385952
planner,11526,0,9683353385972,9683353385982
planner,11527,0,9683353386002,9683353386022
planner,11528,0,9683353386042,9683353386062
planner,11529,0,9683353386082,9683353386102
planner,11530,0,9683353386122,9683353386142
planner,11531,0,9683353386162,9683353386182
planner,11532,0,9683353386202,9683353386212
planner,11533,0,9683353386232,9683353386252
planner,11534,0,9683353386272,9683353386292
planner,11535,0,9683353386312,9683353386332
planner,11536,0,9683353386352,9683353386372
planner,11537,0,9683353386392,9683353386402
planner,11538,0,9683353386422,9683353386442
planner,11539,0,9683353386462,9683353386482
planner,11540,0,9683353386502,9683353386522
planner,11541,0,9683353386542,9683353386562
planner,11542,0,9683353386582,9683353386592
planner,11543,0,9683353386612,9683353386632
planner,11544,0,9683353386652,9683353386672
planner,11545,0,9683353386692,9683353386712
planner,11546,0,9683353386732,9683353386752
planner,11547,0,9683353386772,9683353386782
planner,11548,0,9683353386812,9683353386822
planner,11549,0,9683353386842,9683353386862
planner,11550,0,9683353386882,9683353386902
planner,11551,0,9683353386922,9683353386942
planner,11552,0,9683353386962,9683353386982
planner,11553,0,9683353387002,9683353387012
planner,11554,0,9683353387032,9683353387052
planner,11555,0,9683353387072,9683353387092
planner,11556,0,9683353387112,9683353387132
planner,11557,0,9683353387152,9683353387172
planner,11558,0,9683353387192,9683353387202
planner,11559,0,9683353387222,9683353387242
planner,11560,0,9683353387262,9683353387282
planner,11561,0,9683353387302,9683353387322
planner,11562,0,9683353387342,9683353387362
planner,11563,0,9683353387382,9683353387392
planner,11564,0,9683353387412,9683353387432
planner,11565,0,9683353387452,9683353387472
planner,11566,0,9683353387492,9683353387512
planner,11567,0,9683353387532,9683353387552
planner,11568,0,9683353387572,9683353387582
planner,11569,0,9683353387602,9683353387622
planner,11570,0,9683353387642,9683353387662
planner,11571,0,9683353387682,9683353387702
planner,11572,0,9683353387722,9683353387742
planner,11573,0,9683353387762,9683353387772
planner,11574,0,9683353387792,9683353387812
planner,11575,0,9683353387832,9683353387852
planner,11576,0,9683353387872,9683353387892
planner,11577,0,9683353387912,9683353387932
planner,11578,0,9683353387952,9683353387962
planner,11579,0,9683353387982,9683353388002
planner,11580,0,9683353388022,9683353388042
planner,11581,0,9683353388062,9683353388082
planner,11582,0,9683353388102,9683353388122
planner,11583,0,9683353388142,9683353388152
planner,11584,0,9683353388172,9683353388192
planner,11585,0,9683353388212,9683353388232
planner,11586,0,9683353388252,9683353388272
planner,11587,0,9683353388292,9683353388312
planner,11588,0,9683353388332,9683353388342
planner,11589,0,9683353388372,9683353388382
planner,11590,0,9683353388402,9683353388422
planner,11591,0,9683353388442,9683353388462
planner,11592,0,9683353388482,9683353388502
planner,11593,0,9683353388522,9683353388542
planner,11594,0,9683353388562,9683353388572
planner,11595,0,9683353388592,9683353388612
planner,11596,0,9683353388632,9683353388652
planner,11597,0,9683353388672,9683353388692
planner,11598,0,9683353388712,9683353388732
planner,11599,0,9683353388752,9683353388762
planner,11600,0,9683353388782,9683353388802
planner,11601,0,9683353388822,9683353388842
planner,11602,0,9683353388862,9683353388882
planner,11603,0,9683353388902,9683353388922
planner,11604,0,9683353388942,9683353388952
planner,11605,0,9683353388972,9683353388992
planner,11606,0,9683353389012,9683353389032
planner,11607,0,9683353389052,9683353389072
planner,11608,0,9683353389092,9683353389112
planner,11609,0,9683353389132,9683353389142
planner,11610,0,9683353389162,9683353389182
planner,11611,0,9683353389202,9683353389222
planner,11612,0,9683353389242,9683353389262
planner,11613,0,9683353389282,9683353389302
planner,11614,0,9683353389322,9683353389332
planner,11615,0,9683353389352,9683353389372
planner,11616,0,9683353389392,9683353389412
planner,11617,0,9683353389432,9683353389452
planner,11618,0,9683353389472,9683353389492
planner,11619,0,9683353389512,9683353389522
planner,11620,0,9683353389542,9683353389562
planner,11621,0,9683353389582,9683353389602
planner,11622,0,9683353389622,9683353389642
planner,11623,0,9683353389662,9683353389682
planner,11624,0,9683353389702,9683353389712
planner,11625,0,9683353389742,9683353389752
planner,11626,0,9683353389772,9683353389792
planner,11627,0,9683353389812,9683353389832
planner,11628,0,9683353389852,9683353389872
planner,11629,0,9683353389892,9683353389912
planner,11630,0,9683353389932,9683353389942
planner,11631,0,9683353389962,9683353389982
planner,11632,0,9683353390002,9683353390022
planner,11633,0,9683353390042,9683353390062
planner,11634,0,9683353390082,9683353390102
planner,11635,0,9683353390122,9683353390132
planner,11636,0,9683353390152,9683353390172
planner,11637,0,9683353390192,9683353390212
planner,11638,0,9683353390232,9683353390252
planner,11639,0,9683353390272,9683353390292
planner,11640,0,9683353390312,9683353390322
planner,11641,0,9683353390342,9683353390362
planner,11642,0,9683353390382,9683353390402
planner,11643,0,9683353390422,9683353390442
planner,11644,0,9683353390462,9683353390482
planner,11645,0,9683353390502,9683353390522
planner,11646,0,9683353390542,9683353390552
planner,11647,0,9683353390572,9683353390592
planner,11648,0,9683353391032,9683353391052
planner,11649,0,9683353391072,9683353391092
planner,11650,0,9683353391112,9683353391132
planner,11651,0,9683353391152,9683353391172
planner,11652,0,9683353391192,9683353391212
planner,11653,0,9683353391232,9683353391242
planner,11654,0,9683353391262,9683353391282
planner,11655,0,9683353391302,9683353391322
planner,11656,0,9683353391342,9683353391362
planner,11657,0,9683353391382,9683353391402
planner,11658,0,9683353391422,9683353391442
planner,11659,0,9683353391462,9683353391472
planner,11660,0,9683353391492,9683353391512
planner,11661,0,9683353391532,9683353391552
planner,11662,0,9683353391572,9683353391592
planner,11663,0,9683353391612,9683353391632
planner,11664,0,9683353391652,9683353391662
planner,11665,0,9683353391682,9683353391702
planner,11666,0,9683353391722,9683353391742
planner,11667,0,9683353391762,9683353391782
planner,11668,0,9683353391802,9683353391822
planner,11669,0,9683353391842,9683353391862
planner,11670,0,9683353391882,9683353391892
planner,11671,0,9683353391912,9683353391932
planner,11672,0,9683353391952,9683353391972
planner,11673,0,9683353391992,9683353392012
planner,11674,0,9683353392032,9683353392052
planner,11675,0,9683353392072,9683353392092
planner,11676,0,9683353392112,9683353392122
planner,11677,0,9683353392142,9683353392162
planner,11678,0,9683353392182,9683353392202
planner,11679,0,9683353392222,9683353392242
planner,11680,0,9683353392262,9683353392282
planner,11681,0,9683353392302,9683353392312
planner,11682,0,9683353392332,9683353392352
planner,11683,0,9683353392372,9683353392392
planner,11684,0,9683353392412,9683353392432
planner,11685,0,9683353392452,9683353392472
planner,11686,0,9683353392492,9683353392512
planner,11687,0,9683353392532,9683353392542
planner,11688,0,9683353392562,9683353392582
planner,11689,0,9683353392602,9683353392622
planner,11690,0,9683353392642,9683353392662
planner,11691,0,9683353392682,9683353392702
planner,11692,0,9683353392722,9683353392742
planner,11693,0,9683353392762,9683353392772
planner,11694,0,9683353392792,9683353392812
planner,11695,0,9683353392832,9683353392852
planner,11696,0,9683353392872,9683353392892
planner,11697,0,9683353392912,9683353392932
planner,11698,0,9683353392952,9683353392962
planner,11699,0,9683353392992,9683353393002
planner,11700,0,9683353393022,9683353393042
planner,11701,0,9683353393062,9683353393082
planner,11702,0,9683353393102,9683353393122
planner,11703,0,9683353393142,9683353393162
planner,11704,0,9683353393182,9683353393192
planner,11705,0,9683353393222,9683353393232
planner,11706,0,9683353393252,9683353393272
planner,11707,0,9683353393292,9683353393312
planner,11708,0,9683353393332,9683353393352
planner,11709,0,9683353393372,9683353393392
planner,11710,0,9683353393412,9683353393422
planner,11711,0,9683353393442,9683353393462
planner,11712,0,9683353393482,9683353393502
planner,11713,0,9683353393522,9683353393542
planner,11714,0,9683353393562,9683353393582
planner,11715,0,9683353393602,9683353393622
planner,11716,0,9683353393642,9683353393652
planner,11717,0,9683353393672,9683353393692
planner,11718,0,9683353393712,9683353393732
planner,11719,0,9683353393752,9683353393772
planner,11720,0,9683353393792,9683353393812
planner,11721,0,9683353393832,9683353393852
planner,11722,0,9683353393872,9683353393882
planner,11723,0,9683353393902,9683353393922
planner,11724,0,9683353393942,9683353393962
planner,11725,0,9683353393982,9683353394002
planner,11726,0,9683353394022,9683353394042
planner,11727,0,9683353394062,9683353394082
planner,11728,0,9683353394102,9683353394112
planner,11729,0,9683353394132,9683353394152
planner,11730,0,9683353394172,9683353394192
planner,11731,0,9683353394212,9683353394232
planner,11732,0,9683353394252,9683353394272
planner,11733,0,9683353394292,9683353394312
planner,11734,0,9683353394332,9683353394342
planner,11735,0,9683353394372,9683353394382
planner,11736,0,9683353394402,9683353394422
planner,11737,0,9683353394442,9683353394462
planner,11738,0,9683353394482,9683353394502
planner,11739,0,9683353394522,9683353394542
planner,11740,0,9683353394562,9683353394572
planner,11741,0,9683353394602,9683353394612
planner,11742,0,9683353394632,9683353394652
planner,11743,0,9683353394672,9683353394692
planner,11744,0,9683353394712,9683353394732
planner,11745,0,9683353394752,9683353394772
planner,11746,0,9683353394792,9683353394802
planner,11747,0,9683353394832,9683353394842
planner,11748,0,9683353394862,9683353394882
planner,11749,0,9683353394902,9683353394922
planner,11750,0,9683353394942,9683353394962
planner,11751,0,9683353394982,9683353395002
planner,11752,0,9683353395022,9683353395032
planner,11753,0,9683353395052,9683353395072
planner,11754,0,9683353395092,9683353395112
planner,11755,0,9683353395132,9683353395152
planner,11756,0,9683353395172,9683353395192
planner,11757,0,9683353395212,9683353395232
planner,11758,0,9683353395252,9683353395262
planner,11759,0,9683353395282,9683353395302
planner,11760,0,9683353395322,9683353395342
planner,11761,0,9683353395362,9683353395382
planner,11762,0,9683353395402,9683353395422
planner,11763,0,9683353395442,9683353395462
planner,11764,0,9683353395482,9683353395492
planner,11765,0,9683353395512,9683353395532
planner,11766,0,9683353395552,9683353395572
planner,11767,0,9683353395592,9683353395612
planner,11768,0,9683353395632,9683353395652
planner,11769,0,9683353395672,9683353395682
planner,11770,0,9683353395702,9683353395722
planner,11771,0,9683353395742,9683353395762
planner,11772,0,9683353395782,9683353395802
planner,11773,0,9683353395822,9683353395842
planner,11774,0,9683353395862,9683353395882
planner,11775,0,9683353395902,9683353395912
planner,11776,0,9683353396532,9683353396552
planner,11777,0,9683353396572,9683353396592
planner,11778,0,9683353396612,9683353396632
planner,11779,0,9683353396652,9683353396672
planner,11780,0,9683353396692,9683353396712
planner,11781,0,9683353396732,9683353396742
planner,11782,0,9683353396762,9683353396782
planner,11783,0,9683353396802,9683353396822
planner,11784,0,9683353396842,9683353396862
planner,11785,0,9683353396882,9683353396902
planner,11786,0,9683353396922,9683353396932
planner,11787,0,9683353396962,9683353396972
planner,11788,0,9683353396992,9683353397012
planner,11789,0,9683353397032,9683353397052
planner,11790,0,9683353397072,9683353397092
planner,11791,0,9683353397112,9683353397132
planner,11792,0,9683353397152,9683353397162
planner,11793,0,9683353397182,9683353397202
planner,11794,0,9683353397222,9683353397242
planner,11795,0,9683353397262,9683353397282
planner,11796,0,9683353397302,9683353397322
planner,11797,0,9683353397342,9683353397352
planner,11798,0,9683353397372,9683353397392
planner,11799,0,9683353397412,9683353397432
planner,11800,0,9683353397452,9683353397472
planner,11801,0,9683353397492,9683353397512
planner,11802,0,9683353397532,9683353397542
planner,11803,0,9683353397562,9683353397582
planner,11804,0,9683353397602,9683353397622
planner,11805,0,9683353397642,9683353397662
planner,11806,0,9683353397682,9683353397702
planner,11807,0,9683353397722,9683353397732
planner,11808,0,9683353397752,9683353397772
planner,11809,0,9683353397792,9683353397812
planner,11810,0,9683353397832,9683353397852
planner,11811,0,9683353397872,9683353397892
planner,11812,0,9683353397912,9683353397922
planner,11813,0,9683353397952,9683353397962
planner,11814,0,9683353397982,9683353398002
planner,11815,0,9683353398022,9683353398042
planner,11816,0,9683353398062,9683353398082
planner,11817,0,9683353398102,9683353398122
planner,11818,0,9683353398142,9683353398152
planner,11819,0,9683353398172,9683353398192
planner,11820,0,9683353398212,9683353398232
planner,11821,0,9683353398252,9683353398272
planner,11822,0,9683353398292,9683353398312
planner,11823,0,9683353398332,9683353398342
planner,11824,0,9683353398362,9683353398382
planner,11825,0,9683353398402,9683353398422
planner,11826,0,9683353398442,9683353398462
planner,11827,0,9683353398482,9683353398502
planner,11828,0,9683353398522,9683353398532
planner,11829,0,9683353398552,9683353398572
planner,11830,0,9683353398592,9683353398612
planner,11831,0,9683353398632,9683353398652
planner,11832,0,9683353398672,9683353398692
planner,11833,0,9683353398712,9683353398732
planner,11834,0,9683353398752,9683353398762
planner,11835,0,9683353398782,9683353398802
planner,11836,0,9683353398822,9683353398842
planner,11837,0,9683353398862,9683353398882
planner,11838,0,9683353398902,9683353398922
planner,11839,0,9683353398942,9683353398952
planner,11840,0,9683353398972,9683353398992
planner,11841,0,9683353399012,9683353399032
planner,11842,0,9683353399052,9683353399072
planner,11843,0,9683353399092,9683353399112
planner,11844,0,9683353399132,9683353399142
planner,11845,0,9683353399162,9683353399182
planner,11846,0,9683353399202,9683353399222
planner,11847,0,9683353399242,9683353399262
planner,11848,0,9683353399282,9683353399302
planner,11849,0,9683353399322,9683353399332
planner,11850,0,9683353399362,9683353399372
planner,11851,0,9683353399392,9683353399412
planner,11852,0,9683353399432,9683353399452
planner,11853,0,9683353399472,9683353399492
planner,11854,0,9683353399512,9683353399532
planner,11855,0,9683353399552,9683353399562
planner,11856,0,9683353399582,9683353399602
planner,11857,0,9683353399622,9683353399642
planner,11858,0,9683353399662,9683353399682
planner,11859,0,9683353399702,9683353399722
planner,11860,0,9683353399742,9683353399752
planner,11861,0,9683353399772,9683353399792
planner,11862,0,9683353399812,9683353399832
planner,11863,0,9683353399852,9683353399872
planner,11864,0,9683353399892,9683353399912
planner,11865,0,9683353399932,9683353399942
planner,11866,0,9683353399962,9683353399982
planner,11867,0,9683353400002,9683353400022
planner,11868,0,9683353400042,9683353400062
planner,11869,0,9683353400082,9683353400102
planner,11870,0,9683353400122,9683353400142
planner,11871,0,9683353400162,9683353400172
planner,11872,0,9683353400192,9683353400212
planner,11873,0,9683353400232,9683353400252
planner,11874,0,9683353400272,9683353400292
planner,11875,0,9683353400312,9683353400332
planner,11876,0,9683353400352,9683353400362
planner,11877,0,9683353400382,9683353400402
planner,11878,0,9683353400422,9683353400442
planner,11879,0,9683353400462,9683353400482
planner,11880,0,9683353400502,9683353400522
planner,11881,0,9683353400542,9683353400552
planner,11882,0,9683353400572,9683353400592
planner,11883,0,9683353400612,9683353400632
planner,11884,0,9683353400652,9683353400672
planner,11885,0,9683353400692,9683353400712
planner,11886,0,9683353400732,9683353400752
planner,11887,0,9683353400772,9683353400782
planner,11888,0,9683353400802,9683353400822
planner,11889,0,9683353400842,9683353400862
planner,11890,0,9683353400882,9683353400902
planner,11891,0,9683353400922,9683353400942
planner,11892,0,9683353400962,9683353400972
planner,11893,0,9683353401002,9683353401012
planner,11894,0,9683353401032,9683353401052
planner,11895,0,9683353401072,9683353401092
planner,11896,0,9683353401112,9683353401132
planner,11897,0,9683353401152,9683353401172
planner,11898,0,9683353401192,9683353401202
planner,11899,0,9683353401222,9683353401242
planner,11900,0,9683353401262,9683353401282
planner,11901,0,9683353401302,9683353401322
planner,11902,0,9683353401342,9683353401362
planner,11903,0,9683353401382,9683353401392
planner,11904,0,9683353401842,9683353401852
planner,11905,0,9683353401882,9683353401892
planner,11906,0,9683353401912,9683353401932
planner,11907,0,9683353401952,9683353401972
planner,11908,0,9683353401992,9683353402012
planner,11909,0,9683353402032,9683353402052
planner,11910,0,9683353402072,9683353402092
planner,11911,0,9683353402112,9683353402132
planner,11912,0,9683353402152,9683353402162
planner,11913,0,9683353402182,9683353402202
planner,11914,0,9683353402222,9683353402242
planner,11915,0,9683353402262,9683353402282
planner,11916,0,9683353402302,9683353402322
planner,11917,0,9683353402342,9683353402352
planner,11918,0,9683353402382,9683353402392
planner,11919,0,9683353402412,9683353402432
planner,11920,0,9683353402452,9683353402472
planner,11921,0,9683353402492,9683353402512
planner,11922,0,9683353402532,9683353402552
planner,11923,0,9683353402572,9683353402582
planner,11924,0,9683353402602,9683353402622
planner,11925,0,9683353402642,9683353402662
planner,11926,0,9683353402682,9683353402702
planner,11927,0,9683353402722,9683353402742
planner,11928,0,9683353402762,9683353402782
planner,11929,0,9683353402802,9683353402812
planner,11930,0,9683353402832,9683353402852
planner,11931,0,9683353402872,9683353402892
planner,11932,0,9683353402912,9683353402932
planner,11933,0,9683353402952,9683353402972
planner,11934,0,9683353402992,9683353403002
planner,11935,0,9683353403022,9683353403042
planner,11936,0,9683353403062,9683353403082
planner,11937,0,9683353403102,9683353403122
planner,11938,0,9683353403142,9683353403162
planner,11939,0,9683353403182,9683353403192
planner,11940,0,9683353403222,9683353403232
planner,11941,0,9683353403252,9683353403272
planner,11942,0,9683353403292,9683353403312
planner,11943,0,9683353403332,9683353403352
planner,11944,0,9683353403372,9683353403392
planner,11945,0,9683353403412,9683353403422
planner,11946,0,9683353403442,9683353403462
planner,11947,0,9683353403482,9683353403502
planner,11948,0,9683353403522,9683353403542
planner,11949,0,9683353403562,9683353403582
planner,11950,0,9683353403602,9683353403612
planner,11951,0,9683353403632,9683353403652
planner,11952,0,9683353403672,9683353403692
planner,11953,0,9683353403712,9683353403732
planner,11954,0,9683353403752,9683353403772
planner,11955,0,9683353403792,9683353403802
planner,11956,0,9683353403822,9683353403842
planner,11957,0,9683353403862,9683353403882
planner,11958,0,9683353403902,9683353403922
planner,11959,0,9683353403942,9683353403962
planner,11960,0,9683353403982,9683353403992
planner,11961,0,9683353404012,9683353404032
planner,11962,0,9683353404052,9683353404072
planner,11963,0,9683353404092,9683353404112
planner,11964,0,9683353404132,9683353404152
planner,11965,0,9683353404172,9683353404182
planner,11966,0,9683353404202,9683353404222
planner,11967,0,9683353404242,9683353404262
planner,11968,0,9683353404282,9683353404302
planner,11969,0,9683353404322,9683353404342
planner,11970,0,9683353404362,9683353404372
planner,11971,0,9683353404402,9683353404412
planner,11972,0,9683353404432,9683353404452
planner,11973,0,9683353404472,9683353404492
planner,11974,0,9683353404512,9683353404532
planner,11975,0,9683353404552,9683353404572
planner,11976,0,9683353404592,9683353404602
planner,11977,0,9683353404622,9683353404642
planner,11978,0,9683353404662,9683353404682
planner,11979,0,9683353404702,9683353404722
planner,11980,0,9683353404742,9683353404762
planner,11981,0,9683353404782,9683353404792
planner,11982,0,9683353404812,9683353404832
planner,11983,0,9683353404852,9683353404872
planner,11984,0,9683353404892,9683353404912
planner,11985,0,9683353404932,9683353404952
planner,11986,0,9683353404972,9683353404982
planner,11987,0,9683353405002,9683353405022
planner,11988,0,9683353405042,9683353405062
planner,11989,0,9683353405082,9683353405102
planner,11990,0,9683353405122,9683353405142
planner,11991,0,9683353405162,9683353405172
planner,11992,0,9683353405192,9683353405212
planner,11993,0,9683353405232,9683353405252
planner,11994,0,9683353405272,9683353405292
planner,11995,0,9683353405312,9683353405332
planner,11996,0,9683353405352,9683353405362
planner,11997,0,9683353405382,9683353405402
planner,11998,0,9683353405422,9683353405442
planner,11999,0,9683353405462,9683353405482
planner,12000,0,9683353405502,9683353405522
planner,12001,0,9683353405542,9683353405552
planner,12002,0,9683353405572,9683353405592
planner,12003,0,9683353405612,9683353405632
planner,12004,0,9683353405652,9683353405672
planner,12005,0,9683353405692,9683353405712
planner,12006,0,9683353405732,9683353405742
planner,12007,0,9683353405762,9683353405782
planner,12008,0,9683353405802,9683353405822
planner,12009,0,9683353405842,9683353405862
planner,12010,0,9683353405882,9683353405902
planner,12011,0,9683353405922,9683353405932
planner,12012,0,9683353405952,9683353405972
planner,12013,0,9683353405992,9683353406012
planner,12014,0,9683353406032,9683353406052
planner,12015,0,9683353406072,9683353406092
planner,12016,0,9683353406112,9683353406122
planner,12017,0,9683353406142,9683353406162
planner,12018,0,9683353406182,9683353406202
planner,12019,0,9683353406222,9683353406242
planner,12020,0,9683353406262,9683353406282
planner,12021,0,9683353406302,9683353406312
planner,12022,0,9683353406332,9683353406352
planner,12023,0,9683353406372,9683353406392
planner,12024,0,9683353406412,9683353406432
planner,12025,0,9683353406452,9683353406472
planner,12026,0,9683353406492,9683353406502
planner,12027,0,9683353406522,9683353406542
planner,12028,0,9683353406562,9683353406582
planner,12029,0,9683353406602,9683353406622
planner,12030,0,9683353406642,9683353406662
planner,12031,0,9683353406682,9683353406692
planner,12032,0,9683353407822,9683353407842
planner,12033,0,9683353407862,9683353407882
planner,12034,0,9683353407902,9683353407922
planner,12035,0,9683353407942,9683353407962
planner,12036,0,9683353407982,9683353408002
planner,12037,0,9683353408022,9683353408032
planner,12038,0,9683353408062,9683353408072
planner,12039,0,9683353408092,9683353408112
planner,12040,0,9683353408132,9683353408152
planner,12041,0,9683353408172,9683353408192
planner,12042,0,9683353408212,9683353408232
planner,12043,0,9683353408252,9683353408262
planner,12044,0,9683353408282,9683353408302
planner,12045,0,9683353408322,9683353408342
planner,12046,0,9683353408362,9683353408382
planner,12047,0,9683353408402,9683353408422
planner,12048,0,9683353408442,9683353408452
planner,12049,0,9683353408472,9683353408492
planner,12050,0,9683353408512,9683353408532
planner,12051,0,9683353408552,9683353408572
planner,12052,0,9683353408592,9683353408612
planner,12053,0,9683353408632,9683353408642
planner,12054,0,9683353408662,9683353408682
planner,12055,0,9683353408702,9683353408722
planner,12056,0,9683353408742,9683353408762
planner,12057,0,9683353408782,9683353408802
planner,12058,0,9683353408822,9683353408832
planner,12059,0,9683353408852,9683353408872
planner,12060,0,9683353408892,9683353408912
planner,12061,0,9683353408932,9683353408952
planner,12062,0,9683353408972,9683353408992
planner,12063,0,9683353409012,9683353409022
planner,12064,0,9683353409052,9683353409062
planner,12065,0,9683353409082,9683353409102
planner,12066,0,9683353409122,9683353409142
planner,12067,0,9683353409162,9683353409182
planner,12068,0,9683353409202,9683353409222
planner,12069,0,9683353409242,9683353409252
planner,12070,0,9683353409272,9683353409292
planner,12071,0,9683353409312,9683353409332
planner,12072,0,9683353409352,9683353409372
planner,12073,0,9683353409392,9683353409412
planner,12074,0,9683353409432,9683353409442
planner,12075,0,9683353409462,9683353409482
planner,12076,0,9683353409502,9683353409522
planner,12077,0,9683353409542,9683353409562
planner,12078,0,9683353409582,9683353409602
planner,12079,0,9683353409622,9683353409632
planner,12080,0,9683353409652,9683353409672
planner,12081,0,9683353409692,9683353409712
planner,12082,0,9683353409732,9683353409752
planner,12083,0,9683353409772,9683353409792
planner,12084,0,9683353409812,9683353409832
planner,12085,0,9683353409852,9683353409862
planner,12086,0,9683353409882,9683353409902
planner,12087,0,9683353409922,9683353409942
planner,12088,0,9683353409962,9683353409982
planner,12089,0,9683353410002,9683353410022
planner,12090,0,9683353410042,9683353410052
planner,12091,0,9683353410072,9683353410092
planner,12092,0,9683353410112,9683353410132
planner,12093,0,9683353410152,9683353410172
planner,12094,0,9683353410192,9683353410212
planner,12095,0,9683353410232,9683353410242
planner,12096,0,9683353410262,9683353410282
planner,12097,0,9683353410302,9683353410322
planner,12098,0,9683353410342,9683353410362
planner,12099,0,9683353410382,9683353410402
planner,12100,0,9683353410422,9683353410432
planner,12101,0,9683353410462,9683353410472
planner,12102,0,9683353410492,9683353410512
planner,12103,0,9683353410532,9683353410552
planner,12104,0,9683353410572,9683353410592
planner,12105,0,9683353410612,9683353410632
planner,12106,0,9683353410652,9683353410662
planner,12107,0,9683353410682,9683353410702
planner,12108,0,9683353410722,9683353410742
planner,12109,0,9683353410762,9683353410782
planner,12110,0,9683353410802,9683353410822
planner,12111,0,9683353410842,9683353410852
planner,12112,0,9683353410872,9683353410892
planner,12113,0,9683353410912,9683353410932
planner,12114,0,9683353410952,9683353410972
planner,12115,0,9683353410992,9683353411012
planner,12116,0,9683353411032,9683353411042
planner,12117,0,9683353411062,9683353411082
planner,12118,0,9683353411102,9683353411122
planner,12119,0,9683353411142,9683353411162
planner,12120,0,9683353411182,9683353411202
planner,12121,0,9683353411222,9683353411232
planner,12122,0,9683353411262,9683353411272
planner,12123,0,9683353411292,9683353411312
planner,12124,0,9683353411332,9683353411352
planner,12125,0,9683353411372,9683353411392
planner,12126,0,9683353411412,9683353411432
planner,12127,0,9683353411452,9683353411462
planner,12128,0,9683353411482,9683353411502
planner,12129,0,9683353411522,9683353411542
planner,12130,0,9683353411562,9683353411582
planner,12131,0,9683353411602,9683353411622
planner,12132,0,9683353411642,9683353411652
planner,12133,0,9683353411672,9683353411692
planner,12134,0,9683353411712,9683353411732
planner,12135,0,9683353411752,9683353411772
planner,12136,0,9683353411792,9683353411812
planner,12137,0,9683353411832,9683353411842
planner,12138,0,9683353411872,9683353411882
planner,12139,0,9683353411902,9683353411922
planner,12140,0,9683353411942,9683353411962
planner,12141,0,9683353411982,9683353412002
planner,12142,0,9683353412022,9683353412042
planner,12143,0,9683353412062,9683353412072
planner,12144,0,9683353412092,9683353412112
planner,12145,0,9683353412132,9683353412152
planner,12146,0,9683353412172,9683353412192
planner,12147,0,9683353412212,9683353412232
planner,12148,0,9683353412252,9683353412262
planner,12149,0,9683353412282,9683353412302
planner,12150,0,9683353412322,9683353412342
planner,12151,0,9683353412362,9683353412382
planner,12152,0,9683353412402,9683353412422
planner,12153,0,9683353412442,9683353412452
planner,12154,0,9683353412472,9683353412492
planner,12155,0,9683353412512,9683353412532
planner,12156,0,9683353412552,9683353412572
planner,12157,0,9683353412592,9683353412612
planner,12158,0,9683353412632,9683353412642
planner,12159,0,9683353412672,9683353412682
planner,12160,0,9683353413152,9683353413172
planner,12161,0,9683353413192,9683353413202
planner,12162,0,9683353413232,9683353413242
planner,12163,0,9683353413262,9683353413282
planner,12164,0,9683353413302,9683353413322
planner,12165,0,9683353413342,9683353413362
planner,12166,0,9683353413382,9683353413402
planner,12167,0,9683353413422,9683353413442
planner,12168,0,9683353413462,9683353413472
planner,12169,0,9683353413492,9683353413512
planner,12170,0,9683353413532,9683353413552
planner,12171,0,9683353413572,9683353413592
planner,12172,0,9683353413612,9683353413632
planner,12173,0,9683353413652,9683353413672
planner,12174,0,9683353413692,9683353413702
planner,12175,0,9683353413722,9683353413742
planner,12176,0,9683353413762,9683353413782
planner,12177,0,9683353413802,9683353413822
planner,12178,0,9683353413842,9683353413862
planner,12179,0,9683353413882,9683353413892
planner,12180,0,9683353413912,9683353413932
planner,12181,0,9683353413952,9683353413972
planner,12182,0,9683353413992,9683353414012
planner,12183,0,9683353414032,9683353414052
planner,12184,0,9683353414072,9683353414082
planner,12185,0,9683353414102,9683353414122
planner,12186,0,9683353414142,9683353414162
planner,12187,0,9683353414182,9683353414202
planner,12188,0,9683353414222,9683353414242
planner,12189,0,9683353414262,9683353414282
planner,12190,0,9683353414302,9683353414312
planner,12191,0,9683353414332,9683353414352
planner,12192,0,9683353414372,9683353414392
planner,12193,0,9683353414412,9683353414432
planner,12194,0,9683353414452,9683353414472
planner,12195,0,9683353414492,9683353414502
planner,12196,0,9683353414522,9683353414542
planner,12197,0,9683353414562,9683353414582
planner,12198,0,9683353414602,9683353414622
planner,12199,0,9683353414642,9683353414662
planner,12200,0,9683353414682,9683353414692
planner,12201,0,9683353414712,9683353414732
planner,12202,0,9683353414752,9683353414772
planner,12203,0,9683353414792,9683353414812
planner,12204,0,9683353414832,9683353414852
planner,12205,0,9683353414872,9683353414892
planner,12206,0,9683353414912,9683353414922
planner,12207,0,9683353414942,9683353414962
planner,12208,0,9683353414982,9683353415002
planner,12209,0,9683353415022,9683353415042
planner,12210,0,9683353415062,9683353415082
planner,12211,0,9683353415102,9683353415112
planner,12212,0,9683353415132,9683353415152
planner,12213,0,9683353415172,9683353415192
planner,12214,0,9683353415212,9683353415232
planner,12215,0,9683353415252,9683353415272
planner,12216,0,9683353415292,9683353415302
planner,12217,0,9683353415322,9683353415342
planner,12218,0,9683353415362,9683353415382
planner,12219,0,9683353415402,9683353415422
planner,12220,0,9683353415442,9683353415462
planner,12221,0,9683353415482,9683353415492
planner,12222,0,9683353415512,9683353415532
planner,12223,0,9683353415552,9683353415572
planner,12224,0,9683353415592,9683353415612
planner,12225,0,9683353415632,9683353415652
planner,12226,0,9683353415672,9683353415682
planner,12227,0,9683353415712,9683353415722
planner,12228,0,9683353415742,9683353415762
planner,12229,0,9683353415782,9683353415802
planner,12230,0,9683353415822,9683353415842
planner,12231,0,9683353415862,9683353415882
planner,12232,0,9683353415902,9683353415912
planner,12233,0,9683353415932,9683353415952
planner,12234,0,9683353415972,9683353415992
planner,12235,0,9683353416012,9683353416032
planner,12236,0,9683353416052,9683353416072
planner,12237,0,9683353416092,9683353416102
planner,12238,0,9683353416122,9683353416142
planner,12239,0,9683353416162,9683353416182
planner,12240,0,9683353416202,9683353416222
planner,12241,0,9683353416242,9683353416262
planner,12242,0,9683353416282,9683353416292
planner,12243,0,9683353416312,9683353416332
planner,12244,0,9683353416352,9683353416372
planner,12245,0,9683353416392,9683353416412
planner,12246,0,9683353416432,9683353416452
planner,12247,0,9683353416472,9683353416482
planner,12248,0,9683353416502,9683353416522
planner,12249,0,9683353416542,9683353416562
planner,12250,0,9683353416582,9683353416602
planner,12251,0,9683353416622,9683353416642
planner,12252,0,9683353416662,9683353416682
planner,12253,0,9683353416702,9683353416712
planner,12254,0,9683353416732,9683353416752
planner,12255,0,9683353416772,9683353416792
planner,12256,0,9683353416812,9683353416832
planner,12257,0,9683353416852,9683353416872
planner,12258,0,9683353416892,9683353416902
planner,12259,0,9683353416922,9683353416942
planner,12260,0,9683353416962,9683353416982
planner,12261,0,9683353417002,9683353417022
planner,12262,0,9683353417042,9683353417062
planner,12263,0,9683353417082,9683353417092
planner,12264,0,9683353417112,9683353417132
planner,12265,0,9683353417152,9683353417172
planner,12266,0,9683353417192,9683353417212
planner,12267,0,9683353417232,9683353417252
planner,12268,0,9683353417272,9683353417292
planner,12269,0,9683353417312,9683353417322
planner,12270,0,9683353417342,9683353417362
planner,12271,0,9683353417382,9683353417402
planner,12272,0,9683353417422,9683353417442
planner,12273,0,9683353417462,9683353417482
planner,12274,0,9683353417502,9683353417512
planner,12275,0,9683353417532,9683353417552
planner,12276,0,9683353417572,9683353417592
planner,12277,0,9683353417612,9683353417632
planner,12278,0,9683353417652,9683353417672
planner,12279,0,9683353417692,9683353417702
planner,12280,0,9683353417722,9683353417742
planner,12281,0,9683353417762,9683353417782
planner,12282,0,9683353417802,9683353417822
planner,12283,0,9683353417842,9683353417862
planner,12284,0,9683353417882,9683353417892
planner,12285,0,9683353417912,9683353417932
planner,12286,0,9683353417952,9683353417972
planner,12287,0,9683353417992,9683353418012
planner,12288,0,9683353418442,9683353418462
planner,12289,0,9683353418482,9683353418502
planner,12290,0,9683353418522,9683353418542
planner,12291,0,9683353418562,9683353418582
planner,12292,0,9683353418602,9683353418612
planner,12293,0,9683353418642,9683353418652
planner,12294,0,9683353418672,9683353418692
planner,12295,0,9683353418712,9683353418732
planner,12296,0,9683353418752,9683353418772
planner,12297,0,9683353418792,9683353418812
planner,12298,0,9683353418832,9683353418842
planner,12299,0,9683353418862,9683353418882
planner,12300,0,9683353418902,9683353418922
planner,12301,0,9683353418942,9683353418962
planner,12302,0,9683353418982,9683353419002
planner,12303,0,9683353419022,9683353419032
planner,12304,0,9683353419062,9683353419072
planner,12305,0,9683353419092,9683353419112
planner,12306,0,9683353419132,9683353419152
planner,12307,0,9683353419172,9683353419192
planner,12308,0,9683353419212,9683353419232
planner,12309,0,9683353419252,9683353419262
planner,12310,0,9683353419282,9683353419302
planner,12311,0,9683353419322,9683353419342
planner,12312,0,9683353419362,9683353419382
planner,12313,0,9683353419402,9683353419422
planner,12314,0,9683353419442,9683353419452
planner,12315,0,9683353419472,9683353419492
planner,12316,0,9683353419512,9683353419532
planner,12317,0,9683353419552,9683353419572
planner,12318,0,9683353419592,9683353419612
planner,12319,0,9683353419632,9683353419642
planner,12320,0,9683353419662,9683353419682
planner,12321,0,9683353419702,9683353419722
planner,12322,0,9683353419742,9683353419762
planner,12323,0,9683353419782,9683353419802
planner,12324,0,9683353419822,9683353419832
planner,12325,0,9683353419862,9683353419872
planner,12326,0,9683353419892,9683353419912
planner,12327,0,9683353419932,9683353419952
planner,12328,0,9683353419972,9683353419992
planner,12329,0,9683353420012,9683353420032
planner,12330,0,9683353420052,9683353420062
planner,12331,0,9683353420082,9683353420102
planner,12332,0,9683353420122,9683353420142
planner,12333,0,9683353420162,9683353420182
planner,12334,0,9683353420202,9683353420222
planner,12335,0,9683353420242,9683353420252
planner,12336,0,9683353420272,9683353420292
planner,12337,0,9683353420312,9683353420332
planner,12338,0,9683353420352,9683353420372
planner,12339,0,9683353420392,9683353420412
planner,12340,0,9683353420432,9683353420442
planner,12341,0,9683353420462,9683353420482
planner,12342,0,9683353420502,9683353420522
planner,12343,0,9683353420542,9683353420562
planner,12344,0,9683353420582,9683353420602
planner,12345,0,9683353420622,9683353420642
planner,12346,0,9683353420662,9683353420672
planner,12347,0,9683353420692,9683353420712
planner,12348,0,9683353420732,9683353420752
planner,12349,0,9683353420772,9683353420792
planner,12350,0,9683353420812,9683353420832
planner,12351,0,9683353420852,9683353420862
planner,12352,0,9683353420882,9683353420902
planner,12353,0,9683353420922,9683353420942
planner,12354,0,9683353420962,9683353420982
planner,12355,0,9683353421002,9683353421022
planner,12356,0,9683353421042,9683353421052
planner,12357,0,9683353421072,9683353421092
planner,12358,0,9683353421112,9683353421132
planner,12359,0,9683353421152,9683353421172
planner,12360,0,9683353421192,9683353421212
planner,12361,0,9683353421232,9683353421252
planner,12362,0,9683353421272,9683353421282
planner,12363,0,9683353421302,9683353421322
planner,12364,0,9683353421342,9683353421362
planner,12365,0,9683353421382,9683353421402
planner,12366,0,9683353421422,9683353421442
planner,12367,0,9683353421462,9683353421472
planner,12368,0,9683353421492,9683353421512
planner,12369,0,9683353421532,9683353421552
planner,12370,0,9683353421572,9683353421592
planner,12371,0,9683353421612,9683353421632
planner,12372,0,9683353421652,9683353421662
planner,12373,0,9683353421682,9683353421702
planner,12374,0,9683353421722,9683353421742
planner,12375,0,9683353421762,9683353421782
planner,12376,0,9683353421802,9683353421822
planner,12377,0,9683353421842,9683353421852
planner,12378,0,9683353421872,9683353421892
planner,12379,0,9683353421912,9683353421932
planner,12380,0,9683353421952,9683353421972
planner,12381,0,9683353421992,9683353422012
planner,12382,0,9683353422032,9683353422052
planner,12383,0,9683353422072,9683353422082
planner,12384,0,9683353422102,9683353422122
planner,12385,0,9683353422142,9683353422162
planner,12386,0,9683353422182,9683353422202
planner,12387,0,9683353422222,9683353422242
planner,12388,0,9683353422262,9683353422272
planner,12389,0,9683353422292,9683353422312
planner,12390,0,9683353422332,9683353422352
planner,12391,0,9683353422372,9683353422392
planner,12392,0,9683353422412,9683353422432
planner,12393,0,9683353422452,9683353422462
planner,12394,0,9683353422482,9683353422502
planner,12395,0,9683353422522,9683353422542
planner,12396,0,9683353422562,9683353422582
planner,12397,0,9683353422602,9683353422622
planner,12398,0,9683353422642,9683353422652
planner,12399,0,9683353422682,9683353422692
planner,12400,0,9683353422712,9683353422732
planner,12401,0,9683353422752,9683353422772
planner,12402,0,9683353422792,9683353422812
planner,12403,0,9683353422832,9683353422852
planner,12404,0,9683353422872,9683353422882
planner,12405,0,9683353422902,9683353422922
planner,12406,0,9683353422942,9683353422962
planner,12407,0,9683353422982,9683353423002
planner,12408,0,9683353423022,9683353423042
planner,12409,0,9683353423062,9683353423072
planner,12410,0,9683353423092,9683353423112
planner,12411,0,9683353423132,9683353423152
planner,12412,0,9683353423172,9683353423192
planner,12413,0,9683353423212,9683353423232
planner,12414,0,9683353423252,9683353423262
planner,12415,0,9683353423292,9683353423302
planner,12416,0,9683353423752,9683353423762
planner,12417,0,9683353423782,9683353423802
planner,12418,0,9683353423822,9683353423842
planner,12419,0,9683353423862,9683353423882
planner,12420,0,9683353423902,9683353423922
planner,12421,0,9683353423942,9683353423962
planner,12422,0,9683353423982,9683353424002
planner,12423,0,9683353424022,9683353424032
planner,12424,0,9683353424052,9683353424072
planner,12425,0,9683353424092,9683353424112
planner,12426,0,9683353424132,9683353424152
planner,12427,0,9683353424172,9683353424192
planner,12428,0,9683353424212,9683353424222
planner,12429,0,9683353424252,9683353424262
planner,12430,0,9683353424282,9683353424302
planner,12431,0,9683353424322,9683353424342
planner,12432,0,9683353424362,9683353424382
planner,12433,0,9683353424402,9683353424422
planner,12434,0,9683353424442,9683353424452
planner,12435,0,9683353424472,9683353424492
planner,12436,0,9683353424512,9683353424532
planner,12437,0,9683353424552,9683353424572
planner,12438,0,9683353424592,9683353424612
planner,12439,0,9683353424632,9683353424642
planner,12440,0,9683353424662,9683353424682
planner,12441,0,9683353424702,9683353424722
planner,12442,0,9683353424742,9683353424762
planner,12443,0,9683353424782,9683353424802
planner,12444,0,9683353424822,9683353424832
planner,12445,0,9683353424852,9683353424872
planner,12446,0,9683353424892,9683353424912
planner,12447,0,9683353424932,9683353424952
planner,12448,0,9683353424972,9683353424992
planner,12449,0,9683353425012,9683353425022
planner,12450,0,9683353425052,9683353425062
planner,12451,0,9683353425082,9683353425102
planner,12452,0,9683353425122,9683353425142
planner,12453,0,9683353425162,9683353425182
planner,12454,0,9683353425202,9683353425222
planner,12455,0,9683353425242,9683353425252
planner,12456,0,9683353425272,9683353425292
planner,12457,0,9683353425312,9683353425332
planner,12458,0,9683353425352,9683353425372
planner,12459,0,9683353425392,9683353425412
planner,12460,0,9683353425432,9683353425442
planner,12461,0,9683353425462,9683353425482
planner,12462,0,9683353425502,9683353425522
planner,12463,0,9683353425542,9683353425562
planner,12464,0,9683353425582,9683353425602
planner,12465,0,9683353425622,9683353425632
planner,12466,0,9683353425652,9683353425672
planner,12467,0,9683353425692,9683353425712
planner,12468,0,9683353425732,9683353425752
planner,12469,0,9683353425772,9683353425792
planner,12470,0,9683353425812,9683353425822
planner,12471,0,9683353425852,9683353425862
planner,12472,0,9683353425882,9683353425902
planner,12473,0,9683353425922,9683353425942
planner,12474,0,9683353425962,9683353425982
planner,12475,0,9683353426002,9683353426022
planner,12476,0,9683353426042,9683353426052
planner,12477,0,9683353426072,9683353426092
planner,12478,0,9683353426112,9683353426132
planner,12479,0,9683353426152,9683353426172
planner,12480,0,9683353426192,9683353426212
planner,12481,0,9683353426232,9683353426242
planner,12482,0,9683353426262,9683353426282
planner,12483,0,9683353426302,9683353426322
planner,12484,0,9683353426342,9683353426362
planner,12485,0,9683353426382,9683353426402
planner,12486,0,9683353426422,9683353426432
planner,12487,0,9683353426452,9683353426472
planner,12488,0,9683353426492,9683353426512
planner,12489,0,9683353426532,9683353426552
planner,12490,0,9683353426572,9683353426592
planner,12491,0,9683353426612,9683353426622
planner,12492,0,9683353426642,9683353426662
planner,12493,0,9683353426682,9683353426702
planner,12494,0,9683353426722,9683353426742
planner,12495,0,9683353426762,9683353426782
planner,12496,0,9683353426802,9683353426812
planner,12497,0,9683353426842,9683353426852
planner,12498,0,9683353426872,9683353426892
planner,12499,0,9683353426912,9683353426932
planner,12500,0,9683353426952,9683353426972
planner,12501,0,9683353426992,9683353427012
planner,12502,0,9683353427032,9683353427042
planner,12503,0,9683353427062,9683353427082
planner,12504,0,9683353427102,9683353427122
planner,12505,0,9683353427142,9683353427162
planner,12506,0,9683353427182,9683353427202
planner,12507,0,9683353427222,9683353427232
planner,12508,0,9683353427252,9683353427272
planner,12509,0,9683353427292,9683353427312
planner,12510,0,9683353427332,9683353427352
planner,12511,0,9683353427372,9683353427392
planner,12512,0,9683353427412,9683353427422
planner,12513,0,9683353427442,9683353427462
planner,12514,0,9683353427482,9683353427502
planner,12515,0,9683353427522,9683353427542
planner,12516,0,9683353427562,9683353427582
planner,12517,0,9683353427602,9683353427612
planner,12518,0,9683353427642,9683353427652
planner,12519,0,9683353427672,9683353427692
planner,12520,0,9683353427712,9683353427732
planner,12521,0,9683353427752,9683353427772
planner,12522,0,9683353427792,9683353427812
planner,12523,0,9683353427832,9683353427842
planner,12524,0,9683353427862,9683353427882
planner,12525,0,9683353427902,9683353427922
planner,12526,0,9683353427942,9683353427962
planner,12527,0,9683353427982,9683353428002
planner,12528,0,9683353428022,9683353428032
planner,12529,0,9683353428052,9683353428072
planner,12530,0,9683353428092,9683353428112
planner,12531,0,9683353428132,9683353428152
planner,12532,0,9683353428172,9683353428192
planner,12533,0,9683353428212,9683353428222
planner,12534,0,9683353428242,9683353428262
planner,12535,0,9683353428282,9683353428302
planner,12536,0,9683353428322,9683353428342
planner,12537,0,9683353428362,9683353428382
planner,12538,0,9683353428402,9683353428422
planner,12539,0,9683353428442,9683353428452
planner,12540,0,9683353428472,9683353428492
planner,12541,0,9683353428512,9683353428532
planner,12542,0,9683353428552,9683353428572
planner,12543,0,9683353428592,9683353428612
planner,12544,0,9683353429042,9683353429062
planner,12545,0,9683353429082,9683353429102
planner,12546,0,9683353429122,9683353429142
planner,12547,0,9683353429162,9683353429172
planner,12548,0,9683353429192,9683353429212
planner,12549,0,9683353429232,9683353429252
planner,12550,0,9683353429272,9683353429292
planner,12551,0,9683353429312,9683353429332
planner,12552,0,9683353429352,9683353429372
planner,12553,0,9683353429392,9683353429402
planner,12554,0,9683353429422,9683353429442
planner,12555,0,9683353429462,9683353429482
planner,12556,0,9683353429502,9683353429522
planner,12557,0,9683353429542,9683353429562
planner,12558,0,9683353429582,9683353429592
planner,12559,0,9683353429612,9683353429632
planner,12560,0,9683353429652,9683353429672
planner,12561,0,9683353429692,9683353429712
planner,12562,0,9683353429732,9683353429752
planner,12563,0,9683353429772,9683353429792
planner,12564,0,9683353429812,9683353429822
planner,12565,0,9683353429842,9683353429862
planner,12566,0,9683353429882,9683353429902
planner,12567,0,9683353429922,9683353429942
planner,12568,0,9683353429962,9683353429982
planner,12569,0,9683353430002,9683353430012
planner,12570,0,9683353430032,9683353430052
planner,12571,0,9683353430072,9683353430092
planner,12572,0,9683353430112,9683353430132
planner,12573,0,9683353430152,9683353430172
planner,12574,0,9683353430192,9683353430202
planner,12575,0,9683353430222,9683353430242
planner,12576,0,9683353430262,9683353430282
planner,12577,0,9683353430302,9683353430322
planner,12578,0,9683353430342,9683353430362
planner,12579,0,9683353430382,9683353430392
planner,12580,0,9683353430412,9683353430432
planner,12581,0,9683353430452,9683353430472
planner,12582,0,9683353430492,9683353430512
planner,12583,0,9683353430532,9683353430552
planner,12584,0,9683353430572,9683353430582
planner,12585,0,9683353430612,9683353430622
planner,12586,0,9683353430642,9683353430662
planner,12587,0,9683353430682,9683353430702
planner,12588,0,9683353430722,9683353430742
planner,12589,0,9683353430762,9683353430782
planner,12590,0,9683353430802,9683353430812
planner,12591,0,9683353430832,9683353430852
planner,12592,0,9683353430872,9683353430892
planner,12593,0,9683353430912,9683353430932
planner,12594,0,9683353430952,9683353430972
planner,12595,0,9683353430992,9683353431002
planner,12596,0,9683353431022,9683353431042
planner,12597,0,9683353431062,9683353431082
planner,12598,0,9683353431102,9683353431122
planner,12599,0,9683353431142,9683353431162
planner,12600,0,9683353431182,9683353431192
planner,12601,0,9683353431212,9683353431232
planner,12602,0,9683353431252,9683353431272
planner,12603,0,9683353431292,9683353431312
planner,12604,0,9683353431332,9683353431352
planner,12605,0,9683353431372,9683353431382
planner,12606,0,9683353431412,9683353431422
planner,12607,0,9683353431442,9683353431462
planner,12608,0,9683353431482,9683353431502
planner,12609,0,9683353431522,9683353431542
planner,12610,0,9683353431562,9683353431582
planner,12611,0,9683353431602,9683353431612
planner,12612,0,9683353431632,9683353431652
planner,12613,0,9683353431672,9683353431692
planner,12614,0,9683353431712,9683353431732
planner,12615,0,9683353431752,9683353431772
planner,12616,0,9683353431792,9683353431802
planner,12617,0,9683353431822,9683353431842
planner,12618,0,9683353431862,9683353431882
planner,12619,0,9683353431902,9683353431922
planner,12620,0,9683353431942,9683353431962
planner,12621,0,9683353431982,9683353431992
planner,12622,0,9683353432012,9683353432032
planner,12623,0,9683353432052,9683353432072
planner,12624,0,9683353432092,9683353432112
planner,12625,0,9683353432132,9683353432152
planner,12626,0,9683353432172,9683353432182
planner,12627,0,9683353432202,9683353432222
planner,12628,0,9683353432242,9683353432262
planner,12629,0,9683353432282,9683353432302
planner,12630,0,9683353432322,9683353432342
planner,12631,0,9683353432362,9683353432382
planner,12632,0,9683353432402,9683353432412
planner,12633,0,9683353432432,9683353432452
planner,12634,0,9683353432472,9683353432492
planner,12635,0,9683353432512,9683353432532
planner,12636,0,9683353432552,9683353432572
planner,12637,0,9683353432592,9683353432602
planner,12638,0,9683353432622,9683353432642
planner,12639,0,9683353432662,9683353432682
planner,12640,0,9683353432702,9683353432722
planner,12641,0,9683353432742,9683353432762
planner,12642,0,9683353432782,9683353432792
planner,12643,0,9683353432812,9683353432832
planner,12644,0,9683353432852,9683353432872
planner,12645,0,9683353432892,9683353432912
planner,12646,0,9683353432932,9683353432952
planner,12647,0,9683353432972,9683353432982
planner,12648,0,9683353433012,9683353433022
planner,12649,0,9683353433042,9683353433062
planner,12650,0,9683353433082,9683353433102
planner,12651,0,9683353433122,9683353433142
planner,12652,0,9683353433162,9683353433182
planner,12653,0,9683353433202,9683353433212
planner,12654,0,9683353433232,9683353433252
planner,12655,0,9683353433272,9683353433292
planner,12656,0,9683353433312,9683353433332
planner,12657,0,9683353433352,9683353433372
planner,12658,0,9683353433392,9683353433402
planner,12659,0,9683353433422,9683353433442
planner,12660,0,9683353433462,9683353433482
planner,12661,0,9683353433502,9683353433522
planner,12662,0,9683353433542,9683353433562
planner,12663,0,9683353433582,9683353433592
planner,12664,0,9683353433622,9683353433632
planner,12665,0,9683353433652,9683353433672
planner,12666,0,9683353433692,9683353433712
planner,12667,0,9683353433732,9683353433752
planner,12668,0,9683353433772,9683353433792
planner,12669,0,9683353433812,9683353433822
planner,12670,0,9683353433842,9683353433862
planner,12671,0,9683353433882,9683353433902
planner,12672,0,9683353434492,9683353434512
planner,12673,0,9683353434532,9683353434552
planner,12674,0,9683353434572,9683353434592
planner,12675,0,9683353434612,9683353434632
planner,12676,0,9683353434652,9683353434672
planner,12677,0,9683353434692,9683353434712
planner,12678,0,9683353434732,9683353434742
planner,12679,0,9683353434762,9683353434782
planner,12680,0,9683353434802,9683353434822
planner,12681,0,9683353434842,9683353434862
planner,12682,0,9683353434882,9683353434902
planner,12683,0,9683353434922,9683353434932
planner,12684,0,9683353434952,9683353434972
planner,12685,0,9683353434992,9683353435012
planner,12686,0,9683353435032,9683353435052
planner,12687,0,9683353435072,9683353435092
planner,12688,0,9683353435112,9683353435122
planner,12689,0,9683353435152,9683353435162
planner,12690,0,9683353435182,9683353435202
planner,12691,0,9683353435222,9683353435242
planner,12692,0,9683353435262,9683353435282
planner,12693,0,9683353435302,9683353435322
planner,12694,0,9683353435342,9683353435352
planner,12695,0,9683353435372,9683353435392
planner,12696,0,9683353435412,9683353435432
planner,12697,0,9683353435452,9683353435472
planner,12698,0,9683353435492,9683353435512
planner,12699,0,9683353435532,9683353435542
planner,12700,0,9683353435562,9683353435582
planner,12701,0,9683353435602,9683353435622
planner,12702,0,9683353435642,9683353435662
planner,12703,0,9683353435682,9683353435702
planner,12704,0,9683353435722,9683353435732
planner,12705,0,9683353435752,9683353435772
planner,12706,0,9683353435792,9683353435812
planner,12707,0,9683353435832,9683353435852
planner,12708,0,9683353435872,9683353435892
planner,12709,0,9683353435912,9683353435922
planner,12710,0,9683353435952,9683353435962
planner,12711,0,9683353435982,9683353436002
planner,12712,0,9683353436022,9683353436042
planner,12713,0,9683353436062,9683353436082
planner,12714,0,9683353436102,9683353436122
planner,12715,0,9683353436142,9683353436152
planner,12716,0,9683353436172,9683353436192
planner,12717,0,9683353436212,9683353436232
planner,12718,0,9683353436252,9683353436272
planner,12719,0,9683353436292,9683353436312
planner,12720,0,9683353436332,9683353436342
planner,12721,0,9683353436362,9683353436382
planner,12722,0,9683353436402,9683353436422
planner,12723,0,9683353436442,9683353436462
planner,12724,0,9683353436482,9683353436502
planner,12725,0,9683353436522,9683353436532
planner,12726,0,9683353436552,9683353436572
planner,12727,0,9683353436592,9683353436612
planner,12728,0,9683353436632,9683353436652
planner,12729,0,9683353436672,9683353436692
planner,12730,0,9683353436712,9683353436722
planner,12731,0,9683353436752,9683353436762
planner,12732,0,9683353436782,9683353436802
planner,12733,0,9683353436822,9683353436842
planner,12734,0,9683353436862,9683353436882
planner,12735,0,9683353436902,9683353436922
planner,12736,0,9683353436942,9683353436952
planner,12737,0,9683353436972,9683353436992
planner,12738,0,9683353437012,9683353437032
planner,12739,0,9683353437052,9683353437072
planner,12740,0,9683353437092,9683353437112
planner,12741,0,9683353437132,9683353437142
planner,12742,0,9683353437162,9683353437182
planner,12743,0,9683353437202,9683353437222
planner,12744,0,9683353437242,9683353437262
planner,12745,0,9683353437282,9683353437302
planner,12746,0,9683353437322,9683353437332
planner,12747,0,9683353437352,9683353437372
planner,12748,0,9683353437392,9683353437412
planner,12749,0,9683353437432,9683353437452
planner,12750,0,9683353437472,9683353437492
planner,12751,0,9683353437512,9683353437522
planner,12752,0,9683353437542,9683353437562
planner,12753,0,9683353437582,9683353437602
planner,12754,0,9683353437622,9683353437642
planner,12755,0,9683353437662,9683353437682
planner,12756,0,9683353437702,9683353437722
planner,12757,0,9683353437742,9683353437752
planner,12758,0,9683353437772,9683353437792
planner,12759,0,9683353437812,9683353437832
planner,12760,0,9683353437852,9683353437872
planner,12761,0,9683353437892,9683353437912
planner,12762,0,9683353437932,9683353437942
planner,12763,0,9683353437962,9683353437982
planner,12764,0,9683353438002,9683353438022
planner,12765,0,9683353438042,9683353438062
planner,12766,0,9683353438082,9683353438102
planner,12767,0,9683353438122,9683353438132
planner,12768,0,9683353438152,9683353438172
planner,12769,0,9683353438192,9683353438212
planner,12770,0,9683353438232,9683353438252
planner,12771,0,9683353438272,9683353438292
planner,12772,0,9683353438312,9683353438322
planner,12773,0,9683353438342,9683353438362
planner,12774,0,9683353438382,9683353438402
planner,12775,0,9683353438422,9683353438442
planner,12776,0,9683353438462,9683353438482
planner,12777,0,9683353438502,9683353438512
planner,12778,0,9683353438542,9683353438552
planner,12779,0,9683353438572,9683353438592
planner,12780,0,9683353438612,9683353438632
planner,12781,0,9683353438652,9683353438672
planner,12782,0,9683353438692,9683353438712
planner,12783,0,9683353438732,9683353438742
planner,12784,0,9683353438762,9683353438782
planner,12785,0,9683353438802,9683353438822
planner,12786,0,9683353438842,9683353438862
planner,12787,0,9683353438882,9683353438902
planner,12788,0,9683353438922,9683353438932
planner,12789,0,9683353438952,9683353438972
planner,12790,0,9683353438992,9683353439012
planner,12791,0,9683353439032,9683353439052
planner,12792,0,9683353439072,9683353439092
planner,12793,0,9683353439112,9683353439122
planner,12794,0,9683353439142,9683353439162
planner,12795,0,9683353439182,9683353439202
planner,12796,0,9683353439222,9683353439242
planner,12797,0,9683353439262,9683353439282
planner,12798,0,9683353439302,9683353439322
planner,12799,0,9683353439342,9683353439352
planner,12800,0,9683353439802,9683353439812
planner,12801,0,9683353439842,9683353439852
planner,12802,0,9683353439872,9683353439892
planner,12803,0,9683353439912,9683353439932
planner,12804,0,9683353439952,9683353439972
planner,12805,0,9683353439992,9683353440012
planner,12806,0,9683353440032,9683353440052
planner,12807,0,9683353440072,9683353440082
planner,12808,0,9683353440112,9683353440122
planner,12809,0,9683353440142,9683353440162
planner,12810,0,9683353440182,9683353440202
planner,12811,0,9683353440222,9683353440242
planner,12812,0,9683353440262,9683353440282
planner,12813,0,9683353440302,9683353440312
planner,12814,0,9683353440332,9683353440352
planner,12815,0,9683353440372,9683353440392
planner,12816,0,9683353440412,9683353440432
planner,12817,0,9683353440452,9683353440472
planner,12818,0,9683353440492,9683353440502
planner,12819,0,9683353440522,9683353440542
planner,12820,0,9683353440562,9683353440582
planner,12821,0,9683353440602,9683353440622
planner,12822,0,9683353440642,9683353440662
planner,12823,0,9683353440682,9683353440692
planner,12824,0,9683353440712,9683353440732
planner,12825,0,9683353440752,9683353440772
planner,12826,0,9683353440792,9683353440812
planner,12827,0,9683353440832,9683353440852
planner,12828,0,9683353440872,9683353440882
planner,12829,0,9683353440912,9683353440922
planner,12830,0,9683353440942,9683353440962
planner,12831,0,9683353440982,9683353441002
planner,12832,0,9683353441022,9683353441042
planner,12833,0,9683353441062,9683353441082
planner,12834,0,9683353441102,9683353441112
planner,12835,0,9683353441132,9683353441152
planner,12836,0,9683353441172,9683353441192
planner,12837,0,9683353441212,9683353441232
planner,12838,0,9683353441252,9683353441272
planner,12839,0,9683353441292,9683353441302
planner,12840,0,9683353441322,9683353441342
planner,12841,0,9683353441362,9683353441382
planner,12842,0,9683353441402,9683353441422
planner,12843,0,9683353441442,9683353441462
planner,12844,0,9683353441482,9683353441492
planner,12845,0,9683353441512,9683353441532
planner,12846,0,9683353441552,9683353441572
planner,12847,0,9683353441592,9683353441612
planner,12848,0,9683353441632,9683353441652
planner,12849,0,9683353441672,9683353441682
planner,12850,0,9683353441712,9683353441722
planner,12851,0,9683353441742,9683353441762
planner,12852,0,9683353441782,9683353441802
planner,12853,0,9683353441822,9683353441842
planner,12854,0,9683353441862,9683353441882
planner,12855,0,9683353441902,9683353441912
planner,12856,0,9683353441932,9683353441952
planner,12857,0,9683353441972,9683353441992
planner,12858,0,9683353442012,9683353442032
planner,12859,0,9683353442052,9683353442072
planner,12860,0,9683353442092,9683353442102
planner,12861,0,9683353442122,9683353442142
planner,12862,0,9683353442162,9683353442182
planner,12863,0,9683353442202,9683353442222
planner,12864,0,9683353442242,9683353442262
planner,12865,0,9683353442282,9683353442292
planner,12866,0,9683353442312,9683353442332
planner,12867,0,9683353442352,9683353442372
planner,12868,0,9683353442392,9683353442412
planner,12869,0,9683353442432,9683353442452
planner,12870,0,9683353442472,9683353442482
planner,12871,0,9683353442502,9683353442522
planner,12872,0,9683353442542,9683353442562
planner,12873,0,9683353442582,9683353442602
planner,12874,0,9683353442622,9683353442642
planner,12875,0,9683353442662,9683353442672
planner,12876,0,9683353442702,9683353442712
planner,12877,0,9683353442732,9683353442752
planner,12878,0,9683353442772,9683353442792
planner,12879,0,9683353442812,9683353442832
planner,12880,0,9683353442852,9683353442872
planner,12881,0,9683353442892,9683353442902
planner,12882,0,9683353442922,9683353442942
planner,12883,0,9683353442962,9683353442982
planner,12884,0,9683353443002,9683353443022
planner,12885,0,9683353443042,9683353443062
planner,12886,0,9683353443082,9683353443092
planner,12887,0,9683353443112,9683353443132
planner,12888,0,9683353443152,9683353443172
planner,12889,0,9683353443192,9683353443212
planner,12890,0,9683353443232,9683353443252
planner,12891,0,9683353443272,9683353443282
planner,12892,0,9683353443312,9683353443322
planner,12893,0,9683353443342,9683353443362
planner,12894,0,9683353443382,9683353443402
planner,12895,0,9683353443422,9683353443442
planner,12896,0,9683353443462,9683353443482
planner,12897,0,9683353443502,9683353443512
planner,12898,0,9683353443532,9683353443552
planner,12899,0,9683353443572,9683353443592
planner,12900,0,9683353443612,9683353443632
planner,12901,0,9683353443652,9683353443672
planner,12902,0,9683353443692,9683353443702
planner,12903,0,9683353443722,9683353443742
planner,12904,0,9683353443762,9683353443782
planner,12905,0,9683353443802,9683353443822
planner,12906,0,9683353443842,9683353443862
planner,12907,0,9683353443882,9683353443892
planner,12908,0,9683353443912,9683353443932
planner,12909,0,9683353443952,9683353443972
planner,12910,0,9683353443992,9683353444012
planner,12911,0,9683353444032,9683353444052
planner,12912,0,9683353444072,9683353444092
planner,12913,0,9683353444112,9683353444122
planner,12914,0,9683353444142,9683353444162
planner,12915,0,9683353444182,9683353444202
planner,12916,0,9683353444222,9683353444242
planner,12917,0,9683353444262,9683353444282
planner,12918,0,9683353444302,9683353444312
planner,12919,0,9683353444332,9683353444352
planner,12920,0,9683353444372,9683353444392
planner,12921,0,9683353444412,9683353444432
planner,12922,0,9683353444452,9683353444472
planner,12923,0,9683353444492,9683353444502
planner,12924,0,9683353444522,9683353444542
planner,12925,0,9683353444562,9683353444582
planner,12926,0,9683353444602,9683353444622
planner,12927,0,9683353444642,9683353444662
planner,12928,0,9683353445092,9683353445112
planner,12929,0,9683353445132,9683353445152
planner,12930,0,9683353445172,9683353445192
planner,12931,0,9683353445212,9683353445232
planner,12932,0,9683353445252,9683353445272
planner,12933,0,9683353445292,9683353445312
planner,12934,0,9683353445332,9683353445342
planner,12935,0,9683353445362,9683353445382
planner,12936,0,9683353445402,9683353445422
planner,12937,0,9683353445442,9683353445462
planner,12938,0,9683353445482,9683353445502
planner,12939,0,9683353445522,9683353445532
planner,12940,0,9683353445552,9683353445572
planner,12941,0,9683353445592,9683353445612
planner,12942,0,9683353445632,9683353445652
planner,12943,0,9683353445672,9683353445692
planner,12944,0,9683353445712,9683353445722
planner,12945,0,9683353445742,9683353445762
planner,12946,0,9683353445782,9683353445802
planner,12947,0,9683353445822,9683353445842
planner,12948,0,9683353445862,9683353445882
planner,12949,0,9683353445902,9683353445912
planner,12950,0,9683353445932,9683353445952
planner,12951,0,9683353445972,9683353445992
planner,12952,0,9683353446012,9683353446032
planner,12953,0,9683353446052,9683353446072
planner,12954,0,9683353446092,9683353446112
planner,12955,0,9683353446132,9683353446142
planner,12956,0,9683353446162,9683353446182
planner,12957,0,9683353446202,9683353446222
planner,12958,0,9683353446242,9683353446262
planner,12959,0,9683353446282,9683353446302
planner,12960,0,9683353446322,9683353446332
planner,12961,0,9683353446352,9683353446372
planner,12962,0,9683353446392,9683353446412
planner,12963,0,9683353446432,9683353446452
planner,12964,0,9683353446472,9683353446492
planner,12965,0,9683353446512,9683353446522
planner,12966,0,9683353446542,9683353446562
planner,12967,0,9683353446582,9683353446602
planner,12968,0,9683353446622,9683353446642
planner,12969,0,9683353446662,9683353446682
planner,12970,0,9683353446702,9683353446722
planner,12971,0,9683353446742,9683353446752
planner,12972,0,9683353446772,9683353446792
planner,12973,0,9683353446812,9683353446832
planner,12974,0,9683353446852,9683353446872
planner,12975,0,9683353446892,9683353446912
planner,12976,0,9683353446932,9683353446942
planner,12977,0,9683353446962,9683353446982
planner,12978,0,9683353447002,9683353447022
planner,12979,0,9683353447042,9683353447062
planner,12980,0,9683353447082,9683353447102
planner,12981,0,9683353447122,9683353447132
planner,12982,0,9683353447152,9683353447172
planner,12983,0,9683353447192,9683353447212
planner,12984,0,9683353447232,9683353447252
planner,12985,0,9683353447272,9683353447292
planner,12986,0,9683353447312,9683353447332
planner,12987,0,9683353447352,9683353447362
planner,12988,0,9683353447382,9683353447402
planner,12989,0,9683353447422,9683353447442
planner,12990,0,9683353447462,9683353447482
planner,12991,0,9683353447502,9683353447522
planner,12992,0,9683353447542,9683353447552
planner,12993,0,9683353447572,9683353447592
planner,12994,0,9683353447612,9683353447632
planner,12995,0,9683353447652,9683353447672
planner,12996,0,9683353447692,9683353447712
planner,12997,0,9683353447732,9683353447742
planner,12998,0,9683353447762,9683353447782
planner,12999,0,9683353447802,9683353447822
planner,13000,0,9683353447842,9683353447862
planner,13001,0,9683353447882,9683353447902
planner,13002,0,9683353447922,9683353447932
planner,13003,0,9683353447952,9683353447972
planner,13004,0,9683353447992,9683353448012
planner,13005,0,9683353448032,9683353448052
planner,13006,0,9683353448072,9683353448092
planner,13007,0,9683353448112,9683353448132
planner,13008,0,9683353448152,9683353448162
planner,13009,0,9683353448182,9683353448202
planner,13010,0,9683353448222,9683353448242
planner,13011,0,9683353448262,9683353448282
planner,13012,0,9683353448302,9683353448322
planner,13013,0,9683353448342,9683353448352
planner,13014,0,9683353448372,9683353448392
planner,13015,0,9683353448412,9683353448432
planner,13016,0,9683353448452,9683353448472
planner,13017,0,9683353448492,9683353448512
planner,13018,0,9683353448532,9683353448542
planner,13019,0,9683353448562,9683353448582
planner,13020,0,9683353448602,9683353448622
planner,13021,0,9683353448642,9683353448662
planner,13022,0,9683353448682,9683353448702
planner,13023,0,9683353448722,9683353448732
planner,13024,0,9683353448752,9683353448772
planner,13025,0,9683353448792,9683353448812
planner,13026,0,9683353448832,9683353448852
planner,13027,0,9683353448872,9683353448892
planner,13028,0,9683353448912,9683353448922
planner,13029,0,9683353448952,9683353448962
planner,13030,0,9683353448982,9683353449002
planner,13031,0,9683353449022,9683353449042
planner,13032,0,9683353449062,9683353449082
planner,13033,0,9683353449102,9683353449122
planner,13034,0,9683353449142,9683353449152
planner,13035,0,9683353449172,9683353449192
planner,13036,0,9683353449212,9683353449232
planner,13037,0,9683353449252,9683353449272
planner,13038,0,9683353449292,9683353449312
planner,13039,0,9683353449332,9683353449342
planner,13040,0,9683353449362,9683353449382
planner,13041,0,9683353449402,9683353449422
planner,13042,0,9683353449442,9683353449462
planner,13043,0,9683353449482,9683353449502
planner,13044,0,9683353449522,9683353449532
planner,13045,0,9683353449552,9683353449572
planner,13046,0,9683353449592,9683353449612
planner,13047,0,9683353449632,9683353449652
planner,13048,0,9683353449672,9683353449692
planner,13049,0,9683353449712,9683353449722
planner,13050,0,9683353449752,9683353449762
planner,13051,0,9683353449782,9683353449802
planner,13052,0,9683353449822,9683353449842
planner,13053,0,9683353449862,9683353449882
planner,13054,0,9683353449902,9683353449922
planner,13055,0,9683353449942,9683353449952
planner,13056,0,9683353450372,9683353450392
planner,13057,0,9683353450412,9683353450432
planner,13058,0,9683353450452,9683353450472
planner,13059,0,9683353450492,9683353450512
planner,13060,0,9683353450532,9683353450552
planner,13061,0,9683353450572,9683353450592
planner,13062,0,9683353450612,9683353450622
planner,13063,0,9683353450642,9683353450662
planner,13064,0,9683353450682,9683353450702
planner,13065,0,9683353450722,9683353450742
planner,13066,0,9683353450762,9683353450782
planner,13067,0,9683353450802,9683353450812
planner,13068,0,9683353450832,9683353450852
planner,13069,0,9683353450872,9683353450892
planner,13070,0,9683353450912,9683353450932
planner,13071,0,9683353450952,9683353450972
planner,13072,0,9683353450992,9683353451002
planner,13073,0,9683353451022,9683353451042
planner,13074,0,9683353451062,9683353451082
planner,13075,0,9683353451102,9683353451122
planner,13076,0,9683353451142,9683353451162
planner,13077,0,9683353451182,9683353451202
planner,13078,0,9683353451222,9683353451232
planner,13079,0,9683353451252,9683353451272
planner,13080,0,9683353451292,9683353451312
planner,13081,0,9683353451332,9683353451352
planner,13082,0,9683353451372,9683353451392
planner,13083,0,9683353451412,9683353451422
planner,13084,0,9683353451442,9683353451462
planner,13085,0,9683353451482,9683353451502
planner,13086,0,9683353451522,9683353451542
planner,13087,0,9683353451562,9683353451582
planner,13088,0,9683353451602,9683353451612
planner,13089,0,9683353451632,9683353451652
planner,13090,0,9683353451672,9683353451692
planner,13091,0,9683353451712,9683353451732
planner,13092,0,9683353451752,9683353451772
planner,13093,0,9683353451792,9683353451802
planner,13094,0,9683353451822,9683353451842
planner,13095,0,9683353451862,9683353451882
planner,13096,0,9683353451902,9683353451922
planner,13097,0,9683353451942,9683353451962
planner,13098,0,9683353451982,9683353451992
planner,13099,0,9683353452012,9683353452032
planner,13100,0,9683353452052,9683353452072
planner,13101,0,9683353452092,9683353452112
planner,13102,0,9683353452132,9683353452152
planner,13103,0,9683353452172,9683353452192
planner,13104,0,9683353452212,9683353452222
planner,13105,0,9683353452242,9683353452262
planner,13106,0,9683353452282,9683353452302
planner,13107,0,9683353452322,9683353452342
planner,13108,0,9683353452362,9683353452382
planner,13109,0,9683353452402,9683353452412
planner,13110,0,9683353452432,9683353452452
planner,13111,0,9683353452472,9683353452492
planner,13112,0,9683353452512,9683353452532
planner,13113,0,9683353452552,9683353452572
planner,13114,0,9683353452592,9683353452602
planner,13115,0,9683353452622,9683353452642
planner,13116,0,9683353452662,9683353452682
planner,13117,0,9683353452702,9683353452722
planner,13118,0,9683353452742,9683353452762
planner,13119,0,9683353452782,9683353452792
planner,13120,0,9683353452812,9683353452832
planner,13121,0,9683353452852,9683353452872
planner,13122,0,9683353452892,9683353452912
planner,13123,0,9683353452932,9683353452952
planner,13124,0,9683353452972,9683353452982
planner,13125,0,9683353453012,9683353453022
planner,13126,0,9683353453042,9683353453062
planner,13127,0,9683353453082,9683353453102
planner,13128,0,9683353453122,9683353453142
planner,13129,0,9683353453162,9683353453182
planner,13130,0,9683353453202,9683353453212
planner,13131,0,9683353453232,9683353453252
planner,13132,0,9683353453272,9683353453292
planner,13133,0,9683353453312,9683353453332
planner,13134,0,9683353453352,9683353453372
planner,13135,0,9683353453392,9683353453402
planner,13136,0,9683353453422,9683353453442
planner,13137,0,9683353453462,9683353453482
planner,13138,0,9683353453502,9683353453522
planner,13139,0,9683353453542,9683353453562
planner,13140,0,9683353453582,9683353453592
planner,13141,0,9683353453612,9683353453632
planner,13142,0,9683353453652,9683353453672
planner,13143,0,9683353453692,9683353453712
planner,13144,0,9683353453732,9683353453752
planner,13145,0,9683353453772,9683353453782
planner,13146,0,9683353453812,9683353453822
planner,13147,0,9683353453842,9683353453862
planner,13148,0,9683353453882,9683353453902
planner,13149,0,9683353453922,9683353453942
planner,13150,0,9683353453962,9683353453982
planner,13151,0,9683353454002,9683353454012
planner,13152,0,9683353454032,9683353454052
planner,13153,0,9683353454072,9683353454092
planner,13154,0,9683353454112,9683353454132
planner,13155,0,9683353454152,9683353454172
planner,13156,0,9683353454192,9683353454202
planner,13157,0,9683353454222,9683353454242
planner,13158,0,9683353454262,9683353454282
planner,13159,0,9683353454302,9683353454322
planner,13160,0,9683353454342,9683353454362
planner,13161,0,9683353454382,9683353454402
planner,13162,0,9683353454422,9683353454432
planner,13163,0,9683353454452,9683353454472
planner,13164,0,9683353454492,9683353454512
planner,13165,0,9683353454532,9683353454552
planner,13166,0,9683353454572,9683353454592
planner,13167,0,9683353454612,9683353454622
planner,13168,0,9683353454642,9683353454662
planner,13169,0,9683353454682,9683353454702
planner,13170,0,9683353454722,9683353454742
planner,13171,0,9683353454762,9683353454782
planner,13172,0,9683353454802,9683353454812
planner,13173,0,9683353454842,9683353454852
planner,13174,0,9683353454872,9683353454892
planner,13175,0,9683353454912,9683353454932
planner,13176,0,9683353454952,9683353454972
planner,13177,0,9683353454992,9683353455012
planner,13178,0,9683353455032,9683353455042
planner,13179,0,9683353455062,9683353455082
planner,13180,0,9683353455102,9683353455122
planner,13181,0,9683353455142,9683353455162
planner,13182,0,9683353455182,9683353455202
planner,13183,0,9683353455222,9683353455232
planner,13184,0,9683353455662,9683353455682
planner,13185,0,9683353455702,9683353455722
planner,13186,0,9683353455742,9683353455762
planner,13187,0,9683353455782,9683353455802
planner,13188,0,9683353455822,9683353455842
planner,13189,0,9683353455862,9683353455872
planner,13190,0,9683353455892,9683353455912
planner,13191,0,9683353455932,9683353455952
planner,13192,0,9683353455972,9683353455992
planner,13193,0,9683353456012,9683353456032
planner,13194,0,9683353456052,9683353456062
planner,13195,0,9683353456092,9683353456102
planner,13196,0,9683353456122,9683353456142
planner,13197,0,9683353456162,9683353456182
planner,13198,0,9683353456202,9683353456222
planner,13199,0,9683353456242,9683353456262
planner,13200,0,9683353456282,9683353456292
planner,13201,0,9683353456312,9683353456332
planner,13202,0,9683353456352,9683353456372
planner,13203,0,9683353456392,9683353456412
planner,13204,0,9683353456432,9683353456452
planner,13205,0,9683353456472,9683353456482
planner,13206,0,9683353456502,9683353456522
planner,13207,0,9683353456542,9683353456562
planner,13208,0,9683353456582,9683353456602
planner,13209,0,9683353456622,9683353456642
planner,13210,0,9683353456662,9683353456672
planner,13211,0,9683353456692,9683353456712
planner,13212,0,9683353456732,9683353456752
planner,13213,0,9683353456772,9683353456792
planner,13214,0,9683353456812,9683353456832
planner,13215,0,9683353456852,9683353456862
planner,13216,0,9683353456892,9683353456902
planner,13217,0,9683353456922,9683353456942
planner,13218,0,9683353456962,9683353456982
planner,13219,0,9683353457002,9683353457022
planner,13220,0,9683353457042,9683353457062
planner,13221,0,9683353457082,9683353457092
planner,13222,0,9683353457112,9683353457132
planner,13223,0,9683353457152,9683353457172
planner,13224,0,9683353457192,9683353457212
planner,13225,0,9683353457232,9683353457252
planner,13226,0,9683353457272,9683353457282
planner,13227,0,9683353457302,9683353457322
planner,13228,0,9683353457342,9683353457362
planner,13229,0,9683353457382,9683353457402
planner,13230,0,9683353457422,9683353457442
planner,13231,0,9683353457462,9683353457472
planner,13232,0,9683353457502,9683353457512
planner,13233,0,9683353457532,9683353457552
planner,13234,0,9683353457572,9683353457592
planner,13235,0,9683353457612,9683353457632
planner,13236,0,9683353457652,9683353457672
planner,13237,0,9683353457692,9683353457702
planner,13238,0,9683353457722,9683353457742
planner,13239,0,9683353457762,9683353457782
planner,13240,0,9683353457802,9683353457822
planner,13241,0,9683353457842,9683353457862
planner,13242,0,9683353457882,9683353457892
planner,13243,0,9683353457912,9683353457932
planner,13244,0,9683353457952,9683353457972
planner,13245,0,9683353457992,9683353458012
planner,13246,0,9683353458032,9683353458052
planner,13247,0,9683353458072,9683353458082
planner,13248,0,9683353458102,9683353458122
planner,13249,0,9683353458142,9683353458162
planner,13250,0,9683353458182,9683353458202
planner,13251,0,9683353458222,9683353458242
planner,13252,0,9683353458262,9683353458272
planner,13253,0,9683353458302,9683353458312
planner,13254,0,9683353458332,9683353458352
planner,13255,0,9683353458372,9683353458392
planner,13256,0,9683353458412,9683353458432
planner,13257,0,9683353458452,9683353458472
planner,13258,0,9683353458492,9683353458502
planner,13259,0,9683353458522,9683353458542
planner,13260,0,9683353458562,9683353458582
planner,13261,0,9683353458602,9683353458622
planner,13262,0,9683353458642,9683353458662
planner,13263,0,9683353458682,9683353458692
planner,13264,0,9683353458712,9683353458732
planner,13265,0,9683353458752,9683353458772
planner,13266,0,9683353458792,9683353458812
planner,13267,0,9683353458832,9683353458852
planner,13268,0,9683353458872,9683353458882
planner,13269,0,9683353458902,9683353458922
planner,13270,0,9683353458942,9683353458962
planner,13271,0,9683353458982,9683353459002
planner,13272,0,9683353459022,9683353459042
planner,13273,0,9683353459062,9683353459072
planner,13274,0,9683353459102,9683353459112
planner,13275,0,9683353459132,9683353459152
planner,13276,0,9683353459172,9683353459192
planner,13277,0,9683353459212,9683353459232
planner,13278,0,9683353459252,9683353459272
planner,13279,0,9683353459292,9683353459302
planner,13280,0,9683353459322,9683353459342
planner,13281,0,9683353459362,9683353459382
planner,13282,0,9683353459402,9683353459422
planner,13283,0,9683353459442,9683353459462
planner,13284,0,9683353459482,9683353459492
planner,13285,0,9683353459512,9683353459532
planner,13286,0,9683353459552,9683353459572
planner,13287,0,9683353459592,9683353459612
planner,13288,0,9683353459632,9683353459652
planner,13289,0,9683353459672,9683353459682
planner,13290,0,9683353459702,9683353459722
planner,13291,0,9683353459742,9683353459762
planner,13292,0,9683353459782,9683353459802
planner,13293,0,9683353459822,9683353459842
planner,13294,0,9683353459862,9683353459882
planner,13295,0,9683353459902,9683353459912
planner,13296,0,9683353459932,9683353459952
planner,13297,0,9683353459972,9683353459992
planner,13298,0,9683353460012,9683353460032
planner,13299,0,9683353460052,9683353460072
planner,13300,0,9683353460092,9683353460102
planner,13301,0,9683353460122,9683353460142
planner,13302,0,9683353460162,9683353460182
planner,13303,0,9683353460202,9683353460222
planner,13304,0,9683353460242,9683353460262
planner,13305,0,9683353460282,9683353460292
planner,13306,0,9683353460312,9683353460332
planner,13307,0,9683353460352,9683353460372
planner,13308,0,9683353460392,9683353460412
planner,13309,0,9683353460432,9683353460452
planner,13310,0,9683353460472,9683353460482
planner,13311,0,9683353460502,9683353460522
planner,13312,0,9683353460972,9683353460992
planner,13313,0,9683353461012,9683353461032
planner,13314,0,9683353461052,9683353461072
planner,13315,0,9683353461092,9683353461112
planner,13316,0,9683353461132,9683353461152
planner,13317,0,9683353461172,9683353461182
planner,13318,0,9683353461202,9683353461222
planner,13319,0,9683353461242,9683353461262
planner,13320,0,9683353461282,9683353461302
planner,13321,0,9683353461322,9683353461342
planner,13322,0,9683353461362,9683353461382
planner,13323,0,9683353461402,9683353461412
planner,13324,0,9683353461432,9683353461452
planner,13325,0,9683353461472,9683353461492
planner,13326,0,9683353461512,9683353461532
planner,13327,0,9683353461552,9683353461572
planner,13328,0,9683353461592,9683353461602
planner,13329,0,9683353461622,9683353461642
planner,13330,0,9683353461662,9683353461682
planner,13331,0,9683353461702,9683353461722
planner,13332,0,9683353461742,9683353461762
planner,13333,0,9683353461782,9683353461792
planner,13334,0,9683353461812,9683353461832
planner,13335,0,9683353461852,9683353461872
planner,13336,0,9683353461892,9683353461912
planner,13337,0,9683353461932,9683353461952
planner,13338,0,9683353461972,9683353461982
planner,13339,0,9683353462012,9683353462022
planner,13340,0,9683353462042,9683353462062
planner,13341,0,9683353462082,9683353462102
planner,13342,0,9683353462122,9683353462142
planner,13343,0,9683353462162,9683353462182
planner,13344,0,9683353462202,9683353462212
planner,13345,0,9683353462232,9683353462252
planner,13346,0,9683353462272,9683353462292
planner,13347,0,9683353462312,9683353462332
planner,13348,0,9683353462352,9683353462372
planner,13349,0,9683353462392,9683353462402
planner,13350,0,9683353462422,9683353462442
planner,13351,0,9683353462462,9683353462482
planner,13352,0,9683353462502,9683353462522
planner,13353,0,9683353462542,9683353462562
planner,13354,0,9683353462582,9683353462592
planner,13355,0,9683353462622,9683353462632
planner,13356,0,9683353462652,9683353462672
planner,13357,0,9683353462692,9683353462712
planner,13358,0,9683353462732,9683353462752
planner,13359,0,9683353462772,9683353462792
planner,13360,0,9683353462812,9683353462822
planner,13361,0,9683353462842,9683353462862
planner,13362,0,9683353462882,9683353462902
planner,13363,0,9683353462922,9683353462942
planner,13364,0,9683353462962,9683353462982
planner,13365,0,9683353463002,9683353463012
planner,13366,0,9683353463032,9683353463052
planner,13367,0,9683353463072,9683353463092
planner,13368,0,9683353463112,9683353463132
planner,13369,0,9683353463152,9683353463172
planner,13370,0,9683353463192,9683353463202
planner,13371,0,9683353463222,9683353463242
planner,13372,0,9683353463262,9683353463282
planner,13373,0,9683353463302,9683353463322
planner,13374,0,9683353463342,9683353463362
planner,13375,0,9683353463382,9683353463392
planner,13376,0,9683353463422,9683353463432
planner,13377,0,9683353463452,9683353463472
planner,13378,0,9683353463492,9683353463512
planner,13379,0,9683353463532,9683353463552
planner,13380,0,9683353463572,9683353463592
planner,13381,0,9683353463612,9683353463622
planner,13382,0,9683353463642,9683353463662
planner,13383,0,9683353463682,9683353463702
planner,13384,0,9683353463722,9683353463742
planner,13385,0,9683353463762,9683353463782
planner,13386,0,9683353463802,9683353463812
planner,13387,0,9683353463832,9683353463852
planner,13388,0,9683353463872,9683353463892
planner,13389,0,9683353463912,9683353463932
planner,13390,0,9683353463952,9683353463972
planner,13391,0,9683353463992,9683353464002
planner,13392,0,9683353464022,9683353464042
planner,13393,0,9683353464062,9683353464082
planner,13394,0,9683353464102,9683353464122
planner,13395,0,9683353464142,9683353464162
planner,13396,0,9683353464182,9683353464202
planner,13397,0,9683353464222,9683353464232
planner,13398,0,9683353464252,9683353464272
planner,13399,0,9683353464292,9683353464312
planner,13400,0,9683353464332,9683353464352
planner,13401,0,9683353464372,9683353464392
planner,13402,0,9683353464412,9683353464422
planner,13403,0,9683353464442,9683353464462
planner,13404,0,9683353464482,9683353464502
planner,13405,0,9683353464522,9683353464542
planner,13406,0,9683353464562,9683353464582
planner,13407,0,9683353464602,9683353464612
planner,13408,0,9683353464632,9683353464652
planner,13409,0,9683353464672,9683353464692
planner,13410,0,9683353464712,9683353464732
planner,13411,0,9683353464752,9683353464772
planner,13412,0,9683353464792,9683353464802
planner,13413,0,9683353464822,9683353464842
planner,13414,0,9683353464862,9683353464882
planner,13415,0,9683353464902,9683353464922
planner,13416,0,9683353464942,9683353464962
planner,13417,0,9683353464982,9683353465002
planner,13418,0,9683353465022,9683353465032
planner,13419,0,9683353465052,9683353465072
planner,13420,0,9683353465092,9683353465112
planner,13421,0,9683353465132,9683353465152
planner,13422,0,9683353465172,9683353465192
planner,13423,0,9683353465212,9683353465222
planner,13424,0,9683353465242,9683353465262
planner,13425,0,9683353465282,9683353465302
planner,13426,0,9683353465322,9683353465342
planner,13427,0,9683353465362,9683353465382
planner,13428,0,9683353465402,9683353465412
planner,13429,0,9683353465432,9683353465452
planner,13430,0,9683353465472,9683353465492
planner,13431,0,9683353465512,9683353465532
planner,13432,0,9683353465552,9683353465572
planner,13433,0,9683353465592,9683353465612
planner,13434,0,9683353465632,9683353465642
planner,13435,0,9683353465662,9683353465682
planner,13436,0,9683353465702,9683353465722
planner,13437,0,9683353465742,9683353465762
planner,13438,0,9683353465782,9683353465802
planner,13439,0,9683353465822,9683353465832
planner,13440,0,9683353466282,9683353466302
planner,13441,0,9683353466322,9683353466342
planner,13442,0,9683353466362,9683353466382
planner,13443,0,9683353466402,9683353466422
planner,13444,0,9683353466442,9683353466452
planner,13445,0,9683353466482,9683353466492
planner,13446,0,9683353466512,9683353466532
planner,13447,0,9683353466552,9683353466572
planner,13448,0,9683353466592,9683353466612
planner,13449,0,9683353466632,9683353466652
planner,13450,0,9683353466672,9683353466682
planner,13451,0,9683353466702,9683353466722
planner,13452,0,9683353466742,9683353466762
planner,13453,0,9683353466782,9683353466802
planner,13454,0,9683353466822,9683353466842
planner,13455,0,9683353466862,9683353466872
planner,13456,0,9683353466892,9683353466912
planner,13457,0,9683353466932,9683353466952
planner,13458,0,9683353466972,9683353466992
planner,13459,0,9683353467012,9683353467032
planner,13460,0,9683353467052,9683353467072
planner,13461,0,9683353467092,9683353467102
planner,13462,0,9683353467122,9683353467142
planner,13463,0,9683353467162,9683353467182
planner,13464,0,9683353467202,9683353467222
planner,13465,0,9683353467242,9683353467262
planner,13466,0,9683353467282,9683353467292
planner,13467,0,9683353467312,9683353467332
planner,13468,0,9683353467352,9683353467372
planner,13469,0,9683353467392,9683353467412
planner,13470,0,9683353467432,9683353467452
planner,13471,0,9683353467472,9683353467482
planner,13472,0,9683353467502,9683353467522
planner,13473,0,9683353467542,9683353467562
planner,13474,0,9683353467582,9683353467602
planner,13475,0,9683353467622,9683353467642
planner,13476,0,9683353467662,9683353467672
planner,13477,0,9683353467692,9683353467712
planner,13478,0,9683353467732,9683353467752
planner,13479,0,9683353467772,9683353467792
planner,13480,0,9683353467812,9683353467832
planner,13481,0,9683353467852,9683353467862
planner,13482,0,9683353467892,9683353467902
planner,13483,0,9683353467922,9683353467942
planner,13484,0,9683353467962,9683353467982
planner,13485,0,9683353468002,9683353468022
planner,13486,0,9683353468042,9683353468062
planner,13487,0,9683353468082,9683353468092
planner,13488,0,9683353468112,9683353468132
planner,13489,0,9683353468152,9683353468172
planner,13490,0,9683353468192,9683353468212
planner,13491,0,9683353468232,9683353468252
planner,13492,0,9683353468272,9683353468282
planner,13493,0,9683353468302,9683353468322
planner,13494,0,9683353468342,9683353468362
planner,13495,0,9683353468382,9683353468402
planner,13496,0,9683353468422,9683353468442
planner,13497,0,9683353468462,9683353468472
planner,13498,0,9683353468502,9683353468512
planner,13499,0,9683353468532,9683353468552
planner,13500,0,9683353468572,9683353468592
planner,13501,0,9683353468612,9683353468632
planner,13502,0,9683353468652,9683353468672
planner,13503,0,9683353468692,9683353468702
planner,13504,0,9683353468722,9683353468742
planner,13505,0,9683353468762,9683353468782
planner,13506,0,9683353468802,9683353468822
planner,13507,0,9683353468842,9683353468862
planner,13508,0,9683353468882,9683353468892
planner,13509,0,9683353468912,9683353468932
planner,13510,0,9683353468952,9683353468972
planner,13511,0,9683353468992,9683353469012
planner,13512,0,9683353469032,9683353469052
planner,13513,0,9683353469072,9683353469082
planner,13514,0,9683353469112,9683353469122
planner,13515,0,9683353469142,9683353469162
planner,13516,0,9683353469182,9683353469202
planner,13517,0,9683353469222,9683353469242
planner,13518,0,9683353469262,9683353469282
planner,13519,0,9683353469302,9683353469312
planner,13520,0,9683353469332,9683353469352
planner,13521,0,9683353469372,9683353469392
planner,13522,0,9683353469412,9683353469432
planner,13523,0,9683353469452,9683353469472
planner,13524,0,9683353469492,9683353469502
planner,13525,0,9683353469522,9683353469542
planner,13526,0,9683353469562,9683353469582
planner,13527,0,9683353469602,9683353469622
planner,13528,0,9683353469642,9683353469662
planner,13529,0,9683353469682,9683353469692
planner,13530,0,9683353469712,9683353469732
planner,13531,0,9683353469752,9683353469772
planner,13532,0,9683353469792,9683353469812
planner,13533,0,9683353469832,9683353469852
planner,13534,0,9683353469872,9683353469882
planner,13535,0,9683353469912,9683353469922
planner,13536,0,9683353469942,9683353469962
planner,13537,0,9683353469982,9683353470002
planner,13538,0,9683353470022,9683353470042
planner,13539,0,9683353470062,9683353470082
planner,13540,0,9683353470102,9683353470112
planner,13541,0,9683353470132,9683353470152
planner,13542,0,9683353470172,9683353470192
planner,13543,0,9683353470212,9683353470232
planner,13544,0,9683353470252,9683353470272
planner,13545,0,9683353470292,9683353470302
planner,13546,0,9683353470322,9683353470342
planner,13547,0,9683353470362,9683353470382
planner,13548,0,9683353470402,9683353470422
planner,13549,0,9683353470442,9683353470462
planner,13550,0,9683353470482,9683353470492
planner,13551,0,9683353470512,9683353470532
planner,13552,0,9683353470552,9683353470572
planner,13553,0,9683353470592,9683353470612
planner,13554,0,9683353470632,9683353470652
planner,13555,0,9683353470672,9683353470682
planner,13556,0,9683353470712,9683353470722
planner,13557,0,9683353470742,9683353470762
planner,13558,0,9683353470782,9683353470802
planner,13559,0,9683353470822,9683353470842
planner,13560,0,9683353470862,9683353470882
planner,13561,0,9683353470902,9683353470912
planner,13562,0,9683353470932,9683353470952
planner,13563,0,9683353470972,9683353470992
planner,13564,0,9683353471012,9683353471032
planner,13565,0,9683353471052,9683353471072
planner,13566,0,9683353471092,9683353471102
planner,13567,0,9683353471122,9683353471142
planner,13568,0,9683353471592,9683353471612
planner,13569,0,9683353471632,9683353471652
planner,13570,0,9683353471672,9683353471682
planner,13571,0,9683353471712,9683353471722
planner,13572,0,9683353471742,9683353471762
planner,13573,0,9683353471782,9683353471802
planner,13574,0,9683353471822,9683353471842
planner,13575,0,9683353471862,9683353471882
planner,13576,0,9683353471902,9683353471922
planner,13577,0,9683353471942,9683353471952
planner,13578,0,9683353471972,9683353471992
planner,13579,0,9683353472012,9683353472032
planner,13580,0,9683353472052,9683353472072
planner,13581,0,9683353472092,9683353472112
planner,13582,0,9683353472132,9683353472142
planner,13583,0,9683353472162,9683353472182
planner,13584,0,9683353472202,9683353472222
planner,13585,0,9683353472242,9683353472262
planner,13586,0,9683353472282,9683353472302
planner,13587,0,9683353472322,9683353472332
planner,13588,0,9683353472362,9683353472372
planner,13589,0,9683353472392,9683353472412
planner,13590,0,9683353472432,9683353472452
planner,13591,0,9683353472472,9683353472492
planner,13592,0,9683353472512,9683353472532
planner,13593,0,9683353472552,9683353472562
planner,13594,0,9683353472582,9683353472602
planner,13595,0,9683353472622,9683353472642
planner,13596,0,9683353472662,9683353472682
planner,13597,0,9683353472702,9683353472722
planner,13598,0,9683353472742,9683353472752
planner,13599,0,9683353472772,9683353472792
planner,13600,0,9683353472812,9683353472832
planner,13601,0,9683353472852,9683353472872
planner,13602,0,9683353472892,9683353472912
planner,13603,0,9683353472932,9683353472942
planner,13604,0,9683353472962,9683353472982
planner,13605,0,9683353473002,9683353473022
planner,13606,0,9683353473042,9683353473062
planner,13607,0,9683353473082,9683353473102
planner,13608,0,9683353473122,9683353473142
planner,13609,0,9683353473162,9683353473172
planner,13610,0,9683353473192,9683353473212
planner,13611,0,9683353473232,9683353473252
planner,13612,0,9683353473272,9683353473292
planner,13613,0,9683353473312,9683353473332
planner,13614,0,9683353473352,9683353473362
planner,13615,0,9683353473382,9683353473402
planner,13616,0,9683353473422,9683353473442
planner,13617,0,9683353473462,9683353473482
planner,13618,0,9683353473502,9683353473522
planner,13619,0,9683353473542,9683353473552
planner,13620,0,9683353473572,9683353473592
planner,13621,0,9683353473612,9683353473632
planner,13622,0,9683353473652,9683353473672
planner,13623,0,9683353473692,9683353473712
planner,13624,0,9683353473732,9683353473742
planner,13625,0,9683353473772,9683353473782
planner,13626,0,9683353473802,9683353473822
planner,13627,0,9683353473842,9683353473862
planner,13628,0,9683353473882,9683353473902
planner,13629,0,9683353473922,9683353473942
planner,13630,0,9683353473962,9683353473972
planner,13631,0,9683353473992,9683353474012
planner,13632,0,9683353474032,9683353474052
planner,13633,0,9683353474072,9683353474092
planner,13634,0,9683353474112,9683353474132
planner,13635,0,9683353474152,9683353474162
planner,13636,0,9683353474182,9683353474202
planner,13637,0,9683353474222,9683353474242
planner,13638,0,9683353474262,9683353474282
planner,13639,0,9683353474302,9683353474322
planner,13640,0,9683353474342,9683353474352
planner,13641,0,9683353474372,9683353474392
planner,13642,0,9683353474412,9683353474432
planner,13643,0,9683353474452,9683353474472
planner,13644,0,9683353474492,9683353474512
planner,13645,0,9683353474532,9683353474542
planner,13646,0,9683353474562,9683353474582
planner,13647,0,9683353474602,9683353474622
planner,13648,0,9683353474642,9683353474662
planner,13649,0,9683353474682,9683353474702
planner,13650,0,9683353474722,9683353474732
planner,13651,0,9683353474762,9683353474772
planner,13652,0,9683353474792,9683353474812
planner,13653,0,9683353474832,9683353474852
planner,13654,0,9683353474872,9683353474892
planner,13655,0,9683353474912,9683353474932
planner,13656,0,9683353474952,9683353474962
planner,13657,0,9683353474982,9683353475002
planner,13658,0,9683353475022,9683353475042
planner,13659,0,9683353475062,9683353475082
planner,13660,0,9683353475102,9683353475122
planner,13661,0,9683353475142,9683353475152
planner,13662,0,9683353475172,9683353475192
planner,13663,0,9683353475212,9683353475232
planner,13664,0,9683353475252,9683353475272
planner,13665,0,9683353475292,9683353475312
planner,13666,0,9683353475332,9683353475342
planner,13667,0,9683353475372,9683353475382
planner,13668,0,9683353475402,9683353475422
planner,13669,0,9683353475442,9683353475462
planner,13670,0,9683353475482,9683353475502
planner,13671,0,9683353475522,9683353475542
planner,13672,0,9683353475562,9683353475572
planner,13673,0,9683353475592,9683353475612
planner,13674,0,9683353475632,9683353475652
planner,13675,0,9683353475672,9683353475692
planner,13676,0,9683353475712,9683353475732
planner,13677,0,9683353475752,9683353475762
planner,13678,0,9683353475782,9683353475802
planner,13679,0,9683353475822,9683353475842
planner,13680,0,9683353475862,9683353475882
planner,13681,0,9683353475902,9683353475922
planner,13682,0,9683353475942,9683353475952
planner,13683,0,9683353475972,9683353475992
planner,13684,0,9683353476012,9683353476032
planner,13685,0,9683353476052,9683353476072
planner,13686,0,9683353476092,9683353476112
planner,13687,0,9683353476132,9683353476142
planner,13688,0,9683353476172,9683353476182
planner,13689,0,9683353476202,9683353476222
planner,13690,0,9683353476242,9683353476262
planner,13691,0,9683353476282,9683353476302
planner,13692,0,9683353476322,9683353476342
planner,13693,0,9683353476362,9683353476372
planner,13694,0,9683353476392,9683353476412
planner,13695,0,9683353476432,9683353476452
planner,13696,0,9683353476882,9683353476902
planner,13697,0,9683353476922,9683353476942
planner,13698,0,9683353476962,9683353476982
planner,13699,0,9683353477002,9683353477022
planner,13700,0,9683353477042,9683353477062
planner,13701,0,9683353477082,9683353477092
planner,13702,0,9683353477112,9683353477132
planner,13703,0,9683353477152,9683353477172
planner,13704,0,9683353477192,9683353477212
planner,13705,0,9683353477232,9683353477252
planner,13706,0,9683353477272,9683353477282
planner,13707,0,9683353477312,9683353477322
planner,13708,0,9683353477342,9683353477362
planner,13709,0,9683353477382,9683353477402
planner,13710,0,9683353477422,9683353477442
planner,13711,0,9683353477462,9683353477482
planner,13712,0,9683353477502,9683353477512
planner,13713,0,9683353477532,9683353477552
planner,13714,0,9683353477572,9683353477592
planner,13715,0,9683353477612,9683353477632
planner,13716,0,9683353477652,9683353477672
planner,13717,0,9683353477692,9683353477702
planner,13718,0,9683353477722,9683353477742
planner,13719,0,9683353477762,9683353477782
planner,13720,0,9683353477802,9683353477822
planner,13721,0,9683353477842,9683353477862
planner,13722,0,9683353477882,9683353477892
planner,13723,0,9683353477912,9683353477932
planner,13724,0,9683353477952,9683353477972
planner,13725,0,9683353477992,9683353478012
planner,13726,0,9683353478032,9683353478052
planner,13727,0,9683353478072,9683353478082
planner,13728,0,9683353478112,9683353478122
planner,13729,0,9683353478142,9683353478162
planner,13730,0,9683353478182,9683353478202
planner,13731,0,9683353478222,9683353478242
planner,13732,0,9683353478262,9683353478282
planner,13733,0,9683353478302,9683353478312
planner,13734,0,9683353478332,9683353478352
planner,13735,0,9683353478372,9683353478392
planner,13736,0,9683353478412,9683353478432
planner,13737,0,9683353478452,9683353478472
planner,13738,0,9683353478492,9683353478502
planner,13739,0,9683353478522,9683353478542
planner,13740,0,9683353478562,9683353478582
planner,13741,0,9683353478602,9683353478622
planner,13742,0,9683353478642,9683353478662
planner,13743,0,9683353478682,9683353478692
planner,13744,0,9683353478712,9683353478732
planner,13745,0,9683353478752,9683353478772
planner,13746,0,9683353478792,9683353478812
planner,13747,0,9683353478832,9683353478852
planner,13748,0,9683353478872,9683353478882
planner,13749,0,9683353478902,9683353478922
planner,13750,0,9683353478942,9683353478962
planner,13751,0,9683353478982,9683353479002
planner,13752,0,9683353479022,9683353479042
planner,13753,0,9683353479062,9683353479082
planner,13754,0,9683353479102,9683353479112
planner,13755,0,9683353479132,9683353479152
planner,13756,0,9683353479172,9683353479192
planner,13757,0,9683353479212,9683353479232
planner,13758,0,9683353479252,9683353479272
planner,13759,0,9683353479292,9683353479302
planner,13760,0,9683353479322,9683353479342
planner,13761,0,9683353479362,9683353479382
planner,13762,0,9683353479402,9683353479422
planner,13763,0,9683353479442,9683353479462
planner,13764,0,9683353479482,9683353479492
planner,13765,0,9683353479512,9683353479532
planner,13766,0,9683353479552,9683353479572
planner,13767,0,9683353479592,9683353479612
planner,13768,0,9683353479632,9683353479652
planner,13769,0,9683353479672,9683353479682
planner,13770,0,9683353479702,9683353479722
planner,13771,0,9683353479742,9683353479762
planner,13772,0,9683353479782,9683353479802
planner,13773,0,9683353479822,9683353479842
planner,13774,0,9683353479862,9683353479882
planner,13775,0,9683353479902,9683353479912
planner,13776,0,9683353479932,9683353479952
planner,13777,0,9683353479972,9683353479992
planner,13778,0,9683353480012,9683353480032
planner,13779,0,9683353480052,9683353480072
planner,13780,0,9683353480092,9683353480102
planner,13781,0,9683353480122,9683353480142
planner,13782,0,9683353480162,9683353480182
planner,13783,0,9683353480202,9683353480222
planner,13784,0,9683353480242,9683353480262
planner,13785,0,9683353480282,9683353480292
planner,13786,0,9683353480312,9683353480332
planner,13787,0,9683353480352,9683353480372
planner,13788,0,9683353480392,9683353480412
planner,13789,0,9683353480432,9683353480452
planner,13790,0,9683353480472,9683353480482
planner,13791,0,9683353480502,9683353480522
planner,13792,0,9683353480542,9683353480562
planner,13793,0,9683353480582,9683353480602
planner,13794,0,9683353480622,9683353480642
planner,13795,0,9683353480662,9683353480672
planner,13796,0,9683353480702,9683353480712
planner,13797,0,9683353480732,9683353480752
planner,13798,0,9683353480772,9683353480792
planner,13799,0,9683353480812,9683353480832
planner,13800,0,9683353480852,9683353480872
planner,13801,0,9683353480892,9683353480902
planner,13802,0,9683353480922,9683353480942
planner,13803,0,9683353480962,9683353480982
planner,13804,0,9683353481002,9683353481022
planner,13805,0,9683353481042,9683353481062
planner,13806,0,9683353481082,9683353481092
planner,13807,0,9683353481112,9683353481132
planner,13808,0,9683353481152,9683353481172
planner,13809,0,9683353481192,9683353481212
planner,13810,0,9683353481232,9683353481252
planner,13811,0,9683353481272,9683353481282
planner,13812,0,9683353481302,9683353481322
planner,13813,0,9683353481342,9683353481362
planner,13814,0,9683353481382,9683353481402
planner,13815,0,9683353481422,9683353481442
planner,13816,0,9683353481462,9683353481472
planner,13817,0,9683353481492,9683353481512
planner,13818,0,9683353481532,9683353481552
planner,13819,0,9683353481572,9683353481592
planner,13820,0,9683353481612,9683353481632
planner,13821,0,9683353481652,9683353481662
planner,13822,0,9683353481682,9683353481702
planner,13823,0,9683353481722,9683353481742
planner,13824,0,9683353482202,9683353482212
planner,13825,0,9683353482232,9683353482252
planner,13826,0,9683353482272,9683353482292
planner,13827,0,9683353482312,9683353482332
planner,13828,0,9683353482352,9683353482372
planner,13829,0,9683353482392,9683353482412
planner,13830,0,9683353482432,9683353482452
planner,13831,0,9683353482472,9683353482482
planner,13832,0,9683353482502,9683353482522
planner,13833,0,9683353482542,9683353482562
planner,13834,0,9683353482582,9683353482602
planner,13835,0,9683353482622,9683353482642
planner,13836,0,9683353482662,9683353482672
planner,13837,0,9683353482692,9683353482712
planner,13838,0,9683353482732,9683353482752
planner,13839,0,9683353482772,9683353482792
planner,13840,0,9683353482812,9683353482832
planner,13841,0,9683353482852,9683353482862
planner,13842,0,9683353482882,9683353482902
planner,13843,0,9683353482922,9683353482942
planner,13844,0,9683353482962,9683353482982
planner,13845,0,9683353483002,9683353483022
planner,13846,0,9683353483042,9683353483052
planner,13847,0,9683353483082,9683353483092
planner,13848,0,9683353483112,9683353483132
planner,13849,0,9683353483152,9683353483172
planner,13850,0,9683353483192,9683353483212
planner,13851,0,9683353483232,9683353483252
planner,13852,0,9683353483272,9683353483282
planner,13853,0,9683353483302,9683353483322
planner,13854,0,9683353483342,9683353483362
planner,13855,0,9683353483382,9683353483402
planner,13856,0,9683353483422,9683353483442
planner,13857,0,9683353483462,9683353483472
planner,13858,0,9683353483492,9683353483512
planner,13859,0,9683353483532,9683353483552
planner,13860,0,9683353483572,9683353483592
planner,13861,0,9683353483612,9683353483632
planner,13862,0,9683353483652,9683353483662
planner,13863,0,9683353483682,9683353483702
planner,13864,0,9683353483722,9683353483742
planner,13865,0,9683353483762,9683353483782
planner,13866,0,9683353483802,9683353483822
planner,13867,0,9683353483842,9683353483852
planner,13868,0,9683353483882,9683353483892
planner,13869,0,9683353483912,9683353483932
planner,13870,0,9683353483952,9683353483972
planner,13871,0,9683353483992,9683353484012
planner,13872,0,9683353484032,9683353484052
planner,13873,0,9683353484072,9683353484082
planner,13874,0,9683353484102,9683353484122
planner,13875,0,9683353484142,9683353484162
planner,13876,0,9683353484182,9683353484202
planner,13877,0,9683353484222,9683353484242
planner,13878,0,9683353484262,9683353484272
planner,13879,0,9683353484292,9683353484312
planner,13880,0,9683353484332,9683353484352
planner,13881,0,9683353484372,9683353484392
planner,13882,0,9683353484412,9683353484432
planner,13883,0,9683353484452,9683353484462
planner,13884,0,9683353484482,9683353484502
planner,13885,0,9683353484522,9683353484542
planner,13886,0,9683353484562,9683353484582
planner,13887,0,9683353484602,9683353484622
planner,13888,0,9683353484642,9683353484652
planner,13889,0,9683353484682,9683353484692
planner,13890,0,9683353484712,9683353484732
planner,13891,0,9683353484752,9683353484772
planner,13892,0,9683353484792,9683353484812
planner,13893,0,9683353484832,9683353484852
planner,13894,0,9683353484872,9683353484882
planner,13895,0,9683353484902,9683353484922
planner,13896,0,9683353484942,9683353484962
planner,13897,0,9683353484982,9683353485002
planner,13898,0,9683353485022,9683353485042
planner,13899,0,9683353485062,9683353485072
planner,13900,0,9683353485092,9683353485112
planner,13901,0,9683353485132,9683353485152
planner,13902,0,9683353485172,9683353485192
planner,13903,0,9683353485212,9683353485232
planner,13904,0,9683353485252,9683353485262
planner,13905,0,9683353485282,9683353485302
planner,13906,0,9683353485322,9683353485342
planner,13907,0,9683353485362,9683353485382
planner,13908,0,9683353485402,9683353485422
planner,13909,0,9683353485442,9683353485452
planner,13910,0,9683353485472,9683353485492
planner,13911,0,9683353485512,9683353485532
planner,13912,0,9683353485552,9683353485572
planner,13913,0,9683353485592,9683353485612
planner,13914,0,9683353485632,9683353485652
planner,13915,0,9683353485672,9683353485682
planner,13916,0,9683353485702,9683353485722
planner,13917,0,9683353485742,9683353485762
planner,13918,0,9683353485782,9683353485802
planner,13919,0,9683353485822,9683353485842
planner,13920,0,9683353485862,9683353485872
planner,13921,0,9683353485892,9683353485912
planner,13922,0,9683353485932,9683353485952
planner,13923,0,9683353485972,9683353485992
planner,13924,0,9683353486012,9683353486032
planner,13925,0,9683353486052,9683353486062
planner,13926,0,9683353486082,9683353486102
planner,13927,0,9683353486122,9683353486142
planner,13928,0,9683353486162,9683353486182
planner,13929,0,9683353486202,9683353486222
planner,13930,0,9683353486242,9683353486252
planner,13931,0,9683353486282,9683353486292
planner,13932,0,9683353486312,9683353486332
planner,13933,0,9683353486352,9683353486372
planner,13934,0,9683353486392,9683353486412
planner,13935,0,9683353486432,9683353486452
planner,13936,0,9683353486472,9683353486482
planner,13937,0,9683353486502,9683353486522
planner,13938,0,9683353486542,9683353486562
planner,13939,0,9683353486582,9683353486602
planner,13940,0,9683353486622,9683353486642
planner,13941,0,9683353486662,9683353486672
planner,13942,0,9683353486692,9683353486712
planner,13943,0,9683353486732,9683353486752
planner,13944,0,9683353486772,9683353486792
planner,13945,0,9683353486812,9683353486832
planner,13946,0,9683353486852,9683353486862
planner,13947,0,9683353486882,9683353486902
planner,13948,0,9683353486922,9683353486942
planner,13949,0,9683353486962,9683353486982
planner,13950,0,9683353487002,9683353487022
planner,13951,0,9683353487042,9683353487062
planner,13952,0,9683353487962,9683353487982
planner,13953,0,9683353488002,9683353488012
planner,13954,0,9683353488042,9683353488052
planner,13955,0,9683353488072,9683353488092
planner,13956,0,9683353488112,9683353488132
planner,13957,0,9683353488152,9683353488172
planner,13958,0,9683353488192,9683353488212
planner,13959,0,9683353488232,9683353488252
planner,13960,0,9683353488272,9683353488282
planner,13961,0,9683353488312,9683353488322
planner,13962,0,9683353488342,9683353488362
planner,13963,0,9683353488382,9683353488402
planner,13964,0,9683353488422,9683353488442
planner,13965,0,9683353488462,9683353488482
planner,13966,0,9683353488502,9683353488512
planner,13967,0,9683353488532,9683353488552
planner,13968,0,9683353488572,9683353488592
planner,13969,0,9683353488612,9683353488632
planner,13970,0,9683353488652,9683353488672
planner,13971,0,9683353488692,9683353488702
planner,13972,0,9683353488722,9683353488742
planner,13973,0,9683353488762,9683353488782
planner,13974,0,9683353488802,9683353488822
planner,13975,0,9683353488842,9683353488862
planner,13976,0,9683353488882,9683353488892
planner,13977,0,9683353488912,9683353488932
planner,13978,0,9683353488952,9683353488972
planner,13979,0,9683353488992,9683353489012
planner,13980,0,9683353489032,9683353489052
planner,13981,0,9683353489072,9683353489082
planner,13982,0,9683353489112,9683353489122
planner,13983,0,9683353489142,9683353489162
planner,13984,0,9683353489182,9683353489202
planner,13985,0,9683353489222,9683353489242
planner,13986,0,9683353489262,9683353489282
planner,13987,0,9683353489302,9683353489312
planner,13988,0,9683353489332,9683353489352
planner,13989,0,9683353489372,9683353489392
planner,13990,0,9683353489412,9683353489432
planner,13991,0,9683353489452,9683353489472
planner,13992,0,9683353489492,9683353489502
planner,13993,0,9683353489522,9683353489542
planner,13994,0,9683353489562,9683353489582
planner,13995,0,9683353489602,9683353489622
planner,13996,0,9683353489642,9683353489662
planner,13997,0,9683353489682,9683353489692
planner,13998,0,9683353489712,9683353489732
planner,13999,0,9683353489752,9683353489772
planner,14000,0,9683353489792,9683353489812
planner,14001,0,9683353489832,9683353489852
planner,14002,0,9683353489872,9683353489882
planner,14003,0,9683353489902,9683353489922
planner,14004,0,9683353489942,9683353489962
planner,14005,0,9683353489982,9683353490002
planner,14006,0,9683353490022,9683353490042
planner,14007,0,9683353490062,9683353490082
planner,14008,0,9683353490102,9683353490112
planner,14009,0,9683353490132,9683353490152
planner,14010,0,9683353490172,9683353490192
planner,14011,0,9683353490212,9683353490232
planner,14012,0,9683353490252,9683353490272
planner,14013,0,9683353490292,9683353490302
planner,14014,0,9683353490322,9683353490342
planner,14015,0,9683353490362,9683353490382
planner,14016,0,9683353490402,9683353490422
planner,14017,0,9683353490442,9683353490462
planner,14018,0,9683353490482,9683353490492
planner,14019,0,9683353490512,9683353490532
planner,14020,0,9683353490552,9683353490572
planner,14021,0,9683353490592,9683353490612
planner,14022,0,9683353490632,9683353490652
planner,14023,0,9683353490672,9683353490692
planner,14024,0,9683353490712,9683353490722
planner,14025,0,9683353490742,9683353490762
planner,14026,0,9683353490782,9683353490802
planner,14027,0,9683353490822,9683353490842
planner,14028,0,9683353490862,9683353490882
planner,14029,0,9683353490902,9683353490912
planner,14030,0,9683353490932,9683353490952
planner,14031,0,9683353490972,9683353490992
planner,14032,0,9683353491012,9683353491032
planner,14033,0,9683353491052,9683353491072
planner,14034,0,9683353491092,9683353491102
planner,14035,0,9683353491122,9683353491142
planner,14036,0,9683353491162,9683353491182
planner,14037,0,9683353491202,9683353491222
planner,14038,0,9683353491242,9683353491262
planner,14039,0,9683353491282,9683353491292
planner,14040,0,9683353491322,9683353491332
planner,14041,0,9683353491352,9683353491372
planner,14042,0,9683353491392,9683353491412
planner,14043,0,9683353491432,9683353491452
planner,14044,0,9683353491472,9683353491492
planner,14045,0,9683353491512,9683353491522
planner,14046,0,9683353491542,9683353491562
planner,14047,0,9683353491582,9683353491602
planner,14048,0,9683353491622,9683353491642
planner,14049,0,9683353491662,9683353491682
planner,14050,0,9683353491702,9683353491712
planner,14051,0,9683353491732,9683353491752
planner,14052,0,9683353491772,9683353491792
planner,14053,0,9683353491812,9683353491832
planner,14054,0,9683353491852,9683353491872
planner,14055,0,9683353491892,9683353491902
planner,14056,0,9683353491922,9683353491942
planner,14057,0,9683353491962,9683353491982
planner,14058,0,9683353492002,9683353492022
planner,14059,0,9683353492042,9683353492062
planner,14060,0,9683353492082,9683353492092
planner,14061,0,9683353492112,9683353492132
planner,14062,0,9683353492152,9683353492172
planner,14063,0,9683353492192,9683353492212
planner,14064,0,9683353492232,9683353492252
planner,14065,0,9683353492272,9683353492282
planner,14066,0,9683353492312,9683353492322
planner,14067,0,9683353492342,9683353492362
planner,14068,0,9683353492382,9683353492402
planner,14069,0,9683353492422,9683353492442
planner,14070,0,9683353492462,9683353492482
planner,14071,0,9683353492502,9683353492512
planner,14072,0,9683353492532,9683353492552
planner,14073,0,9683353492572,9683353492592
planner,14074,0,9683353492612,9683353492632
planner,14075,0,9683353492652,9683353492672
planner,14076,0,9683353492692,9683353492702
planner,14077,0,9683353492722,9683353492742
planner,14078,0,9683353492762,9683353492782
planner,14079,0,9683353492802,9683353492822
planner,14080,0,9683353493252,9683353493272
planner,14081,0,9683353493292,9683353493312
planner,14082,0,9683353493332,9683353493342
planner,14083,0,9683353493372,9683353493382
planner,14084,0,9683353493402,9683353493422
planner,14085,0,9683353493442,9683353493462
planner,14086,0,9683353493482,9683353493502
planner,14087,0,9683353493522,9683353493542
planner,14088,0,9683353493562,9683353493572
planner,14089,0,9683353493602,9683353493612
planner,14090,0,9683353493632,9683353493652
planner,14091,0,9683353493672,9683353493692
planner,14092,0,9683353493712,9683353493732
planner,14093,0,9683353493752,9683353493772
planner,14094,0,9683353493792,9683353493802
planner,14095,0,9683353493822,9683353493842
planner,14096,0,9683353493862,9683353493882
planner,14097,0,9683353493902,9683353493922
planner,14098,0,9683353493942,9683353493962
planner,14099,0,9683353493982,9683353493992
planner,14100,0,9683353494012,9683353494032
planner,14101,0,9683353494052,9683353494072
planner,14102,0,9683353494092,9683353494112
planner,14103,0,9683353494132,9683353494152
planner,14104,0,9683353494172,9683353494182
planner,14105,0,9683353494202,9683353494222
planner,14106,0,9683353494242,9683353494262
planner,14107,0,9683353494282,9683353494302
planner,14108,0,9683353494322,9683353494342
planner,14109,0,9683353494362,9683353494372
planner,14110,0,9683353494402,9683353494412
planner,14111,0,9683353494432,9683353494452
planner,14112,0,9683353494472,9683353494492
planner,14113,0,9683353494512,9683353494532
planner,14114,0,9683353494552,9683353494572
planner,14115,0,9683353494592,9683353494602
planner,14116,0,9683353494622,9683353494642
planner,14117,0,9683353494662,9683353494682
planner,14118,0,9683353494702,9683353494722
planner,14119,0,9683353494742,9683353494762
planner,14120,0,9683353494782,9683353494792
planner,14121,0,9683353494812,9683353494832
planner,14122,0,9683353494852,9683353494872
planner,14123,0,9683353494892,9683353494912
planner,14124,0,9683353494932,9683353494952
planner,14125,0,9683353494972,9683353494982
planner,14126,0,9683353495002,9683353495022
planner,14127,0,9683353495042,9683353495062
planner,14128,0,9683353495082,9683353495102
planner,14129,0,9683353495122,9683353495142
planner,14130,0,9683353495162,9683353495182
planner,14131,0,9683353495202,9683353495212
planner,14132,0,9683353495232,9683353495252
planner,14133,0,9683353495272,9683353495292
planner,14134,0,9683353495312,9683353495332
planner,14135,0,9683353495352,9683353495372
planner,14136,0,9683353495392,9683353495402
planner,14137,0,9683353495422,9683353495442
planner,14138,0,9683353495462,9683353495482
planner,14139,0,9683353495502,9683353495522
planner,14140,0,9683353495542,9683353495562
planner,14141,0,9683353495582,9683353495592
planner,14142,0,9683353495612,9683353495632
planner,14143,0,9683353495652,9683353495672
planner,14144,0,9683353495692,9683353495712
planner,14145,0,9683353495732,9683353495752
planner,14146,0,9683353495772,9683353495782
planner,14147,0,9683353495812,9683353495822
planner,14148,0,9683353495842,9683353495862
planner,14149,0,9683353495882,9683353495902
planner,14150,0,9683353495922,9683353495942
planner,14151,0,9683353495962,9683353495982
planner,14152,0,9683353496002,9683353496012
planner,14153,0,9683353496032,9683353496052
planner,14154,0,9683353496072,9683353496092
planner,14155,0,9683353496112,9683353496132
planner,14156,0,9683353496152,9683353496172
planner,14157,0,9683353496192,9683353496202
planner,14158,0,9683353496222,9683353496242
planner,14159,0,9683353496262,9683353496282
planner,14160,0,9683353496302,9683353496322
planner,14161,0,9683353496342,9683353496362
planner,14162,0,9683353496382,9683353496392
planner,14163,0,9683353496412,9683353496432
planner,14164,0,9683353496452,9683353496472
planner,14165,0,9683353496492,9683353496512
planner,14166,0,9683353496532,9683353496552
planner,14167,0,9683353496572,9683353496582
planner,14168,0,9683353496602,9683353496622
planner,14169,0,9683353496642,9683353496662
planner,14170,0,9683353496682,9683353496702
planner,14171,0,9683353496722,9683353496742
planner,14172,0,9683353496762,9683353496772
planner,14173,0,9683353496802,9683353496812
planner,14174,0,9683353496832,9683353496852
planner,14175,0,9683353496872,9683353496892
planner,14176,0,9683353496912,9683353496932
planner,14177,0,9683353496952,9683353496972
planner,14178,0,9683353496992,9683353497002
planner,14179,0,9683353497022,9683353497042
planner,14180,0,9683353497062,9683353497082
planner,14181,0,9683353497102,9683353497122
planner,14182,0,9683353497142,9683353497162
planner,14183,0,9683353497182,9683353497192
planner,14184,0,9683353497212,9683353497232
planner,14185,0,9683353497252,9683353497272
planner,14186,0,9683353497292,9683353497312
planner,14187,0,9683353497332,9683353497352
planner,14188,0,9683353497372,9683353497382
planner,14189,0,9683353497412,9683353497422
planner,14190,0,9683353497442,9683353497462
planner,14191,0,9683353497482,9683353497502
planner,14192,0,9683353497522,9683353497542
planner,14193,0,9683353497562,9683353497582
planner,14194,0,9683353497602,9683353497612
planner,14195,0,9683353497632,9683353497652
planner,14196,0,9683353497672,9683353497692
planner,14197,0,9683353497712,9683353497732
planner,14198,0,9683353497752,9683353497772
planner,14199,0,9683353497792,9683353497802
planner,14200,0,9683353497822,9683353497842
planner,14201,0,9683353497862,9683353497882
planner,14202,0,9683353497902,9683353497922
planner,14203,0,9683353497942,9683353497962
planner,14204,0,9683353497982,9683353497992
planner,14205,0,9683353498012,9683353498032
planner,14206,0,9683353498052,9683353498072
planner,14207,0,9683353498092,9683353498112
planner,14208,0,9683353498732,9683353498742
planner,14209,0,9683353498772,9683353498782
planner,14210,0,9683353498802,9683353498822
planner,14211,0,9683353498842,9683353498862
planner,14212,0,9683353498882,9683353498902
planner,14213,0,9683353498922,9683353498942
planner,14214,0,9683353498962,9683353498982
planner,14215,0,9683353499002,9683353499022
planner,14216,0,9683353499042,9683353499052
planner,14217,0,9683353499072,9683353499092
planner,14218,0,9683353499112,9683353499132
planner,14219,0,9683353499152,9683353499172
planner,14220,0,9683353499192,9683353499212
planner,14221,0,9683353499232,9683353499242
planner,14222,0,9683353499262,9683353499282
planner,14223,0,9683353499302,9683353499322
planner,14224,0,9683353499342,9683353499362
planner,14225,0,9683353499382,9683353499402
planner,14226,0,9683353499422,9683353499432
planner,14227,0,9683353499452,9683353499472
planner,14228,0,9683353499492,9683353499512
planner,14229,0,9683353499532,9683353499552
planner,14230,0,9683353499572,9683353499592
planner,14231,0,9683353499612,9683353499632
planner,14232,0,9683353499652,9683353499662
planner,14233,0,9683353499682,9683353499702
planner,14234,0,9683353499722,9683353499742
planner,14235,0,9683353499762,9683353499782
planner,14236,0,9683353499802,9683353499822
planner,14237,0,9683353499842,9683353499852
planner,14238,0,9683353499872,9683353499892
planner,14239,0,9683353499912,9683353499932
planner,14240,0,9683353499952,9683353499972
planner,14241,0,9683353499992,9683353500012
planner,14242,0,9683353500032,9683353500042
planner,14243,0,9683353500062,9683353500082
planner,14244,0,9683353500102,9683353500122
planner,14245,0,9683353500142,9683353500162
planner,14246,0,9683353500182,9683353500202
planner,14247,0,9683353500222,9683353500232
planner,14248,0,9683353500252,9683353500272
planner,14249,0,9683353500292,9683353500312
planner,14250,0,9683353500332,9683353500352
planner,14251,0,9683353500372,9683353500392
planner,14252,0,9683353500412,9683353500432
planner,14253,0,9683353500452,9683353500462
planner,14254,0,9683353500482,9683353500502
planner,14255,0,9683353500522,9683353500542
planner,14256,0,9683353500562,9683353500582
planner,14257,0,9683353500602,9683353500622
planner,14258,0,9683353500642,9683353500652
planner,14259,0,9683353500672,9683353500692
planner,14260,0,9683353500712,9683353500732
planner,14261,0,9683353500752,9683353500772
planner,14262,0,9683353500792,9683353500812
planner,14263,0,9683353500832,9683353500842
planner,14264,0,9683353500862,9683353500882
planner,14265,0,9683353500902,9683353500922
planner,14266,0,9683353500942,9683353500962
planner,14267,0,9683353500982,9683353501002
planner,14268,0,9683353501022,9683353501042
planner,14269,0,9683353501062,9683353501072
planner,14270,0,9683353501092,9683353501112
planner,14271,0,9683353501132,9683353501152
planner,14272,0,9683353501172,9683353501192
planner,14273,0,9683353501212,9683353501232
planner,14274,0,9683353501252,9683353501262
planner,14275,0,9683353501282,9683353501302
planner,14276,0,9683353501322,9683353501342
planner,14277,0,9683353501362,9683353501382
planner,14278,0,9683353501402,9683353501422
planner,14279,0,9683353501442,9683353501452
planner,14280,0,9683353501472,9683353501492
planner,14281,0,9683353501512,9683353501532
planner,14282,0,9683353501552,9683353501572
planner,14283,0,9683353501592,9683353501612
planner,14284,0,9683353501632,9683353501642
planner,14285,0,9683353501662,9683353501682
planner,14286,0,9683353501702,9683353501722
planner,14287,0,9683353501742,9683353501762
planner,14288,0,9683353501782,9683353501802
planner,14289,0,9683353501822,9683353501832
planner,14290,0,9683353501862,9683353501872
planner,14291,0,9683353501892,9683353501912
planner,14292,0,9683353501932,9683353501952
planner,14293,0,9683353501972,9683353501992
planner,14294,0,9683353502012,9683353502032
planner,14295,0,9683353502052,9683353502062
planner,14296,0,9683353502082,9683353502102
planner,14297,0,9683353502122,9683353502142
planner,14298,0,9683353502162,9683353502182
planner,14299,0,9683353502202,9683353502222
planner,14300,0,9683353502242,9683353502252
planner,14301,0,9683353502272,9683353502292
planner,14302,0,9683353502312,9683353502332
planner,14303,0,9683353502352,9683353502372
planner,14304,0,9683353502392,9683353502412
planner,14305,0,9683353502432,9683353502442
planner,14306,0,9683353502462,9683353502482
planner,14307,0,9683353502502,9683353502522
planner,14308,0,9683353502542,9683353502562
planner,14309,0,9683353502582,9683353502602
planner,14310,0,9683353502622,9683353502632
planner,14311,0,9683353502652,9683353502672
planner,14312,0,9683353502692,9683353502712
planner,14313,0,9683353502732,9683353502752
planner,14314,0,9683353502772,9683353502792
planner,14315,0,9683353502812,9683353502822
planner,14316,0,9683353502842,9683353502862
planner,14317,0,9683353502882,9683353502902
planner,14318,0,9683353502922,9683353502942
planner,14319,0,9683353502962,9683353502982
planner,14320,0,9683353503002,9683353503012
planner,14321,0,9683353503042,9683353503052
planner,14322,0,9683353503072,9683353503092
planner,14323,0,9683353503112,9683353503132
planner,14324,0,9683353503152,9683353503172
planner,14325,0,9683353503192,9683353503212
planner,14326,0,9683353503232,9683353503242
planner,14327,0,9683353503262,9683353503282
planner,14328,0,9683353503302,9683353503322
planner,14329,0,9683353503342,9683353503362
planner,14330,0,9683353503382,9683353503402
planner,14331,0,9683353503422,9683353503432
planner,14332,0,9683353503452,9683353503472
planner,14333,0,9683353503492,9683353503512
planner,14334,0,9683353503532,9683353503552
planner,14335,0,9683353503572,9683353503592
planner,14336,0,9683353504022,9683353504042
planner,14337,0,9683353504062,9683353504082
planner,14338,0,9683353504102,9683353504112
planner,14339,0,9683353504142,9683353504152
planner,14340,0,9683353504172,9683353504192
planner,14341,0,9683353504212,9683353504232
planner,14342,0,9683353504252,9683353504272
planner,14343,0,9683353504292,9683353504312
planner,14344,0,9683353504332,9683353504352
planner,14345,0,9683353504372,9683353504382
planner,14346,0,9683353504402,9683353504422
planner,14347,0,9683353504442,9683353504462
planner,14348,0,9683353504482,9683353504502
planner,14349,0,9683353504522,9683353504542
planner,14350,0,9683353504562,9683353504572
planner,14351,0,9683353504592,9683353504612
planner,14352,0,9683353504632,9683353504652
planner,14353,0,9683353504672,9683353504692
planner,14354,0,9683353504712,9683353504732
planner,14355,0,9683353504752,9683353504762
planner,14356,0,9683353504782,9683353504802
planner,14357,0,9683353504822,9683353504842
planner,14358,0,9683353504862,9683353504882
planner,14359,0,9683353504902,9683353504922
planner,14360,0,9683353504942,9683353504962
planner,14361,0,9683353504982,9683353504992
planner,14362,0,9683353505012,9683353505032
planner,14363,0,9683353505052,9683353505072
planner,14364,0,9683353505092,9683353505112
planner,14365,0,9683353505132,9683353505152
planner,14366,0,9683353505172,9683353505182
planner,14367,0,9683353505202,9683353505222
planner,14368,0,9683353505242,9683353505262
planner,14369,0,9683353505282,9683353505302
planner,14370,0,9683353505322,9683353505342
planner,14371,0,9683353505362,9683353505372
planner,14372,0,9683353505392,9683353505412
planner,14373,0,9683353505432,9683353505452
planner,14374,0,9683353505472,9683353505492
planner,14375,0,9683353505512,9683353505532
planner,14376,0,9683353505552,9683353505572
planner,14377,0,9683353505592,9683353505602
planner,14378,0,9683353505622,9683353505642
planner,14379,0,9683353505662,9683353505682
planner,14380,0,9683353505702,9683353505722
planner,14381,0,9683353505742,9683353505762
planner,14382,0,9683353505782,9683353505792
planner,14383,0,9683353505812,9683353505832
planner,14384,0,9683353505852,9683353505872
planner,14385,0,9683353505892,9683353505912
planner,14386,0,9683353505932,9683353505952
planner,14387,0,9683353505972,9683353505982
planner,14388,0,9683353506012,9683353506022
planner,14389,0,9683353506042,9683353506062
planner,14390,0,9683353506082,9683353506102
planner,14391,0,9683353506122,9683353506142
planner,14392,0,9683353506162,9683353506182
planner,14393,0,9683353506202,9683353506212
planner,14394,0,9683353506232,9683353506252
planner,14395,0,9683353506272,9683353506292
planner,14396,0,9683353506312,9683353506332
planner,14397,0,9683353506352,9683353506372
planner,14398,0,9683353506392,9683353506402
planner,14399,0,9683353506422,9683353506442
planner,14400,0,9683353506462,9683353506482
planner,14401,0,9683353506502,9683353506522
planner,14402,0,9683353506542,9683353506562
planner,14403,0,9683353506582,9683353506602
planner,14404,0,9683353506622,9683353506632
planner,14405,0,9683353506652,9683353506672
planner,14406,0,9683353506692,9683353506712
planner,14407,0,9683353506732,9683353506752
planner,14408,0,9683353506772,9683353506792
planner,14409,0,9683353506812,9683353506822
planner,14410,0,9683353506842,9683353506862
planner,14411,0,9683353506882,9683353506902
planner,14412,0,9683353506922,9683353506942
planner,14413,0,9683353506962,9683353506982
planner,14414,0,9683353507002,9683353507012
planner,14415,0,9683353507042,9683353507052
planner,14416,0,9683353507072,9683353507092
planner,14417,0,9683353507112,9683353507132
planner,14418,0,9683353507152,9683353507172
planner,14419,0,9683353507192,9683353507212
planner,14420,0,9683353507232,9683353507242
planner,14421,0,9683353507262,9683353507282
planner,14422,0,9683353507302,9683353507322
planner,14423,0,9683353507342,9683353507362
planner,14424,0,9683353507382,9683353507402
planner,14425,0,9683353507422,9683353507432
planner,14426,0,9683353507452,9683353507472
planner,14427,0,9683353507492,9683353507512
planner,14428,0,9683353507532,9683353507552
planner,14429,0,9683353507572,9683353507592
planner,14430,0,9683353507612,9683353507622
planner,14431,0,9683353507642,9683353507662
planner,14432,0,9683353507682,9683353507702
planner,14433,0,9683353507722,9683353507742
planner,14434,0,9683353507762,9683353507782
planner,14435,0,9683353507802,9683353507812
planner,14436,0,9683353507832,9683353507852
planner,14437,0,9683353507872,9683353507892
planner,14438,0,9683353507912,9683353507932
planner,14439,0,9683353507952,9683353507972
planner,14440,0,9683353507992,9683353508002
planner,14441,0,9683353508032,9683353508042
planner,14442,0,9683353508062,9683353508082
planner,14443,0,9683353508102,9683353508122
planner,14444,0,9683353508142,9683353508162
planner,14445,0,9683353508182,9683353508192
planner,14446,0,9683353508222,9683353508232
planner,14447,0,9683353508252,9683353508272
planner,14448,0,9683353508292,9683353508312
planner,14449,0,9683353508332,9683353508352
planner,14450,0,9683353508372,9683353508392
planner,14451,0,9683353508412,9683353508422
planner,14452,0,9683353508442,9683353508462
planner,14453,0,9683353508482,9683353508502
planner,14454,0,9683353508522,9683353508542
planner,14455,0,9683353508562,9683353508582
planner,14456,0,9683353508602,9683353508612
planner,14457,0,9683353508632,9683353508652
planner,14458,0,9683353508672,9683353508692
planner,14459,0,9683353508712,9683353508732
planner,14460,0,9683353508752,9683353508772
planner,14461,0,9683353508792,9683353508802
planner,14462,0,9683353508822,9683353508842
planner,14463,0,9683353508862,9683353508882
planner,14464,0,9683353509372,9683353509392
planner,14465,0,9683353509412,9683353509432
planner,14466,0,9683353509452,9683353509472
planner,14467,0,9683353509492,9683353509512
planner,14468,0,9683353509532,9683353509552
planner,14469,0,9683353509572,9683353509592
planner,14470,0,9683353509612,9683353509622
planner,14471,0,9683353509642,9683353509662
planner,14472,0,9683353509682,9683353509702
planner,14473,0,9683353509722,9683353509742
planner,14474,0,9683353509762,9683353509782
planner,14475,0,9683353509802,9683353509812
planner,14476,0,9683353509832,9683353509852
planner,14477,0,9683353509872,9683353509892
planner,14478,0,9683353509912,9683353509932
planner,14479,0,9683353509952,9683353509972
planner,14480,0,9683353509992,9683353510002
planner,14481,0,9683353510022,9683353510042
planner,14482,0,9683353510062,9683353510082
planner,14483,0,9683353510102,9683353510122
planner,14484,0,9683353510142,9683353510162
planner,14485,0,9683353510182,9683353510192
planner,14486,0,9683353510212,9683353510232
planner,14487,0,9683353510252,9683353510272
planner,14488,0,9683353510292,9683353510312
planner,14489,0,9683353510332,9683353510352
planner,14490,0,9683353510372,9683353510382
planner,14491,0,9683353510402,9683353510422
planner,14492,0,9683353510442,9683353510462
planner,14493,0,9683353510482,9683353510502
planner,14494,0,9683353510522,9683353510542
planner,14495,0,9683353510562,9683353510572
planner,14496,0,9683353510602,9683353510612
planner,14497,0,9683353510632,9683353510652
planner,14498,0,9683353510672,9683353510692
planner,14499,0,9683353510712,9683353510732
planner,14500,0,9683353510752,9683353510772
planner,14501,0,9683353510792,9683353510802
planner,14502,0,9683353510822,9683353510842
planner,14503,0,9683353510862,9683353510882
planner,14504,0,9683353510902,9683353510922
planner,14505,0,9683353510942,9683353510962
planner,14506,0,9683353510982,9683353510992
planner,14507,0,9683353511012,9683353511032
planner,14508,0,9683353511052,9683353511072
planner,14509,0,9683353511092,9683353511112
planner,14510,0,9683353511132,9683353511152
planner,14511,0,9683353511172,9683353511182
planner,14512,0,9683353511202,9683353511222
planner,14513,0,9683353511242,9683353511262
planner,14514,0,9683353511282,9683353511302
planner,14515,0,9683353511322,9683353511342
planner,14516,0,9683353511362,9683353511372
planner,14517,0,9683353511392,9683353511412
planner,14518,0,9683353511432,9683353511452
planner,14519,0,9683353511472,9683353511492
planner,14520,0,9683353511512,9683353511532
planner,14521,0,9683353511552,9683353511562
planner,14522,0,9683353511582,9683353511602
planner,14523,0,9683353511622,9683353511642
planner,14524,0,9683353511662,9683353511682
planner,14525,0,9683353511702,9683353511722
planner,14526,0,9683353511742,9683353511752
planner,14527,0,9683353511782,9683353511792
planner,14528,0,9683353511812,9683353511832
planner,14529,0,9683353511852,9683353511872
planner,14530,0,9683353511892,9683353511912
planner,14531,0,9683353511932,9683353511952
planner,14532,0,9683353511972,9683353511982
planner,14533,0,9683353512002,9683353512022
planner,14534,0,9683353512042,9683353512062
planner,14535,0,9683353512082,9683353512102
planner,14536,0,9683353512122,9683353512142
planner,14537,0,9683353512162,9683353512172
planner,14538,0,9683353512192,9683353512212
planner,14539,0,9683353512232,9683353512252
planner,14540,0,9683353512272,9683353512292
planner,14541,0,9683353512312,9683353512332
planner,14542,0,9683353512352,9683353512362
planner,14543,0,9683353512382,9683353512402
planner,14544,0,9683353512422,9683353512442
planner,14545,0,9683353512462,9683353512482
planner,14546,0,9683353512502,9683353512522
planner,14547,0,9683353512542,9683353512552
planner,14548,0,9683353512572,9683353512592
planner,14549,0,9683353512612,9683353512632
planner,14550,0,9683353512652,9683353512672
planner,14551,0,9683353512692,9683353512712
planner,14552,0,9683353512732,9683353512742
planner,14553,0,9683353512762,9683353512782
planner,14554,0,9683353512802,9683353512822
planner,14555,0,9683353512842,9683353512862
planner,14556,0,9683353512882,9683353512902
planner,14557,0,9683353512922,9683353512942
planner,14558,0,9683353512962,9683353512972
planner,14559,0,9683353512992,9683353513012
planner,14560,0,9683353513032,9683353513052
planner,14561,0,9683353513072,9683353513092
planner,14562,0,9683353513112,9683353513132
planner,14563,0,9683353513152,9683353513162
planner,14564,0,9683353513182,9683353513202
planner,14565,0,9683353513222,9683353513242
planner,14566,0,9683353513262,9683353513282
planner,14567,0,9683353513302,9683353513322
planner,14568,0,9683353513342,9683353513352
planner,14569,0,9683353513372,9683353513392
planner,14570,0,9683353513412,9683353513432
planner,14571,0,9683353513452,9683353513472
planner,14572,0,9683353513492,9683353513512
planner,14573,0,9683353513532,9683353513552
planner,14574,0,9683353513572,9683353513582
planner,14575,0,9683353513602,9683353513622
planner,14576,0,9683353513642,9683353513662
planner,14577,0,9683353513682,9683353513702
planner,14578,0,9683353513722,9683353513742
planner,14579,0,9683353513762,9683353513772
planner,14580,0,9683353513792,9683353513812
planner,14581,0,9683353513832,9683353513852
planner,14582,0,9683353513872,9683353513892
planner,14583,0,9683353513912,9683353513932
planner,14584,0,9683353513952,9683353513962
planner,14585,0,9683353513982,9683353514002
planner,14586,0,9683353514022,9683353514042
planner,14587,0,9683353514062,9683353514082
planner,14588,0,9683353514102,9683353514122
planner,14589,0,9683353514142,9683353514152
planner,14590,0,9683353514182,9683353514192
planner,14591,0,9683353514212,9683353514232
planner,14592,0,9683353514642,9683353514662
planner,14593,0,9683353514682,9683353514702
planner,14594,0,9683353514722,9683353514742
planner,14595,0,9683353514762,9683353514782
planner,14596,0,9683353514802,9683353514822
planner,14597,0,9683353514842,9683353514862
planner,14598,0,9683353514882,9683353514892
planner,14599,0,9683353514912,9683353514932
planner,14600,0,9683353514952,9683353514972
planner,14601,0,9683353514992,9683353515012
planner,14602,0,9683353515032,9683353515052
planner,14603,0,9683353515072,9683353515082
planner,14604,0,9683353515102,9683353515122
planner,14605,0,9683353515142,9683353515162
planner,14606,0,9683353515182,9683353515202
planner,14607,0,9683353515222,9683353515242
planner,14608,0,9683353515262,9683353515272
planner,14609,0,9683353515302,9683353515312
planner,14610,0,9683353515332,9683353515352
planner,14611,0,9683353515372,9683353515392
planner,14612,0,9683353515412,9683353515432
planner,14613,0,9683353515452,9683353515472
planner,14614,0,9683353515492,9683353515502
planner,14615,0,9683353515522,9683353515542
planner,14616,0,9683353515562,9683353515582
planner,14617,0,9683353515602,9683353515622
planner,14618,0,9683353515642,9683353515662
planner,14619,0,9683353515682,9683353515692
planner,14620,0,9683353515712,9683353515732
planner,14621,0,9683353515752,9683353515772
planner,14622,0,9683353515792,9683353515812
planner,14623,0,9683353515832,9683353515852
planner,14624,0,9683353515872,9683353515882
planner,14625,0,9683353515902,9683353515922
planner,14626,0,9683353515942,9683353515962
planner,14627,0,9683353515982,9683353516002
planner,14628,0,9683353516022,9683353516042
planner,14629,0,9683353516062,9683353516072
planner,14630,0,9683353516092,9683353516112
planner,14631,0,9683353516132,9683353516152
planner,14632,0,9683353516172,9683353516192
planner,14633,0,9683353516212,9683353516232
planner,14634,0,9683353516252,9683353516262
planner,14635,0,9683353516282,9683353516302
planner,14636,0,9683353516322,9683353516342
planner,14637,0,9683353516362,9683353516382
planner,14638,0,9683353516402,9683353516422
planner,14639,0,9683353516442,9683353516462
planner,14640,0,9683353516482,9683353516492
planner,14641,0,9683353516512,9683353516532
planner,14642,0,9683353516552,9683353516572
planner,14643,0,9683353516592,9683353516612
planner,14644,0,9683353516632,9683353516652
planner,14645,0,9683353516672,9683353516682
planner,14646,0,9683353516702,9683353516722
planner,14647,0,9683353516742,9683353516762
planner,14648,0,9683353516782,9683353516802
planner,14649,0,9683353516822,9683353516842
planner,14650,0,9683353516862,9683353516872
planner,14651,0,9683353516892,9683353516912
planner,14652,0,9683353516932,9683353516952
planner,14653,0,9683353516972,9683353516992
planner,14654,0,9683353517012,9683353517032
planner,14655,0,9683353517052,9683353517062
planner,14656,0,9683353517082,9683353517102
planner,14657,0,9683353517122,9683353517142
planner,14658,0,9683353517162,9683353517182
planner,14659,0,9683353517202,9683353517222
planner,14660,0,9683353517242,9683353517252
planner,14661,0,9683353517272,9683353517292
planner,14662,0,9683353517312,9683353517332
planner,14663,0,9683353517352,9683353517372
planner,14664,0,9683353517392,9683353517412
planner,14665,0,9683353517432,9683353517442
planner,14666,0,9683353517462,9683353517482
planner,14667,0,9683353517502,9683353517522
planner,14668,0,9683353517542,9683353517562
planner,14669,0,9683353517582,9683353517602
planner,14670,0,9683353517622,9683353517642
planner,14671,0,9683353517662,9683353517672
planner,14672,0,9683353517692,9683353517712
planner,14673,0,9683353517732,9683353517752
planner,14674,0,9683353517772,9683353517792
planner,14675,0,9683353517812,9683353517832
planner,14676,0,9683353517852,9683353517862
planner,14677,0,9683353517882,9683353517902
planner,14678,0,9683353517922,9683353517942
planner,14679,0,9683353517962,9683353517982
planner,14680,0,9683353518002,9683353518022
planner,14681,0,9683353518042,9683353518052
planner,14682,0,9683353518072,9683353518092
planner,14683,0,9683353518112,9683353518132
planner,14684,0,9683353518152,9683353518172
planner,14685,0,9683353518192,9683353518212
planner,14686,0,9683353518232,9683353518242
planner,14687,0,9683353518272,9683353518282
planner,14688,0,9683353518302,9683353518322
planner,14689,0,9683353518342,9683353518362
planner,14690,0,9683353518382,9683353518402
planner,14691,0,9683353518422,9683353518442
planner,14692,0,9683353518462,9683353518472
planner,14693,0,9683353518492,9683353518512
planner,14694,0,9683353518532,9683353518552
planner,14695,0,9683353518572,9683353518592
planner,14696,0,9683353518612,9683353518632
planner,14697,0,9683353518652,9683353518662
planner,14698,0,9683353518682,9683353518702
planner,14699,0,9683353518722,9683353518742
planner,14700,0,9683353518762,9683353518782
planner,14701,0,9683353518802,9683353518822
planner,14702,0,9683353518842,9683353518852
planner,14703,0,9683353518872,9683353518892
planner,14704,0,9683353518912,9683353518932
planner,14705,0,9683353518952,9683353518972
planner,14706,0,9683353518992,9683353519012
planner,14707,0,9683353519032,9683353519042
planner,14708,0,9683353519062,9683353519082
planner,14709,0,9683353519102,9683353519122
planner,14710,0,9683353519142,9683353519162
planner,14711,0,9683353519182,9683353519202
planner,14712,0,9683353519222,9683353519232
planner,14713,0,9683353519262,9683353519272
planner,14714,0,9683353519292,9683353519312
planner,14715,0,9683353519332,9683353519352
planner,14716,0,9683353519372,9683353519392
planner,14717,0,9683353519412,9683353519432
planner,14718,0,9683353519452,9683353519462
planner,14719,0,9683353519482,9683353519502
planner,14720,0,9683353519942,9683353519952
planner,14721,0,9683353519982,9683353519992
planner,14722,0,9683353520012,9683353520032
planner,14723,0,9683353520052,9683353520072
planner,14724,0,9683353520092,9683353520112
planner,14725,0,9683353520132,9683353520152
planner,14726,0,9683353520172,9683353520192
planner,14727,0,9683353520212,9683353520232
planner,14728,0,9683353520252,9683353520262
planner,14729,0,9683353520282,9683353520302
planner,14730,0,9683353520322,9683353520342
planner,14731,0,9683353520362,9683353520382
planner,14732,0,9683353520402,9683353520422
planner,14733,0,9683353520442,9683353520452
planner,14734,0,9683353520482,9683353520492
planner,14735,0,9683353520512,9683353520532
planner,14736,0,9683353520552,9683353520572
planner,14737,0,9683353520592,9683353520612
planner,14738,0,9683353520632,9683353520652
planner,14739,0,9683353520672,9683353520682
planner,14740,0,9683353520702,9683353520722
planner,14741,0,9683353520742,9683353520762
planner,14742,0,9683353520782,9683353520802
planner,14743,0,9683353520822,9683353520842
planner,14744,0,9683353520862,9683353520872
planner,14745,0,9683353520902,9683353520912
planner,14746,0,9683353520932,9683353520952
planner,14747,0,9683353520972,9683353520992
planner,14748,0,9683353521012,9683353521032
planner,14749,0,9683353521052,9683353521072
planner,14750,0,9683353521092,9683353521102
planner,14751,0,9683353521122,9683353521142
planner,14752,0,9683353521162,9683353521182
planner,14753,0,9683353521202,9683353521222
planner,14754,0,9683353521242,9683353521262
planner,14755,0,9683353521282,9683353521292
planner,14756,0,9683353521322,9683353521332
planner,14757,0,9683353521352,9683353521372
planner,14758,0,9683353521392,9683353521412
planner,14759,0,9683353521432,9683353521452
planner,14760,0,9683353521472,9683353521492
planner,14761,0,9683353521512,9683353521522
planner,14762,0,9683353521542,9683353521562
planner,14763,0,9683353521582,9683353521602
planner,14764,0,9683353521622,9683353521642
planner,14765,0,9683353521662,9683353521682
planner,14766,0,9683353521702,9683353521712
planner,14767,0,9683353521732,9683353521752
planner,14768,0,9683353521772,9683353521792
planner,14769,0,9683353521812,9683353521832
planner,14770,0,9683353521852,9683353521872
planner,14771,0,9683353521892,9683353521902
planner,14772,0,9683353521922,9683353521942
planner,14773,0,9683353521962,9683353521982
planner,14774,0,9683353522002,9683353522022
planner,14775,0,9683353522042,9683353522062
planner,14776,0,9683353522082,9683353522102
planner,14777,0,9683353522122,9683353522132
planner,14778,0,9683353522152,9683353522172
planner,14779,0,9683353522192,9683353522212
planner,14780,0,9683353522232,9683353522252
planner,14781,0,9683353522272,9683353522292
planner,14782,0,9683353522312,9683353522322
planner,14783,0,9683353522342,9683353522362
planner,14784,0,9683353522382,9683353522402
planner,14785,0,9683353522422,9683353522442
planner,14786,0,9683353522462,9683353522482
planner,14787,0,9683353522502,9683353522512
planner,14788,0,9683353522532,9683353522552
planner,14789,0,9683353522572,9683353522592
planner,14790,0,9683353522612,9683353522632
planner,14791,0,9683353522652,9683353522672
planner,14792,0,9683353522692,9683353522702
planner,14793,0,9683353522722,9683353522742
planner,14794,0,9683353522762,9683353522782
planner,14795,0,9683353522802,9683353522822
planner,14796,0,9683353522842,9683353522862
planner,14797,0,9683353522882,9683353522892
planner,14798,0,9683353522912,9683353522932
planner,14799,0,9683353522952,9683353522972
planner,14800,0,9683353522992,9683353523012
planner,14801,0,9683353523032,9683353523052
planner,14802,0,9683353523072,9683353523082
planner,14803,0,9683353523102,9683353523122
planner,14804,0,9683353523142,9683353523162
planner,14805,0,9683353523182,9683353523202
planner,14806,0,9683353523222,9683353523242
planner,14807,0,9683353523262,9683353523272
planner,14808,0,9683353523292,9683353523312
planner,14809,0,9683353523332,9683353523352
planner,14810,0,9683353523372,9683353523392
planner,14811,0,9683353523412,9683353523432
planner,14812,0,9683353523452,9683353523462
planner,14813,0,9683353523482,9683353523502
planner,14814,0,9683353523522,9683353523542
planner,14815,0,9683353523562,9683353523582
planner,14816,0,9683353523602,9683353523622
planner,14817,0,9683353523642,9683353523652
planner,14818,0,9683353523672,9683353523692
planner,14819,0,9683353523712,9683353523732
planner,14820,0,9683353523752,9683353523772
planner,14821,0,9683353523792,9683353523812
planner,14822,0,9683353523832,9683353523852
planner,14823,0,9683353523872,9683353523882
planner,14824,0,9683353523902,9683353523922
planner,14825,0,9683353523942,9683353523962
planner,14826,0,9683353523982,9683353524002
planner,14827,0,9683353524022,9683353524042
planner,14828,0,9683353524062,9683353524072
planner,14829,0,9683353524092,9683353524112
planner,14830,0,9683353524132,9683353524152
planner,14831,0,9683353524172,9683353524192
planner,14832,0,9683353524212,9683353524232
planner,14833,0,9683353524252,9683353524262
planner,14834,0,9683353524282,9683353524302
planner,14835,0,9683353524322,9683353524342
planner,14836,0,9683353524362,9683353524382
planner,14837,0,9683353524402,9683353524422
planner,14838,0,9683353524442,9683353524462
planner,14839,0,9683353524482,9683353524492
planner,14840,0,9683353524512,9683353524532
planner,14841,0,9683353524552,9683353524572
planner,14842,0,9683353524592,9683353524612
planner,14843,0,9683353524632,9683353524652
planner,14844,0,9683353524672,9683353524682
planner,14845,0,9683353524702,9683353524722
planner,14846,0,9683353524742,9683353524762
planner,14847,0,9683353524782,9683353524802
planner,14848,0,9683353525262,9683353525282
planner,14849,0,9683353525302,9683353525322
planner,14850,0,9683353525342,9683353525362
planner,14851,0,9683353525382,9683353525402
planner,14852,0,9683353525422,9683353525442
planner,14853,0,9683353525462,9683353525472
planner,14854,0,9683353525492,9683353525512
planner,14855,0,9683353525532,9683353525552
planner,14856,0,9683353525572,9683353525592
planner,14857,0,9683353525612,9683353525632
planner,14858,0,9683353525652,9683353525662
planner,14859,0,9683353525692,9683353525702
planner,14860,0,9683353525722,9683353525742
planner,14861,0,9683353525762,9683353525782
planner,14862,0,9683353525802,9683353525822
planner,14863,0,9683353525842,9683353525862
planner,14864,0,9683353525882,9683353525892
planner,14865,0,9683353525912,9683353525932
planner,14866,0,9683353525952,9683353525972
planner,14867,0,9683353525992,9683353526012
planner,14868,0,9683353526032,9683353526052
planner,14869,0,9683353526072,9683353526092
planner,14870,0,9683353526112,9683353526122
planner,14871,0,9683353526142,9683353526162
planner,14872,0,9683353526182,9683353526202
planner,14873,0,9683353526222,9683353526242
planner,14874,0,9683353526262,9683353526282
planner,14875,0,9683353526302,9683353526312
planner,14876,0,9683353526332,9683353526352
planner,14877,0,9683353526372,9683353526392
planner,14878,0,9683353526412,9683353526432
planner,14879,0,9683353526452,9683353526472
planner,14880,0,9683353526492,9683353526512
planner,14881,0,9683353526532,9683353526542
planner,14882,0,9683353526562,9683353526582
planner,14883,0,9683353526602,9683353526622
planner,14884,0,9683353526642,9683353526662
planner,14885,0,9683353526682,9683353526702
planner,14886,0,9683353526722,9683353526742
planner,14887,0,9683353526762,9683353526772
planner,14888,0,9683353526792,9683353526812
planner,14889,0,9683353526832,9683353526852
planner,14890,0,9683353526872,9683353526892
planner,14891,0,9683353526912,9683353526932
planner,14892,0,9683353526952,9683353526972
planner,14893,0,9683353526992,9683353527002
planner,14894,0,9683353527022,9683353527042
planner,14895,0,9683353527062,9683353527082
planner,14896,0,9683353527102,9683353527122
planner,14897,0,9683353527142,9683353527162
planner,14898,0,9683353527182,9683353527202
planner,14899,0,9683353527222,9683353527232
planner,14900,0,9683353527252,9683353527272
planner,14901,0,9683353527292,9683353527312
planner,14902,0,9683353527332,9683353527352
planner,14903,0,9683353527372,9683353527392
planner,14904,0,9683353527412,9683353527432
planner,14905,0,9683353527452,9683353527462
planner,14906,0,9683353527482,9683353527502
planner,14907,0,9683353527522,9683353527542
planner,14908,0,9683353527562,9683353527582
planner,14909,0,9683353527602,9683353527622
planner,14910,0,9683353527642,9683353527662
planner,14911,0,9683353527682,9683353527692
planner,14912,0,9683353527712,9683353527732
planner,14913,0,9683353527752,9683353527772
planner,14914,0,9683353527792,9683353527812
planner,14915,0,9683353527832,9683353527852
planner,14916,0,9683353527872,9683353527892
planner,14917,0,9683353527912,9683353527922
planner,14918,0,9683353527942,9683353527962
planner,14919,0,9683353527982,9683353528002
planner,14920,0,9683353528022,9683353528042
planner,14921,0,9683353528062,9683353528082
planner,14922,0,9683353528102,9683353528112
planner,14923,0,9683353528142,9683353528152
planner,14924,0,9683353528172,9683353528192
planner,14925,0,9683353528212,9683353528232
planner,14926,0,9683353528252,9683353528272
planner,14927,0,9683353528292,9683353528312
planner,14928,0,9683353528332,9683353528342
planner,14929,0,9683353528372,9683353528382
planner,14930,0,9683353528402,9683353528422
planner,14931,0,9683353528442,9683353528462
planner,14932,0,9683353528482,9683353528502
planner,14933,0,9683353528522,9683353528542
planner,14934,0,9683353528562,9683353528572
planner,14935,0,9683353528592,9683353528612
planner,14936,0,9683353528632,9683353528652
planner,14937,0,9683353528672,9683353528692
planner,14938,0,9683353528712,9683353528732
planner,14939,0,9683353528752,9683353528772
planner,14940,0,9683353528792,9683353528802
planner,14941,0,9683353528822,9683353528842
planner,14942,0,9683353528862,9683353528882
planner,14943,0,9683353528902,9683353528922
planner,14944,0,9683353528942,9683353528962
planner,14945,0,9683353528982,9683353529002
planner,14946,0,9683353529022,9683353529032
planner,14947,0,9683353529052,9683353529072
planner,14948,0,9683353529092,9683353529112
planner,14949,0,9683353529132,9683353529152
planner,14950,0,9683353529172,9683353529192
planner,14951,0,9683353529212,9683353529222
planner,14952,0,9683353529242,9683353529262
planner,14953,0,9683353529282,9683353529302
planner,14954,0,9683353529322,9683353529342
planner,14955,0,9683353529362,9683353529382
planner,14956,0,9683353529402,9683353529422
planner,14957,0,9683353529442,9683353529452
planner,14958,0,9683353529472,9683353529492
planner,14959,0,9683353529512,9683353529532
planner,14960,0,9683353529552,9683353529572
planner,14961,0,9683353529592,9683353529612
planner,14962,0,9683353529632,9683353529642
planner,14963,0,9683353529672,9683353529682
planner,14964,0,9683353529702,9683353529722
planner,14965,0,9683353529742,9683353529762
planner,14966,0,9683353529782,9683353529802
planner,14967,0,9683353529822,9683353529842
planner,14968,0,9683353529862,9683353529872
planner,14969,0,9683353529892,9683353529912
planner,14970,0,9683353529932,9683353529952
planner,14971,0,9683353529972,9683353529992
planner,14972,0,9683353530012,9683353530032
planner,14973,0,9683353530052,9683353530062
planner,14974,0,9683353530082,9683353530102
planner,14975,0,9683353530122,9683353530142
planner,14976,0,9683353530582,9683353530602
planner,14977,0,9683353530622,9683353530642
planner,14978,0,9683353530662,9683353530682
planner,14979,0,9683353530702,9683353530722
planner,14980,0,9683353530742,9683353530762
planner,14981,0,9683353530782,9683353530792
planner,14982,0,9683353530812,9683353530832
planner,14983,0,9683353530852,9683353530872
planner,14984,0,9683353530892,9683353530912
planner,14985,0,9683353530932,9683353530952
planner,14986,0,9683353530972,9683353530992
planner,14987,0,9683353531012,9683353531022
planner,14988,0,9683353531042,9683353531062
planner,14989,0,9683353531082,9683353531102
planner,14990,0,9683353531122,9683353531142
planner,14991,0,9683353531162,9683353531182
planner,14992,0,9683353531202,9683353531212
planner,14993,0,9683353531232,9683353531252
planner,14994,0,9683353531272,9683353531292
planner,14995,0,9683353531312,9683353531332
planner,14996,0,9683353531352,9683353531372
planner,14997,0,9683353531392,9683353531412
planner,14998,0,9683353531432,9683353531442
planner,14999,0,9683353531462,9683353531482
planner,15000,0,9683353531502,9683353531522
planner,15001,0,9683353531542,9683353531562
planner,15002,0,9683353531582,9683353531602
planner,15003,0,9683353531622,9683353531632
planner,15004,0,9683353531652,9683353531672
planner,15005,0,9683353531692,9683353531712
planner,15006,0,9683353531732,9683353531752
planner,15007,0,9683353531772,9683353531792
planner,15008,0,9683353531812,9683353531832
planner,15009,0,9683353531852,9683353531862
planner,15010,0,9683353531882,9683353531902
planner,15011,0,9683353531922,9683353531942
planner,15012,0,9683353531962,9683353531982
planner,15013,0,9683353532002,9683353532022
planner,15014,0,9683353532042,9683353532052
planner,15015,0,9683353532072,9683353532092
planner,15016,0,9683353532112,9683353532132
planner,15017,0,9683353532152,9683353532172
planner,15018,0,9683353532192,9683353532212
planner,15019,0,9683353532232,9683353532242
planner,15020,0,9683353532262,9683353532282
planner,15021,0,9683353532302,9683353532322
planner,15022,0,9683353532342,9683353532362
planner,15023,0,9683353532382,9683353532402
planner,15024,0,9683353532422,9683353532432
planner,15025,0,9683353532452,9683353532472
planner,15026,0,9683353532492,9683353532512
planner,15027,0,9683353532532,9683353532552
planner,15028,0,9683353532572,9683353532592
planner,15029,0,9683353532612,9683353532622
planner,15030,0,9683353532642,9683353532662
planner,15031,0,9683353532682,9683353532702
planner,15032,0,9683353532722,9683353532742
planner,15033,0,9683353532762,9683353532782
planner,15034,0,9683353532802,9683353532812
planner,15035,0,9683353532842,9683353532852
planner,15036,0,9683353532872,9683353532892
planner,15037,0,9683353532912,9683353532932
planner,15038,0,9683353532952,9683353532972
planner,15039,0,9683353532992,9683353533012
planner,15040,0,9683353533032,9683353533042
planner,15041,0,9683353533062,9683353533082
planner,15042,0,9683353533102,9683353533122
planner,15043,0,9683353533142,9683353533162
planner,15044,0,9683353533182,9683353533202
planner,15045,0,9683353533222,9683353533232
planner,15046,0,9683353533252,9683353533272
planner,15047,0,9683353533292,9683353533312
planner,15048,0,9683353533332,9683353533352
planner,15049,0,9683353533372,9683353533392
planner,15050,0,9683353533412,9683353533422
planner,15051,0,9683353533442,9683353533462
planner,15052,0,9683353533482,9683353533502
planner,15053,0,9683353533522,9683353533542
planner,15054,0,9683353533562,9683353533582
planner,15055,0,9683353533602,9683353533612
planner,15056,0,9683353533642,9683353533652
planner,15057,0,9683353533672,9683353533692
planner,15058,0,9683353533712,9683353533732
planner,15059,0,9683353533752,9683353533772
planner,15060,0,9683353533792,9683353533812
planner,15061,0,9683353533832,9683353533842
planner,15062,0,9683353533862,9683353533882
planner,15063,0,9683353533902,9683353533922
planner,15064,0,9683353533942,9683353533962
planner,15065,0,9683353533982,9683353534002
planner,15066,0,9683353534022,9683353534032
planner,15067,0,9683353534052,9683353534072
planner,15068,0,9683353534092,9683353534112
planner,15069,0,9683353534132,9683353534152
planner,15070,0,9683353534172,9683353534192
planner,15071,0,9683353534212,9683353534232
planner,15072,0,9683353534252,9683353534262
planner,15073,0,9683353534282,9683353534302
planner,15074,0,9683353534322,9683353534342
planner,15075,0,9683353534362,9683353534382
planner,15076,0,9683353534402,9683353534422
planner,15077,0,9683353534442,9683353534452
planner,15078,0,9683353534472,9683353534492
planner,15079,0,9683353534512,9683353534532
planner,15080,0,9683353534552,9683353534572
planner,15081,0,9683353534592,9683353534612
planner,15082,0,9683353534632,9683353534652
planner,15083,0,9683353534672,9683353534682
planner,15084,0,9683353534702,9683353534722
planner,15085,0,9683353534742,9683353534762
planner,15086,0,9683353534782,9683353534802
planner,15087,0,9683353534822,9683353534842
planner,15088,0,9683353534862,9683353534872
planner,15089,0,9683353534892,9683353534912
planner,15090,0,9683353534932,9683353534952
planner,15091,0,9683353534972,9683353534992
planner,15092,0,9683353535012,9683353535032
planner,15093,0,9683353535052,9683353535072
planner,15094,0,9683353535092,9683353535102
planner,15095,0,9683353535122,9683353535142
planner,15096,0,9683353535162,9683353535182
planner,15097,0,9683353535202,9683353535222
planner,15098,0,9683353535242,9683353535262
planner,15099,0,9683353535282,9683353535292
planner,15100,0,9683353535312,9683353535332
planner,15101,0,9683353535352,9683353535372
planner,15102,0,9683353535392,9683353535412
planner,15103,0,9683353535432,9683353535452
planner,15104,0,9683353535902,9683353535922
planner,15105,0,9683353535942,9683353535962
planner,15106,0,9683353535982,9683353536002
planner,15107,0,9683353536022,9683353536042
planner,15108,0,9683353536062,9683353536082
planner,15109,0,9683353536102,9683353536112
planner,15110,0,9683353536142,9683353536152
planner,15111,0,9683353536172,9683353536192
planner,15112,0,9683353536212,9683353536232
planner,15113,0,9683353536252,9683353536272
planner,15114,0,9683353536292,9683353536312
planner,15115,0,9683353536332,9683353536342
planner,15116,0,9683353536362,9683353536382
planner,15117,0,9683353536402,9683353536422
planner,15118,0,9683353536442,9683353536462
planner,15119,0,9683353536482,9683353536502
planner,15120,0,9683353536522,9683353536542
planner,15121,0,9683353536562,9683353536572
planner,15122,0,9683353536592,9683353536612
planner,15123,0,9683353536632,9683353536652
planner,15124,0,9683353536672,9683353536692
planner,15125,0,9683353536712,9683353536732
planner,15126,0,9683353536752,9683353536762
planner,15127,0,9683353536782,9683353536802
planner,15128,0,9683353536822,9683353536842
planner,15129,0,9683353536862,9683353536882
planner,15130,0,9683353536902,9683353536922
planner,15131,0,9683353536942,9683353536962
planner,15132,0,9683353536982,9683353536992
planner,15133,0,9683353537012,9683353537032
planner,15134,0,9683353537052,9683353537072
planner,15135,0,9683353537092,9683353537112
planner,15136,0,9683353537132,9683353537152
planner,15137,0,9683353537172,9683353537182
planner,15138,0,9683353537202,9683353537222
planner,15139,0,9683353537242,9683353537262
planner,15140,0,9683353537282,9683353537302
planner,15141,0,9683353537322,9683353537342
planner,15142,0,9683353537362,9683353537382
planner,15143,0,9683353537402,9683353537412
planner,15144,0,9683353537432,9683353537452
planner,15145,0,9683353537472,9683353537492
planner,15146,0,9683353537512,9683353537532
planner,15147,0,9683353537552,9683353537572
planner,15148,0,9683353537592,9683353537602
planner,15149,0,9683353537622,9683353537642
planner,15150,0,9683353537662,9683353537682
planner,15151,0,9683353537702,9683353537722
planner,15152,0,9683353537742,9683353537762
planner,15153,0,9683353537782,9683353537802
planner,15154,0,9683353537822,9683353537832
planner,15155,0,9683353537852,9683353537872
planner,15156,0,9683353537892,9683353537912
planner,15157,0,9683353537932,9683353537952
planner,15158,0,9683353537972,9683353537992
planner,15159,0,9683353538012,9683353538022
planner,15160,0,9683353538042,9683353538062
planner,15161,0,9683353538082,9683353538102
planner,15162,0,9683353538122,9683353538142
planner,15163,0,9683353538162,9683353538182
planner,15164,0,9683353538202,9683353538212
planner,15165,0,9683353538232,9683353538252
planner,15166,0,9683353538272,9683353538292
planner,15167,0,9683353538312,9683353538332
planner,15168,0,9683353538352,9683353538372
planner,15169,0,9683353538392,9683353538402
planner,15170,0,9683353538432,9683353538442
planner,15171,0,9683353538462,9683353538482
planner,15172,0,9683353538502,9683353538522
planner,15173,0,9683353538542,9683353538562
planner,15174,0,9683353538582,9683353538602
planner,15175,0,9683353538622,9683353538632
planner,15176,0,9683353538652,9683353538672
planner,15177,0,9683353538692,9683353538712
planner,15178,0,9683353538732,9683353538752
planner,15179,0,9683353538772,9683353538792
planner,15180,0,9683353538812,9683353538822
planner,15181,0,9683353538842,9683353538862
planner,15182,0,9683353538882,9683353538902
planner,15183,0,9683353538922,9683353538942
planner,15184,0,9683353538962,9683353538982
planner,15185,0,9683353539002,9683353539012
planner,15186,0,9683353539032,9683353539052
planner,15187,0,9683353539072,9683353539092
planner,15188,0,9683353539112,9683353539132
planner,15189,0,9683353539152,9683353539172
planner,15190,0,9683353539192,9683353539202
planner,15191,0,9683353539222,9683353539242
planner,15192,0,9683353539262,9683353539282
planner,15193,0,9683353539302,9683353539322
planner,15194,0,9683353539342,9683353539362
planner,15195,0,9683353539382,9683353539402
planner,15196,0,9683353539422,9683353539432
planner,15197,0,9683353539452,9683353539472
planner,15198,0,9683353539492,9683353539512
planner,15199,0,9683353539532,9683353539552
planner,15200,0,9683353539572,9683353539592
planner,15201,0,9683353539612,9683353539622
planner,15202,0,9683353539642,9683353539662
planner,15203,0,9683353539682,9683353539702
planner,15204,0,9683353539722,9683353539742
planner,15205,0,9683353539762,9683353539782
planner,15206,0,9683353539802,9683353539812
planner,15207,0,9683353539832,9683353539852
planner,15208,0,9683353539872,9683353539892
planner,15209,0,9683353539912,9683353539932
planner,15210,0,9683353539952,9683353539972
planner,15211,0,9683353539992,9683353540002
planner,15212,0,9683353540032,9683353540042
planner,15213,0,9683353540062,9683353540082
planner,15214,0,9683353540102,9683353540122
planner,15215,0,9683353540142,9683353540162
planner,15216,0,9683353540182,9683353540202
planner,15217,0,9683353540222,9683353540232
planner,15218,0,9683353540252,9683353540272
planner,15219,0,9683353540292,9683353540312
planner,15220,0,9683353540332,9683353540352
planner,15221,0,9683353540372,9683353540392
planner,15222,0,9683353540412,9683353540422
planner,15223,0,9683353540442,9683353540462
planner,15224,0,9683353540482,9683353540502
planner,15225,0,9683353540522,9683353540542
planner,15226,0,9683353540562,9683353540582
planner,15227,0,9683353540602,9683353540612
planner,15228,0,9683353540642,9683353540652
planner,15229,0,9683353540672,9683353540692
planner,15230,0,9683353540712,9683353540732
planner,15231,0,9683353540752,9683353540772
planner,15232,0,9683353541202,9683353541222
planner,15233,0,9683353541242,9683353541262
planner,15234,0,9683353541282,9683353541302
planner,15235,0,9683353541322,9683353541342
planner,15236,0,9683353541362,9683353541372
planner,15237,0,9683353541402,9683353541412
planner,15238,0,9683353541432,9683353541452
planner,15239,0,9683353541472,9683353541492
planner,15240,0,9683353541512,9683353541532
planner,15241,0,9683353541552,9683353541572
planner,15242,0,9683353541592,9683353541602
planner,15243,0,9683353541622,9683353541642
planner,15244,0,9683353541662,9683353541682
planner,15245,0,9683353541702,9683353541722
planner,15246,0,9683353541742,9683353541762
planner,15247,0,9683353541782,9683353541792
planner,15248,0,9683353541822,9683353541832
planner,15249,0,9683353541852,9683353541872
planner,15250,0,9683353541892,9683353541912
planner,15251,0,9683353541932,9683353541952
planner,15252,0,9683353541972,9683353541992
planner,15253,0,9683353542012,9683353542022
planner,15254,0,9683353542042,9683353542062
planner,15255,0,9683353542082,9683353542102
planner,15256,0,9683353542122,9683353542142
planner,15257,0,9683353542162,9683353542182
planner,15258,0,9683353542202,9683353542212
planner,15259,0,9683353542242,9683353542252
planner,15260,0,9683353542272,9683353542292
planner,15261,0,9683353542312,9683353542332
planner,15262,0,9683353542352,9683353542372
planner,15263,0,9683353542392,9683353542412
planner,15264,0,9683353542432,9683353542442
planner,15265,0,9683353542462,9683353542482
planner,15266,0,9683353542502,9683353542522
planner,15267,0,9683353542542,9683353542562
planner,15268,0,9683353542582,9683353542602
planner,15269,0,9683353542622,9683353542642
planner,15270,0,9683353542662,9683353542672
planner,15271,0,9683353542692,9683353542712
planner,15272,0,9683353542732,9683353542752
planner,15273,0,9683353542772,9683353542792
planner,15274,0,9683353542812,9683353542832
planner,15275,0,9683353542852,9683353542862
planner,15276,0,9683353542892,9683353542902
planner,15277,0,9683353542922,9683353542942
planner,15278,0,9683353542962,9683353542982
planner,15279,0,9683353543002,9683353543022
planner,15280,0,9683353543042,9683353543062
planner,15281,0,9683353543082,9683353543092
planner,15282,0,9683353543112,9683353543132
planner,15283,0,9683353543152,9683353543172
planner,15284,0,9683353543192,9683353543212
planner,15285,0,9683353543232,9683353543252
planner,15286,0,9683353543272,9683353543292
planner,15287,0,9683353543312,9683353543322
planner,15288,0,9683353543342,9683353543362
planner,15289,0,9683353543382,9683353543402
planner,15290,0,9683353543422,9683353543442
planner,15291,0,9683353543462,9683353543482
planner,15292,0,9683353543502,9683353543512
planner,15293,0,9683353543532,9683353543552
planner,15294,0,9683353543572,9683353543592
planner,15295,0,9683353543612,9683353543632
planner,15296,0,9683353543652,9683353543672
planner,15297,0,9683353543692,9683353543712
planner,15298,0,9683353543732,9683353543742
planner,15299,0,9683353543762,9683353543782
planner,15300,0,9683353543802,9683353543822
planner,15301,0,9683353543842,9683353543862
planner,15302,0,9683353543882,9683353543902
planner,15303,0,9683353543922,9683353543932
planner,15304,0,9683353543952,9683353543972
planner,15305,0,9683353543992,9683353544012
planner,15306,0,9683353544032,9683353544052
planner,15307,0,9683353544072,9683353544092
planner,15308,0,9683353544112,9683353544132
planner,15309,0,9683353544152,9683353544162
planner,15310,0,9683353544182,9683353544202
planner,15311,0,9683353544222,9683353544242
planner,15312,0,9683353544262,9683353544282
planner,15313,0,9683353544302,9683353544322
planner,15314,0,9683353544342,9683353544352
planner,15315,0,9683353544372,9683353544392
planner,15316,0,9683353544412,9683353544432
planner,15317,0,9683353544452,9683353544472
planner,15318,0,9683353544492,9683353544512
planner,15319,0,9683353544532,9683353544552
planner,15320,0,9683353544572,9683353544582
planner,15321,0,9683353544602,9683353544622
planner,15322,0,9683353544642,9683353544662
planner,15323,0,9683353544682,9683353544702
planner,15324,0,9683353544722,9683353544742
planner,15325,0,9683353544762,9683353544772
planner,15326,0,9683353544792,9683353544812
planner,15327,0,9683353544832,9683353544852
planner,15328,0,9683353544872,9683353544892
planner,15329,0,9683353544912,9683353544932
planner,15330,0,9683353544952,9683353544962
planner,15331,0,9683353544982,9683353545002
planner,15332,0,9683353545022,9683353545042
planner,15333,0,9683353545062,9683353545082
planner,15334,0,9683353545102,9683353545122
planner,15335,0,9683353545142,9683353545152
planner,15336,0,9683353545182,9683353545192
planner,15337,0,9683353545212,9683353545232
planner,15338,0,9683353545252,9683353545272
planner,15339,0,9683353545292,9683353545312
planner,15340,0,9683353545332,9683353545352
planner,15341,0,9683353545372,9683353545382
planner,15342,0,9683353545402,9683353545422
planner,15343,0,9683353545442,9683353545462
planner,15344,0,9683353545482,9683353545502
planner,15345,0,9683353545522,9683353545542
planner,15346,0,9683353545562,9683353545572
planner,15347,0,9683353545592,9683353545612
planner,15348,0,9683353545632,9683353545652
planner,15349,0,9683353545672,9683353545692
planner,15350,0,9683353545712,9683353545732
planner,15351,0,9683353545752,9683353545762
planner,15352,0,9683353545782,9683353545802
planner,15353,0,9683353545822,9683353545842
planner,15354,0,9683353545862,9683353545882
planner,15355,0,9683353545902,9683353545922
planner,15356,0,9683353545942,9683353545952
planner,15357,0,9683353545972,9683353545992
planner,15358,0,9683353546012,9683353546032
planner,15359,0,9683353546052,9683353546072
planner,15360,0,9683353546522,9683353546542
planner,15361,0,9683353546562,9683353546582
planner,15362,0,9683353546602,9683353546622
planner,15363,0,9683353546642,9683353546662
planner,15364,0,9683353546682,9683353546702
planner,15365,0,9683353546722,9683353546742
planner,15366,0,9683353546762,9683353546772
planner,15367,0,9683353546792,9683353546812
planner,15368,0,9683353546832,9683353546852
planner,15369,0,9683353546872,9683353546892
planner,15370,0,9683353546912,9683353546932
planner,15371,0,9683353546952,9683353546962
planner,15372,0,9683353546992,9683353547002
planner,15373,0,9683353547022,9683353547042
planner,15374,0,9683353547062,9683353547082
planner,15375,0,9683353547102,9683353547122
planner,15376,0,9683353547142,9683353547162
planner,15377,0,9683353547182,9683353547192
planner,15378,0,9683353547212,9683353547232
planner,15379,0,9683353547252,9683353547272
planner,15380,0,9683353547292,9683353547312
planner,15381,0,9683353547332,9683353547352
planner,15382,0,9683353547372,9683353547392
planner,15383,0,9683353547412,9683353547422
planner,15384,0,9683353547442,9683353547462
planner,15385,0,9683353547482,9683353547502
planner,15386,0,9683353547522,9683353547542
planner,15387,0,9683353547562,9683353547582
planner,15388,0,9683353547602,9683353547612
planner,15389,0,9683353547632,9683353547652
planner,15390,0,9683353547672,9683353547692
planner,15391,0,9683353547712,9683353547732
planner,15392,0,9683353547752,9683353547772
planner,15393,0,9683353547792,9683353547802
planner,15394,0,9683353547832,9683353547842
planner,15395,0,9683353547862,9683353547882
planner,15396,0,9683353547902,9683353547922
planner,15397,0,9683353547942,9683353547962
planner,15398,0,9683353547982,9683353548002
planner,15399,0,9683353548022,9683353548032
planner,15400,0,9683353548052,9683353548072
planner,15401,0,9683353548092,9683353548112
planner,15402,0,9683353548132,9683353548152
planner,15403,0,9683353548172,9683353548192
planner,15404,0,9683353548212,9683353548232
planner,15405,0,9683353548252,9683353548262
planner,15406,0,9683353548282,9683353548302
planner,15407,0,9683353548322,9683353548342
planner,15408,0,9683353548362,9683353548382
planner,15409,0,9683353548402,9683353548422
planner,15410,0,9683353548442,9683353548452
planner,15411,0,9683353548472,9683353548492
planner,15412,0,9683353548512,9683353548532
planner,15413,0,9683353548552,9683353548572
planner,15414,0,9683353548592,9683353548612
planner,15415,0,9683353548632,9683353548652
planner,15416,0,9683353548672,9683353548682
planner,15417,0,9683353548702,9683353548722
planner,15418,0,9683353548742,9683353548762
planner,15419,0,9683353548782,9683353548802
planner,15420,0,9683353548822,9683353548842
planner,15421,0,9683353548862,9683353548872
planner,15422,0,9683353548892,9683353548912
planner,15423,0,9683353548932,9683353548952
planner,15424,0,9683353548972,9683353548992
planner,15425,0,9683353549012,9683353549032
planner,15426,0,9683353549052,9683353549072
planner,15427,0,9683353549092,9683353549102
planner,15428,0,9683353549122,9683353549142
planner,15429,0,9683353549162,9683353549182
planner,15430,0,9683353549202,9683353549222
planner,15431,0,9683353549242,9683353549262
planner,15432,0,9683353549282,9683353549292
planner,15433,0,9683353549322,9683353549332
planner,15434,0,9683353549352,9683353549372
planner,15435,0,9683353549392,9683353549412
planner,15436,0,9683353549432,9683353549452
planner,15437,0,9683353549472,9683353549492
planner,15438,0,9683353549512,9683353549522
planner,15439,0,9683353549542,9683353549562
planner,15440,0,9683353549582,9683353549602
planner,15441,0,9683353549622,9683353549642
planner,15442,0,9683353549662,9683353549682
planner,15443,0,9683353549702,9683353549722
planner,15444,0,9683353549742,9683353549752
planner,15445,0,9683353549772,9683353549792
planner,15446,0,9683353549812,9683353549832
planner,15447,0,9683353549852,9683353549872
planner,15448,0,9683353549892,9683353549912
planner,15449,0,9683353549932,9683353549942
planner,15450,0,9683353549962,9683353549982
planner,15451,0,9683353550002,9683353550022
planner,15452,0,9683353550042,9683353550062
planner,15453,0,9683353550082,9683353550102
planner,15454,0,9683353550122,9683353550142
planner,15455,0,9683353550162,9683353550172
planner,15456,0,9683353550192,9683353550212
planner,15457,0,9683353550232,9683353550252
planner,15458,0,9683353550272,9683353550292
planner,15459,0,9683353550312,9683353550332
planner,15460,0,9683353550352,9683353550372
planner,15461,0,9683353550392,9683353550402
planner,15462,0,9683353550422,9683353550442
planner,15463,0,9683353550462,9683353550482
planner,15464,0,9683353550502,9683353550522
planner,15465,0,9683353550542,9683353550562
planner,15466,0,9683353550582,9683353550592
planner,15467,0,9683353550622,9683353550632
planner,15468,0,9683353550652,9683353550672
planner,15469,0,9683353550692,9683353550712
planner,15470,0,9683353550732,9683353550752
planner,15471,0,9683353550772,9683353550792
planner,15472,0,9683353550812,9683353550822
planner,15473,0,9683353550842,9683353550862
planner,15474,0,9683353550882,9683353550902
planner,15475,0,9683353550922,9683353550942
planner,15476,0,9683353550962,9683353550982
planner,15477,0,9683353551002,9683353551012
planner,15478,0,9683353551042,9683353551052
planner,15479,0,9683353551072,9683353551092
planner,15480,0,9683353551112,9683353551132
planner,15481,0,9683353551152,9683353551172
planner,15482,0,9683353551192,9683353551212
planner,15483,0,9683353551232,9683353551242
planner,15484,0,9683353551262,9683353551282
planner,15485,0,9683353551302,9683353551322
planner,15486,0,9683353551342,9683353551362
planner,15487,0,9683353551382,9683353551402
planner,15488,0,9683353551852,9683353551872
planner,15489,0,9683353551892,9683353551912
planner,15490,0,9683353551932,9683353551952
planner,15491,0,9683353551972,9683353551992
planner,15492,0,9683353552012,9683353552032
planner,15493,0,9683353552052,9683353552072
planner,15494,0,9683353552092,9683353552112
planner,15495,0,9683353552132,9683353552142
planner,15496,0,9683353552162,9683353552182
planner,15497,0,9683353552202,9683353552222
planner,15498,0,9683353552242,9683353552262
planner,15499,0,9683353552282,9683353552302
planner,15500,0,9683353552322,9683353552342
planner,15501,0,9683353552362,9683353552372
planner,15502,0,9683353552392,9683353552412
planner,15503,0,9683353552432,9683353552452
planner,15504,0,9683353552472,9683353552492
planner,15505,0,9683353552512,9683353552532
planner,15506,0,9683353552552,9683353552562
planner,15507,0,9683353552592,9683353552602
planner,15508,0,9683353552622,9683353552642
planner,15509,0,9683353552662,9683353552682
planner,15510,0,9683353552702,9683353552722
planner,15511,0,9683353552742,9683353552762
planner,15512,0,9683353552782,9683353552792
planner,15513,0,9683353552812,9683353552832
planner,15514,0,9683353552852,9683353552872
planner,15515,0,9683353552892,9683353552912
planner,15516,0,9683353552932,9683353552952
planner,15517,0,9683353552972,9683353552982
planner,15518,0,9683353553002,9683353553022
planner,15519,0,9683353553042,9683353553062
planner,15520,0,9683353553082,9683353553102
planner,15521,0,9683353553122,9683353553142
planner,15522,0,9683353553162,9683353553182
planner,15523,0,9683353553202,9683353553212
planner,15524,0,9683353553232,9683353553252
planner,15525,0,9683353553272,9683353553292
planner,15526,0,9683353553312,9683353553332
planner,15527,0,9683353553352,9683353553372
planner,15528,0,9683353553392,9683353553402
planner,15529,0,9683353553422,9683353553442
planner,15530,0,9683353553462,9683353553482
planner,15531,0,9683353553502,9683353553522
planner,15532,0,9683353553542,9683353553562
planner,15533,0,9683353553582,9683353553602
planner,15534,0,9683353553622,9683353553632
planner,15535,0,9683353553652,9683353553672
planner,15536,0,9683353553692,9683353553712
planner,15537,0,9683353553732,9683353553752
planner,15538,0,9683353553772,9683353553792
planner,15539,0,9683353553812,9683353553822
planner,15540,0,9683353553842,9683353553862
planner,15541,0,9683353553882,9683353553902
planner,15542,0,9683353553922,9683353553942
planner,15543,0,9683353553962,9683353553982
planner,15544,0,9683353554002,9683353554022
planner,15545,0,9683353554042,9683353554052
planner,15546,0,9683353554072,9683353554092
planner,15547,0,9683353554112,9683353554132
planner,15548,0,9683353554152,9683353554172
planner,15549,0,9683353554192,9683353554212
planner,15550,0,9683353554232,9683353554242
planner,15551,0,9683353554262,9683353554282
planner,15552,0,9683353554302,9683353554322
planner,15553,0,9683353554342,9683353554362
planner,15554,0,9683353554382,9683353554402
planner,15555,0,9683353554422,9683353554442
planner,15556,0,9683353554462,9683353554472
planner,15557,0,9683353554492,9683353554512
planner,15558,0,9683353554532,9683353554552
planner,15559,0,9683353554572,9683353554592
planner,15560,0,9683353554612,9683353554632
planner,15561,0,9683353554652,9683353554662
planner,15562,0,9683353554692,9683353554702
planner,15563,0,9683353554722,9683353554742
planner,15564,0,9683353554762,9683353554782
planner,15565,0,9683353554802,9683353554822
planner,15566,0,9683353554842,9683353554862
planner,15567,0,9683353554882,9683353554892
planner,15568,0,9683353554912,9683353554932
planner,15569,0,9683353554952,9683353554972
planner,15570,0,9683353554992,9683353555012
planner,15571,0,9683353555032,9683353555052
planner,15572,0,9683353555072,9683353555082
planner,15573,0,9683353555112,9683353555122
planner,15574,0,9683353555142,9683353555162
planner,15575,0,9683353555182,9683353555202
planner,15576,0,9683353555222,9683353555242
planner,15577,0,9683353555262,9683353555282
planner,15578,0,9683353555302,9683353555312
planner,15579,0,9683353555332,9683353555352
planner,15580,0,9683353555372,9683353555392
planner,15581,0,9683353555412,9683353555432
planner,15582,0,9683353555452,9683353555472
planner,15583,0,9683353555492,9683353555502
planner,15584,0,9683353555532,9683353555542
planner,15585,0,9683353555562,9683353555582
planner,15586,0,9683353555602,9683353555622
planner,15587,0,9683353555642,9683353555662
planner,15588,0,9683353555682,9683353555702
planner,15589,0,9683353555722,9683353555732
planner,15590,0,9683353555752,9683353555772
planner,15591,0,9683353555792,9683353555812
planner,15592,0,9683353555832,9683353555852
planner,15593,0,9683353555872,9683353555892
planner,15594,0,9683353555912,9683353555932
planner,15595,0,9683353555952,9683353555962
planner,15596,0,9683353555982,9683353556002
planner,15597,0,9683353556022,9683353556042
planner,15598,0,9683353556062,9683353556082
planner,15599,0,9683353556102,9683353556122
planner,15600,0,9683353556142,9683353556152
planner,15601,0,9683353556172,9683353556192
planner,15602,0,9683353556212,9683353556232
planner,15603,0,9683353556252,9683353556272
planner,15604,0,9683353556292,9683353556312
planner,15605,0,9683353556332,9683353556352
planner,15606,0,9683353556372,9683353556382
planner,15607,0,9683353556402,9683353556422
planner,15608,0,9683353556442,9683353556462
planner,15609,0,9683353556482,9683353556502
planner,15610,0,9683353556522,9683353556542
planner,15611,0,9683353556562,9683353556572
planner,15612,0,9683353556592,9683353556612
planner,15613,0,9683353556632,9683353556652
planner,15614,0,9683353556672,9683353556692
planner,15615,0,9683353556712,9683353556732
planner,15616,0,9683353557192,9683353557202
planner,15617,0,9683353557232,9683353557242
planner,15618,0,9683353557262,9683353557282
planner,15619,0,9683353557302,9683353557322
planner,15620,0,9683353557342,9683353557362
planner,15621,0,9683353557382,9683353557402
planner,15622,0,9683353557422,9683353557442
planner,15623,0,9683353557462,9683353557482
planner,15624,0,9683353557502,9683353557512
planner,15625,0,9683353557532,9683353557552
planner,15626,0,9683353557572,9683353557592
planner,15627,0,9683353557612,9683353557632
planner,15628,0,9683353557652,9683353557672
planner,15629,0,9683353557692,9683353557702
planner,15630,0,9683353557722,9683353557742
planner,15631,0,9683353557762,9683353557782
planner,15632,0,9683353557802,9683353557822
planner,15633,0,9683353557842,9683353557862
planner,15634,0,9683353557882,9683353557902
planner,15635,0,9683353557922,9683353557932
planner,15636,0,9683353557952,9683353557972
planner,15637,0,9683353557992,9683353558012
planner,15638,0,9683353558032,9683353558052
planner,15639,0,9683353558072,9683353558092
planner,15640,0,9683353558112,9683353558122
planner,15641,0,9683353558152,9683353558162
planner,15642,0,9683353558182,9683353558202
planner,15643,0,9683353558222,9683353558242
planner,15644,0,9683353558262,9683353558282
planner,15645,0,9683353558302,9683353558322
planner,15646,0,9683353558342,9683353558352
planner,15647,0,9683353558372,9683353558392
planner,15648,0,9683353558412,9683353558432
planner,15649,0,9683353558452,9683353558472
planner,15650,0,9683353558492,9683353558512
planner,15651,0,9683353558532,9683353558542
planner,15652,0,9683353558562,9683353558582
planner,15653,0,9683353558602,9683353558622
planner,15654,0,9683353558642,9683353558662
planner,15655,0,9683353558682,9683353558702
planner,15656,0,9683353558722,9683353558732
planner,15657,0,9683353558762,9683353558772
planner,15658,0,9683353558792,9683353558812
planner,15659,0,9683353558832,9683353558852
planner,15660,0,9683353558872,9683353558892
planner,15661,0,9683353558912,9683353558932
planner,15662,0,9683353558952,9683353558962
planner,15663,0,9683353558982,9683353559002
planner,15664,0,9683353559022,9683353559042
planner,15665,0,9683353559062,9683353559082
planner,15666,0,9683353559102,9683353559122
planner,15667,0,9683353559142,9683353559152
planner,15668,0,9683353559182,9683353559192
planner,15669,0,9683353559212,9683353559232
planner,15670,0,9683353559252,9683353559272
planner,15671,0,9683353559292,9683353559312
planner,15672,0,9683353559332,9683353559352
planner,15673,0,9683353559372,9683353559382
planner,15674,0,9683353559402,9683353559422
planner,15675,0,9683353559442,9683353559462
planner,15676,0,9683353559482,9683353559502
planner,15677,0,9683353559522,9683353559542
planner,15678,0,9683353559562,9683353559572
planner,15679,0,9683353559592,9683353559612
planner,15680,0,9683353559632,9683353559652
planner,15681,0,9683353559672,9683353559692
planner,15682,0,9683353559712,9683353559732
planner,15683,0,9683353559752,9683353559772
planner,15684,0,9683353559792,9683353559802
planner,15685,0,9683353559822,9683353559842
planner,15686,0,9683353559862,9683353559882
planner,15687,0,9683353559902,9683353559922
planner,15688,0,9683353559942,9683353559962
planner,15689,0,9683353559982,9683353559992
planner,15690,0,9683353560012,9683353560032
planner,15691,0,9683353560052,9683353560072
planner,15692,0,9683353560092,9683353560112
planner,15693,0,9683353560132,9683353560152
planner,15694,0,9683353560172,9683353560192
planner,15695,0,9683353560212,9683353560222
planner,15696,0,9683353560242,9683353560262
planner,15697,0,9683353560282,9683353560302
planner,15698,0,9683353560322,9683353560342
planner,15699,0,9683353560362,9683353560382
planner,15700,0,9683353560402,9683353560412
planner,15701,0,9683353560432,9683353560452
planner,15702,0,9683353560472,9683353560492
planner,15703,0,9683353560512,9683353560532
planner,15704,0,9683353560552,9683353560572
planner,15705,0,9683353560592,9683353560612
planner,15706,0,9683353560632,9683353560642
planner,15707,0,9683353560662,9683353560682
planner,15708,0,9683353560702,9683353560722
planner,15709,0,9683353560742,9683353560762
planner,15710,0,9683353560782,9683353560802
planner,15711,0,9683353560822,9683353560832
planner,15712,0,9683353560862,9683353560872
planner,15713,0,9683353560892,9683353560912
planner,15714,0,9683353560932,9683353560952
planner,15715,0,9683353560972,9683353560992
planner,15716,0,9683353561012,9683353561032
planner,15717,0,9683353561052,9683353561062
planner,15718,0,9683353561082,9683353561102
planner,15719,0,9683353561122,9683353561142
planner,15720,0,9683353561162,9683353561182
planner,15721,0,9683353561202,9683353561222
planner,15722,0,9683353561242,9683353561262
planner,15723,0,9683353561282,9683353561292
planner,15724,0,9683353561312,9683353561332
planner,15725,0,9683353561352,9683353561372
planner,15726,0,9683353561392,9683353561412
planner,15727,0,9683353561432,9683353561452
planner,15728,0,9683353561472,9683353561482
planner,15729,0,9683353561502,9683353561522
planner,15730,0,9683353561542,9683353561562
planner,15731,0,9683353561582,9683353561602
planner,15732,0,9683353561622,9683353561642
planner,15733,0,9683353561662,9683353561682
planner,15734,0,9683353561702,9683353561712
planner,15735,0,9683353561732,9683353561752
planner,15736,0,9683353561772,9683353561792
planner,15737,0,9683353561812,9683353561832
planner,15738,0,9683353561852,9683353561872
planner,15739,0,9683353561892,9683353561902
planner,15740,0,9683353561922,9683353561942
planner,15741,0,9683353561962,9683353561982
planner,15742,0,9683353562002,9683353562022
planner,15743,0,9683353562042,9683353562062
planner,15744,0,9683353562492,9683353562502
planner,15745,0,9683353562532,9683353562542
planner,15746,0,9683353562562,9683353562582
planner,15747,0,9683353562602,9683353562622
planner,15748,0,9683353562642,9683353562662
planner,15749,0,9683353562682,9683353562702
planner,15750,0,9683353562722,9683353562742
planner,15751,0,9683353562762,9683353562772
planner,15752,0,9683353562792,9683353562812
planner,15753,0,9683353562832,9683353562852
planner,15754,0,9683353562872,9683353562892
planner,15755,0,9683353562912,9683353562932
planner,15756,0,9683353562952,9683353562962
planner,15757,0,9683353562992,9683353563002
planner,15758,0,9683353563022,9683353563042
planner,15759,0,9683353563062,9683353563082
planner,15760,0,9683353563102,9683353563122
planner,15761,0,9683353563142,9683353563162
planner,15762,0,9683353563182,9683353563192
planner,15763,0,9683353563212,9683353563232
planner,15764,0,9683353563252,9683353563272
planner,15765,0,9683353563292,9683353563312
planner,15766,0,9683353563332,9683353563352
planner,15767,0,9683353563372,9683353563382
planner,15768,0,9683353563402,9683353563422
planner,15769,0,9683353563442,9683353563462
planner,15770,0,9683353563482,9683353563502
planner,15771,0,9683353563522,9683353563542
planner,15772,0,9683353563562,9683353563572
planner,15773,0,9683353563592,9683353563612
planner,15774,0,9683353563632,9683353563652
planner,15775,0,9683353563672,9683353563692
planner,15776,0,9683353563712,9683353563732
planner,15777,0,9683353563752,9683353563762
planner,15778,0,9683353563782,9683353563802
planner,15779,0,9683353563822,9683353563842
planner,15780,0,9683353563862,9683353563882
planner,15781,0,9683353563902,9683353563922
planner,15782,0,9683353563942,9683353563952
planner,15783,0,9683353563972,9683353563992
planner,15784,0,9683353564012,9683353564032
planner,15785,0,9683353564052,9683353564072
planner,15786,0,9683353564092,9683353564112
planner,15787,0,9683353564132,9683353564142
planner,15788,0,9683353564162,9683353564182
planner,15789,0,9683353564202,9683353564222
planner,15790,0,9683353564242,9683353564262
planner,15791,0,9683353564282,9683353564302
planner,15792,0,9683353564322,9683353564332
planner,15793,0,9683353564362,9683353564372
planner,15794,0,9683353564392,9683353564412
planner,15795,0,9683353564432,9683353564452
planner,15796,0,9683353564472,9683353564492
planner,15797,0,9683353564512,9683353564532
planner,15798,0,9683353564552,9683353564562
planner,15799,0,9683353564582,9683353564602
planner,15800,0,9683353564622,9683353564642
planner,15801,0,9683353564662,9683353564682
planner,15802,0,9683353564702,9683353564722
planner,15803,0,9683353564742,9683353564752
planner,15804,0,9683353564772,9683353564792
planner,15805,0,9683353564812,9683353564832
planner,15806,0,9683353564852,9683353564872
planner,15807,0,9683353564892,9683353564912
planner,15808,0,9683353564932,9683353564942
planner,15809,0,9683353564962,9683353564982
planner,15810,0,9683353565002,9683353565022
planner,15811,0,9683353565042,9683353565062
planner,15812,0,9683353565082,9683353565102
planner,15813,0,9683353565122,9683353565132
planner,15814,0,9683353565152,9683353565172
planner,15815,0,9683353565192,9683353565212
planner,15816,0,9683353565232,9683353565252
planner,15817,0,9683353565272,9683353565292
planner,15818,0,9683353565312,9683353565332
planner,15819,0,9683353565352,9683353565362
planner,15820,0,9683353565382,9683353565402
planner,15821,0,9683353565422,9683353565442
planner,15822,0,9683353565462,9683353565482
planner,15823,0,9683353565502,9683353565522
planner,15824,0,9683353565542,9683353565552
planner,15825,0,9683353565572,9683353565592
planner,15826,0,9683353565612,9683353565632
planner,15827,0,9683353565652,9683353565672
planner,15828,0,9683353565692,9683353565712
planner,15829,0,9683353565732,9683353565742
planner,15830,0,9683353565762,9683353565782
planner,15831,0,9683353565802,9683353565822
planner,15832,0,9683353565842,9683353565862
planner,15833,0,9683353565882,9683353565902
planner,15834,0,9683353565922,9683353565942
planner,15835,0,9683353565962,9683353565972
planner,15836,0,9683353565992,9683353566012
planner,15837,0,9683353566032,9683353566052
planner,15838,0,9683353566072,9683353566092
planner,15839,0,9683353566112,9683353566132
planner,15840,0,9683353566152,9683353566162
planner,15841,0,9683353566182,9683353566202
planner,15842,0,9683353566222,9683353566242
planner,15843,0,9683353566262,9683353566282
planner,15844,0,9683353566302,9683353566322
planner,15845,0,9683353566342,9683353566352
planner,15846,0,9683353566372,9683353566392
planner,15847,0,9683353566412,9683353566432
planner,15848,0,9683353566452,9683353566472
planner,15849,0,9683353566492,9683353566512
planner,15850,0,9683353566532,9683353566542
planner,15851,0,9683353566562,9683353566582
planner,15852,0,9683353566602,9683353566622
planner,15853,0,9683353566642,9683353566662
planner,15854,0,9683353566682,9683353566702
planner,15855,0,9683353566722,9683353566742
planner,15856,0,9683353566762,9683353566772
planner,15857,0,9683353566792,9683353566812
planner,15858,0,9683353566832,9683353566852
planner,15859,0,9683353566872,9683353566892
planner,15860,0,9683353566912,9683353566932
planner,15861,0,9683353566952,9683353566962
planner,15862,0,9683353566982,9683353567002
planner,15863,0,9683353567022,9683353567042
planner,15864,0,9683353567062,9683353567082
planner,15865,0,9683353567102,9683353567122
planner,15866,0,9683353567142,9683353567152
planner,15867,0,9683353567172,9683353567192
planner,15868,0,9683353567212,9683353567232
planner,15869,0,9683353567252,9683353567272
planner,15870,0,9683353567292,9683353567312
planner,15871,0,9683353567332,9683353567352
planner,15872,0,9683353568312,9683353568332
planner,15873,0,9683353568352,9683353568372
planner,15874,0,9683353568392,9683353568412
planner,15875,0,9683353568432,9683353568452
planner,15876,0,9683353568472,9683353568492
planner,15877,0,9683353568512,9683353568522
planner,15878,0,9683353568542,9683353568562
planner,15879,0,9683353568582,9683353568602
planner,15880,0,9683353568622,9683353568642
planner,15881,0,9683353568662,9683353568682
planner,15882,0,9683353568702,9683353568712
planner,15883,0,9683353568732,9683353568752
planner,15884,0,9683353568772,9683353568792
planner,15885,0,9683353568812,9683353568832
planner,15886,0,9683353568852,9683353568872
planner,15887,0,9683353568892,9683353568902
planner,15888,0,9683353568932,9683353568942
planner,15889,0,9683353568962,9683353568982
planner,15890,0,9683353569002,9683353569022
planner,15891,0,9683353569042,9683353569062
planner,15892,0,9683353569082,9683353569102
planner,15893,0,9683353569122,9683353569132
planner,15894,0,9683353569152,9683353569172
planner,15895,0,9683353569192,9683353569212
planner,15896,0,9683353569232,9683353569252
planner,15897,0,9683353569272,9683353569292
planner,15898,0,9683353569312,9683353569322
planner,15899,0,9683353569342,9683353569362
planner,15900,0,9683353569382,9683353569402
planner,15901,0,9683353569422,9683353569442
planner,15902,0,9683353569462,9683353569482
planner,15903,0,9683353569502,9683353569512
planner,15904,0,9683353569532,9683353569552
planner,15905,0,9683353569572,9683353569592
planner,15906,0,9683353569612,9683353569632
planner,15907,0,9683353569652,9683353569672
planner,15908,0,9683353569692,9683353569702
planner,15909,0,9683353569722,9683353569742
planner,15910,0,9683353569762,9683353569782
planner,15911,0,9683353569802,9683353569822
planner,15912,0,9683353569842,9683353569862
planner,15913,0,9683353569882,9683353569892
planner,15914,0,9683353569912,9683353569932
planner,15915,0,9683353569952,9683353569972
planner,15916,0,9683353569992,9683353570012
planner,15917,0,9683353570032,9683353570052
planner,15918,0,9683353570072,9683353570082
planner,15919,0,9683353570102,9683353570122
planner,15920,0,9683353570142,9683353570162
planner,15921,0,9683353570182,9683353570202
planner,15922,0,9683353570222,9683353570242
planner,15923,0,9683353570262,9683353570272
planner,15924,0,9683353570292,9683353570312
planner,15925,0,9683353570332,9683353570352
planner,15926,0,9683353570372,9683353570392
planner,15927,0,9683353570412,9683353570432
planner,15928,0,9683353570452,9683353570462
planner,15929,0,9683353570482,9683353570502
planner,15930,0,9683353570522,9683353570542
planner,15931,0,9683353570562,9683353570582
planner,15932,0,9683353570602,9683353570622
planner,15933,0,9683353570642,9683353570652
planner,15934,0,9683353570682,9683353570692
planner,15935,0,9683353570712,9683353570732
planner,15936,0,9683353570752,9683353570772
planner,15937,0,9683353570792,9683353570812
planner,15938,0,9683353570832,9683353570852
planner,15939,0,9683353570872,9683353570882
planner,15940,0,9683353570902,9683353570922
planner,15941,0,9683353570942,9683353570962
planner,15942,0,9683353570982,9683353571002
planner,15943,0,9683353571022,9683353571042
planner,15944,0,9683353571062,9683353571072
planner,15945,0,9683353571092,9683353571112
planner,15946,0,9683353571132,9683353571152
planner,15947,0,9683353571172,9683353571192
planner,15948,0,9683353571212,9683353571232
planner,15949,0,9683353571252,9683353571262
planner,15950,0,9683353571282,9683353571302
planner,15951,0,9683353571322,9683353571342
planner,15952,0,9683353571362,9683353571382
planner,15953,0,9683353571402,9683353571422
planner,15954,0,9683353571442,9683353571452
planner,15955,0,9683353571472,9683353571492
planner,15956,0,9683353571512,9683353571532
planner,15957,0,9683353571552,9683353571572
planner,15958,0,9683353571592,9683353571612
planner,15959,0,9683353571632,9683353571642
planner,15960,0,9683353571662,9683353571682
planner,15961,0,9683353571702,9683353571722
planner,15962,0,9683353571742,9683353571762
planner,15963,0,9683353571782,9683353571802
planner,15964,0,9683353571822,9683353571832
planner,15965,0,9683353571852,9683353571872
planner,15966,0,9683353571892,9683353571912
planner,15967,0,9683353571932,9683353571952
planner,15968,0,9683353571972,9683353571992
planner,15969,0,9683353572012,9683353572032
planner,15970,0,9683353572052,9683353572062
planner,15971,0,9683353572082,9683353572102
planner,15972,0,9683353572122,9683353572142
planner,15973,0,9683353572162,9683353572182
planner,15974,0,9683353572202,9683353572222
planner,15975,0,9683353572242,9683353572252
planner,15976,0,9683353572272,9683353572292
planner,15977,0,9683353572312,9683353572332
planner,15978,0,9683353572352,9683353572372
planner,15979,0,9683353572392,9683353572412
planner,15980,0,9683353572432,9683353572442
planner,15981,0,9683353572462,9683353572482
planner,15982,0,9683353572502,9683353572522
planner,15983,0,9683353572542,9683353572562
planner,15984,0,9683353572582,9683353572602
planner,15985,0,9683353572622,9683353572632
planner,15986,0,9683353572652,9683353572672
planner,15987,0,9683353572692,9683353572712
planner,15988,0,9683353572732,9683353572752
planner,15989,0,9683353572772,9683353572792
planner,15990,0,9683353572812,9683353572822
planner,15991,0,9683353572842,9683353572862
planner,15992,0,9683353572882,9683353572902
planner,15993,0,9683353572922,9683353572942
planner,15994,0,9683353572962,9683353572982
planner,15995,0,9683353573002,9683353573012
planner,15996,0,9683353573042,9683353573052
planner,15997,0,9683353573072,9683353573092
planner,15998,0,9683353573112,9683353573132
planner,15999,0,9683353573152,9683353573172
planner,16000,0,9683353573602,9683353573622
planner,16001,0,9683353573642,9683353573662
planner,16002,0,9683353573682,9683353573702
planner,16003,0,9683353573722,9683353573742
planner,16004,0,9683353573762,9683353573782
planner,16005,0,9683353573802,9683353573822
planner,16006,0,9683353573842,9683353573852
planner,16007,0,9683353573872,9683353573892
planner,16008,0,9683353573912,9683353573932
planner,16009,0,9683353573952,9683353573972
planner,16010,0,9683353573992,9683353574012
planner,16011,0,9683353574032,9683353574042
planner,16012,0,9683353574072,9683353574082
planner,16013,0,9683353574102,9683353574122
planner,16014,0,9683353574142,9683353574162
planner,16015,0,9683353574182,9683353574202
planner,16016,0,9683353574222,9683353574242
planner,16017,0,9683353574262,9683353574272
planner,16018,0,9683353574292,9683353574312
planner,16019,0,9683353574332,9683353574352
planner,16020,0,9683353574372,9683353574392
planner,16021,0,9683353574412,9683353574432
planner,16022,0,9683353574452,9683353574462
planner,16023,0,9683353574482,9683353574502
planner,16024,0,9683353574522,9683353574542
planner,16025,0,9683353574562,9683353574582
planner,16026,0,9683353574602,9683353574622
planner,16027,0,9683353574642,9683353574652
planner,16028,0,9683353574672,9683353574692
planner,16029,0,9683353574712,9683353574732
planner,16030,0,9683353574752,9683353574772
planner,16031,0,9683353574792,9683353574812
planner,16032,0,9683353574832,9683353574842
planner,16033,0,9683353574872,9683353574882
planner,16034,0,9683353574902,9683353574922
planner,16035,0,9683353574942,9683353574962
planner,16036,0,9683353574982,9683353575002
planner,16037,0,9683353575022,9683353575042
planner,16038,0,9683353575062,9683353575072
planner,16039,0,9683353575092,9683353575112
planner,16040,0,9683353575132,9683353575152
planner,16041,0,9683353575172,9683353575192
planner,16042,0,9683353575212,9683353575232
planner,16043,0,9683353575252,9683353575262
planner,16044,0,9683353575282,9683353575302
planner,16045,0,9683353575322,9683353575342
planner,16046,0,9683353575362,9683353575382
planner,16047,0,9683353575402,9683353575422
planner,16048,0,9683353575442,9683353575452
planner,16049,0,9683353575472,9683353575492
planner,16050,0,9683353575512,9683353575532
planner,16051,0,9683353575552,9683353575572
planner,16052,0,9683353575592,9683353575612
planner,16053,0,9683353575632,9683353575642
planner,16054,0,9683353575662,9683353575682
planner,16055,0,9683353575702,9683353575722
planner,16056,0,9683353575742,9683353575762
planner,16057,0,9683353575782,9683353575802
planner,16058,0,9683353575822,9683353575842
planner,16059,0,9683353575862,9683353575872
planner,16060,0,9683353575892,9683353575912
planner,16061,0,9683353575932,9683353575952
planner,16062,0,9683353575972,9683353575992
planner,16063,0,9683353576012,9683353576032
planner,16064,0,9683353576052,9683353576062
planner,16065,0,9683353576082,9683353576102
planner,16066,0,9683353576122,9683353576142
planner,16067,0,9683353576162,9683353576182
planner,16068,0,9683353576202,9683353576222
planner,16069,0,9683353576242,9683353576252
planner,16070,0,9683353576272,9683353576292
planner,16071,0,9683353576312,9683353576332
planner,16072,0,9683353576352,9683353576372
planner,16073,0,9683353576392,9683353576412
planner,16074,0,9683353576432,9683353576442
planner,16075,0,9683353576472,9683353576482
planner,16076,0,9683353576502,9683353576522
planner,16077,0,9683353576542,9683353576562
planner,16078,0,9683353576582,9683353576602
planner,16079,0,9683353576622,9683353576642
planner,16080,0,9683353576662,9683353576672
planner,16081,0,9683353576692,9683353576712
planner,16082,0,9683353576732,9683353576752
planner,16083,0,9683353576772,9683353576792
planner,16084,0,9683353576812,9683353576832
planner,16085,0,9683353576852,9683353576862
planner,16086,0,9683353576882,9683353576902
planner,16087,0,9683353576922,9683353576942
planner,16088,0,9683353576962,9683353576982
planner,16089,0,9683353577002,9683353577022
planner,16090,0,9683353577042,9683353577052
planner,16091,0,9683353577072,9683353577092
planner,16092,0,9683353577112,9683353577132
planner,16093,0,9683353577152,9683353577172
planner,16094,0,9683353577192,9683353577212
planner,16095,0,9683353577232,9683353577242
planner,16096,0,9683353577272,9683353577282
planner,16097,0,9683353577302,9683353577322
planner,16098,0,9683353577342,9683353577362
planner,16099,0,9683353577382,9683353577402
planner,16100,0,9683353577422,9683353577442
planner,16101,0,9683353577462,9683353577472
planner,16102,0,9683353577492,9683353577512
planner,16103,0,9683353577532,9683353577552
planner,16104,0,9683353577572,9683353577592
planner,16105,0,9683353577612,9683353577632
planner,16106,0,9683353577652,9683353577662
planner,16107,0,9683353577682,9683353577702
planner,16108,0,9683353577722,9683353577742
planner,16109,0,9683353577762,9683353577782
planner,16110,0,9683353577802,9683353577822
planner,16111,0,9683353577842,9683353577852
planner,16112,0,9683353577872,9683353577892
planner,16113,0,9683353577912,9683353577932
planner,16114,0,9683353577952,9683353577972
planner,16115,0,9683353577992,9683353578012
planner,16116,0,9683353578032,9683353578042
planner,16117,0,9683353578062,9683353578082
planner,16118,0,9683353578102,9683353578122
planner,16119,0,9683353578142,9683353578162
planner,16120,0,9683353578182,9683353578202
planner,16121,0,9683353578222,9683353578232
planner,16122,0,9683353578262,9683353578272
planner,16123,0,9683353578292,9683353578312
planner,16124,0,9683353578332,9683353578352
planner,16125,0,9683353578372,9683353578392
planner,16126,0,9683353578412,9683353578432
planner,16127,0,9683353578452,9683353578462
planner,16128,0,9683353578912,9683353578932
planner,16129,0,9683353578952,9683353578972
planner,16130,0,9683353578992,9683353579012
planner,16131,0,9683353579032,9683353579052
planner,16132,0,9683353579072,9683353579092
planner,16133,0,9683353579112,9683353579132
planner,16134,0,9683353579152,9683353579162
planner,16135,0,9683353579182,9683353579202
planner,16136,0,9683353579222,9683353579242
planner,16137,0,9683353579262,9683353579282
planner,16138,0,9683353579302,9683353579322
planner,16139,0,9683353579342,9683353579352
planner,16140,0,9683353579372,9683353579392
planner,16141,0,9683353579412,9683353579432
planner,16142,0,9683353579452,9683353579472
planner,16143,0,9683353579492,9683353579512
planner,16144,0,9683353579532,9683353579542
planner,16145,0,9683353579562,9683353579582
planner,16146,0,9683353579602,9683353579622
planner,16147,0,9683353579642,9683353579662
planner,16148,0,9683353579682,9683353579702
planner,16149,0,9683353579722,9683353579742
planner,16150,0,9683353579762,9683353579772
planner,16151,0,9683353579792,9683353579812
planner,16152,0,9683353579832,9683353579852
planner,16153,0,9683353579872,9683353579892
planner,16154,0,9683353579912,9683353579932
planner,16155,0,9683353579952,9683353579962
planner,16156,0,9683353579982,9683353580002
planner,16157,0,9683353580022,9683353580042
planner,16158,0,9683353580062,9683353580082
planner,16159,0,9683353580102,9683353580122
planner,16160,0,9683353580142,9683353580152
planner,16161,0,9683353580172,9683353580192
planner,16162,0,9683353580212,9683353580232
planner,16163,0,9683353580252,9683353580272
planner,16164,0,9683353580292,9683353580312
planner,16165,0,9683353580332,9683353580342
planner,16166,0,9683353580372,9683353580382
planner,16167,0,9683353580402,9683353580422
planner,16168,0,9683353580442,9683353580462
planner,16169,0,9683353580482,9683353580502
planner,16170,0,9683353580522,9683353580542
planner,16171,0,9683353580562,9683353580572
planner,16172,0,9683353580592,9683353580612
planner,16173,0,9683353580632,9683353580652
planner,16174,0,9683353580672,9683353580692
planner,16175,0,9683353580712,9683353580732
planner,16176,0,9683353580752,9683353580762
planner,16177,0,9683353580782,9683353580802
planner,16178,0,9683353580822,9683353580842
planner,16179,0,9683353580862,9683353580882
planner,16180,0,9683353580902,9683353580922
planner,16181,0,9683353580942,9683353580952
planner,16182,0,9683353580972,9683353580992
planner,16183,0,9683353581012,9683353581032
planner,16184,0,9683353581052,9683353581072
planner,16185,0,9683353581092,9683353581112
planner,16186,0,9683353581132,9683353581152
planner,16187,0,9683353581172,9683353581182
planner,16188,0,9683353581202,9683353581222
planner,16189,0,9683353581242,9683353581262
planner,16190,0,9683353581282,9683353581302
planner,16191,0,9683353581322,9683353581342
planner,16192,0,9683353581362,9683353581372
planner,16193,0,9683353581392,9683353581412
planner,16194,0,9683353581432,9683353581452
planner,16195,0,9683353581472,9683353581492
planner,16196,0,9683353581512,9683353581532
planner,16197,0,9683353581552,9683353581562
planner,16198,0,9683353581582,9683353581602
planner,16199,0,9683353581622,9683353581642
planner,16200,0,9683353581662,9683353581682
planner,16201,0,9683353581702,9683353581722
planner,16202,0,9683353581742,9683353581752
planner,16203,0,9683353581782,9683353581792
planner,16204,0,9683353581812,9683353581832
planner,16205,0,9683353581852,9683353581872
planner,16206,0,9683353581892,9683353581912
planner,16207,0,9683353581932,9683353581952
planner,16208,0,9683353581972,9683353581982
planner,16209,0,9683353582002,9683353582022
planner,16210,0,9683353582042,9683353582062
planner,16211,0,9683353582082,9683353582102
planner,16212,0,9683353582122,9683353582142
planner,16213,0,9683353582162,9683353582172
planner,16214,0,9683353582192,9683353582212
planner,16215,0,9683353582232,9683353582252
planner,16216,0,9683353582272,9683353582292
planner,16217,0,9683353582312,9683353582332
planner,16218,0,9683353582352,9683353582362
planner,16219,0,9683353582382,9683353582402
planner,16220,0,9683353582422,9683353582442
planner,16221,0,9683353582462,9683353582482
planner,16222,0,9683353582502,9683353582522
planner,16223,0,9683353582542,9683353582552
planner,16224,0,9683353582572,9683353582592
planner,16225,0,9683353582612,9683353582632
planner,16226,0,9683353582652,9683353582672
planner,16227,0,9683353582692,9683353582712
planner,16228,0,9683353582732,9683353582752
planner,16229,0,9683353582772,9683353582782
planner,16230,0,9683353582802,9683353582822
planner,16231,0,9683353582842,9683353582862
planner,16232,0,9683353582882,9683353582902
planner,16233,0,9683353582922,9683353582942
planner,16234,0,9683353582962,9683353582972
planner,16235,0,9683353582992,9683353583012
planner,16236,0,9683353583032,9683353583052
planner,16237,0,9683353583072,9683353583092
planner,16238,0,9683353583112,9683353583132
planner,16239,0,9683353583152,9683353583162
planner,16240,0,9683353583182,9683353583202
planner,16241,0,9683353583222,9683353583242
planner,16242,0,9683353583262,9683353583282
planner,16243,0,9683353583302,9683353583322
planner,16244,0,9683353583342,9683353583352
planner,16245,0,9683353583372,9683353583392
planner,16246,0,9683353583412,9683353583432
planner,16247,0,9683353583452,9683353583472
planner,16248,0,9683353583492,9683353583512
planner,16249,0,9683353583532,9683353583552
planner,16250,0,9683353583572,9683353583582
planner,16251,0,9683353583602,9683353583622
planner,16252,0,9683353583642,9683353583662
planner,16253,0,9683353583682,9683353583702
planner,16254,0,9683353583722,9683353583742
planner,16255,0,9683353583762,9683353583772
planner,16256,0,9683353584232,9683353584252
planner,16257,0,9683353584272,9683353584282
planner,16258,0,9683353584312,9683353584322
planner,16259,0,9683353584342,9683353584362
planner,16260,0,9683353584382,9683353584402
planner,16261,0,9683353584422,9683353584442
planner,16262,0,9683353584462,9683353584482
planner,16263,0,9683353584502,9683353584522
planner,16264,0,9683353584542,9683353584552
planner,16265,0,9683353584572,9683353584592
planner,16266,0,9683353584612,9683353584632
planner,16267,0,9683353584652,9683353584672
planner,16268,0,9683353584692,9683353584712
planner,16269,0,9683353584732,9683353584742
planner,16270,0,9683353584762,9683353584782
planner,16271,0,9683353584802,9683353584822
planner,16272,0,9683353584842,9683353584862
planner,16273,0,9683353584882,9683353584902
planner,16274,0,9683353584922,9683353584932
planner,16275,0,9683353584962,9683353584972
planner,16276,0,9683353584992,9683353585012
planner,16277,0,9683353585032,9683353585052
planner,16278,0,9683353585072,9683353585092
planner,16279,0,9683353585112,9683353585132
planner,16280,0,9683353585152,9683353585162
planner,16281,0,9683353585182,9683353585202
planner,16282,0,9683353585222,9683353585242
planner,16283,0,9683353585262,9683353585282
planner,16284,0,9683353585302,9683353585322
planner,16285,0,9683353585342,9683353585352
planner,16286,0,9683353585372,9683353585392
planner,16287,0,9683353585412,9683353585432
planner,16288,0,9683353585452,9683353585472
planner,16289,0,9683353585492,9683353585512
planner,16290,0,9683353585532,9683353585542
planner,16291,0,9683353585562,9683353585582
planner,16292,0,9683353585602,9683353585622
planner,16293,0,9683353585642,9683353585662
planner,16294,0,9683353585682,9683353585702
planner,16295,0,9683353585722,9683353585732
planner,16296,0,9683353585752,9683353585772
planner,16297,0,9683353585792,9683353585812
planner,16298,0,9683353585832,9683353585852
planner,16299,0,9683353585872,9683353585892
planner,16300,0,9683353585912,9683353585922
planner,16301,0,9683353585942,9683353585962
planner,16302,0,9683353585982,9683353586002
planner,16303,0,9683353586022,9683353586042
planner,16304,0,9683353586062,9683353586082
planner,16305,0,9683353586102,9683353586112
planner,16306,0,9683353586142,9683353586152
planner,16307,0,9683353586172,9683353586192
planner,16308,0,9683353586212,9683353586232
planner,16309,0,9683353586252,9683353586272
planner,16310,0,9683353586292,9683353586312
planner,16311,0,9683353586332,9683353586342
planner,16312,0,9683353586362,9683353586382
planner,16313,0,9683353586402,9683353586422
planner,16314,0,9683353586442,9683353586462
planner,16315,0,9683353586482,9683353586502
planner,16316,0,9683353586522,9683353586532
planner,16317,0,9683353586552,9683353586572
planner,16318,0,9683353586592,9683353586612
planner,16319,0,9683353586632,9683353586652
planner,16320,0,9683353586672,9683353586692
planner,16321,0,9683353586712,9683353586722
planner,16322,0,9683353586742,9683353586762
planner,16323,0,9683353586782,9683353586802
planner,16324,0,9683353586822,9683353586842
planner,16325,0,9683353586862,9683353586882
planner,16326,0,9683353586902,9683353586912
planner,16327,0,9683353586932,9683353586952
planner,16328,0,9683353586972,9683353586992
planner,16329,0,9683353587012,9683353587032
planner,16330,0,9683353587052,9683353587072
planner,16331,0,9683353587092,9683353587102
planner,16332,0,9683353587132,9683353587142
planner,16333,0,9683353587162,9683353587182
planner,16334,0,9683353587202,9683353587222
planner,16335,0,9683353587242,9683353587262
planner,16336,0,9683353587282,9683353587302
planner,16337,0,9683353587322,9683353587332
planner,16338,0,9683353587352,9683353587372
planner,16339,0,9683353587392,9683353587412
planner,16340,0,9683353587432,9683353587452
planner,16341,0,9683353587472,9683353587492
planner,16342,0,9683353587512,9683353587522
planner,16343,0,9683353587542,9683353587562
planner,16344,0,9683353587582,9683353587602
planner,16345,0,9683353587622,9683353587642
planner,16346,0,9683353587662,9683353587682
planner,16347,0,9683353587702,9683353587712
planner,16348,0,9683353587732,9683353587752
planner,16349,0,9683353587772,9683353587792
planner,16350,0,9683353587812,9683353587832
planner,16351,0,9683353587852,9683353587872
planner,16352,0,9683353587892,9683353587902
planner,16353,0,9683353587922,9683353587942
planner,16354,0,9683353587962,9683353587982
planner,16355,0,9683353588002,9683353588022
planner,16356,0,9683353588042,9683353588062
planner,16357,0,9683353588082,9683353588102
planner,16358,0,9683353588122,9683353588132
planner,16359,0,9683353588152,9683353588172
planner,16360,0,9683353588192,9683353588212
planner,16361,0,9683353588232,9683353588252
planner,16362,0,9683353588272,9683353588292
planner,16363,0,9683353588312,9683353588322
planner,16364,0,9683353588342,9683353588362
planner,16365,0,9683353588382,9683353588402
planner,16366,0,9683353588422,9683353588442
planner,16367,0,9683353588462,9683353588482
planner,16368,0,9683353588502,9683353588512
planner,16369,0,9683353588542,9683353588552
planner,16370,0,9683353588572,9683353588592
planner,16371,0,9683353588612,9683353588632
planner,16372,0,9683353588652,9683353588672
planner,16373,0,9683353588692,9683353588712
planner,16374,0,9683353588732,9683353588742
planner,16375,0,9683353588762,9683353588782
planner,16376,0,9683353588802,9683353588822
planner,16377,0,9683353588842,9683353588862
planner,16378,0,9683353588882,9683353588902
planner,16379,0,9683353588922,9683353588932
planner,16380,0,9683353588952,9683353588972
planner,16381,0,9683353588992,9683353589012
planner,16382,0,9683353589032,9683353589052
planner,16383,0,9683353589072,9683353589092
planner,16384,0,9683353589502,9683353589522
planner,16385,0,9683353589542,9683353589562
planner,16386,0,9683353589582,9683353589602
planner,16387,0,9683353589622,9683353589642
planner,16388,0,9683353589662,9683353589672
planner,16389,0,9683353589702,9683353589712
planner,16390,0,9683353589732,9683353589752
planner,16391,0,9683353589772,9683353589792
planner,16392,0,9683353589812,9683353589832
planner,16393,0,9683353589852,9683353589872
planner,16394,0,9683353589892,9683353589902
planner,16395,0,9683353589922,9683353589942
planner,16396,0,9683353589962,9683353589982
planner,16397,0,9683353590002,9683353590022
planner,16398,0,9683353590042,9683353590062
planner,16399,0,9683353590082,9683353590092
planner,16400,0,9683353590122,9683353590132
planner,16401,0,9683353590152,9683353590172
planner,16402,0,9683353590192,9683353590212
planner,16403,0,9683353590232,9683353590252
planner,16404,0,9683353590272,9683353590292
planner,16405,0,9683353590312,9683353590322
planner,16406,0,9683353590342,9683353590362
planner,16407,0,9683353590382,9683353590402
planner,16408,0,9683353590422,9683353590442
planner,16409,0,9683353590462,9683353590482
planner,16410,0,9683353590502,9683353590512
planner,16411,0,9683353590532,9683353590552
planner,16412,0,9683353590572,9683353590592
planner,16413,0,9683353590612,9683353590632
planner,16414,0,9683353590652,9683353590672
planner,16415,0,9683353590692,9683353590702
planner,16416,0,9683353590722,9683353590742
planner,16417,0,9683353590762,9683353590782
planner,16418,0,9683353590802,9683353590822
planner,16419,0,9683353590842,9683353590862
planner,16420,0,9683353590882,9683353590902
planner,16421,0,9683353590922,9683353590932
planner,16422,0,9683353590952,9683353590972
planner,16423,0,9683353590992,9683353591012
planner,16424,0,9683353591032,9683353591052
planner,16425,0,9683353591072,9683353591092
planner,16426,0,9683353591112,9683353591122
planner,16427,0,9683353591142,9683353591162
planner,16428,0,9683353591182,9683353591202
planner,16429,0,9683353591222,9683353591242
planner,16430,0,9683353591262,9683353591282
planner,16431,0,9683353591302,9683353591312
planner,16432,0,9683353591332,9683353591352
planner,16433,0,9683353591372,9683353591392
planner,16434,0,9683353591412,9683353591432
planner,16435,0,9683353591452,9683353591472
planner,16436,0,9683353591492,9683353591502
planner,16437,0,9683353591532,9683353591542
planner,16438,0,9683353591562,9683353591582
planner,16439,0,9683353591602,9683353591622
planner,16440,0,9683353591642,9683353591662
planner,16441,0,9683353591682,9683353591702
planner,16442,0,9683353591722,9683353591732
planner,16443,0,9683353591752,9683353591772
planner,16444,0,9683353591792,9683353591812
planner,16445,0,9683353591832,9683353591852
planner,16446,0,9683353591872,9683353591892
planner,16447,0,9683353591912,9683353591922
planner,16448,0,9683353591942,9683353591962
planner,16449,0,9683353591982,9683353592002
planner,16450,0,9683353592022,9683353592042
planner,16451,0,9683353592062,9683353592082
planner,16452,0,9683353592102,9683353592112
planner,16453,0,9683353592132,9683353592152
planner,16454,0,9683353592172,9683353592192
planner,16455,0,9683353592212,9683353592232
planner,16456,0,9683353592252,9683353592272
planner,16457,0,9683353592292,9683353592302
planner,16458,0,9683353592332,9683353592342
planner,16459,0,9683353592362,9683353592382
planner,16460,0,9683353592402,9683353592422
planner,16461,0,9683353592442,9683353592462
planner,16462,0,9683353592482,9683353592502
planner,16463,0,9683353592522,9683353592532
planner,16464,0,9683353592552,9683353592572
planner,16465,0,9683353592592,9683353592612
planner,16466,0,9683353592632,9683353592652
planner,16467,0,9683353592672,9683353592692
planner,16468,0,9683353592712,9683353592722
planner,16469,0,9683353592742,9683353592762
planner,16470,0,9683353592782,9683353592802
planner,16471,0,9683353592822,9683353592842
planner,16472,0,9683353592862,9683353592882
planner,16473,0,9683353592902,9683353592912
planner,16474,0,9683353592932,9683353592952
planner,16475,0,9683353592972,9683353592992
planner,16476,0,9683353593012,9683353593032
planner,16477,0,9683353593052,9683353593072
planner,16478,0,9683353593092,9683353593112
planner,16479,0,9683353593132,9683353593142
planner,16480,0,9683353593162,9683353593182
planner,16481,0,9683353593202,9683353593222
planner,16482,0,9683353593242,9683353593262
planner,16483,0,9683353593282,9683353593302
planner,16484,0,9683353593322,9683353593332
planner,16485,0,9683353593352,9683353593372
planner,16486,0,9683353593392,9683353593412
planner,16487,0,9683353593432,9683353593452
planner,16488,0,9683353593472,9683353593492
planner,16489,0,9683353593512,9683353593522
planner,16490,0,9683353593542,9683353593562
planner,16491,0,9683353593582,9683353593602
planner,16492,0,9683353593622,9683353593642
planner,16493,0,9683353593662,9683353593682
planner,16494,0,9683353593702,9683353593712
planner,16495,0,9683353593742,9683353593752
planner,16496,0,9683353593772,9683353593792
planner,16497,0,9683353593812,9683353593832
planner,16498,0,9683353593852,9683353593872
planner,16499,0,9683353593892,9683353593912
planner,16500,0,9683353593932,9683353593942
planner,16501,0,9683353593962,9683353593982
planner,16502,0,9683353594002,9683353594022
planner,16503,0,9683353594042,9683353594062
planner,16504,0,9683353594082,9683353594102
planner,16505,0,9683353594122,9683353594132
planner,16506,0,9683353594152,9683353594172
planner,16507,0,9683353594192,9683353594212
planner,16508,0,9683353594232,9683353594252
planner,16509,0,9683353594272,9683353594292
planner,16510,0,9683353594312,9683353594322
planner,16511,0,9683353594342,9683353594362
planner,16512,0,9683353595042,9683353595062
planner,16513,0,9683353595082,9683353595102
planner,16514,0,9683353595122,9683353595142
planner,16515,0,9683353595162,9683353595172
planner,16516,0,9683353595192,9683353595212
planner,16517,0,9683353595232,9683353595252
planner,16518,0,9683353595272,9683353595292
planner,16519,0,9683353595312,9683353595332
planner,16520,0,9683353595352,9683353595372
planner,16521,0,9683353595392,9683353595402
planner,16522,0,9683353595422,9683353595442
planner,16523,0,9683353595462,9683353595482
planner,16524,0,9683353595502,9683353595522
planner,16525,0,9683353595542,9683353595562
planner,16526,0,9683353595582,9683353595592
planner,16527,0,9683353595612,9683353595632
planner,16528,0,9683353595652,9683353595672
planner,16529,0,9683353595692,9683353595712
planner,16530,0,9683353595732,9683353595752
planner,16531,0,9683353595772,9683353595792
planner,16532,0,9683353595812,9683353595822
planner,16533,0,9683353595842,9683353595862
planner,16534,0,9683353595882,9683353595902
planner,16535,0,9683353595922,9683353595942
planner,16536,0,9683353595962,9683353595982
planner,16537,0,9683353596002,9683353596012
planner,16538,0,9683353596032,9683353596052
planner,16539,0,9683353596072,9683353596092
planner,16540,0,9683353596112,9683353596132
planner,16541,0,9683353596152,9683353596172
planner,16542,0,9683353596192,9683353596202
planner,16543,0,9683353596222,9683353596242
planner,16544,0,9683353596262,9683353596282
planner,16545,0,9683353596302,9683353596322
planner,16546,0,9683353596342,9683353596362
planner,16547,0,9683353596382,9683353596392
planner,16548,0,9683353596412,9683353596432
planner,16549,0,9683353596452,9683353596472
planner,16550,0,9683353596492,9683353596512
planner,16551,0,9683353596532,9683353596552
planner,16552,0,9683353596572,9683353596592
planner,16553,0,9683353596612,9683353596622
planner,16554,0,9683353596642,9683353596662
planner,16555,0,9683353596682,9683353596702
planner,16556,0,9683353596722,9683353596742
planner,16557,0,9683353596762,9683353596782
planner,16558,0,9683353596802,9683353596812
planner,16559,0,9683353596832,9683353596852
planner,16560,0,9683353596872,9683353596892
planner,16561,0,9683353596912,9683353596932
planner,16562,0,9683353596952,9683353596972
planner,16563,0,9683353596992,9683353597002
planner,16564,0,9683353597022,9683353597042
planner,16565,0,9683353597062,9683353597082
planner,16566,0,9683353597102,9683353597122
planner,16567,0,9683353597142,9683353597162
planner,16568,0,9683353597182,9683353597192
planner,16569,0,9683353597212,9683353597232
planner,16570,0,9683353597252,9683353597272
planner,16571,0,9683353597292,9683353597312
planner,16572,0,9683353597332,9683353597352
planner,16573,0,9683353597372,9683353597382
planner,16574,0,9683353597402,9683353597422
planner,16575,0,9683353597442,9683353597462
planner,16576,0,9683353597482,9683353597502
planner,16577,0,9683353597522,9683353597542
planner,16578,0,9683353597562,9683353597572
planner,16579,0,9683353597592,9683353597612
planner,16580,0,9683353597632,9683353597652
planner,16581,0,9683353597672,9683353597692
planner,16582,0,9683353597712,9683353597732
planner,16583,0,9683353597752,9683353597772
planner,16584,0,9683353597792,9683353597802
planner,16585,0,9683353597822,9683353597842
planner,16586,0,9683353597862,9683353597882
planner,16587,0,9683353597902,9683353597922
planner,16588,0,9683353597942,9683353597962
planner,16589,0,9683353597982,9683353597992
planner,16590,0,9683353598012,9683353598032
planner,16591,0,9683353598052,9683353598072
planner,16592,0,9683353598092,9683353598112
planner,16593,0,9683353598132,9683353598152
planner,16594,0,9683353598172,9683353598182
planner,16595,0,9683353598202,9683353598222
planner,16596,0,9683353598242,9683353598262
planner,16597,0,9683353598282,9683353598302
planner,16598,0,9683353598322,9683353598342
planner,16599,0,9683353598362,9683353598372
planner,16600,0,9683353598402,9683353598412
planner,16601,0,9683353598432,9683353598452
planner,16602,0,9683353598472,9683353598492
planner,16603,0,9683353598512,9683353598532
planner,16604,0,9683353598552,9683353598572
planner,16605,0,9683353598592,9683353598602
planner,16606,0,9683353598622,9683353598642
planner,16607,0,9683353598662,9683353598682
planner,16608,0,9683353598702,9683353598722
planner,16609,0,9683353598742,9683353598762
planner,16610,0,9683353598782,9683353598792
planner,16611,0,9683353598812,9683353598832
planner,16612,0,9683353598852,9683353598872
planner,16613,0,9683353598892,9683353598912
planner,16614,0,9683353598932,9683353598952
planner,16615,0,9683353598972,9683353598982
planner,16616,0,9683353599002,9683353599022
planner,16617,0,9683353599042,9683353599062
planner,16618,0,9683353599082,9683353599102
planner,16619,0,9683353599122,9683353599142
planner,16620,0,9683353599162,9683353599172
planner,16621,0,9683353599192,9683353599212
planner,16622,0,9683353599232,9683353599252
planner,16623,0,9683353599272,9683353599292
planner,16624,0,9683353599312,9683353599332
planner,16625,0,9683353599352,9683353599372
planner,16626,0,9683353599392,9683353599402
planner,16627,0,9683353599422,9683353599442
planner,16628,0,9683353599462,9683353599482
planner,16629,0,9683353599502,9683353599522
planner,16630,0,9683353599542,9683353599562
planner,16631,0,9683353599582,9683353599592
planner,16632,0,9683353599612,9683353599632
planner,16633,0,9683353599652,9683353599672
planner,16634,0,9683353599692,9683353599712
planner,16635,0,9683353599732,9683353599752
planner,16636,0,9683353599772,9683353599782
planner,16637,0,9683353599802,9683353599822
planner,16638,0,9683353599842,9683353599862
planner,16639,0,9683353599882,9683353599902
planner,16640,0,9683353600342,9683353600362
planner,16641,0,9683353600382,9683353600402
planner,16642,0,9683353600422,9683353600442
planner,16643,0,9683353600462,9683353600482
planner,16644,0,9683353600502,9683353600522
planner,16645,0,9683353600542,9683353600552
planner,16646,0,9683353600572,9683353600592
planner,16647,0,9683353600612,9683353600632
planner,16648,0,9683353600652,9683353600672
planner,16649,0,9683353600692,9683353600712
planner,16650,0,9683353600732,9683353600742
planner,16651,0,9683353600762,9683353600782
planner,16652,0,9683353600802,9683353600822
planner,16653,0,9683353600842,9683353600862
planner,16654,0,9683353600882,9683353600902
planner,16655,0,9683353600922,9683353600932
planner,16656,0,9683353600962,9683353600972
planner,16657,0,9683353600992,9683353601012
planner,16658,0,9683353601032,9683353601052
planner,16659,0,9683353601072,9683353601092
planner,16660,0,9683353601112,9683353601132
planner,16661,0,9683353601152,9683353601162
planner,16662,0,9683353601182,9683353601202
planner,16663,0,9683353601222,9683353601242
planner,16664,0,9683353601262,9683353601282
planner,16665,0,9683353601302,9683353601322
planner,16666,0,9683353601342,9683353601352
planner,16667,0,9683353601372,9683353601392
planner,16668,0,9683353601412,9683353601432
planner,16669,0,9683353601452,9683353601472
planner,16670,0,9683353601492,9683353601512
planner,16671,0,9683353601532,9683353601542
planner,16672,0,9683353601562,9683353601582
planner,16673,0,9683353601602,9683353601622
planner,16674,0,9683353601642,9683353601662
planner,16675,0,9683353601682,9683353601702
planner,16676,0,9683353601722,9683353601742
planner,16677,0,9683353601762,9683353601772
planner,16678,0,9683353601792,9683353601812
planner,16679,0,9683353601832,9683353601852
planner,16680,0,9683353601872,9683353601892
planner,16681,0,9683353601912,9683353601932
planner,16682,0,9683353601952,9683353601962
planner,16683,0,9683353601982,9683353602002
planner,16684,0,9683353602022,9683353602042
planner,16685,0,9683353602062,9683353602082
planner,16686,0,9683353602102,9683353602122
planner,16687,0,9683353602142,9683353602152
planner,16688,0,9683353602172,9683353602192
planner,16689,0,9683353602212,9683353602232
planner,16690,0,9683353602252,9683353602272
planner,16691,0,9683353602292,9683353602312
planner,16692,0,9683353602332,9683353602342
planner,16693,0,9683353602362,9683353602382
planner,16694,0,9683353602402,9683353602422
planner,16695,0,9683353602442,9683353602462
planner,16696,0,9683353602482,9683353602502
planner,16697,0,9683353602522,9683353602532
planner,16698,0,9683353602562,9683353602572
planner,16699,0,9683353602592,9683353602612
planner,16700,0,9683353602632,9683353602652
planner,16701,0,9683353602672,9683353602692
planner,16702,0,9683353602712,9683353602732
planner,16703,0,9683353602752,9683353602762
planner,16704,0,9683353602782,9683353602802
planner,16705,0,9683353602822,9683353602842
planner,16706,0,9683353602862,9683353602882
planner,16707,0,9683353602902,9683353602922
planner,16708,0,9683353602942,9683353602952
planner,16709,0,9683353602972,9683353602992
planner,16710,0,9683353603012,9683353603032
planner,16711,0,9683353603052,9683353603072
planner,16712,0,9683353603092,9683353603112
planner,16713,0,9683353603132,9683353603142
planner,16714,0,9683353603162,9683353603182
planner,16715,0,9683353603202,9683353603222
planner,16716,0,9683353603242,9683353603262
planner,16717,0,9683353603282,9683353603302
planner,16718,0,9683353603322,9683353603332
planner,16719,0,9683353603352,9683353603372
planner,16720,0,9683353603392,9683353603412
planner,16721,0,9683353603432,9683353603452
planner,16722,0,9683353603472,9683353603492
planner,16723,0,9683353603512,9683353603532
planner,16724,0,9683353603552,9683353603562
planner,16725,0,9683353603582,9683353603602
planner,16726,0,9683353603622,9683353603642
planner,16727,0,9683353603662,9683353603682
planner,16728,0,9683353603702,9683353603722
planner,16729,0,9683353603742,9683353603752
planner,16730,0,9683353603772,9683353603792
planner,16731,0,9683353603812,9683353603832
planner,16732,0,9683353603852,9683353603872
planner,16733,0,9683353603892,9683353603912
planner,16734,0,9683353603932,9683353603942
planner,16735,0,9683353603962,9683353603982
planner,16736,0,9683353604002,9683353604022
planner,16737,0,9683353604042,9683353604062
planner,16738,0,9683353604082,9683353604102
planner,16739,0,9683353604122,9683353604132
planner,16740,0,9683353604152,9683353604172
planner,16741,0,9683353604192,9683353604212
planner,16742,0,9683353604232,9683353604252
planner,16743,0,9683353604272,9683353604292
planner,16744,0,9683353604312,9683353604322
planner,16745,0,9683353604352,9683353604362
planner,16746,0,9683353604382,9683353604402
planner,16747,0,9683353604422,9683353604442
planner,16748,0,9683353604462,9683353604482
planner,16749,0,9683353604502,9683353604522
planner,16750,0,9683353604542,9683353604552
planner,16751,0,9683353604572,9683353604592
planner,16752,0,9683353604612,9683353604632
planner,16753,0,9683353604652,9683353604672
planner,16754,0,9683353604692,9683353604712
planner,16755,0,9683353604732,9683353604742
planner,16756,0,9683353604762,9683353604782
planner,16757,0,9683353604802,9683353604822
planner,16758,0,9683353604842,9683353604862
planner,16759,0,9683353604882,9683353604902
planner,16760,0,9683353604922,9683353604932
planner,16761,0,9683353604952,9683353604972
planner,16762,0,9683353604992,9683353605012
planner,16763,0,9683353605032,9683353605052
planner,16764,0,9683353605072,9683353605092
planner,16765,0,9683353605112,9683353605122
planner,16766,0,9683353605152,9683353605162
planner,16767,0,9683353605182,9683353605202
planner,16768,0,9683353605762,9683353605782
planner,16769,0,9683353605802,9683353605822
planner,16770,0,9683353605842,9683353605862
planner,16771,0,9683353605882,9683353605902
planner,16772,0,9683353605922,9683353605942
planner,16773,0,9683353605962,9683353605982
planner,16774,0,9683353606002,9683353606022
planner,16775,0,9683353606042,9683353606052
planner,16776,0,9683353606072,9683353606092
planner,16777,0,9683353606112,9683353606132
planner,16778,0,9683353606152,9683353606172
planner,16779,0,9683353606192,9683353606212
planner,16780,0,9683353606232,9683353606242
planner,16781,0,9683353606262,9683353606282
planner,16782,0,9683353606302,9683353606322
planner,16783,0,9683353606342,9683353606362
planner,16784,0,9683353606382,9683353606402
planner,16785,0,9683353606422,9683353606432
planner,16786,0,9683353606452,9683353606472
planner,16787,0,9683353606492,9683353606512
planner,16788,0,9683353606532,9683353606552
planner,16789,0,9683353606572,9683353606592
planner,16790,0,9683353606612,9683353606632
planner,16791,0,9683353606652,9683353606662
planner,16792,0,9683353606682,9683353606702
planner,16793,0,9683353606722,9683353606742
planner,16794,0,9683353606762,9683353606782
planner,16795,0,9683353606802,9683353606822
planner,16796,0,9683353606842,9683353606852
planner,16797,0,9683353606872,9683353606892
planner,16798,0,9683353606912,9683353606932
planner,16799,0,9683353606952,9683353606972
planner,16800,0,9683353606992,9683353607012
planner,16801,0,9683353607032,9683353607042
planner,16802,0,9683353607062,9683353607082
planner,16803,0,9683353607102,9683353607122
planner,16804,0,9683353607142,9683353607162
planner,16805,0,9683353607182,9683353607202
planner,16806,0,9683353607222,9683353607232
planner,16807,0,9683353607262,9683353607272
planner,16808,0,9683353607292,9683353607312
planner,16809,0,9683353607332,9683353607352
planner,16810,0,9683353607372,9683353607392
planner,16811,0,9683353607412,9683353607432
planner,16812,0,9683353607452,9683353607462
planner,16813,0,9683353607482,9683353607502
planner,16814,0,9683353607522,9683353607542
planner,16815,0,9683353607562,9683353607582
planner,16816,0,9683353607602,9683353607622
planner,16817,0,9683353607642,9683353607652
planner,16818,0,9683353607672,9683353607692
planner,16819,0,9683353607712,9683353607732
planner,16820,0,9683353607752,9683353607772
planner,16821,0,9683353607792,9683353607812
planner,16822,0,9683353607832,9683353607842
planner,16823,0,9683353607862,9683353607882
planner,16824,0,9683353607902,9683353607922
planner,16825,0,9683353607942,9683353607962
planner,16826,0,9683353607982,9683353608002
planner,16827,0,9683353608022,9683353608032
planner,16828,0,9683353608052,9683353608072
planner,16829,0,9683353608092,9683353608112
planner,16830,0,9683353608132,9683353608152
planner,16831,0,9683353608172,9683353608192
planner,16832,0,9683353608212,9683353608222
planner,16833,0,9683353608252,9683353608262
planner,16834,0,9683353608282,9683353608302
planner,16835,0,9683353608322,9683353608342
planner,16836,0,9683353608362,9683353608382
planner,16837,0,9683353608402,9683353608422
planner,16838,0,9683353608442,9683353608452
planner,16839,0,9683353608472,9683353608492
planner,16840,0,9683353608512,9683353608532
planner,16841,0,9683353608552,9683353608572
planner,16842,0,9683353608592,9683353608612
planner,16843,0,9683353608632,9683353608642
planner,16844,0,9683353608662,9683353608682
planner,16845,0,9683353608702,9683353608722
planner,16846,0,9683353608742,9683353608762
planner,16847,0,9683353608782,9683353608802
planner,16848,0,9683353608822,9683353608832
planner,16849,0,9683353608852,9683353608872
planner,16850,0,9683353608892,9683353608912
planner,16851,0,9683353608932,9683353608952
planner,16852,0,9683353608972,9683353608992
planner,16853,0,9683353609012,9683353609022
planner,16854,0,9683353609042,9683353609062
planner,16855,0,9683353609082,9683353609102
planner,16856,0,9683353609122,9683353609142
planner,16857,0,9683353609162,9683353609182
planner,16858,0,9683353609202,9683353609212
planner,16859,0,9683353609232,9683353609252
planner,16860,0,9683353609272,9683353609292
planner,16861,0,9683353609312,9683353609332
planner,16862,0,9683353609352,9683353609372
planner,16863,0,9683353609392,9683353609412
planner,16864,0,9683353609432,9683353609442
planner,16865,0,9683353609462,9683353609482
planner,16866,0,9683353609502,9683353609522
planner,16867,0,9683353609542,9683353609562
planner,16868,0,9683353609582,9683353609602
planner,16869,0,9683353609622,9683353609632
planner,16870,0,9683353609652,9683353609672
planner,16871,0,9683353609692,9683353609712
planner,16872,0,9683353609732,9683353609752
planner,16873,0,9683353609772,9683353609792
planner,16874,0,9683353609812,9683353609822
planner,16875,0,9683353609842,9683353609862
planner,16876,0,9683353609882,9683353609902
planner,16877,0,9683353609922,9683353609942
planner,16878,0,9683353609962,9683353609982
planner,16879,0,9683353610002,9683353610012
planner,16880,0,9683353610032,9683353610052
planner,16881,0,9683353610072,9683353610092
planner,16882,0,9683353610112,9683353610132
planner,16883,0,9683353610152,9683353610172
planner,16884,0,9683353610192,9683353610202
planner,16885,0,9683353610222,9683353610242
planner,16886,0,9683353610262,9683353610282
planner,16887,0,9683353610302,9683353610322
planner,16888,0,9683353610342,9683353610362
planner,16889,0,9683353610382,9683353610402
planner,16890,0,9683353610422,9683353610432
planner,16891,0,9683353610452,9683353610472
planner,16892,0,9683353610492,9683353610512
planner,16893,0,9683353610532,9683353610552
planner,16894,0,9683353610572,9683353610592
planner,16895,0,9683353610612,9683353610622
planner,16896,0,9683353611062,9683353611082
planner,16897,0,9683353611102,9683353611122
planner,16898,0,9683353611142,9683353611162
planner,16899,0,9683353611182,9683353611202
planner,16900,0,9683353611222,9683353611242
planner,16901,0,9683353611262,9683353611282
planner,16902,0,9683353611302,9683353611312
planner,16903,0,9683353611332,9683353611352
planner,16904,0,9683353611372,9683353611392
planner,16905,0,9683353611412,9683353611432
planner,16906,0,9683353611452,9683353611472
planner,16907,0,9683353611492,9683353611502
planner,16908,0,9683353611522,9683353611542
planner,16909,0,9683353611562,9683353611582
planner,16910,0,9683353611602,9683353611622
planner,16911,0,9683353611642,9683353611662
planner,16912,0,9683353611682,9683353611702
planner,16913,0,9683353611722,9683353611732
planner,16914,0,9683353611752,9683353611772
planner,16915,0,9683353611792,9683353611812
planner,16916,0,9683353611832,9683353611852
planner,16917,0,9683353611872,9683353611892
planner,16918,0,9683353611912,9683353611922
planner,16919,0,9683353611942,9683353611962
planner,16920,0,9683353611982,9683353612002
planner,16921,0,9683353612022,9683353612042
planner,16922,0,9683353612062,9683353612082
planner,16923,0,9683353612102,9683353612112
planner,16924,0,9683353612132,9683353612152
planner,16925,0,9683353612172,9683353612192
planner,16926,0,9683353612212,9683353612232
planner,16927,0,9683353612252,9683353612272
planner,16928,0,9683353612292,9683353612302
planner,16929,0,9683353612322,9683353612342
planner,16930,0,9683353612362,9683353612382
planner,16931,0,9683353612402,9683353612422
planner,16932,0,9683353612442,9683353612462
planner,16933,0,9683353612482,9683353612502
planner,16934,0,9683353612522,9683353612532
planner,16935,0,9683353612552,9683353612572
planner,16936,0,9683353612592,9683353612612
planner,16937,0,9683353612632,9683353612652
planner,16938,0,9683353612672,9683353612692
planner,16939,0,9683353612712,9683353612722
planner,16940,0,9683353612742,9683353612762
planner,16941,0,9683353612782,9683353612802
planner,16942,0,9683353612822,9683353612842
planner,16943,0,9683353612862,9683353612882
planner,16944,0,9683353612902,9683353612912
planner,16945,0,9683353612932,9683353612952
planner,16946,0,9683353612972,9683353612992
planner,16947,0,9683353613012,9683353613032
planner,16948,0,9683353613052,9683353613072
planner,16949,0,9683353613092,9683353613102
planner,16950,0,9683353613122,9683353613142
planner,16951,0,9683353613162,9683353613182
planner,16952,0,9683353613202,9683353613222
planner,16953,0,9683353613242,9683353613262
planner,16954,0,9683353613282,9683353613292
planner,16955,0,9683353613322,9683353613332
planner,16956,0,9683353613352,9683353613372
planner,16957,0,9683353613392,9683353613412
planner,16958,0,9683353613432,9683353613452
planner,16959,0,9683353613472,9683353613492
planner,16960,0,9683353613512,9683353613522
planner,16961,0,9683353613542,9683353613562
planner,16962,0,9683353613582,9683353613602
planner,16963,0,9683353613622,9683353613642
planner,16964,0,9683353613662,9683353613682
planner,16965,0,9683353613702,9683353613712
planner,16966,0,9683353613732,9683353613752
planner,16967,0,9683353613772,9683353613792
planner,16968,0,9683353613812,9683353613832
planner,16969,0,9683353613852,9683353613872
planner,16970,0,9683353613892,9683353613902
planner,16971,0,9683353613922,9683353613942
planner,16972,0,9683353613962,9683353613982
planner,16973,0,9683353614002,9683353614022
planner,16974,0,9683353614042,9683353614062
planner,16975,0,9683353614082,9683353614102
planner,16976,0,9683353614122,9683353614132
planner,16977,0,9683353614152,9683353614172
planner,16978,0,9683353614192,9683353614212
planner,16979,0,9683353614232,9683353614252
planner,16980,0,9683353614272,9683353614292
planner,16981,0,9683353614312,9683353614322
planner,16982,0,9683353614342,9683353614362
planner,16983,0,9683353614382,9683353614402
planner,16984,0,9683353614422,9683353614442
planner,16985,0,9683353614462,9683353614482
planner,16986,0,9683353614502,9683353614512
planner,16987,0,9683353614532,9683353614552
planner,16988,0,9683353614572,9683353614592
planner,16989,0,9683353614612,9683353614632
planner,16990,0,9683353614652,9683353614672
planner,16991,0,9683353614692,9683353614712
planner,16992,0,9683353614732,9683353614742
planner,16993,0,9683353614762,9683353614782
planner,16994,0,9683353614802,9683353614822
planner,16995,0,9683353614842,9683353614862
planner,16996,0,9683353614882,9683353614902
planner,16997,0,9683353614922,9683353614932
planner,16998,0,9683353614952,9683353614972
planner,16999,0,9683353614992,9683353615012
planner,17000,0,9683353615032,9683353615052
planner,17001,0,9683353615072,9683353615092
planner,17002,0,9683353615112,9683353615122
planner,17003,0,9683353615142,9683353615162
planner,17004,0,9683353615182,9683353615202
planner,17005,0,9683353615222,9683353615242
planner,17006,0,9683353615262,9683353615282
planner,17007,0,9683353615302,9683353615312
planner,17008,0,9683353615332,9683353615352
planner,17009,0,9683353615372,9683353615392
planner,17010,0,9683353615412,9683353615432
planner,17011,0,9683353615452,9683353615472
planner,17012,0,9683353615492,9683353615502
planner,17013,0,9683353615532,9683353615542
planner,17014,0,9683353615562,9683353615582
planner,17015,0,9683353615602,9683353615622
planner,17016,0,9683353615642,9683353615662
planner,17017,0,9683353615682,9683353615702
planner,17018,0,9683353615722,9683353615732
planner,17019,0,9683353615752,9683353615772
planner,17020,0,9683353615792,9683353615812
planner,17021,0,9683353615832,9683353615852
planner,17022,0,9683353615872,9683353615892
planner,17023,0,9683353615912,9683353615922
planner,17024,0,9683353616372,9683353616392
planner,17025,0,9683353616412,9683353616432
planner,17026,0,9683353616452,9683353616472
planner,17027,0,9683353616492,9683353616512
planner,17028,0,9683353616532,9683353616552
planner,17029,0,9683353616572,9683353616582
planner,17030,0,9683353616602,9683353616622
planner,17031,0,9683353616642,9683353616662
planner,17032,0,9683353616682,9683353616702
planner,17033,0,9683353616722,9683353616742
planner,17034,0,9683353616762,9683353616772
planner,17035,0,9683353616792,9683353616812
planner,17036,0,9683353616832,9683353616852
planner,17037,0,9683353616872,9683353616892
planner,17038,0,9683353616912,9683353616932
planner,17039,0,9683353616952,9683353616972
planner,17040,0,9683353616992,9683353617002
planner,17041,0,9683353617022,9683353617042
planner,17042,0,9683353617062,9683353617082
planner,17043,0,9683353617102,9683353617122
planner,17044,0,9683353617142,9683353617162
planner,17045,0,9683353617182,9683353617192
planner,17046,0,9683353617212,9683353617232
planner,17047,0,9683353617252,9683353617272
planner,17048,0,9683353617292,9683353617312
planner,17049,0,9683353617332,9683353617352
planner,17050,0,9683353617372,9683353617382
planner,17051,0,9683353617402,9683353617422
planner,17052,0,9683353617442,9683353617462
planner,17053,0,9683353617482,9683353617502
planner,17054,0,9683353617522,9683353617542
planner,17055,0,9683353617562,9683353617572
planner,17056,0,9683353617592,9683353617612
planner,17057,0,9683353617632,9683353617652
planner,17058,0,9683353617672,9683353617692
planner,17059,0,9683353617712,9683353617732
planner,17060,0,9683353617752,9683353617762
planner,17061,0,9683353617782,9683353617802
planner,17062,0,9683353617822,9683353617842
planner,17063,0,9683353617862,9683353617882
planner,17064,0,9683353617902,9683353617922
planner,17065,0,9683353617942,9683353617962
planner,17066,0,9683353617982,9683353617992
planner,17067,0,9683353618012,9683353618032
planner,17068,0,9683353618052,9683353618072
planner,17069,0,9683353618092,9683353618112
planner,17070,0,9683353618132,9683353618152
planner,17071,0,9683353618172,9683353618182
planner,17072,0,9683353618202,9683353618222
planner,17073,0,9683353618242,9683353618262
planner,17074,0,9683353618282,9683353618302
planner,17075,0,9683353618322,9683353618342
planner,17076,0,9683353618362,9683353618372
planner,17077,0,9683353618392,9683353618412
planner,17078,0,9683353618432,9683353618452
planner,17079,0,9683353618472,9683353618492
planner,17080,0,9683353618512,9683353618532
planner,17081,0,9683353618552,9683353618572
planner,17082,0,9683353618592,9683353618602
planner,17083,0,9683353618622,9683353618642
planner,17084,0,9683353618662,9683353618682
planner,17085,0,9683353618702,9683353618722
planner,17086,0,9683353618742,9683353618762
planner,17087,0,9683353618782,9683353618792
planner,17088,0,9683353618812,9683353618832
planner,17089,0,9683353618852,9683353618872
planner,17090,0,9683353618892,9683353618912
planner,17091,0,9683353618932,9683353618952
planner,17092,0,9683353618972,9683353618982
planner,17093,0,9683353619002,9683353619022
planner,17094,0,9683353619042,9683353619062
planner,17095,0,9683353619082,9683353619102
planner,17096,0,9683353619122,9683353619142
planner,17097,0,9683353619162,9683353619172
planner,17098,0,9683353619192,9683353619212
planner,17099,0,9683353619232,9683353619252
planner,17100,0,9683353619272,9683353619292
planner,17101,0,9683353619312,9683353619332
planner,17102,0,9683353619352,9683353619372
planner,17103,0,9683353619392,9683353619402
planner,17104,0,9683353619422,9683353619442
planner,17105,0,9683353619462,9683353619482
planner,17106,0,9683353619502,9683353619522
planner,17107,0,9683353619542,9683353619562
planner,17108,0,9683353619582,9683353619592
planner,17109,0,9683353619612,9683353619632
planner,17110,0,9683353619652,9683353619672
planner,17111,0,9683353619692,9683353619712
planner,17112,0,9683353619732,9683353619752
planner,17113,0,9683353619772,9683353619782
planner,17114,0,9683353619802,9683353619822
planner,17115,0,9683353619842,9683353619862
planner,17116,0,9683353619882,9683353619902
planner,17117,0,9683353619922,9683353619942
planner,17118,0,9683353619962,9683353619972
planner,17119,0,9683353619992,9683353620012
planner,17120,0,9683353620032,9683353620052
planner,17121,0,9683353620072,9683353620092
planner,17122,0,9683353620112,9683353620132
planner,17123,0,9683353620152,9683353620172
planner,17124,0,9683353620192,9683353620202
planner,17125,0,9683353620222,9683353620242
planner,17126,0,9683353620262,9683353620282
planner,17127,0,9683353620302,9683353620322
planner,17128,0,9683353620342,9683353620362
planner,17129,0,9683353620382,9683353620392
planner,17130,0,9683353620412,9683353620432
planner,17131,0,9683353620452,9683353620472
planner,17132,0,9683353620492,9683353620512
planner,17133,0,9683353620532,9683353620552
planner,17134,0,9683353620572,9683353620582
planner,17135,0,9683353620602,9683353620622
planner,17136,0,9683353620642,9683353620662
planner,17137,0,9683353620682,9683353620702
planner,17138,0,9683353620722,9683353620742
planner,17139,0,9683353620762,9683353620772
planner,17140,0,9683353620792,9683353620812
planner,17141,0,9683353620832,9683353620852
planner,17142,0,9683353620872,9683353620892
planner,17143,0,9683353620912,9683353620932
planner,17144,0,9683353620952,9683353620962
planner,17145,0,9683353620992,9683353621002
planner,17146,0,9683353621022,9683353621042
planner,17147,0,9683353621062,9683353621082
planner,17148,0,9683353621102,9683353621122
planner,17149,0,9683353621142,9683353621162
planner,17150,0,9683353621182,9683353621192
planner,17151,0,9683353621212,9683353621232
planner,17152,0,9683353621672,9683353621692
planner,17153,0,9683353621712,9683353621722
planner,17154,0,9683353621752,9683353621762
planner,17155,0,9683353621782,9683353621802
planner,17156,0,9683353621822,9683353621842
planner,17157,0,9683353621862,9683353621882
planner,17158,0,9683353621902,9683353621922
planner,17159,0,9683353621942,9683353621962
planner,17160,0,9683353621982,9683353621992
planner,17161,0,9683353622012,9683353622032
planner,17162,0,9683353622052,9683353622072
planner,17163,0,9683353622092,9683353622112
planner,17164,0,9683353622132,9683353622152
planner,17165,0,9683353622172,9683353622182
planner,17166,0,9683353622202,9683353622222
planner,17167,0,9683353622242,9683353622262
planner,17168,0,9683353622282,9683353622302
planner,17169,0,9683353622322,9683353622342
planner,17170,0,9683353622362,9683353622372
planner,17171,0,9683353622402,9683353622412
planner,17172,0,9683353622432,9683353622452
planner,17173,0,9683353622472,9683353622492
planner,17174,0,9683353622512,9683353622532
planner,17175,0,9683353622552,9683353622572
planner,17176,0,9683353622592,9683353622602
planner,17177,0,9683353622622,9683353622642
planner,17178,0,9683353622662,9683353622682
planner,17179,0,9683353622702,9683353622722
planner,17180,0,9683353622742,9683353622762
planner,17181,0,9683353622782,9683353622792
planner,17182,0,9683353622812,9683353622832
planner,17183,0,9683353622852,9683353622872
planner,17184,0,9683353622892,9683353622912
planner,17185,0,9683353622932,9683353622952
planner,17186,0,9683353622972,9683353622982
planner,17187,0,9683353623002,9683353623022
planner,17188,0,9683353623042,9683353623062
planner,17189,0,9683353623082,9683353623102
planner,17190,0,9683353623122,9683353623142
planner,17191,0,9683353623162,9683353623172
planner,17192,0,9683353623192,9683353623212
planner,17193,0,9683353623232,9683353623252
planner,17194,0,9683353623272,9683353623292
planner,17195,0,9683353623312,9683353623332
planner,17196,0,9683353623352,9683353623362
planner,17197,0,9683353623392,9683353623402
planner,17198,0,9683353623422,9683353623442
planner,17199,0,9683353623462,9683353623482
planner,17200,0,9683353623502,9683353623522
planner,17201,0,9683353623542,9683353623562
planner,17202,0,9683353623582,9683353623592
planner,17203,0,9683353623612,9683353623632
planner,17204,0,9683353623652,9683353623672
planner,17205,0,9683353623692,9683353623712
planner,17206,0,9683353623732,9683353623752
planner,17207,0,9683353623772,9683353623782
planner,17208,0,9683353623802,9683353623822
planner,17209,0,9683353623842,9683353623862
planner,17210,0,9683353623882,9683353623902
planner,17211,0,9683353623922,9683353623942
planner,17212,0,9683353623962,9683353623972
planner,17213,0,9683353623992,9683353624012
planner,17214,0,9683353624032,9683353624052
planner,17215,0,9683353624072,9683353624092
planner,17216,0,9683353624112,9683353624132
planner,17217,0,9683353624152,9683353624162
planner,17218,0,9683353624192,9683353624202
planner,17219,0,9683353624222,9683353624242
planner,17220,0,9683353624262,9683353624282
planner,17221,0,9683353624302,9683353624322
planner,17222,0,9683353624342,9683353624362
planner,17223,0,9683353624382,9683353624392
planner,17224,0,9683353624412,9683353624432
planner,17225,0,9683353624452,9683353624472
planner,17226,0,9683353624492,9683353624512
planner,17227,0,9683353624532,9683353624552
planner,17228,0,9683353624572,9683353624582
planner,17229,0,9683353624602,9683353624622
planner,17230,0,9683353624642,9683353624662
planner,17231,0,9683353624682,9683353624702
planner,17232,0,9683353624722,9683353624742
planner,17233,0,9683353624762,9683353624772
planner,17234,0,9683353624802,9683353624812
planner,17235,0,9683353624832,9683353624852
planner,17236,0,9683353624872,9683353624892
planner,17237,0,9683353624912,9683353624932
planner,17238,0,9683353624952,9683353624972
planner,17239,0,9683353624992,9683353625002
planner,17240,0,9683353625022,9683353625042
planner,17241,0,9683353625062,9683353625082
planner,17242,0,9683353625102,9683353625122
planner,17243,0,9683353625142,9683353625162
planner,17244,0,9683353625182,9683353625192
planner,17245,0,9683353625212,9683353625232
planner,17246,0,9683353625252,9683353625272
planner,17247,0,9683353625292,9683353625312
planner,17248,0,9683353625332,9683353625352
planner,17249,0,9683353625372,9683353625382
planner,17250,0,9683353625402,9683353625422
planner,17251,0,9683353625442,9683353625462
planner,17252,0,9683353625482,9683353625502
planner,17253,0,9683353625522,9683353625542
planner,17254,0,9683353625562,9683353625572
planner,17255,0,9683353625592,9683353625612
planner,17256,0,9683353625632,9683353625652
planner,17257,0,9683353625672,9683353625692
planner,17258,0,9683353625712,9683353625732
planner,17259,0,9683353625752,9683353625772
planner,17260,0,9683353625792,9683353625802
planner,17261,0,9683353625822,9683353625842
planner,17262,0,9683353625862,9683353625882
planner,17263,0,9683353625902,9683353625922
planner,17264,0,9683353625942,9683353625962
planner,17265,0,9683353625982,9683353625992
planner,17266,0,9683353626012,9683353626032
planner,17267,0,9683353626052,9683353626072
planner,17268,0,9683353626092,9683353626112
planner,17269,0,9683353626132,9683353626152
planner,17270,0,9683353626172,9683353626182
planner,17271,0,9683353626202,9683353626222
planner,17272,0,9683353626242,9683353626262
planner,17273,0,9683353626282,9683353626302
planner,17274,0,9683353626322,9683353626342
planner,17275,0,9683353626362,9683353626372
planner,17276,0,9683353626402,9683353626412
planner,17277,0,9683353626432,9683353626452
planner,17278,0,9683353626472,9683353626492
planner,17279,0,9683353626512,9683353626532
planner,17280,0,9683353627062,9683353627082
planner,17281,0,9683353627102,9683353627122
planner,17282,0,9683353627142,9683353627162
planner,17283,0,9683353627182,9683353627192
planner,17284,0,9683353627212,9683353627232
planner,17285,0,9683353627252,9683353627272
planner,17286,0,9683353627292,9683353627312
planner,17287,0,9683353627332,9683353627352
planner,17288,0,9683353627372,9683353627392
planner,17289,0,9683353627412,9683353627422
planner,17290,0,9683353627442,9683353627462
planner,17291,0,9683353627482,9683353627502
planner,17292,0,9683353627522,9683353627542
planner,17293,0,9683353627562,9683353627582
planner,17294,0,9683353627602,9683353627612
planner,17295,0,9683353627632,9683353627652
planner,17296,0,9683353627672,9683353627692
planner,17297,0,9683353627712,9683353627732
planner,17298,0,9683353627752,9683353627772
planner,17299,0,9683353627792,9683353627802
planner,17300,0,9683353627832,9683353627842
planner,17301,0,9683353627862,9683353627882
planner,17302,0,9683353627902,9683353627922
planner,17303,0,9683353627942,9683353627962
planner,17304,0,9683353627982,9683353628002
planner,17305,0,9683353628022,9683353628032
planner,17306,0,9683353628052,9683353628072
planner,17307,0,9683353628092,9683353628112
planner,17308,0,9683353628132,9683353628152
planner,17309,0,9683353628172,9683353628192
planner,17310,0,9683353628212,9683353628222
planner,17311,0,9683353628242,9683353628262
planner,17312,0,9683353628282,9683353628302
planner,17313,0,9683353628322,9683353628342
planner,17314,0,9683353628362,9683353628382
planner,17315,0,9683353628402,9683353628412
planner,17316,0,9683353628432,9683353628452
planner,17317,0,9683353628472,9683353628492
planner,17318,0,9683353628512,9683353628532
planner,17319,0,9683353628552,9683353628572
planner,17320,0,9683353628592,9683353628612
planner,17321,0,9683353628632,9683353628642
planner,17322,0,9683353628662,9683353628682
planner,17323,0,9683353628702,9683353628722
planner,17324,0,9683353628742,9683353628762
planner,17325,0,9683353628782,9683353628802
planner,17326,0,9683353628822,9683353628832
planner,17327,0,9683353628852,9683353628872
planner,17328,0,9683353628892,9683353628912
planner,17329,0,9683353628932,9683353628952
planner,17330,0,9683353628972,9683353628992
planner,17331,0,9683353629012,9683353629022
planner,17332,0,9683353629042,9683353629062
planner,17333,0,9683353629082,9683353629102
planner,17334,0,9683353629122,9683353629142
planner,17335,0,9683353629162,9683353629182
planner,17336,0,9683353629202,9683353629222
planner,17337,0,9683353629242,9683353629252
planner,17338,0,9683353629272,9683353629292
planner,17339,0,9683353629312,9683353629332
planner,17340,0,9683353629352,9683353629372
planner,17341,0,9683353629392,9683353629412
planner,17342,0,9683353629432,9683353629442
planner,17343,0,9683353629462,9683353629482
planner,17344,0,9683353629502,9683353629522
planner,17345,0,9683353629542,9683353629562
planner,17346,0,9683353629582,9683353629602
planner,17347,0,9683353629622,9683353629632
planner,17348,0,9683353629652,9683353629672
planner,17349,0,9683353629692,9683353629712
planner,17350,0,9683353629732,9683353629752
planner,17351,0,9683353629772,9683353629792
planner,17352,0,9683353629812,9683353629822
planner,17353,0,9683353629852,9683353629862
planner,17354,0,9683353629882,9683353629902
planner,17355,0,9683353629922,9683353629942
planner,17356,0,9683353629962,9683353629982
planner,17357,0,9683353630002,9683353630022
planner,17358,0,9683353630042,9683353630052
planner,17359,0,9683353630072,9683353630092
planner,17360,0,9683353630112,9683353630132
planner,17361,0,9683353630152,9683353630172
planner,17362,0,9683353630192,9683353630212
planner,17363,0,9683353630232,9683353630242
planner,17364,0,9683353630262,9683353630282
planner,17365,0,9683353630302,9683353630322
planner,17366,0,9683353630342,9683353630362
planner,17367,0,9683353630382,9683353630402
planner,17368,0,9683353630422,9683353630432
planner,17369,0,9683353630452,9683353630472
planner,17370,0,9683353630492,9683353630512
planner,17371,0,9683353630532,9683353630552
planner,17372,0,9683353630572,9683353630592
planner,17373,0,9683353630612,9683353630622
planner,17374,0,9683353630642,9683353630662
planner,17375,0,9683353630682,9683353630702
planner,17376,0,9683353630722,9683353630742
planner,17377,0,9683353630762,9683353630782
planner,17378,0,9683353630802,9683353630812
planner,17379,0,9683353630842,9683353630852
planner,17380,0,9683353630872,9683353630892
planner,17381,0,9683353630912,9683353630932
planner,17382,0,9683353630952,9683353630972
planner,17383,0,9683353630992,9683353631012
planner,17384,0,9683353631032,9683353631042
planner,17385,0,9683353631062,9683353631082
planner,17386,0,9683353631102,9683353631122
planner,17387,0,9683353631142,9683353631162
planner,17388,0,9683353631182,9683353631202
planner,17389,0,9683353631222,9683353631232
planner,17390,0,9683353631252,9683353631272
planner,17391,0,9683353631292,9683353631312
planner,17392,0,9683353631332,9683353631352
planner,17393,0,9683353631372,9683353631392
planner,17394,0,9683353631412,9683353631422
planner,17395,0,9683353631442,9683353631462
planner,17396,0,9683353631482,9683353631502
planner,17397,0,9683353631522,9683353631542
planner,17398,0,9683353631562,9683353631582
planner,17399,0,9683353631602,9683353631612
planner,17400,0,9683353631642,9683353631652
planner,17401,0,9683353631672,9683353631692
planner,17402,0,9683353631712,9683353631732
planner,17403,0,9683353631752,9683353631772
planner,17404,0,9683353631792,9683353631812
planner,17405,0,9683353631832,9683353631842
planner,17406,0,9683353631862,9683353631882
planner,17407,0,9683353631902,9683353631922
planner,17408,0,9683353632382,9683353632402
planner,17409,0,9683353632422,9683353632442
planner,17410,0,9683353632462,9683353632472
planner,17411,0,9683353632502,9683353632512
planner,17412,0,9683353632532,9683353632552
planner,17413,0,9683353632572,9683353632592
planner,17414,0,9683353632612,9683353632632
planner,17415,0,9683353632652,9683353632672
planner,17416,0,9683353632692,9683353632712
planner,17417,0,9683353632732,9683353632742
planner,17418,0,9683353632762,9683353632782
planner,17419,0,9683353632802,9683353632822
planner,17420,0,9683353632842,9683353632862
planner,17421,0,9683353632882,9683353632902
planner,17422,0,9683353632922,9683353632932
planner,17423,0,9683353632962,9683353632972
planner,17424,0,9683353632992,9683353633012
planner,17425,0,9683353633032,9683353633052
planner,17426,0,9683353633072,9683353633092
planner,17427,0,9683353633112,9683353633132
planner,17428,0,9683353633152,9683353633162
planner,17429,0,9683353633182,9683353633202
planner,17430,0,9683353633222,9683353633242
planner,17431,0,9683353633262,9683353633282
planner,17432,0,9683353633302,9683353633322
planner,17433,0,9683353633342,9683353633352
planner,17434,0,9683353633372,9683353633392
planner,17435,0,9683353633412,9683353633432
planner,17436,0,9683353633452,9683353633472
planner,17437,0,9683353633492,9683353633512
planner,17438,0,9683353633532,9683353633542
planner,17439,0,9683353633562,9683353633582
planner,17440,0,9683353633602,9683353633622
planner,17441,0,9683353633642,9683353633662
planner,17442,0,9683353633682,9683353633702
planner,17443,0,9683353633722,9683353633742
planner,17444,0,9683353633762,9683353633772
planner,17445,0,9683353633792,9683353633812
planner,17446,0,9683353633832,9683353633852
planner,17447,0,9683353633872,9683353633892
planner,17448,0,9683353633912,9683353633932
planner,17449,0,9683353633952,9683353633962
planner,17450,0,9683353633982,9683353634002
planner,17451,0,9683353634022,9683353634042
planner,17452,0,9683353634062,9683353634082
planner,17453,0,9683353634102,9683353634122
planner,17454,0,9683353634142,9683353634152
planner,17455,0,9683353634172,9683353634192
planner,17456,0,9683353634212,9683353634232
planner,17457,0,9683353634252,9683353634272
planner,17458,0,9683353634292,9683353634312
planner,17459,0,9683353634332,9683353634342
planner,17460,0,9683353634372,9683353634382
planner,17461,0,9683353634402,9683353634422
planner,17462,0,9683353634442,9683353634462
planner,17463,0,9683353634482,9683353634502
planner,17464,0,9683353634522,9683353634542
planner,17465,0,9683353634562,9683353634572
planner,17466,0,9683353634592,9683353634612
planner,17467,0,9683353634632,9683353634652
planner,17468,0,9683353634672,9683353634692
planner,17469,0,9683353634712,9683353634732
planner,17470,0,9683353634752,9683353634762
planner,17471,0,9683353634782,9683353634802
planner,17472,0,9683353634822,9683353634842
planner,17473,0,9683353634862,9683353634882
planner,17474,0,9683353634902,9683353634922
planner,17475,0,9683353634942,9683353634952
planner,17476,0,9683353634972,9683353634992
planner,17477,0,9683353635012,9683353635032
planner,17478,0,9683353635052,9683353635072
planner,17479,0,9683353635092,9683353635112
planner,17480,0,9683353635132,9683353635142
planner,17481,0,9683353635162,9683353635182
planner,17482,0,9683353635202,9683353635222
planner,17483,0,9683353635242,9683353635262
planner,17484,0,9683353635282,9683353635302
planner,17485,0,9683353635322,9683353635342
planner,17486,0,9683353635362,9683353635372
planner,17487,0,9683353635392,9683353635412
planner,17488,0,9683353635432,9683353635452
planner,17489,0,9683353635472,9683353635492
planner,17490,0,9683353635512,9683353635532
planner,17491,0,9683353635552,9683353635562
planner,17492,0,9683353635582,9683353635602
planner,17493,0,9683353635622,9683353635642
planner,17494,0,9683353635662,9683353635682
planner,17495,0,9683353635702,9683353635722
planner,17496,0,9683353635742,9683353635752
planner,17497,0,9683353635772,9683353635792
planner,17498,0,9683353635812,9683353635832
planner,17499,0,9683353635852,9683353635872
planner,17500,0,9683353635892,9683353635912
planner,17501,0,9683353635932,9683353635942
planner,17502,0,9683353635962,9683353635982
planner,17503,0,9683353636002,9683353636022
planner,17504,0,9683353636042,9683353636062
planner,17505,0,9683353636082,9683353636102
planner,17506,0,9683353636122,9683353636132
planner,17507,0,9683353636152,9683353636172
planner,17508,0,9683353636192,9683353636212
planner,17509,0,9683353636232,9683353636252
planner,17510,0,9683353636272,9683353636292
planner,17511,0,9683353636312,9683353636332
planner,17512,0,9683353636352,9683353636362
planner,17513,0,9683353636382,9683353636402
planner,17514,0,9683353636422,9683353636442
planner,17515,0,9683353636462,9683353636482
planner,17516,0,9683353636502,9683353636522
planner,17517,0,9683353636542,9683353636552
planner,17518,0,9683353636572,9683353636592
planner,17519,0,9683353636612,9683353636632
planner,17520,0,9683353636652,9683353636672
planner,17521,0,9683353636692,9683353636712
planner,17522,0,9683353636732,9683353636742
planner,17523,0,9683353636762,9683353636782
planner,17524,0,9683353636802,9683353636822
planner,17525,0,9683353636842,9683353636862
planner,17526,0,9683353636882,9683353636902
planner,17527,0,9683353636922,9683353636932
planner,17528,0,9683353636952,9683353636972
planner,17529,0,9683353636992,9683353637012
planner,17530,0,9683353637032,9683353637052
planner,17531,0,9683353637072,9683353637092
planner,17532,0,9683353637112,9683353637122
planner,17533,0,9683353637142,9683353637162
planner,17534,0,9683353637182,9683353637202
planner,17535,0,9683353637222,9683353637242
planner,17536,0,9683353637882,9683353637902
planner,17537,0,9683353637922,9683353637942
planner,17538,0,9683353637962,9683353637982
planner,17539,0,9683353638002,9683353638022
planner,17540,0,9683353638042,9683353638062
planner,17541,0,9683353638082,9683353638092
planner,17542,0,9683353638112,9683353638132
planner,17543,0,9683353638152,9683353638172
planner,17544,0,9683353638192,9683353638212
planner,17545,0,9683353638232,9683353638252
planner,17546,0,9683353638272,9683353638282
planner,17547,0,9683353638312,9683353638322
planner,17548,0,9683353638342,9683353638362
planner,17549,0,9683353638382,9683353638402
planner,17550,0,9683353638422,9683353638442
planner,17551,0,9683353638462,9683353638482
planner,17552,0,9683353638502,9683353638512
planner,17553,0,9683353638532,9683353638552
planner,17554,0,9683353638572,9683353638592
planner,17555,0,9683353638612,9683353638632
planner,17556,0,9683353638652,9683353638672
planner,17557,0,9683353638692,9683353638702
planner,17558,0,9683353638722,9683353638742
planner,17559,0,9683353638762,9683353638782
planner,17560,0,9683353638802,9683353638822
planner,17561,0,9683353638842,9683353638862
planner,17562,0,9683353638882,9683353638892
planner,17563,0,9683353638912,9683353638932
planner,17564,0,9683353638952,9683353638972
planner,17565,0,9683353638992,9683353639012
planner,17566,0,9683353639032,9683353639052
planner,17567,0,9683353639072,9683353639092
planner,17568,0,9683353639112,9683353639122
planner,17569,0,9683353639142,9683353639162
planner,17570,0,9683353639182,9683353639202
planner,17571,0,9683353639222,9683353639242
planner,17572,0,9683353639262,9683353639282
planner,17573,0,9683353639302,9683353639312
planner,17574,0,9683353639332,9683353639352
planner,17575,0,9683353639372,9683353639392
planner,17576,0,9683353639412,9683353639432
planner,17577,0,9683353639452,9683353639472
planner,17578,0,9683353639492,9683353639502
planner,17579,0,9683353639522,9683353639542
planner,17580,0,9683353639562,9683353639582
planner,17581,0,9683353639602,9683353639622
planner,17582,0,9683353639642,9683353639662
planner,17583,0,9683353639682,9683353639702
planner,17584,0,9683353639722,9683353639732
planner,17585,0,9683353639752,9683353639772
planner,17586,0,9683353639792,9683353639812
planner,17587,0,9683353639832,9683353639852
planner,17588,0,9683353639872,9683353639892
planner,17589,0,9683353639912,9683353639922
planner,17590,0,9683353639942,9683353639962
planner,17591,0,9683353639982,9683353640002
planner,17592,0,9683353640022,9683353640042
planner,17593,0,9683353640062,9683353640082
planner,17594,0,9683353640102,9683353640112
planner,17595,0,9683353640132,9683353640152
planner,17596,0,9683353640172,9683353640192
planner,17597,0,9683353640212,9683353640232
planner,17598,0,9683353640252,9683353640272
planner,17599,0,9683353640292,9683353640302
planner,17600,0,9683353640322,9683353640342
planner,17601,0,9683353640362,9683353640382
planner,17602,0,9683353640402,9683353640422
planner,17603,0,9683353640442,9683353640462
planner,17604,0,9683353640482,9683353640492
planner,17605,0,9683353640522,9683353640532
planner,17606,0,9683353640552,9683353640572
planner,17607,0,9683353640592,9683353640612
planner,17608,0,9683353640632,9683353640652
planner,17609,0,9683353640672,9683353640692
planner,17610,0,9683353640712,9683353640722
planner,17611,0,9683353640742,9683353640762
planner,17612,0,9683353640782,9683353640802
planner,17613,0,9683353640822,9683353640842
planner,17614,0,9683353640862,9683353640882
planner,17615,0,9683353640902,9683353640912
planner,17616,0,9683353640932,9683353640952
planner,17617,0,9683353640972,9683353640992
planner,17618,0,9683353641012,9683353641032
planner,17619,0,9683353641052,9683353641072
planner,17620,0,9683353641092,9683353641102
planner,17621,0,9683353641122,9683353641142
planner,17622,0,9683353641162,9683353641182
planner,17623,0,9683353641202,9683353641222
planner,17624,0,9683353641242,9683353641262
planner,17625,0,9683353641282,9683353641292
planner,17626,0,9683353641322,9683353641332
planner,17627,0,9683353641352,9683353641372
planner,17628,0,9683353641392,9683353641412
planner,17629,0,9683353641432,9683353641452
planner,17630,0,9683353641472,9683353641492
planner,17631,0,9683353641512,9683353641522
planner,17632,0,9683353641542,9683353641562
planner,17633,0,9683353641582,9683353641602
planner,17634,0,9683353641622,9683353641642
planner,17635,0,9683353641662,9683353641682
planner,17636,0,9683353641702,9683353641712
planner,17637,0,9683353641732,9683353641752
planner,17638,0,9683353641772,9683353641792
planner,17639,0,9683353641812,9683353641832
planner,17640,0,9683353641852,9683353641872
planner,17641,0,9683353641892,9683353641902
planner,17642,0,9683353641922,9683353641942
planner,17643,0,9683353641962,9683353641982
planner,17644,0,9683353642002,9683353642022
planner,17645,0,9683353642042,9683353642062
planner,17646,0,9683353642082,9683353642092
planner,17647,0,9683353642112,9683353642132
planner,17648,0,9683353642152,9683353642172
planner,17649,0,9683353642192,9683353642212
planner,17650,0,9683353642232,9683353642252
planner,17651,0,9683353642272,9683353642292
planner,17652,0,9683353642312,9683353642322
planner,17653,0,9683353642342,9683353642362
planner,17654,0,9683353642382,9683353642402
planner,17655,0,9683353642422,9683353642442
planner,17656,0,9683353642462,9683353642482
planner,17657,0,9683353642502,9683353642512
planner,17658,0,9683353642532,9683353642552
planner,17659,0,9683353642572,9683353642592
planner,17660,0,9683353642612,9683353642632
planner,17661,0,9683353642652,9683353642672
planner,17662,0,9683353642692,9683353642702
planner,17663,0,9683353642722,9683353642742
planner,17664,0,9683353643202,9683353643222
planner,17665,0,9683353643242,9683353643262
planner,17666,0,9683353643282,9683353643302
planner,17667,0,9683353643322,9683353643342
planner,17668,0,9683353643362,9683353643372
planner,17669,0,9683353643402,9683353643412
planner,17670,0,9683353643432,9683353643452
planner,17671,0,9683353643472,9683353643492
planner,17672,0,9683353643512,9683353643532
planner,17673,0,9683353643552,9683353643572
planner,17674,0,9683353643592,9683353643602
planner,17675,0,9683353643622,9683353643642
planner,17676,0,9683353643662,9683353643682
planner,17677,0,9683353643702,9683353643722
planner,17678,0,9683353643742,9683353643762
planner,17679,0,9683353643782,9683353643792
planner,17680,0,9683353643812,9683353643832
planner,17681,0,9683353643852,9683353643872
planner,17682,0,9683353643892,9683353643912
planner,17683,0,9683353643932,9683353643952
planner,17684,0,9683353643972,9683353643992
planner,17685,0,9683353644012,9683353644022
planner,17686,0,9683353644042,9683353644062
planner,17687,0,9683353644082,9683353644102
planner,17688,0,9683353644122,9683353644142
planner,17689,0,9683353644162,9683353644182
planner,17690,0,9683353644202,9683353644212
planner,17691,0,9683353644232,9683353644252
planner,17692,0,9683353644272,9683353644292
planner,17693,0,9683353644312,9683353644332
planner,17694,0,9683353644352,9683353644372
planner,17695,0,9683353644392,9683353644402
planner,17696,0,9683353644422,9683353644442
planner,17697,0,9683353644462,9683353644482
planner,17698,0,9683353644502,9683353644522
planner,17699,0,9683353644542,9683353644562
planner,17700,0,9683353644582,9683353644592
planner,17701,0,9683353644622,9683353644632
planner,17702,0,9683353644652,9683353644672
planner,17703,0,9683353644692,9683353644712
planner,17704,0,9683353644732,9683353644752
planner,17705,0,9683353644772,9683353644792
planner,17706,0,9683353644812,9683353644822
planner,17707,0,9683353644842,9683353644862
planner,17708,0,9683353644882,9683353644902
planner,17709,0,9683353644922,9683353644942
planner,17710,0,9683353644962,9683353644982
planner,17711,0,9683353645002,9683353645012
planner,17712,0,9683353645032,9683353645052
planner,17713,0,9683353645072,9683353645092
planner,17714,0,9683353645112,9683353645132
planner,17715,0,9683353645152,9683353645172
planner,17716,0,9683353645192,9683353645202
planner,17717,0,9683353645222,9683353645242
planner,17718,0,9683353645262,9683353645282
planner,17719,0,9683353645302,9683353645322
planner,17720,0,9683353645342,9683353645362
planner,17721,0,9683353645382,9683353645392
planner,17722,0,9683353645412,9683353645432
planner,17723,0,9683353645452,9683353645472
planner,17724,0,9683353645492,9683353645512
planner,17725,0,9683353645532,9683353645552
planner,17726,0,9683353645572,9683353645582
planner,17727,0,9683353645602,9683353645622
planner,17728,0,9683353645642,9683353645662
planner,17729,0,9683353645682,9683353645702
planner,17730,0,9683353645722,9683353645742
planner,17731,0,9683353645762,9683353645772
planner,17732,0,9683353645802,9683353645812
planner,17733,0,9683353645832,9683353645852
planner,17734,0,9683353645872,9683353645892
planner,17735,0,9683353645912,9683353645932
planner,17736,0,9683353645952,9683353645972
planner,17737,0,9683353645992,9683353646002
planner,17738,0,9683353646022,9683353646042
planner,17739,0,9683353646062,9683353646082
planner,17740,0,9683353646102,9683353646122
planner,17741,0,9683353646142,9683353646162
planner,17742,0,9683353646182,9683353646192
planner,17743,0,9683353646212,9683353646232
planner,17744,0,9683353646252,9683353646272
planner,17745,0,9683353646292,9683353646312
planner,17746,0,9683353646332,9683353646352
planner,17747,0,9683353646372,9683353646382
planner,17748,0,9683353646402,9683353646422
planner,17749,0,9683353646442,9683353646462
planner,17750,0,9683353646482,9683353646502
planner,17751,0,9683353646522,9683353646542
planner,17752,0,9683353646562,9683353646572
planner,17753,0,9683353646592,9683353646612
planner,17754,0,9683353646632,9683353646652
planner,17755,0,9683353646672,9683353646692
planner,17756,0,9683353646712,9683353646732
planner,17757,0,9683353646752,9683353646762
planner,17758,0,9683353646782,9683353646802
planner,17759,0,9683353646822,9683353646842
planner,17760,0,9683353646862,9683353646882
planner,17761,0,9683353646902,9683353646922
planner,17762,0,9683353646942,9683353646962
planner,17763,0,9683353646982,9683353646992
planner,17764,0,9683353647012,9683353647032
planner,17765,0,9683353647052,9683353647072
planner,17766,0,9683353647092,9683353647112
planner,17767,0,9683353647132,9683353647152
planner,17768,0,9683353647172,9683353647182
planner,17769,0,9683353647202,9683353647222
planner,17770,0,9683353647242,9683353647262
planner,17771,0,9683353647282,9683353647302
planner,17772,0,9683353647322,9683353647342
planner,17773,0,9683353647362,9683353647372
planner,17774,0,9683353647402,9683353647412
planner,17775,0,9683353647432,9683353647452
planner,17776,0,9683353647472,9683353647492
planner,17777,0,9683353647512,9683353647532
planner,17778,0,9683353647552,9683353647572
planner,17779,0,9683353647592,9683353647602
planner,17780,0,9683353647622,9683353647642
planner,17781,0,9683353647662,9683353647682
planner,17782,0,9683353647702,9683353647722
planner,17783,0,9683353647742,9683353647762
planner,17784,0,9683353647782,9683353647792
planner,17785,0,9683353647812,9683353647832
planner,17786,0,9683353647852,9683353647872
planner,17787,0,9683353647892,9683353647912
planner,17788,0,9683353647932,9683353647952
planner,17789,0,9683353647972,9683353647982
planner,17790,0,9683353648002,9683353648022
planner,17791,0,9683353648042,9683353648062
planner,17792,0,9683353649112,9683353649132
planner,17793,0,9683353649152,9683353649172
planner,17794,0,9683353649192,9683353649212
planner,17795,0,9683353649232,9683353649252
planner,17796,0,9683353649272,9683353649282
planner,17797,0,9683353649312,9683353649322
planner,17798,0,9683353649342,9683353649362
planner,17799,0,9683353649382,9683353649402
planner,17800,0,9683353649422,9683353649442
planner,17801,0,9683353649462,9683353649482
planner,17802,0,9683353649502,9683353649512
planner,17803,0,9683353649532,9683353649552
planner,17804,0,9683353649572,9683353649592
planner,17805,0,9683353649612,9683353649632
planner,17806,0,9683353649652,9683353649672
planner,17807,0,9683353649692,9683353649702
planner,17808,0,9683353649722,9683353649742
planner,17809,0,9683353649762,9683353649782
planner,17810,0,9683353649802,9683353649822
planner,17811,0,9683353649842,9683353649862
planner,17812,0,9683353649882,9683353649902
planner,17813,0,9683353649922,9683353649932
planner,17814,0,9683353649952,9683353649972
planner,17815,0,9683353649992,9683353650012
planner,17816,0,9683353650032,9683353650052
planner,17817,0,9683353650072,9683353650092
planner,17818,0,9683353650112,9683353650122
planner,17819,0,9683353650142,9683353650162
planner,17820,0,9683353650182,9683353650202
planner,17821,0,9683353650222,9683353650242
planner,17822,0,9683353650262,9683353650282
planner,17823,0,9683353650302,9683353650312
planner,17824,0,9683353650332,9683353650352
planner,17825,0,9683353650372,9683353650392
planner,17826,0,9683353650412,9683353650432
planner,17827,0,9683353650452,9683353650472
planner,17828,0,9683353650492,9683353650512
planner,17829,0,9683353650532,9683353650542
planner,17830,0,9683353650562,9683353650582
planner,17831,0,9683353650602,9683353650622
planner,17832,0,9683353650642,9683353650662
planner,17833,0,9683353650682,9683353650702
planner,17834,0,9683353650722,9683353650732
planner,17835,0,9683353650752,9683353650772
planner,17836,0,9683353650792,9683353650812
planner,17837,0,9683353650832,9683353650852
planner,17838,0,9683353650872,9683353650892
planner,17839,0,9683353650912,9683353650922
planner,17840,0,9683353650942,9683353650962
planner,17841,0,9683353650982,9683353651002
planner,17842,0,9683353651022,9683353651042
planner,17843,0,9683353651062,9683353651082
planner,17844,0,9683353651102,9683353651112
planner,17845,0,9683353651132,9683353651152
planner,17846,0,9683353651172,9683353651192
planner,17847,0,9683353651212,9683353651232
planner,17848,0,9683353651252,9683353651272
planner,17849,0,9683353651292,9683353651302
planner,17850,0,9683353651332,9683353651342
planner,17851,0,9683353651362,9683353651382
planner,17852,0,9683353651402,9683353651422
planner,17853,0,9683353651442,9683353651462
planner,17854,0,9683353651482,9683353651502
planner,17855,0,9683353651522,9683353651532
planner,17856,0,9683353651552,9683353651572
planner,17857,0,9683353651592,9683353651612
planner,17858,0,9683353651632,9683353651652
planner,17859,0,9683353651672,9683353651692
planner,17860,0,9683353651712,9683353651722
planner,17861,0,9683353651742,9683353651762
planner,17862,0,9683353651782,9683353651802
planner,17863,0,9683353651822,9683353651842
planner,17864,0,9683353651862,9683353651882
planner,17865,0,9683353651902,9683353651912
planner,17866,0,9683353651932,9683353651952
planner,17867,0,9683353651972,9683353651992
planner,17868,0,9683353652012,9683353652032
planner,17869,0,9683353652052,9683353652072
planner,17870,0,9683353652092,9683353652102
planner,17871,0,9683353652122,9683353652142
planner,17872,0,9683353652162,9683353652182
planner,17873,0,9683353652202,9683353652222
planner,17874,0,9683353652242,9683353652262
planner,17875,0,9683353652282,9683353652292
planner,17876,0,9683353652322,9683353652332
planner,17877,0,9683353652352,9683353652372
planner,17878,0,9683353652392,9683353652412
planner,17879,0,9683353652432,9683353652452
planner,17880,0,9683353652472,9683353652492
planner,17881,0,9683353652512,9683353652522
planner,17882,0,9683353652542,9683353652562
planner,17883,0,9683353652582,9683353652602
planner,17884,0,9683353652622,9683353652642
planner,17885,0,9683353652662,9683353652682
planner,17886,0,9683353652702,9683353652712
planner,17887,0,9683353652732,9683353652752
planner,17888,0,9683353652772,9683353652792
planner,17889,0,9683353652812,9683353652832
planner,17890,0,9683353652852,9683353652872
planner,17891,0,9683353652892,9683353652902
planner,17892,0,9683353652922,9683353652942
planner,17893,0,9683353652962,9683353652982
planner,17894,0,9683353653002,9683353653022
planner,17895,0,9683353653042,9683353653062
planner,17896,0,9683353653082,9683353653092
planner,17897,0,9683353653112,9683353653132
planner,17898,0,9683353653152,9683353653172
planner,17899,0,9683353653192,9683353653212
planner,17900,0,9683353653232,9683353653252
planner,17901,0,9683353653272,9683353653282
planner,17902,0,9683353653302,9683353653322
planner,17903,0,9683353653342,9683353653362
planner,17904,0,9683353653382,9683353653402
planner,17905,0,9683353653422,9683353653442
planner,17906,0,9683353653462,9683353653482
planner,17907,0,9683353653502,9683353653512
planner,17908,0,9683353653532,9683353653552
planner,17909,0,9683353653572,9683353653592
planner,17910,0,9683353653612,9683353653632
planner,17911,0,9683353653652,9683353653672
planner,17912,0,9683353653692,9683353653702
planner,17913,0,9683353653722,9683353653742
planner,17914,0,9683353653762,9683353653782
planner,17915,0,9683353653802,9683353653822
planner,17916,0,9683353653842,9683353653862
planner,17917,0,9683353653882,9683353653892
planner,17918,0,9683353653912,9683353653932
planner,17919,0,9683353653952,9683353653972
planner,17920,0,9683353654402,9683353654412
planner,17921,0,9683353654442,9683353654452
planner,17922,0,9683353654472,9683353654492
planner,17923,0,9683353654512,9683353654532
planner,17924,0,9683353654552,9683353654572
planner,17925,0,9683353654592,9683353654612
planner,17926,0,9683353654632,9683353654652
planner,17927,0,9683353654672,9683353654692
planner,17928,0,9683353654712,9683353654722
planner,17929,0,9683353654742,9683353654762
planner,17930,0,9683353654782,9683353654802
planner,17931,0,9683353654822,9683353654842
planner,17932,0,9683353654862,9683353654882
planner,17933,0,9683353654902,9683353654912
planner,17934,0,9683353654932,9683353654952
planner,17935,0,9683353654972,9683353654992
planner,17936,0,9683353655012,9683353655032
planner,17937,0,9683353655052,9683353655072
planner,17938,0,9683353655092,9683353655102
planner,17939,0,9683353655122,9683353655142
planner,17940,0,9683353655162,9683353655182
planner,17941,0,9683353655202,9683353655222
planner,17942,0,9683353655242,9683353655262
planner,17943,0,9683353655282,9683353655292
planner,17944,0,9683353655312,9683353655332
planner,17945,0,9683353655352,9683353655372
planner,17946,0,9683353655392,9683353655412
planner,17947,0,9683353655432,9683353655452
planner,17948,0,9683353655472,9683353655482
planner,17949,0,9683353655512,9683353655522
planner,17950,0,9683353655542,9683353655562
planner,17951,0,9683353655582,9683353655602
planner,17952,0,9683353655622,9683353655642
planner,17953,0,9683353655662,9683353655682
planner,17954,0,9683353655702,9683353655712
planner,17955,0,9683353655732,9683353655752
planner,17956,0,9683353655772,9683353655792
planner,17957,0,9683353655812,9683353655832
planner,17958,0,9683353655852,9683353655872
planner,17959,0,9683353655892,9683353655902
planner,17960,0,9683353655922,9683353655942
planner,17961,0,9683353655962,9683353655982
planner,17962,0,9683353656002,9683353656022
planner,17963,0,9683353656042,9683353656062
planner,17964,0,9683353656082,9683353656092
planner,17965,0,9683353656112,9683353656132
planner,17966,0,9683353656152,9683353656172
planner,17967,0,9683353656192,9683353656212
planner,17968,0,9683353656232,9683353656252
planner,17969,0,9683353656272,9683353656282
planner,17970,0,9683353656312,9683353656322
planner,17971,0,9683353656342,9683353656362
planner,17972,0,9683353656382,9683353656402
planner,17973,0,9683353656422,9683353656442
planner,17974,0,9683353656462,9683353656482
planner,17975,0,9683353656502,9683353656512
planner,17976,0,9683353656532,9683353656552
planner,17977,0,9683353656572,9683353656592
planner,17978,0,9683353656612,9683353656632
planner,17979,0,9683353656652,9683353656672
planner,17980,0,9683353656692,9683353656702
planner,17981,0,9683353656722,9683353656742
planner,17982,0,9683353656762,9683353656782
planner,17983,0,9683353656802,9683353656822
planner,17984,0,9683353656842,9683353656862
planner,17985,0,9683353656882,9683353656892
planner,17986,0,9683353656912,9683353656932
planner,17987,0,9683353656952,9683353656972
planner,17988,0,9683353656992,9683353657012
planner,17989,0,9683353657032,9683353657052
planner,17990,0,9683353657072,9683353657082
planner,17991,0,9683353657102,9683353657122
planner,17992,0,9683353657142,9683353657162
planner,17993,0,9683353657182,9683353657202
planner,17994,0,9683353657222,9683353657242
planner,17995,0,9683353657262,9683353657272
planner,17996,0,9683353657302,9683353657312
planner,17997,0,9683353657332,9683353657352
planner,17998,0,9683353657372,9683353657392
planner,17999,0,9683353657412,9683353657432
planner,18000,0,9683353657452,9683353657472
planner,18001,0,9683353657492,9683353657502
planner,18002,0,9683353657522,9683353657542
planner,18003,0,9683353657562,9683353657582
planner,18004,0,9683353657602,9683353657622
planner,18005,0,9683353657642,9683353657662
planner,18006,0,9683353657682,9683353657692
planner,18007,0,9683353657712,9683353657732
planner,18008,0,9683353657752,9683353657772
planner,18009,0,9683353657792,9683353657812
planner,18010,0,9683353657832,9683353657852
planner,18011,0,9683353657872,9683353657882
planner,18012,0,9683353657902,9683353657922
planner,18013,0,9683353657942,9683353657962
planner,18014,0,9683353657982,9683353658002
planner,18015,0,9683353658022,9683353658042
planner,18016,0,9683353658062,9683353658072
planner,18017,0,9683353658092,9683353658112
planner,18018,0,9683353658132,9683353658152
planner,18019,0,9683353658172,9683353658192
planner,18020,0,9683353658212,9683353658232
planner,18021,0,9683353658252,9683353658262
planner,18022,0,9683353658282,9683353658302
planner,18023,0,9683353658322,9683353658342
planner,18024,0,9683353658362,9683353658382
planner,18025,0,9683353658402,9683353658422
planner,18026,0,9683353658442,9683353658452
planner,18027,0,9683353658472,9683353658492
planner,18028,0,9683353658512,9683353658532
planner,18029,0,9683353658552,9683353658572
planner,18030,0,9683353658592,9683353658612
planner,18031,0,9683353658632,9683353658652
planner,18032,0,9683353658672,9683353658682
planner,18033,0,9683353658702,9683353658722
planner,18034,0,9683353658742,9683353658762
planner,18035,0,9683353658782,9683353658802
planner,18036,0,9683353658822,9683353658842
planner,18037,0,9683353658862,9683353658872
planner,18038,0,9683353658892,9683353658912
planner,18039,0,9683353658932,9683353658952
planner,18040,0,9683353658972,9683353658992
planner,18041,0,9683353659012,9683353659032
planner,18042,0,9683353659052,9683353659062
planner,18043,0,9683353659082,9683353659102
planner,18044,0,9683353659122,9683353659142
planner,18045,0,9683353659162,9683353659182
planner,18046,0,9683353659202,9683353659222
planner,18047,0,9683353659242,9683353659252
planner,18048,0,9683353659702,9683353659712
planner,18049,0,9683353659742,9683353659752
planner,18050,0,9683353659772,9683353659792
planner,18051,0,9683353659812,9683353659832
planner,18052,0,9683353659852,9683353659872
planner,18053,0,9683353659892,9683353659912
planner,18054,0,9683353659932,9683353659952
planner,18055,0,9683353659972,9683353659982
planner,18056,0,9683353660012,9683353660022
planner,18057,0,9683353660042,9683353660062
planner,18058,0,9683353660082,9683353660102
planner,18059,0,9683353660122,9683353660142
planner,18060,0,9683353660162,9683353660182
planner,18061,0,9683353660202,9683353660212
planner,18062,0,9683353660232,9683353660252
planner,18063,0,9683353660272,9683353660292
planner,18064,0,9683353660312,9683353660332
planner,18065,0,9683353660352,9683353660372
planner,18066,0,9683353660392,9683353660402
planner,18067,0,9683353660422,9683353660442
planner,18068,0,9683353660462,9683353660482
planner,18069,0,9683353660502,9683353660522
planner,18070,0,9683353660542,9683353660562
planner,18071,0,9683353660582,9683353660592
planner,18072,0,9683353660612,9683353660632
planner,18073,0,9683353660652,9683353660672
planner,18074,0,9683353660692,9683353660712
planner,18075,0,9683353660732,9683353660752
planner,18076,0,9683353660772,9683353660782
planner,18077,0,9683353660802,9683353660822
planner,18078,0,9683353660842,9683353660862
planner,18079,0,9683353660882,9683353660902
planner,18080,0,9683353660922,9683353660942
planner,18081,0,9683353660962,9683353660972
planner,18082,0,9683353660992,9683353661012
planner,18083,0,9683353661032,9683353661052
planner,18084,0,9683353661072,9683353661092
planner,18085,0,9683353661112,9683353661132
planner,18086,0,9683353661152,9683353661162
planner,18087,0,9683353661192,9683353661202
planner,18088,0,9683353661222,9683353661242
planner,18089,0,9683353661262,9683353661282
planner,18090,0,9683353661302,9683353661322
planner,18091,0,9683353661342,9683353661362
planner,18092,0,9683353661382,9683353661392
planner,18093,0,9683353661412,9683353661432
planner,18094,0,9683353661452,9683353661472
planner,18095,0,9683353661492,9683353661512
planner,18096,0,9683353661532,9683353661552
planner,18097,0,9683353661572,9683353661582
planner,18098,0,9683353661602,9683353661622
planner,18099,0,9683353661642,9683353661662
planner,18100,0,9683353661682,9683353661702
planner,18101,0,9683353661722,9683353661742
planner,18102,0,9683353661762,9683353661772
planner,18103,0,9683353661792,9683353661812
planner,18104,0,9683353661832,9683353661852
planner,18105,0,9683353661872,9683353661892
planner,18106,0,9683353661912,9683353661932
planner,18107,0,9683353661952,9683353661972
planner,18108,0,9683353661992,9683353662002
planner,18109,0,9683353662022,9683353662042
planner,18110,0,9683353662062,9683353662082
planner,18111,0,9683353662102,9683353662122
planner,18112,0,9683353662142,9683353662162
planner,18113,0,9683353662182,9683353662192
planner,18114,0,9683353662212,9683353662232
planner,18115,0,9683353662252,9683353662272
planner,18116,0,9683353662292,9683353662312
planner,18117,0,9683353662332,9683353662352
planner,18118,0,9683353662372,9683353662382
planner,18119,0,9683353662402,9683353662422
planner,18120,0,9683353662442,9683353662462
planner,18121,0,9683353662482,9683353662502
planner,18122,0,9683353662522,9683353662542
planner,18123,0,9683353662562,9683353662572
planner,18124,0,9683353662592,9683353662612
planner,18125,0,9683353662632,9683353662652
planner,18126,0,9683353662672,9683353662692
planner,18127,0,9683353662712,9683353662732
planner,18128,0,9683353662752,9683353662772
planner,18129,0,9683353662792,9683353662802
planner,18130,0,9683353662822,9683353662842
planner,18131,0,9683353662862,9683353662882
planner,18132,0,9683353662902,9683353662922
planner,18133,0,9683353662942,9683353662962
planner,18134,0,9683353662982,9683353662992
planner,18135,0,9683353663012,9683353663032
planner,18136,0,9683353663052,9683353663072
planner,18137,0,9683353663092,9683353663112
planner,18138,0,9683353663132,9683353663152
planner,18139,0,9683353663172,9683353663182
planner,18140,0,9683353663212,9683353663222
planner,18141,0,9683353663242,9683353663262
planner,18142,0,9683353663282,9683353663302
planner,18143,0,9683353663322,9683353663342
planner,18144,0,9683353663362,9683353663382
planner,18145,0,9683353663402,9683353663412
planner,18146,0,9683353663432,9683353663452
planner,18147,0,9683353663472,9683353663492
planner,18148,0,9683353663512,9683353663532
planner,18149,0,9683353663552,9683353663572
planner,18150,0,9683353663592,9683353663602
planner,18151,0,9683353663622,9683353663642
planner,18152,0,9683353663662,9683353663682
planner,18153,0,9683353663702,9683353663722
planner,18154,0,9683353663742,9683353663762
planner,18155,0,9683353663782,9683353663792
planner,18156,0,9683353663822,9683353663832
planner,18157,0,9683353663852,9683353663872
planner,18158,0,9683353663892,9683353663912
planner,18159,0,9683353663932,9683353663952
planner,18160,0,9683353663972,9683353663992
planner,18161,0,9683353664012,9683353664022
planner,18162,0,9683353664042,9683353664062
planner,18163,0,9683353664082,9683353664102
planner,18164,0,9683353664122,9683353664142
planner,18165,0,9683353664162,9683353664182
planner,18166,0,9683353664202,9683353664212
planner,18167,0,9683353664232,9683353664252
planner,18168,0,9683353664272,9683353664292
planner,18169,0,9683353664312,9683353664332
planner,18170,0,9683353664352,9683353664372
planner,18171,0,9683353664392,9683353664412
planner,18172,0,9683353664432,9683353664442
planner,18173,0,9683353664462,9683353664482
planner,18174,0,9683353664502,9683353664522
planner,18175,0,9683353664542,9683353664562
planner,18176,0,9683353665092,9683353665102
planner,18177,0,9683353665122,9683353665142
planner,18178,0,9683353665162,9683353665182
planner,18179,0,9683353665202,9683353665222
planner,18180,0,9683353665242,9683353665262
planner,18181,0,9683353665282,9683353665302
planner,18182,0,9683353665322,9683353665342
planner,18183,0,9683353665362,9683353665372
planner,18184,0,9683353665392,9683353665412
planner,18185,0,9683353665432,9683353665452
planner,18186,0,9683353665472,9683353665492
planner,18187,0,9683353665512,9683353665532
planner,18188,0,9683353665552,9683353665562
planner,18189,0,9683353665582,9683353665602
planner,18190,0,9683353665622,9683353665642
planner,18191,0,9683353665662,9683353665682
planner,18192,0,9683353665702,9683353665722
planner,18193,0,9683353665742,9683353665752
planner,18194,0,9683353665772,9683353665792
planner,18195,0,9683353665812,9683353665832
planner,18196,0,9683353665852,9683353665872
planner,18197,0,9683353665892,9683353665912
planner,18198,0,9683353665932,9683353665942
planner,18199,0,9683353665962,9683353665982
planner,18200,0,9683353666002,9683353666022
planner,18201,0,9683353666042,9683353666062
planner,18202,0,9683353666082,9683353666102
planner,18203,0,9683353666122,9683353666132
planner,18204,0,9683353666162,9683353666172
planner,18205,0,9683353666192,9683353666212
planner,18206,0,9683353666232,9683353666252
planner,18207,0,9683353666272,9683353666292
planner,18208,0,9683353666312,9683353666332
planner,18209,0,9683353666352,9683353666362
planner,18210,0,9683353666382,9683353666402
planner,18211,0,9683353666422,9683353666442
planner,18212,0,9683353666462,9683353666482
planner,18213,0,9683353666502,9683353666522
planner,18214,0,9683353666542,9683353666552
planner,18215,0,9683353666572,9683353666592
planner,18216,0,9683353666612,9683353666632
planner,18217,0,9683353666652,9683353666672
planner,18218,0,9683353666692,9683353666712
planner,18219,0,9683353666732,9683353666742
planner,18220,0,9683353666762,9683353666782
planner,18221,0,9683353666802,9683353666822
planner,18222,0,9683353666842,9683353666862
planner,18223,0,9683353666882,9683353666902
planner,18224,0,9683353666922,9683353666932
planner,18225,0,9683353666952,9683353666972
planner,18226,0,9683353666992,9683353667012
planner,18227,0,9683353667032,9683353667052
planner,18228,0,9683353667072,9683353667092
planner,18229,0,9683353667112,9683353667122
planner,18230,0,9683353667152,9683353667162
planner,18231,0,9683353667182,9683353667202
planner,18232,0,9683353667222,9683353667242
planner,18233,0,9683353667262,9683353667282
planner,18234,0,9683353667302,9683353667322
planner,18235,0,9683353667342,9683353667352
planner,18236,0,9683353667372,9683353667392
planner,18237,0,9683353667412,9683353667432
planner,18238,0,9683353667452,9683353667472
planner,18239,0,9683353667492,9683353667512
planner,18240,0,9683353667532,9683353667542
planner,18241,0,9683353667562,9683353667582
planner,18242,0,9683353667602,9683353667622
planner,18243,0,9683353667642,9683353667662
planner,18244,0,9683353667682,9683353667702
planner,18245,0,9683353667722,9683353667732
planner,18246,0,9683353667752,9683353667772
planner,18247,0,9683353667792,9683353667812
planner,18248,0,9683353667832,9683353667852
planner,18249,0,9683353667872,9683353667892
planner,18250,0,9683353667912,9683353667922
planner,18251,0,9683353667942,9683353667962
planner,18252,0,9683353667982,9683353668002
planner,18253,0,9683353668022,9683353668042
planner,18254,0,9683353668062,9683353668082
planner,18255,0,9683353668102,9683353668112
planner,18256,0,9683353668132,9683353668152
planner,18257,0,9683353668172,9683353668192
planner,18258,0,9683353668212,9683353668232
planner,18259,0,9683353668252,9683353668272
planner,18260,0,9683353668292,9683353668312
planner,18261,0,9683353668332,9683353668342
planner,18262,0,9683353668362,9683353668382
planner,18263,0,9683353668402,9683353668422
planner,18264,0,9683353668442,9683353668462
planner,18265,0,9683353668482,9683353668502
planner,18266,0,9683353668522,9683353668532
planner,18267,0,9683353668552,9683353668572
planner,18268,0,9683353668592,9683353668612
planner,18269,0,9683353668632,9683353668652
planner,18270,0,9683353668672,9683353668692
planner,18271,0,9683353668712,9683353668722
planner,18272,0,9683353668742,9683353668762
planner,18273,0,9683353668782,9683353668802
planner,18274,0,9683353668822,9683353668842
planner,18275,0,9683353668862,9683353668882
planner,18276,0,9683353668902,9683353668922
planner,18277,0,9683353668942,9683353668952
planner,18278,0,9683353668972,9683353668992
planner,18279,0,9683353669012,9683353669032
planner,18280,0,9683353669052,9683353669072
planner,18281,0,9683353669092,9683353669112
planner,18282,0,9683353669132,9683353669142
planner,18283,0,9683353669162,9683353669182
planner,18284,0,9683353669202,9683353669222
planner,18285,0,9683353669242,9683353669262
planner,18286,0,9683353669282,9683353669302
planner,18287,0,9683353669322,9683353669332
planner,18288,0,9683353669352,9683353669372
planner,18289,0,9683353669392,9683353669412
planner,18290,0,9683353669432,9683353669452
planner,18291,0,9683353669472,9683353669492
planner,18292,0,9683353669512,9683353669532
planner,18293,0,9683353669552,9683353669562
planner,18294,0,9683353669582,9683353669602
planner,18295,0,9683353669622,9683353669642
planner,18296,0,9683353669662,9683353669682
planner,18297,0,9683353669702,9683353669722
planner,18298,0,9683353669742,9683353669752
planner,18299,0,9683353669772,9683353669792
planner,18300,0,9683353669812,9683353669832
planner,18301,0,9683353669852,9683353669872
planner,18302,0,9683353669892,9683353669912
planner,18303,0,9683353669932,9683353669952
planner,18304,0,9683353670392,9683353670412
planner,18305,0,9683353670432,9683353670452
planner,18306,0,9683353670472,9683353670492
planner,18307,0,9683353670512,9683353670532
planner,18308,0,9683353670552,9683353670572
planner,18309,0,9683353670592,9683353670612
planner,18310,0,9683353670632,9683353670652
planner,18311,0,9683353670672,9683353670682
planner,18312,0,9683353670702,9683353670722
planner,18313,0,9683353670742,9683353670762
planner,18314,0,9683353670782,9683353670802
planner,18315,0,9683353670822,9683353670842
planner,18316,0,9683353670862,9683353670882
planner,18317,0,9683353670902,9683353670912
planner,18318,0,9683353670932,9683353670952
planner,18319,0,9683353670972,9683353670992
planner,18320,0,9683353671012,9683353671032
planner,18321,0,9683353671052,9683353671072
planner,18322,0,9683353671092,9683353671102
planner,18323,0,9683353671132,9683353671142
planner,18324,0,9683353671162,9683353671182
planner,18325,0,9683353671202,9683353671222
planner,18326,0,9683353671242,9683353671262
planner,18327,0,9683353671282,9683353671302
planner,18328,0,9683353671322,9683353671332
planner,18329,0,9683353671352,9683353671372
planner,18330,0,9683353671392,9683353671412
planner,18331,0,9683353671432,9683353671452
planner,18332,0,9683353671472,9683353671492
planner,18333,0,9683353671512,9683353671532
planner,18334,0,9683353671552,9683353671562
planner,18335,0,9683353671582,9683353671602
planner,18336,0,9683353671622,9683353671642
planner,18337,0,9683353671662,9683353671682
planner,18338,0,9683353671702,9683353671722
planner,18339,0,9683353671742,9683353671762
planner,18340,0,9683353671782,9683353671792
planner,18341,0,9683353671812,9683353671832
planner,18342,0,9683353671852,9683353671872
planner,18343,0,9683353671892,9683353671912
planner,18344,0,9683353671932,9683353671952
planner,18345,0,9683353671972,9683353671982
planner,18346,0,9683353672012,9683353672022
planner,18347,0,9683353672042,9683353672062
planner,18348,0,9683353672082,9683353672102
planner,18349,0,9683353672122,9683353672142
planner,18350,0,9683353672162,9683353672182
planner,18351,0,9683353672202,9683353672212
planner,18352,0,9683353672232,9683353672252
planner,18353,0,9683353672272,9683353672292
planner,18354,0,9683353672312,9683353672332
planner,18355,0,9683353672352,9683353672372
planner,18356,0,9683353672392,9683353672412
planner,18357,0,9683353672432,9683353672442
planner,18358,0,9683353672462,9683353672482
planner,18359,0,9683353672502,9683353672522
planner,18360,0,9683353672542,9683353672562
planner,18361,0,9683353672582,9683353672602
planner,18362,0,9683353672622,9683353672632
planner,18363,0,9683353672652,9683353672672
planner,18364,0,9683353672692,9683353672712
planner,18365,0,9683353672732,9683353672752
planner,18366,0,9683353672772,9683353672792
planner,18367,0,9683353672812,9683353672832
planner,18368,0,9683353672852,9683353672862
planner,18369,0,9683353672882,9683353672902
planner,18370,0,9683353672922,9683353672942
planner,18371,0,9683353672962,9683353672982
planner,18372,0,9683353673002,9683353673022
planner,18373,0,9683353673042,9683353673052
planner,18374,0,9683353673072,9683353673092
planner,18375,0,9683353673112,9683353673132
planner,18376,0,9683353673152,9683353673172
planner,18377,0,9683353673192,9683353673212
planner,18378,0,9683353673232,9683353673252
planner,18379,0,9683353673272,9683353673282
planner,18380,0,9683353673302,9683353673322
planner,18381,0,9683353673342,9683353673362
planner,18382,0,9683353673382,9683353673402
planner,18383,0,9683353673422,9683353673442
planner,18384,0,9683353673462,9683353673472
planner,18385,0,9683353673502,9683353673512
planner,18386,0,9683353673532,9683353673552
planner,18387,0,9683353673572,9683353673592
planner,18388,0,9683353673612,9683353673632
planner,18389,0,9683353673652,9683353673672
planner,18390,0,9683353673692,9683353673702
planner,18391,0,9683353673722,9683353673742
planner,18392,0,9683353673762,9683353673782
planner,18393,0,9683353673802,9683353673822
planner,18394,0,9683353673842,9683353673862
planner,18395,0,9683353673882,9683353673892
planner,18396,0,9683353673922,9683353673932
planner,18397,0,9683353673952,9683353673972
planner,18398,0,9683353673992,9683353674012
planner,18399,0,9683353674032,9683353674052
planner,18400,0,9683353674072,9683353674092
planner,18401,0,9683353674112,9683353674122
planner,18402,0,9683353674142,9683353674162
planner,18403,0,9683353674182,9683353674202
planner,18404,0,9683353674222,9683353674242
planner,18405,0,9683353674262,9683353674282
planner,18406,0,9683353674302,9683353674322
planner,18407,0,9683353674342,9683353674352
planner,18408,0,9683353674372,9683353674392
planner,18409,0,9683353674412,9683353674432
planner,18410,0,9683353674452,9683353674472
planner,18411,0,9683353674492,9683353674512
planner,18412,0,9683353674532,9683353674542
planner,18413,0,9683353674562,9683353674582
planner,18414,0,9683353674602,9683353674622
planner,18415,0,9683353674642,9683353674662
planner,18416,0,9683353674682,9683353674702
planner,18417,0,9683353674722,9683353674732
planner,18418,0,9683353674752,9683353674772
planner,18419,0,9683353674792,9683353674812
planner,18420,0,9683353674831,9683353674851
planner,18421,0,9683353674871,9683353674891
planner,18422,0,9683353674911,9683353674931
planner,18423,0,9683353674951,9683353674961
planner,18424,0,9683353674981,9683353675001
planner,18425,0,9683353675021,9683353675041
planner,18426,0,9683353675061,9683353675081
planner,18427,0,9683353675101,9683353675121
planner,18428,0,9683353675141,9683353675151
planner,18429,0,9683353675171,9683353675191
planner,18430,0,9683353675211,9683353675231
planner,18431,0,9683353675251,9683353675271
planner,18432,0,9683353675791,9683353675811
planner,18433,0,9683353675831,9683353675841
planner,18434,0,9683353675871,9683353675881
planner,18435,0,9683353675901,9683353675921
planner,18436,0,9683353675941,9683353675961
planner,18437,0,9683353675981,9683353676001
planner,18438,0,9683353676021,9683353676041
planner,18439,0,9683353676061,9683353676081
planner,18440,0,9683353676101,9683353676111
planner,18441,0,9683353676131,9683353676151
planner,18442,0,9683353676171,9683353676191
planner,18443,0,9683353676211,9683353676231
planner,18444,0,9683353676251,9683353676271
planner,18445,0,9683353676291,9683353676301
planner,18446,0,9683353676321,9683353676341
planner,18447,0,9683353676361,9683353676381
planner,18448,0,9683353676401,9683353676421
planner,18449,0,9683353676441,9683353676461
planner,18450,0,9683353676481,9683353676491
planner,18451,0,9683353676511,9683353676531
planner,18452,0,9683353676551,9683353676571
planner,18453,0,9683353676591,9683353676611
planner,18454,0,9683353676631,9683353676651
planner,18455,0,9683353676671,9683353676681
planner,18456,0,9683353676701,9683353676721
planner,18457,0,9683353676741,9683353676761
planner,18458,0,9683353676781,9683353676801
planner,18459,0,9683353676821,9683353676841
planner,18460,0,9683353676861,9683353676871
planner,18461,0,9683353676891,9683353676911
planner,18462,0,9683353676931,9683353676951
planner,18463,0,9683353676971,9683353676991
planner,18464,0,9683353677011,9683353677031
planner,18465,0,9683353677051,9683353677061
planner,18466,0,9683353677081,9683353677101
planner,18467,0,9683353677121,9683353677141
planner,18468,0,9683353677161,9683353677181
planner,18469,0,9683353677201,9683353677221
planner,18470,0,9683353677241,9683353677251
planner,18471,0,9683353677281,9683353677291
planner,18472,0,9683353677311,9683353677331
planner,18473,0,9683353677351,9683353677371
planner,18474,0,9683353677391,9683353677411
planner,18475,0,9683353677431,9683353677441
planner,18476,0,9683353677471,9683353677481
planner,18477,0,9683353677501,9683353677521
planner,18478,0,9683353677541,9683353677561
planner,18479,0,9683353677581,9683353677601
planner,18480,0,9683353677621,9683353677641
planner,18481,0,9683353677661,9683353677671
planner,18482,0,9683353677691,9683353677711
planner,18483,0,9683353677731,9683353677751
planner,18484,0,9683353677771,9683353677791
planner,18485,0,9683353677811,9683353677831
planner,18486,0,9683353677851,9683353677861
planner,18487,0,9683353677881,9683353677901
planner,18488,0,9683353677921,9683353677941
planner,18489,0,9683353677961,9683353677981
planner,18490,0,9683353678001,9683353678021
planner,18491,0,9683353678041,9683353678051
planner,18492,0,9683353678071,9683353678091
planner,18493,0,9683353678111,9683353678131
planner,18494,0,9683353678151,9683353678171
planner,18495,0,9683353678191,9683353678211
planner,18496,0,9683353678231,9683353678241
planner,18497,0,9683353678261,9683353678281
planner,18498,0,9683353678301,9683353678321
planner,18499,0,9683353678341,9683353678361
planner,18500,0,9683353678381,9683353678401
planner,18501,0,9683353678421,9683353678431
planner,18502,0,9683353678451,9683353678471
planner,18503,0,9683353678491,9683353678511
planner,18504,0,9683353678531,9683353678551
planner,18505,0,9683353678571,9683353678591
planner,18506,0,9683353678611,9683353678631
planner,18507,0,9683353678651,9683353678661
planner,18508,0,9683353678681,9683353678701
planner,18509,0,9683353678721,9683353678741
planner,18510,0,9683353678761,9683353678781
planner,18511,0,9683353678801,9683353678821
planner,18512,0,9683353678841,9683353678851
planner,18513,0,9683353678871,9683353678891
planner,18514,0,9683353678911,9683353678931
planner,18515,0,9683353678951,9683353678971
planner,18516,0,9683353678991,9683353679011
planner,18517,0,9683353679031,9683353679041
planner,18518,0,9683353679061,9683353679081
planner,18519,0,9683353679101,9683353679121
planner,18520,0,9683353679141,9683353679161
planner,18521,0,9683353679181,9683353679201
planner,18522,0,9683353679221,9683353679231
planner,18523,0,9683353679251,9683353679271
planner,18524,0,9683353679291,9683353679311
planner,18525,0,9683353679331,9683353679351
planner,18526,0,9683353679371,9683353679391
planner,18527,0,9683353679411,9683353679421
planner,18528,0,9683353679451,9683353679461
planner,18529,0,9683353679481,9683353679501
planner,18530,0,9683353679521,9683353679541
planner,18531,0,9683353679561,9683353679581
planner,18532,0,9683353679601,9683353679621
planner,18533,0,9683353679641,9683353679651
planner,18534,0,9683353679671,9683353679691
planner,18535,0,9683353679711,9683353679731
planner,18536,0,9683353679751,9683353679771
planner,18537,0,9683353679791,9683353679811
planner,18538,0,9683353679831,9683353679841
planner,18539,0,9683353679861,9683353679881
planner,18540,0,9683353679901,9683353679921
planner,18541,0,9683353679941,9683353679961
planner,18542,0,9683353679981,9683353680001
planner,18543,0,9683353680021,9683353680031
planner,18544,0,9683353680051,9683353680071
planner,18545,0,9683353680091,9683353680111
planner,18546,0,9683353680131,9683353680151
planner,18547,0,9683353680171,9683353680191
planner,18548,0,9683353680211,9683353680221
planner,18549,0,9683353680251,9683353680261
planner,18550,0,9683353680281,9683353680301
planner,18551,0,9683353680321,9683353680341
planner,18552,0,9683353680361,9683353680381
planner,18553,0,9683353680401,9683353680411
planner,18554,0,9683353680441,9683353680451
planner,18555,0,9683353680471,9683353680491
planner,18556,0,9683353680511,9683353680531
planner,18557,0,9683353680551,9683353680571
planner,18558,0,9683353680591,9683353680611
planner,18559,0,9683353680631,9683353680641
planner,18560,0,9683353681091,9683353681111
planner,18561,0,9683353681131,9683353681141
planner,18562,0,9683353681171,9683353681181
planner,18563,0,9683353681201,9683353681221
planner,18564,0,9683353681241,9683353681261
planner,18565,0,9683353681281,9683353681301
planner,18566,0,9683353681321,9683353681341
planner,18567,0,9683353681361,9683353681381
planner,18568,0,9683353681401,9683353681411
planner,18569,0,9683353681431,9683353681451
planner,18570,0,9683353681471,9683353681491
planner,18571,0,9683353681511,9683353681531
planner,18572,0,9683353681551,9683353681571
planner,18573,0,9683353681591,9683353681601
planner,18574,0,9683353681631,9683353681641
planner,18575,0,9683353681661,9683353681681
planner,18576,0,9683353681701,9683353681721
planner,18577,0,9683353681741,9683353681761
planner,18578,0,9683353681781,9683353681801
planner,18579,0,9683353681821,9683353681831
planner,18580,0,9683353681851,9683353681871
planner,18581,0,9683353681891,9683353681911
planner,18582,0,9683353681931,9683353681951
planner,18583,0,9683353681971,9683353681991
planner,18584,0,9683353682011,9683353682021
planner,18585,0,9683353682041,9683353682061
planner,18586,0,9683353682081,9683353682101
planner,18587,0,9683353682121,9683353682141
planner,18588,0,9683353682161,9683353682181
planner,18589,0,9683353682201,9683353682221
planner,18590,0,9683353682241,9683353682251
planner,18591,0,9683353682271,9683353682291
planner,18592,0,9683353682311,9683353682331
planner,18593,0,9683353682351,9683353682371
planner,18594,0,9683353682391,9683353682411
planner,18595,0,9683353682431,9683353682451
planner,18596,0,9683353682471,9683353682481
planner,18597,0,9683353682501,9683353682521
planner,18598,0,9683353682541,9683353682561
planner,18599,0,9683353682581,9683353682601
planner,18600,0,9683353682621,9683353682641
planner,18601,0,9683353682661,9683353682671
planner,18602,0,9683353682691,9683353682711
planner,18603,0,9683353682731,9683353682751
planner,18604,0,9683353682771,9683353682791
planner,18605,0,9683353682811,9683353682831
planner,18606,0,9683353682851,9683353682871
planner,18607,0,9683353682891,9683353682901
planner,18608,0,9683353682921,9683353682941
planner,18609,0,9683353682961,9683353682981
planner,18610,0,9683353683001,9683353683021
planner,18611,0,9683353683041,9683353683061
planner,18612,0,9683353683081,9683353683101
planner,18613,0,9683353683121,9683353683131
planner,18614,0,9683353683151,9683353683171
planner,18615,0,9683353683191,9683353683211
planner,18616,0,9683353683231,9683353683251
planner,18617,0,9683353683271,9683353683291
planner,18618,0,9683353683311,9683353683321
planner,18619,0,9683353683341,9683353683361
planner,18620,0,9683353683381,9683353683401
planner,18621,0,9683353683421,9683353683441
planner,18622,0,9683353683461,9683353683481
planner,18623,0,9683353683501,9683353683521
planner,18624,0,9683353683541,9683353683551
planner,18625,0,9683353683571,9683353683591
planner,18626,0,9683353683611,9683353683631
planner,18627,0,9683353683651,9683353683671
planner,18628,0,9683353683691,9683353683711
planner,18629,0,9683353683731,9683353683741
planner,18630,0,9683353683761,9683353683781
planner,18631,0,9683353683801,9683353683821
planner,18632,0,9683353683841,9683353683861
planner,18633,0,9683353683881,9683353683901
planner,18634,0,9683353683921,9683353683941
planner,18635,0,9683353683961,9683353683971
planner,18636,0,9683353683991,9683353684011
planner,18637,0,9683353684031,9683353684051
planner,18638,0,9683353684071,9683353684091
planner,18639,0,9683353684111,9683353684131
planner,18640,0,9683353684151,9683353684161
planner,18641,0,9683353684191,9683353684201
planner,18642,0,9683353684221,9683353684241
planner,18643,0,9683353684261,9683353684281
planner,18644,0,9683353684301,9683353684321
planner,18645,0,9683353684341,9683353684361
planner,18646,0,9683353684381,9683353684391
planner,18647,0,9683353684411,9683353684431
planner,18648,0,9683353684451,9683353684471
planner,18649,0,9683353684491,9683353684511
planner,18650,0,9683353684531,9683353684551
planner,18651,0,9683353684571,9683353684591
planner,18652,0,9683353684611,9683353684621
planner,18653,0,9683353684641,9683353684661
planner,18654,0,9683353684681,9683353684701
planner,18655,0,9683353684721,9683353684741
planner,18656,0,9683353684761,9683353684781
planner,18657,0,9683353684801,9683353684811
planner,18658,0,9683353684831,9683353684851
planner,18659,0,9683353684871,9683353684891
planner,18660,0,9683353684911,9683353684931
planner,18661,0,9683353684951,9683353684971
planner,18662,0,9683353684991,9683353685011
planner,18663,0,9683353685031,9683353685041
planner,18664,0,9683353685061,9683353685081
planner,18665,0,9683353685101,9683353685121
planner,18666,0,9683353685141,9683353685161
planner,18667,0,9683353685181,9683353685201
planner,18668,0,9683353685221,9683353685231
planner,18669,0,9683353685251,9683353685271
planner,18670,0,9683353685291,9683353685311
planner,18671,0,9683353685331,9683353685351
planner,18672,0,9683353685371,9683353685391
planner,18673,0,9683353685411,9683353685431
planner,18674,0,9683353685451,9683353685461
planner,18675,0,9683353685481,9683353685501
planner,18676,0,9683353685521,9683353685541
planner,18677,0,9683353685561,9683353685581
planner,18678,0,9683353685601,9683353685621
planner,18679,0,9683353685641,9683353685651
planner,18680,0,9683353685671,9683353685691
planner,18681,0,9683353685711,9683353685731
planner,18682,0,9683353685751,9683353685771
planner,18683,0,9683353685791,9683353685811
planner,18684,0,9683353685831,9683353685851
planner,18685,0,9683353685871,9683353685881
planner,18686,0,9683353685901,9683353685921
planner,18687,0,9683353685941,9683353685961
planner,18688,0,9683353686411,9683353686421
planner,18689,0,9683353686441,9683353686461
planner,18690,0,9683353686481,9683353686501
planner,18691,0,9683353686521,9683353686541
planner,18692,0,9683353686561,9683353686581
planner,18693,0,9683353686601,9683353686621
planner,18694,0,9683353686641,9683353686661
planner,18695,0,9683353686681,9683353686691
planner,18696,0,9683353686711,9683353686731
planner,18697,0,9683353686751,9683353686771
planner,18698,0,9683353686791,9683353686811
planner,18699,0,9683353686831,9683353686851
planner,18700,0,9683353686871,9683353686891
planner,18701,0,9683353686911,9683353686921
planner,18702,0,9683353686941,9683353686961
planner,18703,0,9683353686981,9683353687001
planner,18704,0,9683353687021,9683353687041
planner,18705,0,9683353687061,9683353687081
planner,18706,0,9683353687101,9683353687111
planner,18707,0,9683353687131,9683353687151
planner,18708,0,9683353687171,9683353687191
planner,18709,0,9683353687211,9683353687231
planner,18710,0,9683353687251,9683353687271
planner,18711,0,9683353687291,9683353687301
planner,18712,0,9683353687331,9683353687341
planner,18713,0,9683353687361,9683353687381
planner,18714,0,9683353687401,9683353687421
planner,18715,0,9683353687441,9683353687461
planner,18716,0,9683353687481,9683353687501
planner,18717,0,9683353687521,9683353687531
planner,18718,0,9683353687551,9683353687571
planner,18719,0,9683353687591,9683353687611
planner,18720,0,9683353687631,9683353687651
planner,18721,0,9683353687671,9683353687691
planner,18722,0,9683353687711,9683353687721
planner,18723,0,9683353687751,9683353687761
planner,18724,0,9683353687781,9683353687801
planner,18725,0,9683353687821,9683353687841
planner,18726,0,9683353687861,9683353687881
planner,18727,0,9683353687901,9683353687921
planner,18728,0,9683353687941,9683353687951
planner,18729,0,9683353687971,9683353687991
planner,18730,0,9683353688011,9683353688031
planner,18731,0,9683353688051,9683353688071
planner,18732,0,9683353688091,9683353688111
planner,18733,0,9683353688131,9683353688141
planner,18734,0,9683353688161,9683353688181
planner,18735,0,9683353688201,9683353688221
planner,18736,0,9683353688241,9683353688261
planner,18737,0,9683353688281,9683353688301
planner,18738,0,9683353688321,9683353688331
planner,18739,0,9683353688351,9683353688371
planner,18740,0,9683353688391,9683353688411
planner,18741,0,9683353688431,9683353688451
planner,18742,0,9683353688471,9683353688491
planner,18743,0,9683353688511,9683353688521
planner,18744,0,9683353688551,9683353688561
planner,18745,0,9683353688581,9683353688601
planner,18746,0,9683353688621,9683353688641
planner,18747,0,9683353688661,9683353688681
planner,18748,0,9683353688701,9683353688721
planner,18749,0,9683353688741,9683353688751
planner,18750,0,9683353688771,9683353688791
planner,18751,0,9683353688811,9683353688831
planner,18752,0,9683353688851,9683353688871
planner,18753,0,9683353688891,9683353688911
planner,18754,0,9683353688931,9683353688941
planner,18755,0,9683353688961,9683353688981
planner,18756,0,9683353689001,9683353689021
planner,18757,0,9683353689041,9683353689061
planner,18758,0,9683353689081,9683353689101
planner,18759,0,9683353689121,9683353689131
planner,18760,0,9683353689151,9683353689171
planner,18761,0,9683353689191,9683353689211
planner,18762,0,9683353689231,9683353689251
planner,18763,0,9683353689271,9683353689291
planner,18764,0,9683353689311,9683353689321
planner,18765,0,9683353689351,9683353689361
planner,18766,0,9683353689381,9683353689401
planner,18767,0,9683353689421,9683353689441
planner,18768,0,9683353689461,9683353689481
planner,18769,0,9683353689501,9683353689511
planner,18770,0,9683353689541,9683353689551
planner,18771,0,9683353689571,9683353689591
planner,18772,0,9683353689611,9683353689631
planner,18773,0,9683353689651,9683353689671
planner,18774,0,9683353689691,9683353689711
planner,18775,0,9683353689731,9683353689741
planner,18776,0,9683353689761,9683353689781
planner,18777,0,9683353689801,9683353689821
planner,18778,0,9683353689841,9683353689861
planner,18779,0,9683353689881,9683353689901
planner,18780,0,9683353689921,9683353689931
planner,18781,0,9683353689951,9683353689971
planner,18782,0,9683353689991,9683353690011
planner,18783,0,9683353690031,9683353690051
planner,18784,0,9683353690071,9683353690091
planner,18785,0,9683353690111,9683353690121
planner,18786,0,9683353690141,9683353690161
planner,18787,0,9683353690181,9683353690201
planner,18788,0,9683353690221,9683353690241
planner,18789,0,9683353690261,9683353690281
planner,18790,0,9683353690301,9683353690311
planner,18791,0,9683353690331,9683353690351
planner,18792,0,9683353690371,9683353690391
planner,18793,0,9683353690411,9683353690431
planner,18794,0,9683353690451,9683353690471
planner,18795,0,9683353690491,9683353690501
planner,18796,0,9683353690521,9683353690541
planner,18797,0,9683353690561,9683353690581
planner,18798,0,9683353690601,9683353690621
planner,18799,0,9683353690641,9683353690661
planner,18800,0,9683353690681,9683353690691
planner,18801,0,9683353690711,9683353690731
planner,18802,0,9683353690751,9683353690771
planner,18803,0,9683353690791,9683353690811
planner,18804,0,9683353690831,9683353690851
planner,18805,0,9683353690871,9683353690891
planner,18806,0,9683353690911,9683353690921
planner,18807,0,9683353690941,9683353690961
planner,18808,0,9683353690981,9683353691001
planner,18809,0,9683353691021,9683353691041
planner,18810,0,9683353691061,9683353691081
planner,18811,0,9683353691101,9683353691111
planner,18812,0,9683353691131,9683353691151
planner,18813,0,9683353691171,9683353691191
planner,18814,0,9683353691211,9683353691231
planner,18815,0,9683353691251,9683353691271
planner,18816,0,9683353691701,9683353691721
planner,18817,0,9683353691741,9683353691761
planner,18818,0,9683353691781,9683353691791
planner,18819,0,9683353691821,9683353691831
planner,18820,0,9683353691851,9683353691871
planner,18821,0,9683353691891,9683353691911
planner,18822,0,9683353691931,9683353691951
planner,18823,0,9683353691971,9683353691991
planner,18824,0,9683353692011,9683353692031
planner,18825,0,9683353692051,9683353692061
planner,18826,0,9683353692081,9683353692101
planner,18827,0,9683353692121,9683353692141
planner,18828,0,9683353692161,9683353692181
planner,18829,0,9683353692201,9683353692221
planner,18830,0,9683353692241,9683353692251
planner,18831,0,9683353692271,9683353692291
planner,18832,0,9683353692311,9683353692331
planner,18833,0,9683353692351,9683353692371
planner,18834,0,9683353692391,9683353692411
planner,18835,0,9683353692431,9683353692441
planner,18836,0,9683353692461,9683353692481
planner,18837,0,9683353692501,9683353692521
planner,18838,0,9683353692541,9683353692561
planner,18839,0,9683353692581,9683353692601
planner,18840,0,9683353692621,9683353692641
planner,18841,0,9683353692661,9683353692671
planner,18842,0,9683353692691,9683353692711
planner,18843,0,9683353692731,9683353692751
planner,18844,0,9683353692771,9683353692791
planner,18845,0,9683353692811,9683353692831
planner,18846,0,9683353692851,9683353692861
planner,18847,0,9683353692881,9683353692901
planner,18848,0,9683353692921,9683353692941
planner,18849,0,9683353692961,9683353692981
planner,18850,0,9683353693001,9683353693021
planner,18851,0,9683353693041,9683353693051
planner,18852,0,9683353693071,9683353693091
planner,18853,0,9683353693111,9683353693131
planner,18854,0,9683353693151,9683353693171
planner,18855,0,9683353693191,9683353693211
planner,18856,0,9683353693231,9683353693241
planner,18857,0,9683353693261,9683353693281
planner,18858,0,9683353693301,9683353693321
planner,18859,0,9683353693341,9683353693361
planner,18860,0,9683353693381,9683353693401
planner,18861,0,9683353693421,9683353693431
planner,18862,0,9683353693451,9683353693471
planner,18863,0,9683353693491,9683353693511
planner,18864,0,9683353693531,9683353693551
planner,18865,0,9683353693571,9683353693591
planner,18866,0,9683353693611,9683353693621
planner,18867,0,9683353693651,9683353693661
planner,18868,0,9683353693681,9683353693701
planner,18869,0,9683353693721,9683353693741
planner,18870,0,9683353693761,9683353693781
planner,18871,0,9683353693801,9683353693821
planner,18872,0,9683353693841,9683353693851
planner,18873,0,9683353693871,9683353693891
planner,18874,0,9683353693911,9683353693931
planner,18875,0,9683353693951,9683353693971
planner,18876,0,9683353693991,9683353694011
planner,18877,0,9683353694031,9683353694041
planner,18878,0,9683353694061,9683353694081
planner,18879,0,9683353694101,9683353694121
planner,18880,0,9683353694141,9683353694161
planner,18881,0,9683353694181,9683353694201
planner,18882,0,9683353694221,9683353694231
planner,18883,0,9683353694251,9683353694271
planner,18884,0,9683353694291,9683353694311
planner,18885,0,9683353694331,9683353694351
planner,18886,0,9683353694371,9683353694391
planner,18887,0,9683353694411,9683353694421
planner,18888,0,9683353694441,9683353694461
planner,18889,0,9683353694481,9683353694501
planner,18890,0,9683353694521,9683353694541
planner,18891,0,9683353694561,9683353694581
planner,18892,0,9683353694601,9683353694621
planner,18893,0,9683353694641,9683353694651
planner,18894,0,9683353694671,9683353694691
planner,18895,0,9683353694711,9683353694731
planner,18896,0,9683353694751,9683353694771
planner,18897,0,9683353694791,9683353694811
planner,18898,0,9683353694831,9683353694841
planner,18899,0,9683353694861,9683353694881
planner,18900,0,9683353694901,9683353694921
planner,18901,0,9683353694941,9683353694961
planner,18902,0,9683353694981,9683353695001
planner,18903,0,9683353695021,9683353695031
planner,18904,0,9683353695061,9683353695071
planner,18905,0,9683353695091,9683353695111
planner,18906,0,9683353695131,9683353695151
planner,18907,0,9683353695171,9683353695191
planner,18908,0,9683353695211,9683353695231
planner,18909,0,9683353695251,9683353695261
planner,18910,0,9683353695281,9683353695301
planner,18911,0,9683353695321,9683353695341
planner,18912,0,9683353695361,9683353695381
planner,18913,0,9683353695401,9683353695421
planner,18914,0,9683353695441,9683353695451
planner,18915,0,9683353695471,9683353695491
planner,18916,0,9683353695511,9683353695531
planner,18917,0,9683353695551,9683353695571
planner,18918,0,9683353695591,9683353695611
planner,18919,0,9683353695631,9683353695641
planner,18920,0,9683353695661,9683353695681
planner,18921,0,9683353695701,9683353695721
planner,18922,0,9683353695741,9683353695761
planner,18923,0,9683353695781,9683353695801
planner,18924,0,9683353695821,9683353695831
planner,18925,0,9683353695861,9683353695871
planner,18926,0,9683353695891,9683353695911
planner,18927,0,9683353695931,9683353695951
planner,18928,0,9683353695971,9683353695991
planner,18929,0,9683353696011,9683353696031
planner,18930,0,9683353696051,9683353696061
planner,18931,0,9683353696081,9683353696101
planner,18932,0,9683353696121,9683353696141
planner,18933,0,9683353696161,9683353696181
planner,18934,0,9683353696201,9683353696221
planner,18935,0,9683353696241,9683353696251
planner,18936,0,9683353696271,9683353696291
planner,18937,0,9683353696311,9683353696331
planner,18938,0,9683353696351,9683353696371
planner,18939,0,9683353696391,9683353696411
planner,18940,0,9683353696431,9683353696441
planner,18941,0,9683353696461,9683353696481
planner,18942,0,9683353696501,9683353696521
planner,18943,0,9683353696541,9683353696561
planner,18944,0,9683353697021,9683353697041
planner,18945,0,9683353697061,9683353697081
planner,18946,0,9683353697101,9683353697121
planner,18947,0,9683353697141,9683353697161
planner,18948,0,9683353697181,9683353697191
planner,18949,0,9683353697221,9683353697231
planner,18950,0,9683353697251,9683353697271
planner,18951,0,9683353697291,9683353697311
planner,18952,0,9683353697331,9683353697351
planner,18953,0,9683353697371,9683353697391
planner,18954,0,9683353697411,9683353697421
planner,18955,0,9683353697441,9683353697461
planner,18956,0,9683353697481,9683353697501
planner,18957,0,9683353697521,9683353697541
planner,18958,0,9683353697561,9683353697581
planner,18959,0,9683353697601,9683353697611
planner,18960,0,9683353697631,9683353697651
planner,18961,0,9683353697671,9683353697691
planner,18962,0,9683353697711,9683353697731
planner,18963,0,9683353697751,9683353697771
planner,18964,0,9683353697791,9683353697811
planner,18965,0,9683353697831,9683353697841
planner,18966,0,9683353697861,9683353697881
planner,18967,0,9683353697901,9683353697921
planner,18968,0,9683353697941,9683353697961
planner,18969,0,9683353697981,9683353698001
planner,18970,0,9683353698021,9683353698031
planner,18971,0,9683353698051,9683353698071
planner,18972,0,9683353698091,9683353698111
planner,18973,0,9683353698131,9683353698151
planner,18974,0,9683353698171,9683353698191
planner,18975,0,9683353698211,9683353698221
planner,18976,0,9683353698241,9683353698261
planner,18977,0,9683353698281,9683353698301
planner,18978,0,9683353698321,9683353698341
planner,18979,0,9683353698361,9683353698381
planner,18980,0,9683353698401,9683353698411
planner,18981,0,9683353698441,9683353698451
planner,18982,0,9683353698471,9683353698491
planner,18983,0,9683353698511,9683353698531
planner,18984,0,9683353698551,9683353698571
planner,18985,0,9683353698591,9683353698611
planner,18986,0,9683353698631,9683353698641
planner,18987,0,9683353698661,9683353698681
planner,18988,0,9683353698701,9683353698721
planner,18989,0,9683353698741,9683353698761
planner,18990,0,9683353698781,9683353698801
planner,18991,0,9683353698821,9683353698831
planner,18992,0,9683353698851,9683353698871
planner,18993,0,9683353698891,9683353698911
planner,18994,0,9683353698931,9683353698951
planner,18995,0,9683353698971,9683353698991
planner,18996,0,9683353699011,9683353699021
planner,18997,0,9683353699041,9683353699061
planner,18998,0,9683353699081,9683353699101
planner,18999,0,9683353699121,9683353699141
planner,19000,0,9683353699161,9683353699181
planner,19001,0,9683353699201,9683353699211
planner,19002,0,9683353699231,9683353699251
planner,19003,0,9683353699271,9683353699291
planner,19004,0,9683353699311,9683353699331
planner,19005,0,9683353699351,9683353699371
planner,19006,0,9683353699391,9683353699401
planner,19007,0,9683353699421,9683353699441
planner,19008,0,9683353699461,9683353699481
planner,19009,0,9683353699501,9683353699521
planner,19010,0,9683353699541,9683353699561
planner,19011,0,9683353699581,9683353699591
planner,19012,0,9683353699621,9683353699631
planner,19013,0,9683353699651,9683353699671
planner,19014,0,9683353699691,9683353699711
planner,19015,0,9683353699731,9683353699751
planner,19016,0,9683353699771,9683353699791
planner,19017,0,9683353699811,9683353699821
planner,19018,0,9683353699841,9683353699861
planner,19019,0,9683353699881,9683353699901
planner,19020,0,9683353699921,9683353699941
planner,19021,0,9683353699961,9683353699981
planner,19022,0,9683353700001,9683353700011
planner,19023,0,9683353700031,9683353700051
planner,19024,0,9683353700071,9683353700091
planner,19025,0,9683353700111,9683353700131
planner,19026,0,9683353700151,9683353700171
planner,19027,0,9683353700191,9683353700201
planner,19028,0,9683353700221,9683353700241
planner,19029,0,9683353700261,9683353700281
planner,19030,0,9683353700301,9683353700321
planner,19031,0,9683353700341,9683353700361
planner,19032,0,9683353700381,9683353700391
planner,19033,0,9683353700411,9683353700431
planner,19034,0,9683353700451,9683353700471
planner,19035,0,9683353700491,9683353700511
planner,19036,0,9683353700531,9683353700551
planner,19037,0,9683353700571,9683353700581
planner,19038,0,9683353700601,9683353700621
planner,19039,0,9683353700641,9683353700661
planner,19040,0,9683353700681,9683353700701
planner,19041,0,9683353700721,9683353700741
planner,19042,0,9683353700761,9683353700771
planner,19043,0,9683353700801,9683353700811
planner,19044,0,9683353700831,9683353700851
planner,19045,0,9683353700871,9683353700891
planner,19046,0,9683353700911,9683353700931
planner,19047,0,9683353700951,9683353700971
planner,19048,0,9683353700991,9683353701001
planner,19049,0,9683353701021,9683353701041
planner,19050,0,9683353701061,9683353701081
planner,19051,0,9683353701101,9683353701121
planner,19052,0,9683353701141,9683353701161
planner,19053,0,9683353701181,9683353701191
planner,19054,0,9683353701211,9683353701231
planner,19055,0,9683353701251,9683353701271
planner,19056,0,9683353701291,9683353701311
planner,19057,0,9683353701331,9683353701351
planner,19058,0,9683353701371,9683353701381
planner,19059,0,9683353701401,9683353701421
planner,19060,0,9683353701441,9683353701461
planner,19061,0,9683353701481,9683353701501
planner,19062,0,9683353701521,9683353701541
planner,19063,0,9683353701561,9683353701571
planner,19064,0,9683353701601,9683353701611
planner,19065,0,9683353701631,9683353701651
planner,19066,0,9683353701671,9683353701691
planner,19067,0,9683353701711,9683353701731
planner,19068,0,9683353701751,9683353701771
planner,19069,0,9683353701791,9683353701801
planner,19070,0,9683353701821,9683353701841
planner,19071,0,9683353701861,9683353701881
planner,19072,0,9683353702331,9683353702351
planner,19073,0,9683353702371,9683353702391
planner,19074,0,9683353702411,9683353702431
planner,19075,0,9683353702451,9683353702471
planner,19076,0,9683353702491,9683353702511
planner,19077,0,9683353702531,9683353702551
planner,19078,0,9683353702571,9683353702581
planner,19079,0,9683353702611,9683353702621
planner,19080,0,9683353702641,9683353702661
planner,19081,0,9683353702681,9683353702701
planner,19082,0,9683353702721,9683353702741
planner,19083,0,9683353702761,9683353702781
planner,19084,0,9683353702801,9683353702811
planner,19085,0,9683353702831,9683353702851
planner,19086,0,9683353702871,9683353702891
planner,19087,0,9683353702911,9683353702931
planner,19088,0,9683353702951,9683353702971
planner,19089,0,9683353702991,9683353703001
planner,19090,0,9683353703021,9683353703041
planner,19091,0,9683353703061,9683353703081
planner,19092,0,9683353703101,9683353703121
planner,19093,0,9683353703141,9683353703161
planner,19094,0,9683353703181,9683353703191
planner,19095,0,9683353703221,9683353703231
planner,19096,0,9683353703251,9683353703271
planner,19097,0,9683353703291,9683353703311
planner,19098,0,9683353703331,9683353703351
planner,19099,0,9683353703371,9683353703391
planner,19100,0,9683353703411,9683353703421
planner,19101,0,9683353703441,9683353703461
planner,19102,0,9683353703481,9683353703501
planner,19103,0,9683353703521,9683353703541
planner,19104,0,9683353703561,9683353703581
planner,19105,0,9683353703601,9683353703611
planner,19106,0,9683353703631,9683353703651
planner,19107,0,9683353703671,9683353703691
planner,19108,0,9683353703711,9683353703731
planner,19109,0,9683353703751,9683353703771
planner,19110,0,9683353703791,9683353703801
planner,19111,0,9683353703821,9683353703841
planner,19112,0,9683353703861,9683353703881
planner,19113,0,9683353703901,9683353703921
planner,19114,0,9683353703941,9683353703961
planner,19115,0,9683353703981,9683353703991
planner,19116,0,9683353704011,9683353704031
planner,19117,0,9683353704051,9683353704071
planner,19118,0,9683353704091,9683353704111
planner,19119,0,9683353704131,9683353704151
planner,19120,0,9683353704171,9683353704181
planner,19121,0,9683353704211,9683353704221
planner,19122,0,9683353704241,9683353704261
planner,19123,0,9683353704281,9683353704301
planner,19124,0,9683353704321,9683353704341
planner,19125,0,9683353704361,9683353704381
planner,19126,0,9683353704401,9683353704411
planner,19127,0,9683353704431,9683353704451
planner,19128,0,9683353704471,9683353704491
planner,19129,0,9683353704511,9683353704531
planner,19130,0,9683353704551,9683353704571
planner,19131,0,9683353704591,9683353704601
planner,19132,0,9683353704621,9683353704641
planner,19133,0,9683353704661,9683353704681
planner,19134,0,9683353704701,9683353704721
planner,19135,0,9683353704741,9683353704761
planner,19136,0,9683353704781,9683353704791
planner,19137,0,9683353704811,9683353704831
planner,19138,0,9683353704851,9683353704871
planner,19139,0,9683353704891,9683353704911
planner,19140,0,9683353704931,9683353704951
planner,19141,0,9683353704971,9683353704981
planner,19142,0,9683353705001,9683353705021
planner,19143,0,9683353705041,9683353705061
planner,19144,0,9683353705081,9683353705101
planner,19145,0,9683353705121,9683353705141
planner,19146,0,9683353705161,9683353705171
planner,19147,0,9683353705201,9683353705211
planner,19148,0,9683353705231,9683353705251
planner,19149,0,9683353705271,9683353705291
planner,19150,0,9683353705311,9683353705331
planner,19151,0,9683353705351,9683353705371
planner,19152,0,9683353705391,9683353705401
planner,19153,0,9683353705421,9683353705441
planner,19154,0,9683353705461,9683353705481
planner,19155,0,9683353705501,9683353705521
planner,19156,0,9683353705541,9683353705561
planner,19157,0,9683353705581,9683353705591
planner,19158,0,9683353705611,9683353705631
planner,19159,0,9683353705651,9683353705671
planner,19160,0,9683353705691,9683353705711
planner,19161,0,9683353705731,9683353705751
planner,19162,0,9683353705771,9683353705781
planner,19163,0,9683353705801,9683353705821
planner,19164,0,9683353705841,9683353705861
planner,19165,0,9683353705881,9683353705901
planner,19166,0,9683353705921,9683353705941
planner,19167,0,9683353705961,9683353705981
planner,19168,0,9683353706001,9683353706011
planner,19169,0,9683353706031,9683353706051
planner,19170,0,9683353706071,9683353706091
planner,19171,0,9683353706111,9683353706131
planner,19172,0,9683353706151,9683353706171
planner,19173,0,9683353706191,9683353706201
planner,19174,0,9683353706221,9683353706241
planner,19175,0,9683353706261,9683353706281
planner,19176,0,9683353706301,9683353706321
planner,19177,0,9683353706341,9683353706361
planner,19178,0,9683353706381,9683353706391
planner,19179,0,9683353706411,9683353706431
planner,19180,0,9683353706451,9683353706471
planner,19181,0,9683353706491,9683353706511
planner,19182,0,9683353706531,9683353706551
planner,19183,0,9683353706571,9683353706581
planner,19184,0,9683353706601,9683353706621
planner,19185,0,9683353706641,9683353706661
planner,19186,0,9683353706681,9683353706701
planner,19187,0,9683353706721,9683353706741
planner,19188,0,9683353706761,9683353706771
planner,19189,0,9683353706801,9683353706811
planner,19190,0,9683353706831,9683353706851
planner,19191,0,9683353706871,9683353706891
planner,19192,0,9683353706911,9683353706931
planner,19193,0,9683353706951,9683353706971
planner,19194,0,9683353706991,9683353707001
planner,19195,0,9683353707021,9683353707041
planner,19196,0,9683353707061,9683353707081
planner,19197,0,9683353707101,9683353707121
planner,19198,0,9683353707141,9683353707161
planner,19199,0,9683353707181,9683353707191
planner,19200,0,9683353707901,9683353707921
planner,19201,0,9683353707941,9683353707951
planner,19202,0,9683353707981,9683353707991
planner,19203,0,9683353708011,9683353708031
planner,19204,0,9683353708051,9683353708071
planner,19205,0,9683353708091,9683353708111
planner,19206,0,9683353708131,9683353708151
planner,19207,0,9683353708171,9683353708191
planner,19208,0,9683353708211,9683353708221
planner,19209,0,9683353708241,9683353708261
planner,19210,0,9683353708281,9683353708301
planner,19211,0,9683353708321,9683353708341
planner,19212,0,9683353708361,9683353708381
planner,19213,0,9683353708401,9683353708411
planner,19214,0,9683353708431,9683353708451
planner,19215,0,9683353708471,9683353708491
planner,19216,0,9683353708511,9683353708531
planner,19217,0,9683353708551,9683353708571
planner,19218,0,9683353708591,9683353708611
planner,19219,0,9683353708631,9683353708641
planner,19220,0,9683353708661,9683353708681
planner,19221,0,9683353708701,9683353708721
planner,19222,0,9683353708741,9683353708761
planner,19223,0,9683353708781,9683353708801
planner,19224,0,9683353708821,9683353708831
planner,19225,0,9683353708851,9683353708871
planner,19226,0,9683353708891,9683353708911
planner,19227,0,9683353708931,9683353708951
planner,19228,0,9683353708971,9683353708991
planner,19229,0,9683353709011,9683353709021
planner,19230,0,9683353709041,9683353709061
planner,19231,0,9683353709081,9683353709101
planner,19232,0,9683353709121,9683353709141
planner,19233,0,9683353709161,9683353709181
planner,19234,0,9683353709201,9683353709221
planner,19235,0,9683353709241,9683353709251
planner,19236,0,9683353709271,9683353709291
planner,19237,0,9683353709311,9683353709331
planner,19238,0,9683353709351,9683353709371
planner,19239,0,9683353709391,9683353709411
planner,19240,0,9683353709431,9683353709441
planner,19241,0,9683353709461,9683353709481
planner,19242,0,9683353709501,9683353709521
planner,19243,0,9683353709541,9683353709561
planner,19244,0,9683353709581,9683353709601
planner,19245,0,9683353709621,9683353709631
planner,19246,0,9683353709651,9683353709671
planner,19247,0,9683353709691,9683353709711
planner,19248,0,9683353709731,9683353709751
planner,19249,0,9683353709771,9683353709791
planner,19250,0,9683353709811,9683353709821
planner,19251,0,9683353709851,9683353709861
planner,19252,0,9683353709881,9683353709901
planner,19253,0,9683353709921,9683353709941
planner,19254,0,9683353709961,9683353709981
planner,19255,0,9683353710001,9683353710021
planner,19256,0,9683353710041,9683353710051
planner,19257,0,9683353710071,9683353710091
planner,19258,0,9683353710111,9683353710131
planner,19259,0,9683353710151,9683353710171
planner,19260,0,9683353710191,9683353710211
planner,19261,0,9683353710231,9683353710241
planner,19262,0,9683353710261,9683353710281
planner,19263,0,9683353710301,9683353710321
planner,19264,0,9683353710341,9683353710361
planner,19265,0,9683353710381,9683353710401
planner,19266,0,9683353710421,9683353710431
planner,19267,0,9683353710451,9683353710471
planner,19268,0,9683353710491,9683353710511
planner,19269,0,9683353710531,9683353710551
planner,19270,0,9683353710571,9683353710591
planner,19271,0,9683353710611,9683353710631
planner,19272,0,9683353710651,9683353710661
planner,19273,0,9683353710681,9683353710701
planner,19274,0,9683353710721,9683353710741
planner,19275,0,9683353710761,9683353710781
planner,19276,0,9683353710801,9683353710821
planner,19277,0,9683353710841,9683353710851
planner,19278,0,9683353710871,9683353710891
planner,19279,0,9683353710911,9683353710931
planner,19280,0,9683353710951,9683353710971
planner,19281,0,9683353710991,9683353711011
planner,19282,0,9683353711031,9683353711041
planner,19283,0,9683353711061,9683353711081
planner,19284,0,9683353711101,9683353711121
planner,19285,0,9683353711141,9683353711161
planner,19286,0,9683353711181,9683353711201
planner,19287,0,9683353711221,9683353711231
planner,19288,0,9683353711251,9683353711271
planner,19289,0,9683353711291,9683353711311
planner,19290,0,9683353711331,9683353711351
planner,19291,0,9683353711371,9683353711391
planner,19292,0,9683353711411,9683353711431
planner,19293,0,9683353711451,9683353711461
planner,19294,0,9683353711481,9683353711501
planner,19295,0,9683353711521,9683353711541
planner,19296,0,9683353711561,9683353711581
planner,19297,0,9683353711601,9683353711621
planner,19298,0,9683353711641,9683353711651
planner,19299,0,9683353711671,9683353711691
planner,19300,0,9683353711711,9683353711731
planner,19301,0,9683353711751,9683353711771
planner,19302,0,9683353711791,9683353711811
planner,19303,0,9683353711831,9683353711841
planner,19304,0,9683353711861,9683353711881
planner,19305,0,9683353711901,9683353711921
planner,19306,0,9683353711941,9683353711961
planner,19307,0,9683353711981,9683353712001
planner,19308,0,9683353712021,9683353712031
planner,19309,0,9683353712051,9683353712071
planner,19310,0,9683353712091,9683353712111
planner,19311,0,9683353712131,9683353712151
planner,19312,0,9683353712171,9683353712191
planner,19313,0,9683353712211,9683353712231
planner,19314,0,9683353712251,9683353712261
planner,19315,0,9683353712281,9683353712301
planner,19316,0,9683353712321,9683353712341
planner,19317,0,9683353712361,9683353712381
planner,19318,0,9683353712401,9683353712421
planner,19319,0,9683353712441,9683353712451
planner,19320,0,9683353712471,9683353712491
planner,19321,0,9683353712511,9683353712531
planner,19322,0,9683353712551,9683353712571
planner,19323,0,9683353712591,9683353712611
planner,19324,0,9683353712631,9683353712641
planner,19325,0,9683353712661,9683353712681
planner,19326,0,9683353712701,9683353712721
planner,19327,0,9683353712741,9683353712761
planner,19328,0,9683353713211,9683353713231
planner,19329,0,9683353713251,9683353713261
planner,19330,0,9683353713291,9683353713301
planner,19331,0,9683353713321,9683353713341
planner,19332,0,9683353713361,9683353713381
planner,19333,0,9683353713401,9683353713421
planner,19334,0,9683353713441,9683353713461
planner,19335,0,9683353713481,9683353713501
planner,19336,0,9683353713521,9683353713531
planner,19337,0,9683353713551,9683353713571
planner,19338,0,9683353713591,9683353713611
planner,19339,0,9683353713631,9683353713651
planner,19340,0,9683353713671,9683353713691
planner,19341,0,9683353713711,9683353713721
planner,19342,0,9683353713741,9683353713761
planner,19343,0,9683353713781,9683353713801
planner,19344,0,9683353713821,9683353713841
planner,19345,0,9683353713861,9683353713881
planner,19346,0,9683353713901,9683353713921
planner,19347,0,9683353713941,9683353713951
planner,19348,0,9683353713971,9683353713991
planner,19349,0,9683353714011,9683353714031
planner,19350,0,9683353714051,9683353714071
planner,19351,0,9683353714091,9683353714111
planner,19352,0,9683353714131,9683353714141
planner,19353,0,9683353714161,9683353714181
planner,19354,0,9683353714201,9683353714221
planner,19355,0,9683353714241,9683353714261
planner,19356,0,9683353714281,9683353714301
planner,19357,0,9683353714321,9683353714331
planner,19358,0,9683353714351,9683353714371
planner,19359,0,9683353714391,9683353714411
planner,19360,0,9683353714431,9683353714451
planner,19361,0,9683353714471,9683353714491
planner,19362,0,9683353714511,9683353714521
planner,19363,0,9683353714541,9683353714561
planner,19364,0,9683353714581,9683353714601
planner,19365,0,9683353714621,9683353714641
planner,19366,0,9683353714661,9683353714681
planner,19367,0,9683353714701,9683353714711
planner,19368,0,9683353714731,9683353714751
planner,19369,0,9683353714771,9683353714791
planner,19370,0,9683353714811,9683353714831
planner,19371,0,9683353714851,9683353714871
planner,19372,0,9683353714891,9683353714901
planner,19373,0,9683353714931,9683353714941
planner,19374,0,9683353714961,9683353714981
planner,19375,0,9683353715001,9683353715021
planner,19376,0,9683353715041,9683353715061
planner,19377,0,9683353715081,9683353715101
planner,19378,0,9683353715121,9683353715131
planner,19379,0,9683353715151,9683353715171
planner,19380,0,9683353715191,9683353715211
planner,19381,0,9683353715231,9683353715251
planner,19382,0,9683353715271,9683353715291
planner,19383,0,9683353715311,9683353715321
planner,19384,0,9683353715341,9683353715361
planner,19385,0,9683353715381,9683353715401
planner,19386,0,9683353715421,9683353715441
planner,19387,0,9683353715461,9683353715481
planner,19388,0,9683353715501,9683353715511
planner,19389,0,9683353715531,9683353715551
planner,19390,0,9683353715571,9683353715591
planner,19391,0,9683353715611,9683353715631
planner,19392,0,9683353715651,9683353715671
planner,19393,0,9683353715691,9683353715701
planner,19394,0,9683353715721,9683353715741
planner,19395,0,9683353715761,9683353715781
planner,19396,0,9683353715801,9683353715821
planner,19397,0,9683353715841,9683353715861
planner,19398,0,9683353715881,9683353715891
planner,19399,0,9683353715921,9683353715931
planner,19400,0,9683353715951,9683353715971
planner,19401,0,9683353715991,9683353716011
planner,19402,0,9683353716031,9683353716051
planner,19403,0,9683353716071,9683353716091
planner,19404,0,9683353716111,9683353716121
planner,19405,0,9683353716141,9683353716161
planner,19406,0,9683353716181,9683353716201
planner,19407,0,9683353716221,9683353716241
planner,19408,0,9683353716261,9683353716281
planner,19409,0,9683353716301,9683353716311
planner,19410,0,9683353716331,9683353716351
planner,19411,0,9683353716371,9683353716391
planner,19412,0,9683353716411,9683353716431
planner,19413,0,9683353716451,9683353716471
planner,19414,0,9683353716491,9683353716501
planner,19415,0,9683353716521,9683353716541
planner,19416,0,9683353716561,9683353716581
planner,19417,0,9683353716601,9683353716621
planner,19418,0,9683353716641,9683353716661
planner,19419,0,9683353716681,9683353716701
planner,19420,0,9683353716721,9683353716731
planner,19421,0,9683353716751,9683353716771
planner,19422,0,9683353716791,9683353716811
planner,19423,0,9683353716831,9683353716851
planner,19424,0,9683353716871,9683353716891
planner,19425,0,9683353716911,9683353716921
planner,19426,0,9683353716941,9683353716961
planner,19427,0,9683353716981,9683353717001
planner,19428,0,9683353717021,9683353717041
planner,19429,0,9683353717061,9683353717081
planner,19430,0,9683353717101,9683353717111
planner,19431,0,9683353717141,9683353717151
planner,19432,0,9683353717171,9683353717191
planner,19433,0,9683353717211,9683353717231
planner,19434,0,9683353717251,9683353717271
planner,19435,0,9683353717291,9683353717311
planner,19436,0,9683353717331,9683353717341
planner,19437,0,9683353717361,9683353717381
planner,19438,0,9683353717401,9683353717421
planner,19439,0,9683353717441,9683353717461
planner,19440,0,9683353717481,9683353717501
planner,19441,0,9683353717521,9683353717541
planner,19442,0,9683353717561,9683353717571
planner,19443,0,9683353717591,9683353717611
planner,19444,0,9683353717631,9683353717651
planner,19445,0,9683353717671,9683353717691
planner,19446,0,9683353717711,9683353717731
planner,19447,0,9683353717751,9683353717761
planner,19448,0,9683353717781,9683353717801
planner,19449,0,9683353717821,9683353717841
planner,19450,0,9683353717861,9683353717881
planner,19451,0,9683353717901,9683353717921
planner,19452,0,9683353717941,9683353717951
planner,19453,0,9683353717981,9683353717991
planner,19454,0,9683353718011,9683353718031
planner,19455,0,9683353718051,9683353718071
planner,19456,0,9683353718521,9683353718541
planner,19457,0,9683353718561,9683353718581
planner,19458,0,9683353718601,9683353718621
planner,19459,0,9683353718641,9683353718651
planner,19460,0,9683353718681,9683353718691
planner,19461,0,9683353718711,9683353718731
planner,19462,0,9683353718751,9683353718771
planner,19463,0,9683353718791,9683353718811
planner,19464,0,9683353718831,9683353718851
planner,19465,0,9683353718871,9683353718891
planner,19466,0,9683353718911,9683353718921
planner,19467,0,9683353718941,9683353718961
planner,19468,0,9683353718981,9683353719001
planner,19469,0,9683353719021,9683353719041
planner,19470,0,9683353719061,9683353719081
planner,19471,0,9683353719101,9683353719111
planner,19472,0,9683353719131,9683353719151
planner,19473,0,9683353719171,9683353719191
planner,19474,0,9683353719211,9683353719231
planner,19475,0,9683353719251,9683353719271
planner,19476,0,9683353719291,9683353719311
planner,19477,0,9683353719331,9683353719341
planner,19478,0,9683353719361,9683353719381
planner,19479,0,9683353719401,9683353719421
planner,19480,0,9683353719441,9683353719461
planner,19481,0,9683353719481,9683353719501
planner,19482,0,9683353719521,9683353719531
planner,19483,0,9683353719551,9683353719571
planner,19484,0,9683353719591,9683353719611
planner,19485,0,9683353719631,9683353719651
planner,19486,0,9683353719671,9683353719691
planner,19487,0,9683353719711,9683353719721
planner,19488,0,9683353719741,9683353719761
planner,19489,0,9683353719781,9683353719801
planner,19490,0,9683353719821,9683353719841
planner,19491,0,9683353719861,9683353719881
planner,19492,0,9683353719901,9683353719911
planner,19493,0,9683353719941,9683353719951
planner,19494,0,9683353719971,9683353719991
planner,19495,0,9683353720011,9683353720031
planner,19496,0,9683353720051,9683353720071
planner,19497,0,9683353720091,9683353720111
planner,19498,0,9683353720131,9683353720141
planner,19499,0,9683353720161,9683353720181
planner,19500,0,9683353720201,9683353720221
planner,19501,0,9683353720241,9683353720261
planner,19502,0,9683353720281,9683353720301
planner,19503,0,9683353720321,9683353720331
planner,19504,0,9683353720351,9683353720371
planner,19505,0,9683353720391,9683353720411
planner,19506,0,9683353720431,9683353720451
planner,19507,0,9683353720471,9683353720491
planner,19508,0,9683353720511,9683353720521
planner,19509,0,9683353720541,9683353720561
planner,19510,0,9683353720581,9683353720601
planner,19511,0,9683353720621,9683353720641
planner,19512,0,9683353720661,9683353720681
planner,19513,0,9683353720701,9683353720711
planner,19514,0,9683353720731,9683353720751
planner,19515,0,9683353720771,9683353720791
planner,19516,0,9683353720811,9683353720831
planner,19517,0,9683353720851,9683353720871
planner,19518,0,9683353720891,9683353720911
planner,19519,0,9683353720931,9683353720941
planner,19520,0,9683353720961,9683353720981
planner,19521,0,9683353721001,9683353721021
planner,19522,0,9683353721041,9683353721061
planner,19523,0,9683353721081,9683353721101
planner,19524,0,9683353721121,9683353721131
planner,19525,0,9683353721151,9683353721171
planner,19526,0,9683353721191,9683353721211
planner,19527,0,9683353721231,9683353721251
planner,19528,0,9683353721271,9683353721291
planner,19529,0,9683353721311,9683353721321
planner,19530,0,9683353721351,9683353721361
planner,19531,0,9683353721381,9683353721401
planner,19532,0,9683353721421,9683353721441
planner,19533,0,9683353721461,9683353721481
planner,19534,0,9683353721501,9683353721521
planner,19535,0,9683353721541,9683353721551
planner,19536,0,9683353721571,9683353721591
planner,19537,0,9683353721611,9683353721631
planner,19538,0,9683353721651,9683353721671
planner,19539,0,9683353721691,9683353721711
planner,19540,0,9683353721731,9683353721741
planner,19541,0,9683353721761,9683353721781
planner,19542,0,9683353721801,9683353721821
planner,19543,0,9683353721841,9683353721861
planner,19544,0,9683353721881,9683353721901
planner,19545,0,9683353721921,9683353721931
planner,19546,0,9683353721961,9683353721971
planner,19547,0,9683353721991,9683353722011
planner,19548,0,9683353722031,9683353722051
planner,19549,0,9683353722071,9683353722091
planner,19550,0,9683353722111,9683353722131
planner,19551,0,9683353722151,9683353722161
planner,19552,0,9683353722181,9683353722201
planner,19553,0,9683353722221,9683353722241
planner,19554,0,9683353722261,9683353722281
planner,19555,0,9683353722301,9683353722321
planner,19556,0,9683353722341,9683353722351
planner,19557,0,9683353722371,9683353722391
planner,19558,0,9683353722411,9683353722431
planner,19559,0,9683353722451,9683353722471
planner,19560,0,9683353722491,9683353722511
planner,19561,0,9683353722531,9683353722541
planner,19562,0,9683353722561,9683353722581
planner,19563,0,9683353722601,9683353722621
planner,19564,0,9683353722641,9683353722661
planner,19565,0,9683353722681,9683353722701
planner,19566,0,9683353722721,9683353722741
planner,19567,0,9683353722761,9683353722771
planner,19568,0,9683353722791,9683353722811
planner,19569,0,9683353722831,9683353722851
planner,19570,0,9683353722871,9683353722891
planner,19571,0,9683353722911,9683353722931
planner,19572,0,9683353722951,9683353722961
planner,19573,0,9683353722981,9683353723001
planner,19574,0,9683353723021,9683353723041
planner,19575,0,9683353723061,9683353723081
planner,19576,0,9683353723101,9683353723121
planner,19577,0,9683353723141,9683353723151
planner,19578,0,9683353723171,9683353723191
planner,19579,0,9683353723211,9683353723231
planner,19580,0,9683353723251,9683353723271
planner,19581,0,9683353723291,9683353723311
planner,19582,0,9683353723331,9683353723341
planner,19583,0,9683353723361,9683353723381
planner,19584,0,9683353723841,9683353723861
planner,19585,0,9683353723881,9683353723901
planner,19586,0,9683353723921,9683353723941
planner,19587,0,9683353723961,9683353723981
planner,19588,0,9683353724001,9683353724021
planner,19589,0,9683353724041,9683353724051
planner,19590,0,9683353724071,9683353724091
planner,19591,0,9683353724111,9683353724131
planner,19592,0,9683353724151,9683353724171
planner,19593,0,9683353724191,9683353724211
planner,19594,0,9683353724231,9683353724241
planner,19595,0,9683353724271,9683353724281
planner,19596,0,9683353724301,9683353724321
planner,19597,0,9683353724341,9683353724361
planner,19598,0,9683353724381,9683353724401
planner,19599,0,9683353724421,9683353724441
planner,19600,0,9683353724461,9683353724471
planner,19601,0,9683353724491,9683353724511
planner,19602,0,9683353724531,9683353724551
planner,19603,0,9683353724571,9683353724591
planner,19604,0,9683353724611,9683353724631
planner,19605,0,9683353724651,9683353724661
planner,19606,0,9683353724681,9683353724701
planner,19607,0,9683353724721,9683353724741
planner,19608,0,9683353724761,9683353724781
planner,19609,0,9683353724801,9683353724821
planner,19610,0,9683353724841,9683353724851
planner,19611,0,9683353724871,9683353724891
planner,19612,0,9683353724911,9683353724931
planner,19613,0,9683353724951,9683353724971
planner,19614,0,9683353724991,9683353725011
planner,19615,0,9683353725031,9683353725041
planner,19616,0,9683353725071,9683353725081
planner,19617,0,9683353725101,9683353725121
planner,19618,0,9683353725141,9683353725161
planner,19619,0,9683353725181,9683353725201
planner,19620,0,9683353725221,9683353725241
planner,19621,0,9683353725261,9683353725271
planner,19622,0,9683353725291,9683353725311
planner,19623,0,9683353725331,9683353725351
planner,19624,0,9683353725371,9683353725391
planner,19625,0,9683353725411,9683353725431
planner,19626,0,9683353725451,9683353725461
planner,19627,0,9683353725481,9683353725501
planner,19628,0,9683353725521,9683353725541
planner,19629,0,9683353725561,9683353725581
planner,19630,0,9683353725601,9683353725621
planner,19631,0,9683353725641,9683353725661
planner,19632,0,9683353725681,9683353725691
planner,19633,0,9683353725711,9683353725731
planner,19634,0,9683353725751,9683353725771
planner,19635,0,9683353725791,9683353725811
planner,19636,0,9683353725831,9683353725851
planner,19637,0,9683353725871,9683353725881
planner,19638,0,9683353725901,9683353725921
planner,19639,0,9683353725941,9683353725961
planner,19640,0,9683353725981,9683353726001
planner,19641,0,9683353726021,9683353726041
planner,19642,0,9683353726061,9683353726071
planner,19643,0,9683353726091,9683353726111
planner,19644,0,9683353726131,9683353726151
planner,19645,0,9683353726171,9683353726191
planner,19646,0,9683353726211,9683353726231
planner,19647,0,9683353726251,9683353726271
planner,19648,0,9683353726291,9683353726301
planner,19649,0,9683353726321,9683353726341
planner,19650,0,9683353726361,9683353726381
planner,19651,0,9683353726401,9683353726421
planner,19652,0,9683353726441,9683353726461
planner,19653,0,9683353726481,9683353726491
planner,19654,0,9683353726511,9683353726531
planner,19655,0,9683353726551,9683353726571
planner,19656,0,9683353726591,9683353726611
planner,19657,0,9683353726631,9683353726651
planner,19658,0,9683353726671,9683353726681
planner,19659,0,9683353726701,9683353726721
planner,19660,0,9683353726741,9683353726761
planner,19661,0,9683353726781,9683353726801
planner,19662,0,9683353726821,9683353726841
planner,19663,0,9683353726861,9683353726871
planner,19664,0,9683353726901,9683353726911
planner,19665,0,9683353726931,9683353726951
planner,19666,0,9683353726971,9683353726991
planner,19667,0,9683353727011,9683353727031
planner,19668,0,9683353727051,9683353727071
planner,19669,0,9683353727091,9683353727101
planner,19670,0,9683353727121,9683353727141
planner,19671,0,9683353727161,9683353727181
planner,19672,0,9683353727201,9683353727221
planner,19673,0,9683353727241,9683353727261
planner,19674,0,9683353727281,9683353727291
planner,19675,0,9683353727311,9683353727331
planner,19676,0,9683353727351,9683353727371
planner,19677,0,9683353727391,9683353727411
planner,19678,0,9683353727431,9683353727451
planner,19679,0,9683353727471,9683353727481
planner,19680,0,9683353727501,9683353727521
planner,19681,0,9683353727541,9683353727561
planner,19682,0,9683353727581,9683353727601
planner,19683,0,9683353727621,9683353727641
planner,19684,0,9683353727661,9683353727671
planner,19685,0,9683353727701,9683353727711
planner,19686,0,9683353727731,9683353727751
planner,19687,0,9683353727771,9683353727791
planner,19688,0,9683353727811,9683353727831
planner,19689,0,9683353727851,9683353727871
planner,19690,0,9683353727891,9683353727901
planner,19691,0,9683353727921,9683353727941
planner,19692,0,9683353727961,9683353727981
planner,19693,0,9683353728001,9683353728021
planner,19694,0,9683353728041,9683353728061
planner,19695,0,9683353728081,9683353728091
planner,19696,0,9683353728111,9683353728131
planner,19697,0,9683353728151,9683353728171
planner,19698,0,9683353728191,9683353728211
planner,19699,0,9683353728231,9683353728251
planner,19700,0,9683353728271,9683353728291
planner,19701,0,9683353728311,9683353728321
planner,19702,0,9683353728341,9683353728361
planner,19703,0,9683353728381,9683353728401
planner,19704,0,9683353728421,9683353728441
planner,19705,0,9683353728461,9683353728481
planner,19706,0,9683353728501,9683353728511
planner,19707,0,9683353728531,9683353728551
planner,19708,0,9683353728571,9683353728591
planner,19709,0,9683353728611,9683353728631
planner,19710,0,9683353728651,9683353728671
planner,19711,0,9683353728691,9683353728711
planner,19712,0,9683353729641,9683353729651
planner,19713,0,9683353729671,9683353729691
planner,19714,0,9683353729711,9683353729731
planner,19715,0,9683353729751,9683353729771
planner,19716,0,9683353729791,9683353729811
planner,19717,0,9683353729831,9683353729851
planner,19718,0,9683353729871,9683353729881
planner,19719,0,9683353729911,9683353729921
planner,19720,0,9683353729941,9683353729961
planner,19721,0,9683353729981,9683353730001
planner,19722,0,9683353730021,9683353730041
planner,19723,0,9683353730061,9683353730081
planner,19724,0,9683353730101,9683353730111
planner,19725,0,9683353730131,9683353730151
planner,19726,0,9683353730171,9683353730191
planner,19727,0,9683353730211,9683353730231
planner,19728,0,9683353730251,9683353730271
planner,19729,0,9683353730291,9683353730301
planner,19730,0,9683353730321,9683353730341
planner,19731,0,9683353730361,9683353730381
planner,19732,0,9683353730401,9683353730421
planner,19733,0,9683353730441,9683353730461
planner,19734,0,9683353730481,9683353730491
planner,19735,0,9683353730511,9683353730531
planner,19736,0,9683353730551,9683353730571
planner,19737,0,9683353730591,9683353730611
planner,19738,0,9683353730631,9683353730651
planner,19739,0,9683353730671,9683353730691
planner,19740,0,9683353730711,9683353730721
planner,19741,0,9683353730741,9683353730761
planner,19742,0,9683353730781,9683353730801
planner,19743,0,9683353730821,9683353730841
planner,19744,0,9683353730861,9683353730881
planner,19745,0,9683353730901,9683353730911
planner,19746,0,9683353730931,9683353730951
planner,19747,0,9683353730971,9683353730991
planner,19748,0,9683353731011,9683353731031
planner,19749,0,9683353731051,9683353731071
planner,19750,0,9683353731091,9683353731101
planner,19751,0,9683353731121,9683353731141
planner,19752,0,9683353731161,9683353731181
planner,19753,0,9683353731201,9683353731221
planner,19754,0,9683353731241,9683353731261
planner,19755,0,9683353731281,9683353731301
planner,19756,0,9683353731321,9683353731331
planner,19757,0,9683353731351,9683353731371
planner,19758,0,9683353731391,9683353731411
planner,19759,0,9683353731431,9683353731451
planner,19760,0,9683353731471,9683353731491
planner,19761,0,9683353731511,9683353731521
planner,19762,0,9683353731541,9683353731561
planner,19763,0,9683353731581,9683353731601
planner,19764,0,9683353731621,9683353731641
planner,19765,0,9683353731661,9683353731681
planner,19766,0,9683353731701,9683353731711
planner,19767,0,9683353731731,9683353731751
planner,19768,0,9683353731771,9683353731791
planner,19769,0,9683353731811,9683353731831
planner,19770,0,9683353731851,9683353731871
planner,19771,0,9683353731891,9683353731901
planner,19772,0,9683353731931,9683353731941
planner,19773,0,9683353731961,9683353731981
planner,19774,0,9683353732001,9683353732021
planner,19775,0,9683353732041,9683353732061
planner,19776,0,9683353732081,9683353732101
planner,19777,0,9683353732121,9683353732131
planner,19778,0,9683353732151,9683353732171
planner,19779,0,9683353732191,9683353732211
planner,19780,0,9683353732231,9683353732251
planner,19781,0,9683353732271,9683353732291
planner,19782,0,9683353732311,9683353732321
planner,19783,0,9683353732341,9683353732361
planner,19784,0,9683353732381,9683353732401
planner,19785,0,9683353732421,9683353732441
planner,19786,0,9683353732461,9683353732481
planner,19787,0,9683353732501,9683353732511
planner,19788,0,9683353732531,9683353732551
planner,19789,0,9683353732571,9683353732591
planner,19790,0,9683353732611,9683353732631
planner,19791,0,9683353732651,9683353732671
planner,19792,0,9683353732691,9683353732701
planner,19793,0,9683353732731,9683353732741
planner,19794,0,9683353732761,9683353732781
planner,19795,0,9683353732801,9683353732821
planner,19796,0,9683353732841,9683353732861
planner,19797,0,9683353732881,9683353732901
planner,19798,0,9683353732921,9683353732931
planner,19799,0,9683353732951,9683353732971
planner,19800,0,9683353732991,9683353733011
planner,19801,0,9683353733031,9683353733051
planner,19802,0,9683353733071,9683353733091
planner,19803,0,9683353733111,9683353733121
planner,19804,0,9683353733141,9683353733161
planner,19805,0,9683353733181,9683353733201
planner,19806,0,9683353733221,9683353733241
planner,19807,0,9683353733261,9683353733281
planner,19808,0,9683353733301,9683353733311
planner,19809,0,9683353733331,9683353733351
planner,19810,0,9683353733371,9683353733391
planner,19811,0,9683353733411,9683353733431
planner,19812,0,9683353733451,9683353733471
planner,19813,0,9683353733491,9683353733511
planner,19814,0,9683353733531,9683353733541
planner,19815,0,9683353733561,9683353733581
planner,19816,0,9683353733601,9683353733621
planner,19817,0,9683353733641,9683353733661
planner,19818,0,9683353733681,9683353733701
planner,19819,0,9683353733721,9683353733731
planner,19820,0,9683353733751,9683353733771
planner,19821,0,9683353733791,9683353733811
planner,19822,0,9683353733831,9683353733851
planner,19823,0,9683353733871,9683353733891
planner,19824,0,9683353733911,9683353733921
planner,19825,0,9683353733941,9683353733961
planner,19826,0,9683353733981,9683353734001
planner,19827,0,9683353734021,9683353734041
planner,19828,0,9683353734061,9683353734081
planner,19829,0,9683353734101,9683353734111
planner,19830,0,9683353734131,9683353734151
planner,19831,0,9683353734171,9683353734191
planner,19832,0,9683353734211,9683353734231
planner,19833,0,9683353734251,9683353734271
planner,19834,0,9683353734291,9683353734311
planner,19835,0,9683353734331,9683353734341
planner,19836,0,9683353734361,9683353734381
planner,19837,0,9683353734401,9683353734421
planner,19838,0,9683353734441,9683353734461
planner,19839,0,9683353734481,9683353734501
planner,19840,0,9683353734941,9683353734961
planner,19841,0,9683353734981,9683353735001
planner,19842,0,9683353735021,9683353735041
planner,19843,0,9683353735061,9683353735081
planner,19844,0,9683353735101,9683353735111
planner,19845,0,9683353735141,9683353735151
planner,19846,0,9683353735171,9683353735191
planner,19847,0,9683353735211,9683353735231
planner,19848,0,9683353735251,9683353735271
planner,19849,0,9683353735291,9683353735311
planner,19850,0,9683353735331,9683353735341
planner,19851,0,9683353735361,9683353735381
planner,19852,0,9683353735401,9683353735421
planner,19853,0,9683353735441,9683353735461
planner,19854,0,9683353735481,9683353735501
planner,19855,0,9683353735521,9683353735531
planner,19856,0,9683353735551,9683353735571
planner,19857,0,9683353735591,9683353735611
planner,19858,0,9683353735631,9683353735651
planner,19859,0,9683353735671,9683353735691
planner,19860,0,9683353735711,9683353735721
planner,19861,0,9683353735741,9683353735761
planner,19862,0,9683353735781,9683353735801
planner,19863,0,9683353735821,9683353735841
planner,19864,0,9683353735861,9683353735881
planner,19865,0,9683353735901,9683353735921
planner,19866,0,9683353735941,9683353735951
planner,19867,0,9683353735971,9683353735991
planner,19868,0,9683353736011,9683353736031
planner,19869,0,9683353736051,9683353736071
planner,19870,0,9683353736091,9683353736111
planner,19871,0,9683353736131,9683353736141
planner,19872,0,9683353736161,9683353736181
planner,19873,0,9683353736201,9683353736221
planner,19874,0,9683353736241,9683353736261
planner,19875,0,9683353736281,9683353736301
planner,19876,0,9683353736321,9683353736341
planner,19877,0,9683353736361,9683353736371
planner,19878,0,9683353736391,9683353736411
planner,19879,0,9683353736431,9683353736451
planner,19880,0,9683353736471,9683353736491
planner,19881,0,9683353736511,9683353736531
planner,19882,0,9683353736551,9683353736561
planner,19883,0,9683353736581,9683353736601
planner,19884,0,9683353736621,9683353736641
planner,19885,0,9683353736661,9683353736681
planner,19886,0,9683353736701,9683353736721
planner,19887,0,9683353736741,9683353736761
planner,19888,0,9683353736781,9683353736791
planner,19889,0,9683353736811,9683353736831
planner,19890,0,9683353736851,9683353736871
planner,19891,0,9683353736891,9683353736911
planner,19892,0,9683353736931,9683353736951
planner,19893,0,9683353736971,9683353736981
planner,19894,0,9683353737001,9683353737021
planner,19895,0,9683353737041,9683353737061
planner,19896,0,9683353737081,9683353737101
planner,19897,0,9683353737121,9683353737141
planner,19898,0,9683353737161,9683353737181
planner,19899,0,9683353737201,9683353737211
planner,19900,0,9683353737231,9683353737251
planner,19901,0,9683353737271,9683353737291
planner,19902,0,9683353737311,9683353737331
planner,19903,0,9683353737351,9683353737371
planner,19904,0,9683353737391,9683353737401
planner,19905,0,9683353737431,9683353737441
planner,19906,0,9683353737461,9683353737481
planner,19907,0,9683353737501,9683353737521
planner,19908,0,9683353737541,9683353737561
planner,19909,0,9683353737581,9683353737601
planner,19910,0,9683353737621,9683353737631
planner,19911,0,9683353737651,9683353737671
planner,19912,0,9683353737691,9683353737711
planner,19913,0,9683353737731,9683353737751
planner,19914,0,9683353737771,9683353737791
planner,19915,0,9683353737811,9683353737831
planner,19916,0,9683353737851,9683353737861
planner,19917,0,9683353737881,9683353737901
planner,19918,0,9683353737921,9683353737941
planner,19919,0,9683353737961,9683353737981
planner,19920,0,9683353738001,9683353738021
planner,19921,0,9683353738041,9683353738051
planner,19922,0,9683353738071,9683353738091
planner,19923,0,9683353738111,9683353738131
planner,19924,0,9683353738151,9683353738171
planner,19925,0,9683353738191,9683353738211
planner,19926,0,9683353738231,9683353738251
planner,19927,0,9683353738271,9683353738281
planner,19928,0,9683353738301,9683353738321
planner,19929,0,9683353738341,9683353738361
planner,19930,0,9683353738381,9683353738401
planner,19931,0,9683353738421,9683353738441
planner,19932,0,9683353738461,9683353738471
planner,19933,0,9683353738491,9683353738511
planner,19934,0,9683353738531,9683353738551
planner,19935,0,9683353738571,9683353738591
planner,19936,0,9683353738611,9683353738631
planner,19937,0,9683353738651,9683353738661
planner,19938,0,9683353738691,9683353738701
planner,19939,0,9683353738721,9683353738741
planner,19940,0,9683353738761,9683353738781
planner,19941,0,9683353738801,9683353738821
planner,19942,0,9683353738841,9683353738861
planner,19943,0,9683353738881,9683353738891
planner,19944,0,9683353738911,9683353738931
planner,19945,0,9683353738951,9683353738971
planner,19946,0,9683353738991,9683353739011
planner,19947,0,9683353739031,9683353739051
planner,19948,0,9683353739071,9683353739081
planner,19949,0,9683353739101,9683353739121
planner,19950,0,9683353739141,9683353739161
planner,19951,0,9683353739181,9683353739201
planner,19952,0,9683353739221,9683353739241
planner,19953,0,9683353739261,9683353739281
planner,19954,0,9683353739301,9683353739311
planner,19955,0,9683353739331,9683353739351
planner,19956,0,9683353739371,9683353739391
planner,19957,0,9683353739411,9683353739431
planner,19958,0,9683353739451,9683353739471
planner,19959,0,9683353739491,9683353739501
planner,19960,0,9683353739521,9683353739541
planner,19961,0,9683353739561,9683353739581
planner,19962,0,9683353739601,9683353739621
planner,19963,0,9683353739641,9683353739661
planner,19964,0,9683353739681,9683353739691
planner,19965,0,9683353739711,9683353739731
planner,19966,0,9683353739751,9683353739771
planner,19967,0,9683353739791,9683353739811
planner,19968,0,9683353740261,9683353740271
planner,19969,0,9683353740301,9683353740311
planner,19970,0,9683353740331,9683353740351
planner,19971,0,9683353740371,9683353740391
planner,19972,0,9683353740411,9683353740431
planner,19973,0,9683353740451,9683353740471
planner,19974,0,9683353740491,9683353740511
planner,19975,0,9683353740531,9683353740541
planner,19976,0,9683353740561,9683353740581
planner,19977,0,9683353740601,9683353740621
planner,19978,0,9683353740641,9683353740661
planner,19979,0,9683353740681,9683353740701
planner,19980,0,9683353740721,9683353740731
planner,19981,0,9683353740751,9683353740771
planner,19982,0,9683353740791,9683353740811
planner,19983,0,9683353740831,9683353740851
planner,19984,0,9683353740871,9683353740891
planner,19985,0,9683353740911,9683353740921
planner,19986,0,9683353740941,9683353740961
planner,19987,0,9683353740981,9683353741001
planner,19988,0,9683353741021,9683353741041
planner,19989,0,9683353741061,9683353741081
planner,19990,0,9683353741101,9683353741111
planner,19991,0,9683353741131,9683353741151
planner,19992,0,9683353741171,9683353741191
planner,19993,0,9683353741211,9683353741231
planner,19994,0,9683353741251,9683353741271
planner,19995,0,9683353741291,9683353741301
planner,19996,0,9683353741321,9683353741341
planner,19997,0,9683353741361,9683353741381
planner,19998,0,9683353741401,9683353741421
planner,19999,0,9683353741441,9683353741461
planner,1788704645012892276,4,9691857105971,1788704645012979946
planner,1788704645012892276,5,9691906073201,1788704645061947186
planner,1788704645012892276,5,9691956064009,1788704645111937984
planner,1788704645123247448,4,9691967448233,1788704645123322208
planner,1788704645123247448,5,9692006065636,1788704645161939631
planner,1788704645123247448,5,9692056017144,1788704645211891119
planner,1788704645232909472,4,9692077092377,1788704645232966352
planner,1788704645232909472,5,9692106065942,1788704645261939937
planner,1788704645232909472,5,9692156063849,1788704645311937824
planner,1788704645342895665,4,9692187068360,1788704645342942335
planner,1788704645342895665,5,9692206064687,1788704645361938682
planner,1788704645342895665,5,9692256064665,1788704645411938640
planner,1788704645452886488,4,9692297090263,1788704645452964248
planner,1788704645452886488,5,9692306064472,1788704645461938457
planner,1788704645452886488,5,9692356062840,1788704645511936815
planner,1788704645452886488,5,9692406062928,1788704645561936913
planner,1788704645562884451,4,9692407085256,1788704645562959241
planner,1788704645562884451,5,9692456020126,1788704645611894101
planner,1788704645562884451,5,9692506061483,1788704645661935458
planner,1788704645673509252,4,9692517738367,1788704645673612352
planner,1788704645673509252,5,9692556032431,1788704645711906416
planner,1788704645673509252,5,9692606021749,1788704645761895734
planner,1788704645782882677,4,9692627087021,1788704645782961006
planner,1788704645782882677,5,9692656062786,1788704645811936771
planner,1788704645782882677,5,9692706021614,1788704645861895599
planner,1788704645892882260,4,9692737078114,1788704645892952099
planner,1788704645892882260,5,9692756046622,1788704645911920607
planner,1788704645892882260,5,9692806067539,1788704645961941524
planner,1788704646002886292,4,9692847099157,1788704646002973142
planner,1788704646002886292,5,9692856023587,1788704646011897582
planner,1788704646002886292,5,9692906060065,1788704646061934050
planner,1788704646002886292,5,9692956016493,1788704646111890478
planner,1788704646112882505,4,9692957075200,1788704646112949175
planner,1788704646112882505,5,9693006016460,1788704646161890445
planner,1788704646112882505,5,9693056025488,1788704646211899473
planner,1788704646222885008,4,9693067081483,1788704646222955458
planner,1788704646222885008,5,9693106014926,1788704646261888911
planner,1788704646222885008,5,9693156012803,1788704646311886788
planner,1788704646332885991,4,9693177081196,1788704646332955181
planner,1788704646332885991,5,9693206015381,1788704646361889356
planner,1788704646332885991,5,9693256015269,1788704646411889264
planner,1788704646442886534,4,9693287090799,1788704646442964784
planner,1788704646442886534,5,9693306009746,1788704646461883731
planner,1788704646442886534,5,9693356013374,1788704646511887359
planner,1788704646552883877,4,9693397092212,1788704646552966247
planner,1788704646552883877,5,9693406014142,1788704646561888127
planner,1788704646552883877,5,9693456013290,1788704646611887285
planner,1788704646552883877,5,9693506024977,1788704646661898972
planner,1788704646662885830,4,9693507091135,1788704646662965110
planner,1788704646662885830,5,9693556012165,1788704646711886150
planner,1788704646662885830,5,9693606012963,1788704646761886958
planner,1788704646772879663,4,9693617078838,1788704646772952823
planner,1788704646772879663,5,9693656010940,1788704646811884925
planner,1788704646772879663,5,9693706012488,1788704646861886473
planner,1788704646882882756,4,9693727070481,1788704646882944466
planner,1788704646882882756,5,9693756011036,1788704646911885021
planner,1788704646882882756,5,9693806015153,1788704646961889138
planner,1788704646992881749,4,9693837083624,1788704646992957599
planner,1788704646992881749,5,9693856018061,1788704647011892056
planner,1788704646992881749,5,9693906014259,1788704647061888244
planner,1788704647102880382,4,9693947087376,1788704647102961371
planner,1788704647102880382,5,9693956011166,1788704647111885151
planner,1788704647102880382,5,9694006013564,1788704647161887549
planner,1788704647102880382,5,9694056012412,1788704647211886397
planner,1788704647212882474,4,9694057082899,1788704647212956884
planner,1788704647212882474,5,9694106010959,1788704647261884944
planner,1788704647212882474,5,9694156012947,1788704647311886932
planner,1788704647322883017,4,9694167088502,1788704647322962487
planner,1788704647322883017,5,9694206011945,1788704647361885930
planner,1788704647322883017,5,9694256013873,1788704647411887858
planner,1788704647432881200,4,9694277071435,1788704647432945420
planner,1788704647432881200,5,9694306011360,1788704647461885345
planner,1788704647432881200,5,9694356010348,1788704647511884343
planner,1788704647542884803,4,9694387087008,1788704647542961013
planner,1788704647542884803,5,9694406014756,1788704647561888741
planner,1788704647542884803,5,9694456011613,1788704647611885588
planner,1788704647652882106,4,9694497082251,1788704647652956226
planner,1788704647652882106,5,9694506009881,1788704647661883856
planner,1788704647652882106,5,9694556012369,1788704647711886364
planner,1788704647652882106,5,9694606013406,1788704647761887391
planner,1788704647762881139,4,9694607067394,1788704647762941359
planner,1788704647762881139,5,9694656013274,1788704647811887259
planner,1788704647762881139,5,9694706015492,1788704647861889477
planner,1788704647872880492,4,9694717086527,1788704647872960512
planner,1788704647872880492,5,9694756010819,1788704647911884804
planner,1788704647872880492,5,9694806013817,1788704647961887792
planner,1788704647982883685,4,9694827085460,1788704647982959445
planner,1788704647982883685,5,9694856011685,1788704648011885660
planner,1788704647982883685,5,9694906014302,1788704648061888297
planner,1788704648092881948,4,9694937080283,1788704648092954258
planner,1788704648092881948,5,9694956016390,1788704648111890375
planner,1788704648092881948,5,9695006019988,1788704648161893973
planner,1788704648202882751,4,9695047084476,1788704648202958461
planner,1788704648202882751,5,9695056008805,1788704648211882790
planner,1788704648202882751,5,9695106011523,1788704648261885498
planner,1788704648202882751,5,9695156012271,1788704648311886256
planner,1788704648312882304,4,9695157082309,1788704648312956284
planner,1788704648312882304,5,9695206012769,1788704648361886754
planner,1788704648312882304,5,9695256015766,1788704648411889751
planner,1788704648422884496,4,9695267090991,1788704648422964966
planner,1788704648422884496,5,9695306020724,1788704648461894709
planner,1788704648422884496,5,9695356017282,1788704648511891267
planner,1788704648532884959,4,9695377092974,1788704648532966959
planner,1788704648532884959,5,9695406013739,1788704648561887724
planner,1788704648532884959,5,9695456014707,1788704648611888702
planner,1788704648642886692,4,9695487094157,1788704648642968142
planner,1788704648642886692,5,9695506010565,1788704648661884550
planner,1788704648642886692,5,9695556017982,1788704648711891967
planner,1788704648752884315,4,9695597098540,1788704648752972525
planner,1788704648752884315,5,9695606011000,1788704648761884985
planner,1788704648752884315,5,9695656012218,1788704648811886213
planner,1788704648752884315,5,9695706015285,1788704648861889270
planner,1788704648862884348,4,9695707082383,1788704648862956358
planner,1788704648862884348,5,9695756012003,1788704648911885988
planner,1788704648862884348,5,9695806015841,1788704648961889826
planner,1788704648972885151,4,9695817094226,1788704648972968211
planner,1788704648972885151,5,9695856011918,1788704649011885903
planner,1788704648972885151,5,9695906012906,1788704649061886901
planner,1788704649082885234,4,9695927084609,1788704649082958594
planner,1788704649082885234,5,9695956010774,1788704649111884759
planner,1788704649082885234,5,9696006011922,1788704649161885907
planner,1788704649192884037,4,9696037091632,1788704649192965637
planner,1788704649192884037,5,9696056012839,1788704649211886814
planner,1788704649192884037,5,9696106015857,1788704649261889832
planner,1788704649302882900,4,9696147088525,1788704649302962560
planner,1788704649302882900,5,9696156011695,1788704649311885670
planner,1788704649302882900,5,9696206017542,1788704649361891517
planner,1788704649302882900,5,9696256012490,1788704649411886465
planner,1788704649412884203,4,9696257072648,1788704649412946633
planner,1788704649412884203,5,9696306018308,1788704649461892283
planner,1788704649412884203,5,9696356019955,1788704649511893930
planner,1788704649522882036,4,9696367083631,1788704649522957616
planner,1788704649522882036,5,9696406020463,1788704649561894438
planner,1788704649522882036,5,9696456014761,1788704649611888736
planner,1788704649632883219,4,9696477078543,1788704649632952538
planner,1788704649632883219,5,9696506020018,1788704649661893993
planner,1788704649632883219,5,9696556014446,1788704649711888421
planner,1788704649742884062,4,9696587072976,1788704649742946961
planner,1788704649742884062,5,9696606011064,1788704649761885039
planner,1788704649742884062,5,9696656015331,1788704649811889306
planner,1788704649852888974,4,9696697088589,1788704649852962584
planner,1788704649852888974,5,9696706010349,1788704649861884324
planner,1788704649852888974,5,9696756012807,1788704649911886782
planner,1788704649852888974,5,9696806015895,1788704649961889860
planner,1788704649962884517,4,9696807076952,1788704649962950927
planner,1788704649962884517,5,9696856014612,1788704650011888587
planner,1788704649962884517,5,9696906016640,1788704650061890615
planner,1788704650072881860,4,9696917078535,1788704650072952510
planner,1788704650072881860,5,9696956013408,1788704650111887383
planner,1788704650072881860,5,9697006017755,1788704650161891730
planner,1788704650182885133,4,9697027078918,1788704650182952903
planner,1788704650182885133,5,9697056013963,1788704650211887938
planner,1788704650182885133,5,9697106014341,1788704650261888316
planner,1788704650292881416,4,9697137076301,1788704650292950276
planner,1788704650292881416,5,9697156016298,1788704650311890273
planner,1788704650292881416,5,9697206014996,1788704650361888971
planner,1788704650402880699,4,9697247079644,1788704650402953619
planner,1788704650402880699,5,9697256016124,1788704650411890099
planner,1788704650402880699,5,9697306018141,1788704650461892116
planner,1788704650402880699,5,9697356016930,1788704650511890905
planner,1788704650512884512,4,9697357082987,1788704650512956952
planner,1788704650512884512,5,9697406017887,1788704650561891862
planner,1788704650512884512,5,9697456019775,1788704650611893760
planner,1788704650622882125,4,9697467092790,1788704650622966765
planner,1788704650622882125,5,9697506014222,1788704650661888197
planner,1788704650622882125,5,9697556014149,1788704650711888124
planner,1788704650732882376,4,9697577139001,1788704650733012986
planner,1788704650732882376,5,9697606015806,1788704650761889781
planner,1788704650732882376,5,9697656016344,1788704650811890309
planner,1788704650842883799,4,9697687077304,1788704650842951309
planner,1788704650842883799,5,9697706014561,1788704650861888536
planner,1788704650842883799,5,9697756016659,1788704650911890634
planner,1788704650952880842,4,9697797077467,1788704650952951492
planner,1788704650952880842,5,9697806010337,1788704650961884302
planner,1788704650952880842,5,9697856012117,1788704651011886092
planner,1788704650952880842,5,9697906012065,1788704651061886040
planner,1788704651062885888,4,9697907088882,1788704651062962867
planner,1788704651062885888,5,9697956022464,1788704651111896439
planner,1788704651062885888,5,9698006019392,1788704651161893367
planner,1788704651172883572,4,9698017091447,1788704651172965422
planner,1788704651172883572,5,9698056015909,1788704651211889884
planner,1788704651172883572,5,9698106015417,1788704651261889392
planner,1788704651282881624,4,9698127073709,1788704651282947694
planner,1788704651282881624,5,9698156015794,1788704651311889769
planner,1788704651282881624,5,9698206017382,1788704651361891347
planner,1788704651392886447,4,9698237095942,1788704651392969947
planner,1788704651392886447,5,9698256016559,1788704651411890534
planner,1788704651392886447,5,9698306016597,1788704651461890572
planner,1788704651502882930,4,9698347103804,1788704651502977789
planner,1788704651502882930,5,9698356016724,1788704651511890699
planner,1788704651502882930,5,9698406019092,1788704651561893077
planner,1788704651502882930,5,9698456017250,1788704651611891225
planner,1788704651612883503,4,9698457084387,1788704651612958362
planner,1788704651612883503,5,9698506020007,1788704651661893982
planner,1788704651612883503,5,9698556019215,1788704651711893190
planner,1788704651722885545,4,9698567089820,1788704651722963805
planner,1788704651722885545,5,9698606015332,1788704651761889307
planner,1788704651722885545,5,9698656022550,1788704651811896525
planner,1788704651832889278,4,9698677092563,1788704651832966558
planner,1788704651832889278,5,9698706018179,1788704651861892164
planner,1788704651832889278,5,9698756019386,1788704651911893361
planner,1788704651942887672,4,9698787104386,1788704651942978371
planner,1788704651942887672,5,9698806018704,1788704651961892669
planner,1788704651942887672,5,9698856013392,1788704652011887367
planner,1788704652052886365,4,9698897104220,1788704652052978205
planner,1788704652052886365,5,9698906010430,1788704652061884395
planner,1788704652052886365,5,9698956012577,1788704652111886552
planner,1788704652052886365,5,9699006015395,1788704652161889380
planner,1788704652162896068,4,9699007107753,1788704652162981738
planner,1788704652162896068,5,9699056012843,1788704652211886808
planner,1788704652252889116,4,9699097108350,1788704652252982335
planner,1788704652252889116,5,9699106011430,1788704652261885405
planner,1788704652252889116,5,9699156013778,1788704652311887753
planner,1788704652342891363,4,9699187103818,1788704652342977793
planner,1788704652342891363,5,9699206013026,1788704652361887001
planner,1788704652342891363,5,9699256012893,1788704652411886858
planner,1788704652432885191,4,9699277079786,1788704652432953781
planner,1788704652432885191,5,9699306017761,1788704652461891736
planner,1788704652432885191,5,9699356013999,1788704652511887984
planner,1788704652522881609,4,9699367104364,1788704652522978339
planner,1788704652522881609,5,9699406012397,1788704652561886372
planner,1788704652522881609,5,9699456020514,1788704652611894489
planner,1788704652612884697,4,9699457093302,1788704652612967287
planner,1788704652612884697,5,9699506001952,1788704652661875937
planner,1788704652612884697,5,9699556012630,1788704652711886605
planner,1788704652712885332,4,9699557095127,1788704652712969102
planner,1788704652712885332,5,9699606015277,1788704652761889252
planner,1788704652712885332,5,9699656013805,1788704652811887780
planner,1788704652812893108,4,9699657110422,1788704652812984397
planner,1788704652812893108,5,9699706021323,1788704652861895298
planner,1788704652812893108,5,9699756012880,1788704652911886855
planner,1788704652912883583,4,9699757092308,1788704652912966293
planner,1788704652912883583,5,9699806012018,1788704652961885993
planner,1788704652912883583,5,9699856014156,1788704653011888131
planner,1788704653012890439,4,9699857110543,1788704653012984528
planner,1788704653012890439,5,9699906018273,1788704653061892238
planner,1788704653012890439,5,9699956009911,1788704653111883886
planner,1788704653112886154,4,9699957103689,1788704653112977664
planner,1788704653112886154,5,9700006016429,1788704653161890404
planner,1788704653112886154,5,9700056017107,1788704653211891082
planner,1788704653222885077,4,9700067131971,1788704653223005976
planner,1788704653222885077,5,9700106015284,1788704653261889259
planner,1788704653222885077,5,9700156020382,1788704653311894357
planner,1788704653313025284,4,9700157247369,1788704653313121344
planner,1788704653313025284,5,9700206032020,1788704653361905985
planner,1788704653313025284,5,9700256016557,1788704653411890532
planner,1788704653422888988,4,9700267228662,1788704653423102677
planner,1788704653422888988,5,9700306016675,1788704653461890650
planner,1788704653422888988,5,9700356012533,1788704653511886508
planner,1788704653512892625,4,9700357134010,1788704653513007985
planner,1788704653512892625,5,9700406011750,1788704653561885725
planner,1788704653602884003,4,9700447132258,1788704653603006253
planner,1788704653602884003,5,9700456008678,1788704653611882653
planner,1788704653602884003,5,9700506014396,1788704653661888371
planner,1788704653692883891,4,9700537100546,1788704653692974531
planner,1788704653692883891,5,9700556013533,1788704653711887508
planner,1788704653692883891,5,9700606013421,1788704653761887396
planner,1788704653782883769,4,9700627096064,1788704653782970049
planner,1788704653782883769,5,9700656012279,1788704653811886254
planner,1788704653782883769,5,9700706014126,1788704653861888101
planner,1788704653872887267,4,9700717115741,1788704653872989726
planner,1788704653872887267,5,9700756013514,1788704653911887489
planner,1788704653872887267,5,9700806018422,1788704653961892397
planner,1788704653962886925,4,9700807117569,1788704653962991554
planner,1788704653962886925,5,9700856016010,1788704654011889985
planner,1788704654052885823,4,9700897111297,1788704654052985292
planner,1788704654052885823,5,9700906012227,1788704654061886202
planner,1788704654052885823,5,9700956013635,1788704654111887610
planner,1788704654142884730,4,9700987094605,1788704654142968590
planner,1788704654142884730,5,9701006013473,1788704654161887438
planner,1788704654142884730,5,9701056003230,1788704654211877195
planner,1788704654232885378,4,9701077089213,1788704654232963188
planner,1788704654232885378,5,9701106009108,1788704654261883083
planner,1788704654232885378,5,9701156001796,1788704654311875771
planner,1788704654322885866,4,9701167454900,1788704654323328885
planner,1788704654322885866,5,9701206010073,1788704654361884048
planner,1788704654322885866,5,9701256013441,1788704654411887416
planner,1788704654422883561,4,9701267128176,1788704654423002161
planner,1788704654422883561,5,9701306009789,1788704654461883764
planner,1788704654422883561,5,9701356010836,1788704654511884811
planner,1788704654522885177,4,9701367098671,1788704654522972686
planner,1788704654522885177,5,9701406007964,1788704654561881939
planner,1788704654522885177,5,9701456001312,1788704654611875287
planner,1788704654612885405,4,9701457087929,1788704654612961904
planner,1788704654612885405,5,9701506013920,1788704654661887885
planner,1788704654612885405,5,9701556004377,1788704654711878352
planner,1788704654712882740,4,9701557081855,1788704654712955830
planner,1788704654712882740,5,9701606006905,1788704654761880880
planner,1788704654712882740,5,9701656006623,1788704654811880598
planner,1788704654822885533,4,9701667133427,1788704654823007412
planner,1788704654822885533,5,9701706002640,1788704654861876615
planner,1788704654822885533,5,9701756009308,1788704654911883283
planner,1788704654922884558,4,9701767093563,1788704654922967548
planner,1788704654922884558,5,9701806005326,1788704654961879301
planner,1788704654922884558,5,9701856003533,1788704655011877508
planner,1788704655012882636,4,9701857070871,1788704655012944846
planner,1788704655012882636,5,9701906005291,1788704655061879266
planner,1788704655012882636,5,9701956001669,1788704655111875654
planner,1788704655112885142,4,9701957077326,1788704655112951311
planner,1788704655112885142,5,9702006004136,1788704655161878111
planner,1788704655112885142,5,9702056008514,1788704655211882489
planner,1788704655222889974,4,9702067103209,1788704655222977224
planner,1788704655222889974,5,9702106003212,1788704655261877187
planner,1788704655222889974,5,9702156002650,1788704655311876625
planner,1788704655322893800,4,9702167099884,1788704655322973859
planner,1788704655322893800,5,9702206002917,1788704655361876882
planner,1788704655322893800,5,9702255999285,1788704655411873260
planner,1788704655422883895,4,9702267083550,1788704655422957525
planner,1788704655422883895,5,9702306004823,1788704655461878798
planner,1788704655422883895,5,9702356006420,1788704655511880395
planner,1788704655522885431,4,9702367102925,1788704655522976910
planner,1788704655522885431,5,9702406000748,1788704655561874723
planner,1788704655522885431,5,9702455999026,1788704655611873001
planner,1788704655622886306,4,9702467136190,1788704655623010215
planner,1788704655622886306,5,9702506002483,1788704655661876458
planner,1788704655622886306,5,9702555997751,1788704655711871726
planner,1788704655722885101,4,9702567109596,1788704655722983591
planner,1788704655722885101,5,9702606006369,1788704655761880344
planner,1788704655722885101,5,9702655996756,1788704655811870721
planner,1788704655812886829,4,9702657174344,1788704655813048319
planner,1788704655812886829,5,9702705998764,1788704655861872739
planner,1788704655812886829,5,9702755996542,1788704655911870517
planner,1788704655922886622,4,9702767126647,1788704655923000622
planner,1788704655922886622,5,9702805994509,1788704655961868474
planner,1788704655922886622,5,9702855995207,1788704656011869182
planner,1788704656022890277,4,9702867118742,1788704656022992727
planner,1788704656022890277,5,9702905994845,1788704656061868820
planner,1788704656022890277,5,9702955992073,1788704656111866038
planner,1788704656112888435,4,9702957110940,1788704656112984925
planner,1788704656112888435,5,9703005994630,1788704656161868605
planner,1788704656112888435,5,9703055997668,1788704656211871643
planner,1788704656222884248,4,9703067112313,1788704656222986288
planner,1788704656222884248,5,9703105993186,1788704656261867161
planner,1788704656222884248,5,9703155995893,1788704656311869878
planner,1788704656322885834,4,9703167119058,1788704656322993053
planner,1788704656322885834,5,9703205992441,1788704656361866416
planner,1788704656322885834,5,9703255992509,1788704656411866484
planner,1788704656422886619,4,9703267110864,1788704656422984849
planner,1788704656422886619,5,9703305992456,1788704656461866431
planner,1788704656422886619,5,9703355993494,1788704656511867469
planner,1788704656522883644,4,9703367106399,1788704656522980394
planner,1788704656522883644,5,9703405990592,1788704656561864567
planner,1788704656522883644,5,9703455999029,1788704656611873004
planner,1788704656622885530,4,9703467128174,1788704656623002149
planner,1788704656622885530,5,9703505990567,1788704656661864542
planner,1788704656622885530,5,9703555992355,1788704656711866320
planner,1788704656722887625,4,9703567114630,1788704656722988625
planner,1788704656722887625,5,9703605989962,1788704656761863937
planner,1788704656722887625,5,9703655985370,1788704656811859345
planner,1788704656812883963,4,9703657103588,1788704656812977563
planner,1788704656812883963,5,9703705989828,1788704656861863803
planner,1788704656812883963,5,9703755989855,1788704656911863820
planner,1788704656912883378,4,9703757106293,1788704656912980278
planner,1788704656912883378,5,9703805990563,1788704656961864538
planner,1788704656912883378,5,9703855982601,1788704657011856576
planner,1788704657012882944,4,9703857102308,1788704657012976293
planner,1788704657012882944,5,9703905988049,1788704657061862024
planner,1788704657012882944,5,9703955992086,1788704657111866061
planner,1788704657122884786,4,9703967112161,1788704657122986156
planner,1788704657122884786,5,9704005987244,1788704657161861219
planner,1788704657122884786,5,9704055989322,1788704657211863297
planner,1788704657222883542,4,9704067116377,1788704657222990362
planner,1788704657222883542,5,9704105987109,1788704657261861084
planner,1788704657222883542,5,9704155987027,1788704657311861002
planner,1788704657312886050,4,9704157190964,1788704657313064939
planner,1788704657312886050,5,9704205985455,1788704657361859430
planner,1788704657312886050,5,9704255987362,1788704657411861337
planner,1788704657422890213,4,9704267112838,1788704657422986813
planner,1788704657422890213,5,9704305986190,1788704657461860165
planner,1788704657422890213,5,9704355980738,1788704657511854713
planner,1788704657512887050,4,9704357109865,1788704657512983840
planner,1788704657512887050,5,9704405985725,1788704657561859700
planner,1788704657512887050,5,9704455984553,1788704657611858528
planner,1788704657622883583,4,9704467090638,1788704657622964613
planner,1788704657622883583,5,9704505984451,1788704657661858426
planner,1788704657622883583,5,9704555985258,1788704657711859233
planner,1788704657712881091,4,9704557089996,1788704657712963971
planner,1788704657712881091,5,9704605984406,1788704657761858381
planner,1788704657712881091,5,9704655977574,1788704657811851549
planner,1788704657812886767,4,9704657103182,1788704657812977167
planner,1788704657812886767,5,9704705986052,1788704657861860027
planner,1788704657812886767,5,9704755986599,1788704657911860574
planner,1788704657922884279,4,9704767091154,1788704657922965139
planner,1788704657922884279,5,9704805982737,1788704657961856712
planner,1788704657922884279,5,9704855983605,1788704658011857570
planner,1788704658022886985,4,9704867101330,1788704658022975305
planner,1788704658022886985,5,9704905984102,1788704658061858087
planner,1788704658022886985,5,9704955986200,1788704658111860175
planner,1788704658122888290,4,9704967100385,1788704658122974360
planner,1788704658122888290,5,9705005981098,1788704658161855073
planner,1788704658122888290,5,9705055978825,1788704658211852790
planner,1788704658212888458,4,9705057106863,1788704658212980848
planner,1788704658212888458,5,9705105984653,1788704658261858628
planner,1788704658212888458,5,9705155982571,1788704658311856546
planner,1788704658322886541,4,9705167104376,1788704658322978351
planner,1788704658322886541,5,9705205980848,1788704658361854823
planner,1788704658322886541,5,9705255975326,1788704658411849301
planner,1788704658412886769,4,9705257090424,1788704658412964399
planner,1788704658412886769,5,9705305979584,1788704658461853559
planner,1788704658412886769,5,9705355982941,1788704658511856916
planner,1788704658522885102,4,9705367092647,1788704658522966642
planner,1788704658522885102,5,9705405979159,1788704658561853134
planner,1788704658522885102,5,9705455979677,1788704658611853652
planner,1788704658622886877,4,9705467115002,1788704658622988977
planner,1788704658622886877,5,9705505984684,1788704658661858659
planner,1788704658622886877,5,9705555973702,1788704658711847677
planner,1788704658712883745,4,9705557101860,1788704658712975845
planner,1788704658712883745,5,9705605977500,1788704658761851475
planner,1788704658712883745,5,9705655974008,1788704658811847983
planner,1788704658812864990,4,9705657109005,1788704658812982980
planner,1788704658812864990,5,9705705979995,1788704658861853970
planner,1788704658812864990,5,9705755977113,1788704658911851088
planner,1788704658922886403,4,9705767123148,1788704658922997133
planner,1788704658922886403,5,9705805975681,1788704658961849656
planner,1788704658922886403,5,9705855971338,1788704659011845313
planner,1788704659012883791,4,9705857118416,1788704659012992401
planner,1788704659012883791,5,9705905975816,1788704659061849791
planner,1788704659012883791,5,9705955973324,1788704659111847299
planner,1788704659112886266,4,9705957139551,1788704659113013526
planner,1788704659112886266,5,9706005977201,1788704659161851196
planner,1788704659112886266,5,9706055975069,1788704659211849044
planner,1788704659222884319,4,9706067129454,1788704659223003439
planner,1788704659222884319,5,9706105974097,1788704659261848072
planner,1788704659222884319,5,9706155970465,1788704659311844440
planner,1788704659312890587,4,9706157114592,1788704659312988577
planner,1788704659312890587,5,9706205975572,1788704659361849547
planner,1788704659312890587,5,9706255973720,1788704659411847685
planner,1788704659422884750,4,9706267115825,1788704659422989800
planner,1788704659422884750,5,9706305972418,1788704659461846393
planner,1788704659422884750,5,9706355967655,1788704659511841630
planner,1788704659512885178,4,9706357091323,1788704659512965298
planner,1788704659512885178,5,9706405975523,1788704659561849508
planner,1788704659512885178,5,9706455971441,1788704659611845406
planner,1788704659622889711,4,9706467094376,1788704659622968351
planner,1788704659622889711,5,9706505972138,1788704659661846103
planner,1788704659622889711,5,9706555972336,1788704659711846311
planner,1788704659722884916,4,9706567091951,1788704659722965936
planner,1788704659722884916,5,9706605971234,1788704659761845209
planner,1788704659722884916,5,9706655970292,1788704659811844267
planner,1788704659812881904,4,9706657081599,1788704659812955564
planner,1788704659812881904,5,9706705969309,1788704659861843284
planner,1788704659812881904,5,9706755970617,1788704659911844592
planner,1788704659922886047,4,9706767129122,1788704659923003097
planner,1788704659922886047,5,9706805956245,1788704659961830210
planner,1788704659922886047,5,9706855970872,1788704660011844837
planner,1788704660022887252,4,9706867139577,1788704660023013562
planner,1788704660022887252,5,9706905969850,1788704660061843825
planner,1788704660022887252,5,9706955970368,1788704660111844343
planner,1788704660122884798,4,9706967126473,1788704660123000448
planner,1788704660122884798,5,9707005967925,1788704660161841900
planner,1788704660122884798,5,9707055969393,1788704660211843378
planner,1788704660222885113,4,9707067126118,1788704660223000093
planner,1788704660222885113,5,9707105969081,1788704660261843056
planner,1788704660222885113,5,9707155969808,1788704660311843783
planner,1788704660312857071,4,9707157086176,1788704660312960161
planner,1788704660312857071,5,9707205966746,1788704660361840711
planner,1788704660312857071,5,9707255967714,1788704660411841689
planner,1788704660412883856,4,9707257103321,1788704660412977306
planner,1788704660412883856,5,9707305967012,1788704660461840987
planner,1788704660412883856,5,9707355962089,1788704660511836054
planner,1788704660512885162,4,9707357108237,1788704660512982212
planner,1788704660512885162,5,9707405968767,1788704660561842742
planner,1788704660512885162,5,9707455964925,1788704660611838900
planner,1788704660622887915,4,9707467104669,1788704660622978644
planner,1788704660622887915,5,9707505966092,1788704660661840067
planner,1788704660622887915,5,9707555959840,1788704660711833815
planner,1788704660712883993,4,9707557103557,1788704660712977542
planner,1788704660712883993,5,9707605971718,1788704660761845693
planner,1788704660712883993,5,9707655961805,1788704660811835780
planner,1788704660812888068,4,9707657086533,1788704660812960508
planner,1788704660812888068,5,9707705963493,1788704660861837468
planner,1788704660812888068,5,9707755965701,1788704660911839686
planner,1788704660922887211,4,9707767089386,1788704660922963361
planner,1788704660922887211,5,9707805961818,1788704660961835793
planner,1788704660922887211,5,9707855963326,1788704661011837301
planner,1788704661022886166,4,9707867090821,1788704661022964796
planner,1788704661022886166,5,9707905965834,1788704661061839809
planner,1788704661022886166,5,9707955962512,1788704661111836477
planner,1788704661122884612,4,9707967095486,1788704661122969461
planner,1788704661122884612,5,9708005964559,1788704661161838544
planner,1788704661122884612,5,9708055961927,1788704661211835902
planner,1788704661212885659,4,9708057082024,1788704661212956019
planner,1788704661212885659,5,9708105961915,1788704661261835890
planner,1788704661212885659,5,9708155956382,1788704661311830357
planner,1788704661312886715,4,9708157091530,1788704661312965505
planner,1788704661312886715,5,9708205960730,1788704661361834705
planner,1788704661312886715,5,9708255962407,1788704661411836382
planner,1788704661412885810,4,9708257092275,1788704661412966270
planner,1788704661412885810,5,9708305960435,1788704661461834410
planner,1788704661412885810,5,9708355953093,1788704661511827068
planner,1788704661512886005,4,9708357084400,1788704661512958385
planner,1788704661512886005,5,9708405959400,1788704661561833375
planner,1788704661512886005,5,9708455958928,1788704661611832893
planner,1788704661622890138,4,9708467092703,1788704661622966678
planner,1788704661622890138,5,9708505959146,1788704661661833121
planner,1788704661622890138,5,9708555956464,1788704661711830439
planner,1788704661712883086,4,9708557075091,1788704661712949066
planner,1788704661712883086,5,9708605957441,1788704661761831416
planner,1788704661712883086,5,9708655959999,1788704661811833984
planner,1788704661812883242,4,9708657082796,1788704661812956781
planner,1788704661812883242,5,9708705958187,1788704661861832162
planner,1788704661812883242,5,9708755955864,1788704661911829839
planner,1788704661912882357,4,9708757081782,1788704661912955777
planner,1788704661912882357,5,9708805959142,1788704661961833117
planner,1788704661912882357,5,9708855958640,1788704662011832615
planner,1788704662012885452,4,9708857134317,1788704662013008292
planner,1788704662012885452,5,9708905956387,1788704662061830362
planner,1788704662012885452,5,9708955950875,1788704662111824850
planner,1788704662112885548,4,9708957079982,1788704662112953967
planner,1788704662112885548,5,9709005958333,1788704662161832308
planner,1788704662112885548,5,9709055959691,1788704662211833676
planner,1788704662222885211,4,9709067098595,1788704662222972580
planner,1788704662222885211,5,9709105955238,1788704662261829213
planner,1788704662222885211,5,9709155954566,1788704662311828541
planner,1788704662322884986,4,9709167097001,1788704662322970976
planner,1788704662322884986,5,9709205955004,1788704662361828979
planner,1788704662322884986,5,9709255950221,1788704662411824196
planner,1788704662412883854,4,9709257075289,1788704662412949274
planner,1788704662412883854,5,9709305951729,1788704662461825704
planner,1788704662412883854,5,9709355953217,1788704662511827192
planner,1788704662522887697,4,9709367106382,1788704662522980367
planner,1788704662522887697,5,9709405952244,1788704662561826219
planner,1788704662522887697,5,9709455948042,1788704662611822017
planner,1788704662612883635,4,9709457068199,1788704662612942174
planner,1788704662612883635,5,9709505952450,1788704662661826425
planner,1788704662612883635,5,9709555952177,1788704662711826142
planner,1788704662722885128,4,9709567105652,1788704662722979647
planner,1788704662722885128,5,9709605950925,1788704662761824900
planner,1788704662722885128,5,9709655948433,1788704662811822408
planner,1788704662812881995,4,9709657102650,1788704662812976625
planner,1788704662812881995,5,9709705950991,1788704662861824956
planner,1788704662812881995,5,9709755945338,1788704662911819313
planner,1788704662912885421,4,9709757111015,1788704662912984980
planner,1788704662912885421,5,9709805949476,1788704662961823451
planner,1788704662912885421,5,9709855944964,1788704663011818939
planner,1788704663012884866,4,9709857118881,1788704663012992856
planner,1788704663012884866,5,9709905948761,1788704663061822736
planner,1788704663012884866,5,9709955951229,1788704663111825204
planner,1788704663112881232,4,9709957374776,1788704663113248751
planner,1788704663112881232,5,9710005947427,1788704663161821392
planner,1788704663112881232,5,9710055950204,1788704663211824179
planner,1788704663222886054,4,9710067100799,1788704663222974784
planner,1788704663222886054,5,9710105946412,1788704663261820387
planner,1788704663222886054,5,9710155947420,1788704663311821395
planner,1788704663322885860,4,9710167108874,1788704663322982859
planner,1788704663322885860,5,9710205956887,1788704663361830862
planner,1788704663322885860,5,9710255950565,1788704663411824530
planner,1788704663422887255,4,9710267091630,1788704663422965615
planner,1788704663422887255,5,9710305945273,1788704663461819248
planner,1788704663422887255,5,9710355947090,1788704663511821065
planner,1788704663522884471,4,9710367108995,1788704663522982970
planner,1788704663522884471,5,9710405949168,1788704663561823143
planner,1788704663522884471,5,9710455940976,1788704663611814951
planner,1788704663612883109,4,9710457108633,1788704663612982618
planner,1788704663612883109,5,9710505944414,1788704663661818389
planner,1788704663612883109,5,9710555945361,1788704663711819336
planner,1788704663722886661,4,9710567093756,1788704663722967741
planner,1788704663722886661,5,9710605943749,1788704663761817724
planner,1788704663722886661,5,9710655939757,1788704663811813722
planner,1788704663812881409,4,9710657068614,1788704663812942589
planner,1788704663812881409,5,9710705943714,1788704663861817689
planner,1788704663812881409,5,9710755947422,1788704663911821397
planner,1788704663922882582,4,9710767093877,1788704663922967862
planner,1788704663922882582,5,9710805943040,1788704663961817015
planner,1788704663922882582,5,9710855944687,1788704664011818662
planner,1788704664012882320,4,9710857061155,1788704664012935130
planner,1788704664012882320,5,9710905942025,1788704664061816000
planner,1788704664012882320,5,9710955941533,1788704664111815508
planner,1788704664122887303,4,9710967101328,1788704664122975303
planner,1788704664122887303,5,9711005941370,1788704664161815345
planner,1788704664122887303,5,9711055941068,1788704664211815043
planner,1788704664212884561,4,9711057085936,1788704664212959931
planner,1788704664212884561,5,9711105940806,1788704664261814771
planner,1788704664212884561,5,9711155941113,1788704664311815088
planner,1788704664322883574,4,9711167081098,1788704664322955083
planner,1788704664322883574,5,9711205939581,1788704664361813556
planner,1788704664322883574,5,9711255937249,1788704664411811224
planner,1788704664412883512,4,9711257070536,1788704664412944511
planner,1788704664412883512,5,9711305941857,1788704664461815832
planner,1788704664412883512,5,9711355946934,1788704664511820909
planner,1788704664522883754,4,9711367087739,1788704664522961724
planner,1788704664522883754,5,9711405939802,1788704664561813777
planner,1788704664522883754,5,9711455941090,1788704664611815055
planner,1788704664622885880,4,9711467089635,1788704664622963620
planner,1788704664622885880,5,9711505937317,1788704664661811292
planner,1788704664622885880,5,9711555940575,1788704664711814550
planner,1788704664722881965,4,9711567085920,1788704664722959905
planner,1788704664722881965,5,9711605938893,1788704664761812868
planner,1788704664722881965,5,9711655938080,1788704664811812055
planner,1788704664822884101,4,9711667080385,1788704664822954360
planner,1788704664822884101,5,9711705935848,1788704664861809823
planner,1788704664822884101,5,9711755931966,1788704664911805941
planner,1788704664912883078,4,9711757068003,1788704664912941998
planner,1788704664912883078,5,9711805935033,1788704664961809008
planner,1788704664912883078,5,9711855938931,1788704665011812906
planner,1788704665022887481,4,9711867100226,1788704665022974261
planner,1788704665022887481,5,9711905935619,1788704665061809584
planner,1788704665022887481,5,9711955931066,1788704665111805041
planner,1788704665112885599,4,9711957079854,1788704665112953829
planner,1788704665112885599,5,9712005935224,1788704665161809199
planner,1788704665112885599,5,9712055936312,1788704665211810287
planner,1788704665222884212,4,9712067087467,1788704665222961452
planner,1788704665222884212,5,9712105935029,1788704665261809004
planner,1788704665222884212,5,9712155931887,1788704665311805862
planner,1788704665312884230,4,9712157066965,1788704665312940940
planner,1788704665312884230,5,9712205936545,1788704665361810520
planner,1788704665312884230,5,9712255930763,1788704665411804748
planner,1788704665412894425,4,9712257096110,1788704665412970095
planner,1788704665412894425,5,9712305935630,1788704665461809605
planner,1788704665412894425,5,9712355930468,1788704665511804443
planner,1788704665512886031,4,9712357078296,1788704665512952271
planner,1788704665512886031,5,9712405931906,1788704665561805881
planner,1788704665512886031,5,9712455933203,1788704665611807168
planner,1788704665622883424,4,9712467080159,1788704665622954144
planner,1788704665622883424,5,9712505931821,1788704665661805796
planner,1788704665622883424,5,9712555927789,1788704665711801774
planner,1788704665712882241,4,9712557078196,1788704665712952171
planner,1788704665712882241,5,9712605935407,1788704665761809382
planner,1788704665712882241,5,9712655933004,1788704665811806979
planner,1788704665812882397,4,9712657108942,1788704665812982927
planner,1788704665812882397,5,9712705929792,1788704665861803757
planner,1788704665812882397,5,9712755926380,1788704665911800355
planner,1788704665912886222,4,9712757085517,1788704665912959492
planner,1788704665912886222,5,9712805931957,1788704665961805932
planner,1788704665912886222,5,9712855925845,1788704666011799820
planner,1788704666012892657,4,9712857081092,1788704666012955077
planner,1788704666012892657,5,9712905927683,1788704666061801648
planner,1788704666012892657,5,9712955929830,1788704666111803805
planner,1788704666122884240,4,9712967081415,1788704666122955400
planner,1788704666122884240,5,9713005927838,1788704666161801803
planner,1788704666122884240,5,9713055922176,1788704666211796141
planner,1788704666212882468,4,9713057071293,1788704666212945258
planner,1788704666212882468,5,9713105926543,1788704666261800518
planner,1788704666212882468,5,9713155929401,1788704666311803376
planner,1788704666322890671,4,9713167093256,1788704666322967241
planner,1788704666322890671,5,9713205926159,1788704666361800134
planner,1788704666322890671,5,9713255921307,1788704666411795282
planner,1788704666412881169,4,9713257094044,1788704666412968029
planner,1788704666412881169,5,9713305925744,1788704666461799709
planner,1788704666412881169,5,9713355927062,1788704666511801027
planner,1788704666522886372,4,9713367125427,1788704666522999402
planner,1788704666522886372,5,9713405924750,1788704666561798715
planner,1788704666522886372,5,9713455937127,1788704666611811102
planner,1788704666612884580,4,9713457098075,1788704666612972060
planner,1788704666612884580,5,9713505932425,1788704666661806400
planner,1788704666612884580,5,9713555930973,1788704666711804948
planner,1788704666722889273,4,9713567106778,1788704666722980753
planner,1788704666722889273,5,9713605930680,1788704666761804655
planner,1788704666722889273,5,9713655922728,1788704666811796723
planner,1788704666812885781,4,9713657092765,1788704666812966740
planner,1788704666812885781,5,9713705924726,1788704666861798701
planner,1788704666812885781,5,9713755926573,1788704666911800548
planner,1788704666912883216,4,9713757082591,1788704666912956566
planner,1788704666912883216,5,9713805922891,1788704666961796856
planner,1788704666912883216,5,9713855925539,1788704667011799514
planner,1788704667012883461,4,9713857093146,1788704667012967121
planner,1788704667012883461,5,9713905922357,1788704667061796332
planner,1788704667012883461,5,9713955926054,1788704667111800029
planner,1788704667122885114,4,9713967117289,1788704667122991264
planner,1788704667122885114,5,9714005922052,1788704667161796027
planner,1788704667122885114,5,9714055925390,1788704667211799355
planner,1788704667222886640,4,9714067131554,1788704667223005549
planner,1788704667222886640,5,9714105921027,1788704667261795002
planner,1788704667222886640,5,9714155920625,1788704667311794590
planner,1788704667322884105,4,9714167107490,1788704667322981505
planner,1788704667322884105,5,9714205919713,1788704667361793688
planner,1788704667322884105,5,9714255916710,1788704667411790695
planner,1788704667412883973,4,9714257113558,1788704667412987543
planner,1788704667412883973,5,9714305922598,1788704667461796563
planner,1788704667412883973,5,9714355915886,1788704667511789861
planner,1788704667512884178,4,9714357116353,1788704667512990338
planner,1788704667512884178,5,9714405919474,1788704667561793449
planner,1788704667512884178,5,9714455919701,1788704667611793676
planner,1788704667622885341,4,9714467125356,1788704667622999341
planner,1788704667622885341,5,9714505917939,1788704667661791904
planner,1788704667622885341,5,9714555919517,1788704667711793492
planner,1788704667722883697,4,9714567138661,1788704667723012636
planner,1788704667722883697,5,9714605916924,1788704667761790899
planner,1788704667722883697,5,9714655918492,1788704667811792467
planner,1788704667812884164,4,9714657135539,1788704667813009514
planner,1788704667812884164,5,9714705916870,1788704667861790845
planner,1788704667812884164,5,9714755911907,1788704667911785882
planner,1788704667912888790,4,9714757117495,1788704667912991470
planner,1788704667912888790,5,9714805915715,1788704667961789690
planner,1788704667912888790,5,9714855916653,1788704668011790628
planner,1788704668022884683,4,9714867136347,1788704668023010352
planner,1788704668022884683,5,9714905915390,1788704668061789365
planner,1788704668022884683,5,9714955916748,1788704668111790723
planner,1788704668122883308,4,9714967122193,1788704668122996168
planner,1788704668122883308,5,9715005916236,1788704668161790201
planner,1788704668122883308,5,9715055908603,1788704668211782578
planner,1788704668212886766,4,9715057104711,1788704668212978686
planner,1788704668212886766,5,9715105915801,1788704668261789776
planner,1788704668212886766,5,9715155915179,1788704668311789154
planner,1788704668322884069,4,9715167115974,1788704668322989959
planner,1788704668322884069,5,9715205912846,1788704668361786821
planner,1788704668322884069,5,9715255913954,1788704668411787919
planner,1788704668412971506,4,9715257178031,1788704668413052006
planner,1788704668412971506,5,9715305914342,1788704668461788317
planner,1788704668412971506,5,9715355910530,1788704668511784505
planner,1788704668512883982,4,9715357121487,1788704668512995452
planner,1788704668512883982,5,9715405913637,1788704668561787612
planner,1788704668512883982,5,9715455912085,1788704668611786060
planner,1788704668612882058,4,9715457096372,1788704668612970347
planner,1788704668612882058,5,9715505912693,1788704668661786658
planner,1788704668612882058,5,9715555911590,1788704668711785565
planner,1788704668712886993,4,9715557113927,1788704668712987902
planner,1788704668712886993,5,9715605911958,1788704668761785933
planner,1788704668712886993,5,9715655909636,1788704668811783611
planner,1788704668812888798,4,9715657099443,1788704668812973418
planner,1788704668812888798,5,9715705913223,1788704668861787208
planner,1788704668812888798,5,9715755907841,1788704668911781816
planner,1788704668912889514,4,9715757113438,1788704668912987413
planner,1788704668912889514,5,9715805914089,1788704668961788064
planner,1788704668912889514,5,9715855910906,1788704669011784881
planner,1788704669012886209,4,9715857114184,1788704669012988169
planner,1788704669012886209,5,9715905909814,1788704669061783789
planner,1788704669012886209,5,9715955909162,1788704669111783137
planner,1788704669112886014,4,9715957098139,1788704669112972114
planner,1788704669112886014,5,9716005908369,1788704669161782334
planner,1788704669112886014,5,9716055907617,1788704669211781592
planner,1788704669222884097,4,9716067104402,1788704669222978387
planner,1788704669222884097,5,9716105908735,1788704669261782710
planner,1788704669222884097,5,9716155911403,1788704669311785378
planner,1788704669322886993,4,9716167133217,1788704669323007212
planner,1788704669322886993,5,9716205911460,1788704669361785435
planner,1788704669322886993,5,9716255907938,1788704669411781903
planner,1788704669422886188,4,9716267121753,1788704669422995748
planner,1788704669422886188,5,9716305907866,1788704669461781841
planner,1788704669422886188,5,9716355906233,1788704669511780198
planner,1788704669522884464,4,9716367099608,1788704669522973583
planner,1788704669522884464,5,9716405905051,1788704669561779016
planner,1788704669522884464,5,9716455899879,1788704669611773854
planner,1788704669612882561,4,9716457091956,1788704669612965941
planner,1788704669612882561,5,9716505905006,1788704669661778981
planner,1788704669612882561,5,9716555905514,1788704669711779489
planner,1788704669722888894,4,9716567140809,1788704669723014804
planner,1788704669722888894,5,9716605907832,1788704669761781807
planner,1788704669722888894,5,9716655906029,1788704669811780004
planner,1788704669812883242,4,9716657085837,1788704669812959812
planner,1788704669812883242,5,9716705904887,1788704669861778862
planner,1788704669812883242,5,9716755906295,1788704669911780270
planner,1788704669922886915,4,9716767122260,1788704669922996235
planner,1788704669922886915,5,9716805902992,1788704669961776967
planner,1788704669922886915,5,9716855896630,1788704670011770605
planner,1788704670012883273,4,9716857123417,1788704670012997402
planner,1788704670012883273,5,9716905903358,1788704670061777333
planner,1788704670012883273,5,9716955897865,1788704670111771840
planner,1788704670112886278,4,9716957100493,1788704670112974478
planner,1788704670112886278,5,9717005907243,1788704670161781218
planner,1788704670112886278,5,9717055902331,1788704670211776306
planner,1788704670222888101,4,9717067130076,1788704670223004051
planner,1788704670222888101,5,9717105900209,1788704670261774184
planner,1788704670222888101,5,9717155901926,1788704670311775901
planner,1788704670322886176,4,9717167118181,1788704670322992156
planner,1788704670322886176,5,9717205900344,1788704670361774319
planner,1788704670322886176,5,9717255896642,1788704670411770617
planner,1788704670412883374,4,9717257105139,1788704670412979124
planner,1788704670412883374,5,9717305900579,1788704670461774554
planner,1788704670412883374,5,9717355902947,1788704670511776932
planner,1788704670512881110,4,9717357082874,1788704670512956859
planner,1788704670512881110,5,9717405901805,1788704670561775790
planner,1788704670512881110,5,9717455898712,1788704670611772687
planner,1788704670612884465,4,9717457087560,1788704670612961525
planner,1788704670612884465,5,9717505898750,1788704670661772725
planner,1788704670612884465,5,9717555899118,1788704670711773093
planner,1788704670722885018,4,9717567092823,1788704670722966808
planner,1788704670722885018,5,9717605898276,1788704670761772251
planner,1788704670722885018,5,9717655899373,1788704670811773348
planner,1788704670822888753,4,9717667093998,1788704670822967973
planner,1788704670822888753,5,9717705898481,1788704670861772456
planner,1788704670822888753,5,9717755893149,1788704670911767114
planner,1788704670912883541,4,9717757089546,1788704670912963531
planner,1788704670912883541,5,9717805899286,1788704670961773271
planner,1788704670912883541,5,9717855888534,1788704671011762499
planner,1788704671012882257,4,9717857078632,1788704671012952597
planner,1788704671012882257,5,9717905895992,1788704671061769967
planner,1788704671012882257,5,9717955899039,1788704671111773024
planner,1788704671122885619,4,9717967111124,1788704671122985099
planner,1788704671122885619,5,9718005897697,1788704671161771672
planner,1788704671122885619,5,9718055896795,1788704671211770770
planner,1788704671222887435,4,9718067116210,1788704671222990195
planner,1788704671222887435,5,9718105897283,1788704671261771258
planner,1788704671222887435,5,9718155901670,1788704671311775645
planner,1788704671312889303,4,9718157095088,1788704671312969073
planner,1788704671312889303,5,9718205894358,1788704671361768333
planner,1788704671312889303,5,9718255889756,1788704671411763731
planner,1788704671412885668,4,9718257099893,1788704671412973868
planner,1788704671412885668,5,9718305892083,1788704671461766048
planner,1788704671412885668,5,9718355889871,1788704671511763846
planner,1788704671512882893,4,9718357102248,1788704671512976213
planner,1788704671512882893,5,9718405893829,1788704671561767804
planner,1788704671512882893,5,9718455891506,1788704671611765481
planner,1788704671622883486,4,9718467109551,1788704671622983546
planner,1788704671622883486,5,9718505891234,1788704671661765209
planner,1788704671622883486,5,9718555893412,1788704671711767377
planner,1788704671722883272,4,9718567113077,1788704671722987062
planner,1788704671722883272,5,9718605892120,1788704671761766095
planner,1788704671722883272,5,9718655885197,1788704671811759172
planner,1788704671812883740,4,9718657092135,1788704671812966120
planner,1788704671812883740,5,9718705895545,1788704671861769520
planner,1788704671812883740,5,9718755890803,1788704671911764778
planner,1788704671922887032,4,9718767144687,1788704671923018672
planner,1788704671922887032,5,9718805889600,1788704671961763575
planner,1788704671922887032,5,9718855883578,1788704672011757553
planner,1788704672012882540,4,9718857089555,1788704672012963530
planner,1788704672012882540,5,9718905889746,1788704672061763721
planner,1788704672012882540,5,9718955891903,1788704672111765878
planner,1788704672122883053,4,9718967113668,1788704672122987643
planner,1788704672122883053,5,9719005894261,1788704672161768236
planner,1788704672122883053,5,9719055890639,1788704672211764614
planner,1788704672222883679,4,9719067105054,1788704672222979039
planner,1788704672222883679,5,9719105889976,1788704672261763951
planner,1788704672222883679,5,9719155890024,1788704672311763999
planner,1788704672312880897,4,9719157086111,1788704672312960086
planner,1788704672312880897,5,9719205889862,1788704672361763837
planner,1788704672312880897,5,9719255890090,1788704672411764065
planner,1788704672422884449,4,9719267142024,1788704672423015999
planner,1788704672422884449,5,9719305885707,1788704672461759682
planner,1788704672422884449,5,9719355886345,1788704672511760320
planner,1788704672522884955,4,9719367130480,1788704672523004455
planner,1788704672522884955,5,9719405886293,1788704672561760268
planner,1788704672522884955,5,9719455886950,1788704672611760925
planner,1788704672612882553,4,9719457091937,1788704672612965922
planner,1788704672612882553,5,9719505888468,1788704672661762443
planner,1788704672612882553,5,9719555882656,1788704672711756641
planner,1788704672712882018,4,9719557107633,1788704672712981598
planner,1788704672712882018,5,9719605884623,1788704672761758598
planner,1788704672712882018,5,9719655885061,1788704672811759036
planner,1788704672822884701,4,9719667107206,1788704672822981191
planner,1788704672822884701,5,9719705882799,1788704672861756774
planner,1788704672822884701,5,9719755883406,1788704672911757381
planner,1788704672912883649,4,9719757109524,1788704672912983519
planner,1788704672912883649,5,9719805887394,1788704672961761369
planner,1788704672912883649,5,9719855886122,1788704673011760097
planner,1788704673022884742,4,9719867115726,1788704673022989731
planner,1788704673022884742,5,9719905883009,1788704673061756984
planner,1788704673022884742,5,9719955882907,1788704673111756882
planner,1788704673112982679,4,9719957193334,1788704673113067309
planner,1788704673112982679,5,9720005880675,1788704673161754650
planner,1788704673112982679,5,9720055878872,1788704673211752847
planner,1788704673212893905,4,9720057114060,1788704673212988045
planner,1788704673212893905,5,9720105880260,1788704673261754235
planner,1788704673212893905,5,9720155881368,1788704673311755343
planner,1788704673322882558,4,9720167111673,1788704673322985658
planner,1788704673322882558,5,9720205881256,1788704673361755221
planner,1788704673322882558,5,9720255878543,1788704673411752518
planner,1788704673412884996,4,9720257108780,1788704673412982765
planner,1788704673412884996,5,9720305882371,1788704673461756346
planner,1788704673412884996,5,9720355882609,1788704673511756584
planner,1788704673512883881,4,9720357105806,1788704673512979791
planner,1788704673512883881,5,9720405881796,1788704673561755761
planner,1788704673512883881,5,9720455876124,1788704673611750099
planner,1788704673612883727,4,9720457110961,1788704673612984946
planner,1788704673612883727,5,9720505881182,1788704673661755147
planner,1788704673612883727,5,9720555874119,1788704673711748094
planner,1788704673712890722,4,9720557116557,1788704673712990532
planner,1788704673712890722,5,9720605880987,1788704673761754962
planner,1788704673712890722,5,9720655874245,1788704673811748220
planner,1788704673812886257,4,9720657124092,1788704673812998077
planner,1788704673812886257,5,9720705877672,1788704673861751647
planner,1788704673812886257,5,9720755878010,1788704673911751975
planner,1788704673922885550,4,9720767119255,1788704673922993230
planner,1788704673922885550,5,9720805878248,1788704673961752213
planner,1788704673922885550,5,9720855872615,1788704674011746590
planner,1788704674012881958,4,9720857112123,1788704674012986118
planner,1788704674012881958,5,9720905879753,1788704674061753718
planner,1788704674012881958,5,9720955879161,1788704674111753136
planner,1788704674122886251,4,9720967140836,1788704674123014811
planner,1788704674122886251,5,9721005875919,1788704674161749894
planner,1788704674122886251,5,9721055843526,1788704674211717501
planner,1788704674212882129,4,9721057119243,1788704674212993218
planner,1788704674212882129,5,9721105875034,1788704674261749009
planner,1788704674212882129,5,9721155871462,1788704674311745437
planner,1788704674312881774,4,9721157092499,1788704674312966474
planner,1788704674312881774,5,9721205873699,1788704674361747674
planner,1788704674312881774,5,9721255879427,1788704674411753412
planner,1788704674422883447,4,9721267107422,1788704674422981407
planner,1788704674422883447,5,9721305872175,1788704674461746150
planner,1788704674422883447,5,9721355869732,1788704674511743707
planner,1788704674512882775,4,9721357095100,1788704674512969065
planner,1788704674512882775,5,9721405875500,1788704674561749475
planner,1788704674512882775,5,9721455876638,1788704674611750613
planner,1788704674622884888,4,9721467121843,1788704674622995818
planner,1788704674622884888,5,9721505872506,1788704674661746481
planner,1788704674622884888,5,9721555871913,1788704674711745888
planner,1788704674722888823,4,9721567122378,1788704674722996363
planner,1788704674722888823,5,9721605871011,1788704674761744986
planner,1788704674722888823,5,9721655867349,1788704674811741324
planner,1788704674812883591,4,9721657098326,1788704674812972301
planner,1788704674812883591,5,9721705870346,1788704674861744321
planner,1788704674812883591,5,9721755874114,1788704674911748089
planner,1788704674922883944,4,9721767107769,1788704674922981744
planner,1788704674922883944,5,9721805869452,1788704674961743417
planner,1788704674922883944,5,9721855866609,1788704675011740574
planner,1788704675012881922,4,9721857083197,1788704675012957172
planner,1788704675012881922,5,9721905869797,1788704675061743772
planner,1788704675012881922,5,9721955870415,1788704675111744390
planner,1788704675122882195,4,9721967105519,1788704675122979504
planner,1788704675122882195,5,9722005872592,1788704675161746567
planner,1788704675122882195,5,9722055874880,1788704675211748855
planner,1788704675212914303,4,9722057121277,1788704675212995252
planner,1788704675212914303,5,9722105867568,1788704675261741533
planner,1788704675212914303,5,9722155863626,1788704675311737601
planner,1788704675312880808,4,9722157083643,1788704675312957618
planner,1788704675312880808,5,9722205868303,1788704675361742278
planner,1788704675312880808,5,9722255867881,1788704675411741846
planner,1788704675422882981,4,9722267100706,1788704675422974691
planner,1788704675422882981,5,9722305866029,1788704675461740004
planner,1788704675422882981,5,9722355867916,1788704675511741891
planner,1788704675522885056,4,9722367117071,1788704675522991046
planner,1788704675522885056,5,9722405868994,1788704675561742969
planner,1788704675522885056,5,9722455870892,1788704675611744867
planner,1788704675622883072,4,9722467113546,1788704675622987531
planner,1788704675622883072,5,9722505866039,1788704675661740014
planner,1788704675622883072,5,9722555866697,1788704675711740672
planner,1788704675722885077,4,9722567119402,1788704675722993417
planner,1788704675722885077,5,9722605868345,1788704675761742320
planner,1788704675722885077,5,9722655869632,1788704675811743597
planner,1788704675822890732,4,9722667123367,1788704675822997352
planner,1788704675822890732,5,9722705865680,1788704675861739655
planner,1788704675822890732,5,9722755864198,1788704675911738173
planner,1788704675912888030,4,9722757110135,1788704675912984110
planner,1788704675912888030,5,9722805864946,1788704675961738911
planner,1788704675912888030,5,9722855865303,1788704676011739278
planner,1788704676012845156,4,9722857071471,1788704676012945446
planner,1788704676012845156,5,9722905865451,1788704676061739426
planner,1788704676012845156,5,9722955862779,1788704676111736754
planner,1788704676122883899,4,9722967121623,1788704676122995598
planner,1788704676122883899,5,9723005862436,1788704676161736411
planner,1788704676122883899,5,9723055863654,1788704676211737629
planner,1788704676222884924,4,9723067120089,1788704676222994064
planner,1788704676222884924,5,9723105863902,1788704676261737877
planner,1788704676222884924,5,9723155862399,1788704676311736374
planner,1788704676322892249,4,9723167125244,1788704676322999229
planner,1788704676322892249,5,9723205863997,1788704676361737972
planner,1788704676322892249,5,9723255860825,1788704676411734800
planner,1788704676422885525,4,9723267114059,1788704676422988044
planner,1788704676422885525,5,9723305859972,1788704676461733947
planner,1788704676422885525,5,9723355860110,1788704676511734085
planner,1788704676512890382,4,9723357104387,1788704676512978352
planner,1788704676512890382,5,9723405864408,1788704676561738393
planner,1788704676512890382,5,9723455859686,1788704676611733661
planner,1788704676622885545,4,9723467112610,1788704676622986615
planner,1788704676622885545,5,9723505860613,1788704676661734588
planner,1788704676622885545,5,9723555858541,1788704676711732516
planner,1788704676722883511,4,9723567105216,1788704676722979201
planner,1788704676722883511,5,9723605860499,1788704676761734474
planner,1788704676722883511,5,9723655855686,1788704676811729651
planner,1788704676812883419,4,9723657087374,1788704676812961349
planner,1788704676812883419,5,9723705858254,1788704676861732229
planner,1788704676812883419,5,9723755859902,1788704676911733877
planner,1788704676922884451,4,9723767100026,1788704676922974021
planner,1788704676922884451,5,9723805859529,1788704676961733504
planner,1788704676922884451,5,9723855852387,1788704677011726352
planner,1788704677012882389,4,9723857097094,1788704677012971079
planner,1788704677012882389,5,9723905861105,1788704677061735080
planner,1788704677012882389,5,9723955856562,1788704677111730537
planner,1788704677122885522,4,9723967105477,1788704677122979462
planner,1788704677122885522,5,9724005858760,1788704677161732735
planner,1788704677122885522,5,9724055851068,1788704677211725043
planner,1788704677212885530,4,9724057097955,1788704677212971950
planner,1788704677212885530,5,9724105854566,1788704677261728541
planner,1788704677212885530,5,9724155853983,1788704677311727958
planner,1788704677322888403,4,9724167108838,1788704677322982823
planner,1788704677322888403,5,9724205854071,1788704677361728046
planner,1788704677322888403,5,9724255854299,1788704677411728264
planner,1788704677422884958,4,9724267095563,1788704677422969558
planner,1788704677422884958,5,9724305853956,1788704677461727931
planner,1788704677422884958,5,9724355850914,1788704677511724889
planner,1788704677512884546,4,9724357087401,1788704677512961366
planner,1788704677512884546,5,9724405857492,1788704677561731467
planner,1788704677512884546,5,9724455856879,1788704677611730854
planner,1788704677622886119,4,9724467110804,1788704677622984779
planner,1788704677622886119,5,9724505857257,1788704677661731232
planner,1788704677622886119,5,9724555853765,1788704677711727740
planner,1788704677722884074,4,9724567101579,1788704677722975554
planner,1788704677722884074,5,9724605851542,1788704677761725517
planner,1788704677722884074,5,9724655853700,1788704677811727675
planner,1788704677822884880,4,9724667106145,1788704677822980320
planner,1788704677822884880,5,9724705852718,1788704677861726693
planner,1788704677822884880,5,9724755855755,1788704677911729730
planner,1788704677922889475,4,9724767127330,1788704677923001305
planner,1788704677922889475,5,9724805851313,1788704677961725288
planner,1788704677922889475,5,9724855850801,1788704678011724776
planner,1788704678022887011,4,9724867130616,1788704678023004601
planner,1788704678022887011,5,9724905851729,1788704678061725704
planner,1788704678022887011,5,9724955850936,1788704678111724911
planner,1788704678122885316,4,9724967112571,1788704678122986546
planner,1788704678122885316,5,9725005849464,1788704678161723429
planner,1788704678122885316,5,9725055852222,1788704678211726197
planner,1788704678222884631,4,9725067108006,1788704678222981981
planner,1788704678222884631,5,9725105849469,1788704678261723444
planner,1788704678222884631,5,9725155842737,1788704678311716712
planner,1788704678312884859,4,9725157104854,1788704678312978829
planner,1788704678312884859,5,9725205851235,1788704678361725210
planner,1788704678312884859,5,9725255850152,1788704678411724127
planner,1788704678422886232,4,9725267128207,1788704678423002202
planner,1788704678422886232,5,9725305846710,1788704678461720685
planner,1788704678422886232,5,9725355842208,1788704678511716183
planner,1788704678512885740,4,9725357109755,1788704678512983740
planner,1788704678512885740,5,9725405849135,1788704678561723110
planner,1788704678512885740,5,9725455847503,1788704678611721478
planner,1788704678612878825,4,9725457079160,1788704678612953135
planner,1788704678612878825,5,9725505849381,1788704678661723356
planner,1788704678612878825,5,9725555841728,1788704678711715693
planner,1788704678712886611,4,9725557105066,1788704678712979051
planner,1788704678712886611,5,9725605845306,1788704678761719281
planner,1788704678712886611,5,9725655840594,1788704678811714569
planner,1788704678812882006,4,9725657070531,1788704678812944496
planner,1788704678812882006,5,9725705844921,1788704678861718896
planner,1788704678812882006,5,9725755844669,1788704678911718644
planner,1788704678922890299,4,9725767100364,1788704678922974329
planner,1788704678922890299,5,9725805845597,1788704678961719572
planner,1788704678922890299,5,9725855839255,1788704679011713230
planner,1788704679012882927,4,9725857080442,1788704679012954437
planner,1788704679012882927,5,9725905841382,1788704679061715357
planner,1788704679012882927,5,9725955842740,1788704679111716705
planner,1788704679112883512,4,9725957069537,1788704679112943512
planner,1788704679112883512,5,9726005841958,1788704679161715933
planner,1788704679112883512,5,9726055838135,1788704679211712110
planner,1788704679212883398,4,9726057078232,1788704679212952217
planner,1788704679212883398,5,9726105843343,1788704679261717318
planner,1788704679212883398,5,9726155841731,1788704679311715706
planner,1788704679322885111,4,9726167089625,1788704679322963620
planner,1788704679322885111,5,9726205841588,1788704679361715563
planner,1788704679322885111,5,9726255841996,1788704679411715971
planner,1788704679412883619,4,9726257071853,1788704679412945838
planner,1788704679412883619,5,9726305840104,1788704679461714079
planner,1788704679412883619,5,9726355843201,1788704679511717176
planner,1788704679522883031,4,9726367078586,1788704679522952591
planner,1788704679522883031,5,9726405842509,1788704679561716474
planner,1788704679522883031,5,9726455782257,1788704679611656232
planner,1788704679612881809,4,9726457091534,1788704679612965509
planner,1788704679612881809,5,9726505840774,1788704679661714739
planner,1788704679612881809,5,9726555834762,1788704679711708737
planner,1788704679712883445,4,9726557071839,1788704679712945814
planner,1788704679712883445,5,9726605840460,1788704679761714435
planner,1788704679712883445,5,9726655841758,1788704679811715733
planner,1788704679822886138,4,9726667087652,1788704679822961637
planner,1788704679822886138,5,9726705837715,1788704679861711690
planner,1788704679822886138,5,9726755833623,1788704679911707598
planner,1788704679912881875,4,9726757080470,1788704679912954445
planner,1788704679912881875,5,9726805840371,1788704679961714346
planner,1788704679912881875,5,9726855831048,1788704680011705023
planner,1788704680012881881,4,9726857090365,1788704680012964350
planner,1788704680012881881,5,9726905839486,1788704680061713461
planner,1788704680012881881,5,9726955836004,1788704680111709979
planner,1788704680112883906,4,9726957101731,1788704680112975706
planner,1788704680112883906,5,9727005840491,1788704680161714466
planner,1788704680112883906,5,9727055834519,1788704680211708494
planner,1788704680212882052,4,9727057100196,1788704680212974181
planner,1788704680212882052,5,9727105836147,1788704680261710122
planner,1788704680212882052,5,9727155834655,1788704680311708630
planner,1788704680322883915,4,9727167088629,1788704680322962604
planner,1788704680322883915,5,9727205834922,1788704680361708897
planner,1788704680322883915,5,9727255837040,1788704680411711015
planner,1788704680412883422,4,9727257087087,1788704680412961072
planner,1788704680412883422,5,9727305835248,1788704680461709223
planner,1788704680412883422,5,9727355823265,1788704680511697240
planner,1788704680512891938,4,9727357120062,1788704680512994057
planner,1788704680512891938,5,9727405834103,1788704680561708078
planner,1788704680512891938,5,9727455829401,1788704680611703366
planner,1788704680612880633,4,9727457079828,1788704680612953813
planner,1788704680612880633,5,9727505834418,1788704680661708393
planner,1788704680612880633,5,9727555832566,1788704680711706541
planner,1788704680722886036,4,9727567091511,1788704680722965486
planner,1788704680722886036,5,9727605832754,1788704680761706729
planner,1788704680722886036,5,9727655828211,1788704680811702196
planner,1788704680812885704,4,9727657083849,1788704680812957824
planner,1788704680812885704,5,9727705830529,1788704680861704504
planner,1788704680812885704,5,9727755828837,1788704680911702812
planner,1788704680912885969,4,9727757078624,1788704680912952599
planner,1788704680912885969,5,9727805830705,1788704680961704680
planner,1788704680912885969,5,9727855831982,1788704681011705957
planner,1788704681022884162,4,9727867087977,1788704681022961972
planner,1788704681022884162,5,9727905830560,1788704681061704535
planner,1788704681022884162,5,9727955823648,1788704681111697623
planner,1788704681112880130,4,9727957065465,1788704681112939450
planner,1788704681112880130,5,9728005834385,1788704681161708360
planner,1788704681112880130,5,9728055825303,1788704681211699278
planner,1788704681212882065,4,9728057067380,1788704681212941355
planner,1788704681212882065,5,9728105827761,1788704681261701726
planner,1788704681212882065,5,9728155830858,1788704681311704823
planner,1788704681322886018,4,9728167084783,1788704681322958798
